Kurtosis,Entropy,Fractal Dimension,Peak factor,Pulse factor,Crest factor,Energy ratio,Spectral flatness,Mean,Variance,Skewness,Peak vibration,Rms vibration,rul
0.06860370326290255,0,0.5695570394455011,3.556164554180536,4.453892895063342,3.556164554180536,0.274037137397705,0.28189798257326576,0.0011710937499999998,0.1727355480706787,-0.004453009092525801,1.478,0.4156163128791386,0.999578947368421
0.1963953967442813,0,0.5255838204368647,3.8681419795754297,4.871995159803222,3.8681419795754297,0.3064005617362254,0.3252267163365985,-6.0546875000000094e-05,0.15299351859970092,0.02756151630135438,1.513,0.39114386389872585,0.9991578947368421
0.38051790962475884,0,0.5711096834077101,4.116509562533669,5.265176900145588,4.116509562533669,0.3020701828797421,0.32453161900722644,0.012603124999999998,0.15129028545898437,0.07344208841630526,1.602,0.3891646492408451,0.9987368421052631
0.48930980263120505,0,0.558032418648969,4.266160729850253,5.410226679732081,4.266160729850253,0.2987048116662253,0.3167089235961638,0.008862109375000001,0.14483121809555052,-0.09205962640519397,1.624,0.38067013946213984,0.9983157894736842
0.2684905297532869,0,0.5480438068157291,3.9794491521109956,5.046987962231641,3.9794491521109956,0.3028659015577828,0.31947324742546085,0.004432421874999999,0.160628402464447,-0.05401905005290952,1.595,0.4008092424434908,0.9978947368421053
0.12387663732903675,0,0.5479171564589214,3.565828325637052,4.484009954175438,3.565828325637052,0.27871275130975826,0.344685539512674,0.011985546875,0.15554871815048218,0.04402040674684239,1.407,0.39457872659885634,0.9974736842105263
0.18256386526777657,0,0.5565607594587151,4.394113859706439,5.539182255236271,4.394113859706439,0.26183169895179353,0.3329157858327655,-0.019521484375000002,0.14440603313217162,-0.06239512102578776,1.672,0.3805090294386915,0.9970526315789474
0.1556022507277608,0,0.5704603439883874,3.879721895011933,4.891553260695169,3.879721895011933,0.3184915788936831,0.3340842119897123,0.00989453125,0.16407591387634277,-0.0679974648290618,1.572,0.4051836813409444,0.9966315789473684
0.5705350997427008,0,0.5786941623909079,4.142011668408158,5.272371537431779,4.142011668408158,0.29308481310724366,0.30185571810095446,-0.018612890625000003,0.17612558178695678,0.1936409373213702,1.74,0.4200857311125611,0.9962105263157894
0.4534569351033291,0,0.5535706321125646,4.474126320753756,5.71703800454128,4.474126320753756,0.29101656116075936,0.31783161304347446,0.006912890624999999,0.17092499202133177,-0.09294248200443511,1.85,0.4134885489080985,0.9957894736842106
0.26651145737771564,0,0.5870873676754216,3.8135526501004113,4.814481985529132,3.8135526501004113,0.29217783020655,0.359966119282171,-0.054491796875,0.13587513821395875,-0.04344301647517026,1.421,0.37261842968461045,0.9953684210526316
0.14828532442149234,0,0.5786701043517669,4.147923477928983,5.2199651030986916,4.147923477928983,0.3526152900412243,0.35286019332465607,0.019771093750000003,0.14858677885192872,0.027812112945833016,1.601,0.3859762622234688,0.9949473684210526
0.30878224213588545,0,0.5888030690119772,4.373876505517558,5.541496306365635,4.373876505517558,0.27792890819178,0.3071362962186242,0.006055078124999997,0.17770481923202514,-0.03854568446759299,1.844,0.42159397908784824,0.9945263157894737
0.16132911684537543,0,0.5558401976310144,3.931329616362622,4.953250231014389,3.931329616362622,0.2785038951854371,0.35060707838046545,0.003344140625000001,0.15323805461410522,0.09803941096667036,1.539,0.39147060922963933,0.9941052631578947
-0.04773481740711771,0,0.5786606663147922,3.521641335585402,4.450455609869831,3.521641335585402,0.31364671534934224,0.30667557424957065,-0.003216796874999999,0.19022542448348997,-0.005573608564614321,1.536,0.436160259842211,0.9936842105263158
0.2706866838278139,0,0.5788556753109337,4.25327836644834,5.404707003425945,4.25327836644834,0.28169865554301876,0.3217319559181274,-0.023167578124999998,0.17225258793319703,-0.04785797909446108,1.768,0.4156793531189335,0.9932631578947368
1.0384244175949604,0,0.5531570923877047,4.714521833578964,6.088123643673036,4.714521833578964,0.3380626764514508,0.29055223627179444,-0.00626640625,0.22349537277770998,0.10828334572444293,2.229,0.47279450147500657,0.9928421052631579
0.11506655550689704,0,0.599439635959351,3.5738977291781415,4.5011245961158615,3.5738977291781415,0.29598327873873365,0.3424808522613531,-0.005403906250000002,0.18564740873474123,0.06301386163627613,1.54,0.4309020897344314,0.992421052631579
0.855377760915951,0,0.5472825395981619,4.770287553915929,6.138731631111043,4.770287553915929,0.22636382601058733,0.31045797483989374,-0.018944140624999998,0.17895488086410521,-0.06262381660126182,2.02,0.423454556390795,0.992
0.2926991866565576,0,0.6123994919540354,4.098696842444537,5.220849248999456,4.098696842444537,0.3032064096582784,0.3302277564322699,0.0007988281249999976,0.16740671538925173,0.0656576420007406,1.677,0.4091544372429865,0.991578947368421
0.33557987613004325,0,0.6017670301069846,3.5543831266249204,4.5153899258024595,3.5543831266249204,0.30033642736459687,0.35261257035559046,-0.011820703125,0.1590166260557556,-0.04225291802469436,1.418,0.39894405005981104,0.9911578947368421
0.02542092766712445,0,0.5307255677724726,3.448938446663464,4.348789869823172,3.448938446663464,0.273351742278258,0.3322930556524319,-0.014637500000000001,0.1662102615625,0.04545495213558105,1.407,0.4079516122884551,0.9907368421052631
0.5871959068675761,0,0.5450165892544274,5.238767446133289,6.705727126647823,5.238767446133289,0.2704439023054037,0.3804147707503738,0.013374609375000002,0.14894030615219117,0.1004954000700286,2.023,0.38615953481446624,0.9903157894736843
0.36505984688782656,0,0.5969845677830113,3.611251881116848,4.616077239423085,3.611251881116848,0.3013703131045189,0.3191430364917091,0.010218749999999999,0.1831706568359375,0.1496798689735154,1.546,0.42810638828158126,0.9898947368421053
0.4069210438585831,0,0.5624573643618438,4.316492528745333,5.514042398985323,4.316492528745333,0.32034383820364093,0.3422120459641693,0.016135156249999998,0.19389933251403807,0.06184723079720664,1.902,0.44063553622154666,0.9894736842105263
0.08406148828564053,0,0.6158032585441842,3.4743601279952854,4.338361808276125,3.4743601279952854,0.3119178157433678,0.37498013689736687,-0.005241406249999998,0.15614029797302248,0.0881734024829737,1.373,0.3951806805911696,0.9890526315789474
0.22712829455455363,0,0.5934771804671851,4.189392480784055,5.282015863002701,4.189392480784055,0.25880700488608127,0.37465755086759234,0.013727343749999999,0.15587238503356932,0.08225955028753523,1.655,0.39504534549846304,0.9886315789473684
0.20982381574689812,0,0.5932940607628229,3.8141762584354013,4.806069116610245,3.8141762584354013,0.32663231843596763,0.3522680712247742,-0.0024894531250000003,0.17839163113876344,-0.015700538771031818,1.611,0.4223716710619037,0.9882105263157894
0.2682848632283754,0,0.6143746336033209,3.563781638708302,4.542592066049558,3.563781638708302,0.22499157700839806,0.38992399616574885,-0.012237500000000004,0.14292322015624997,0.03446940804520664,1.348,0.37824988640117263,0.9877894736842106
0.06563936032865314,0,0.568966851834927,3.7168915229246218,4.698000262165193,3.7168915229246218,0.2794872585736633,0.423741307112966,0.014828515625,0.13882873660873413,-0.02943602901147903,1.386,0.37289223843407493,0.9873684210526316
0.6970552543402495,0,0.5882897647158041,6.101908471285907,7.738451319059975,6.101908471285907,0.2723691606014667,0.4962831191811809,0.007946484375,0.1520695404954529,0.04510086128184302,2.38,0.39004190429923674,0.9869473684210527
0.6463390629027455,0,0.5918914507948099,4.5064905153669494,5.783731738197588,4.5064905153669494,0.29541027673861625,0.40905290866026034,0.0004468749999999982,0.15741914717773436,-0.0008880923645292271,1.788,0.39676107026143576,0.9865263157894737
0.0716403629720781,0,0.5830854232712384,3.703156507478647,4.655625112375975,3.703156507478647,0.24972010679657722,0.4262962205414823,-0.026247265625,0.1273339697190857,0.05504564829187811,1.325,0.3578028628614855,0.9861052631578947
0.27957299544811676,0,0.6098142409172485,3.481495863983671,4.453599407461967,3.481495863983671,0.33144851339503456,0.471266267863682,-0.008994140624999999,0.13215082457504274,-0.0002389089752873885,1.266,0.36363679563628454,0.9856842105263158
0.22266698573648647,0,0.6178975251524463,3.8010171529212777,4.788883953245283,3.8010171529212777,0.19246542376497103,0.4446249331396763,-0.019055859375,0.11233110664535521,-0.048708844755858724,1.276,0.33569961635646084,0.9852631578947368
1.0805304470374235,0,0.5976594971703045,5.496285550581174,6.960434692188409,5.496285550581174,0.3039567238150496,0.48458320292241114,0.009496484375,0.1255241882688904,0.08953809094105927,1.948,0.35442117809800106,0.9848421052631579
1.6387188106410706,0,0.5868361537817255,6.30101211957822,8.099028804506473,6.30101211957822,0.29935543267551334,0.49755363093361954,0.0017695312499999998,0.14580126407165528,-0.019354546274092634,2.406,0.3818434172700899,0.984421052631579
3.4208250611670143,0,0.5821853838313261,8.847565958151478,11.492054839325139,8.847565958151478,0.2937310493655296,0.4988753827597318,-0.01128046875,0.13848434946228028,0.2263982825879499,3.294,0.37230578619932836,0.984
0.1351398311143348,0,0.5907848287818066,3.610657556274523,4.558532455681012,3.610657556274523,0.2483458447388505,0.4900701367200698,-0.004212109375,0.12604984758773802,0.10318843960289507,1.282,0.35505998007819045,0.983578947368421
0.6352461460581891,0,0.5561447670999112,5.008002317170035,6.4283820387112875,5.008002317170035,0.2585709984913636,0.46934165623151947,0.003920312499999999,0.14881282177490235,0.047436509773214584,1.932,0.3857825691046707,0.9831578947368421
0.26488831972887983,0,0.5832344747570354,4.212221064131441,5.323822493592563,4.212221064131441,0.26057074706775407,0.45609629389649053,0.003685156249999999,0.14050765165466308,0.05442611280904414,1.579,0.3748616171752584,0.9827368421052631
0.1390184860581125,0,0.5720836127862347,3.9170135076479986,4.926396382765252,3.9170135076479986,0.27781998321363505,0.4721636773985844,0.012823828125,0.11168463888534545,0.11103717448467888,1.31,0.3344384688595572,0.9823157894736843
0.3536151126963336,0,0.5816359428239298,3.979064338177266,5.050139201842039,3.979064338177266,0.25565895685786594,0.4590284361376547,-0.011311328125,0.15377391909042357,-0.06752287138618947,1.561,0.3923032822120852,0.9818947368421053
0.1215463610288321,0,0.5916948281139316,3.767368375040357,4.753617798439316,3.767368375040357,0.2993325551040391,0.4744785681855512,0.012919140625,0.13753443603988647,0.003448273576163813,1.398,0.37108131215998336,0.9814736842105263
0.24785364252242337,0,0.5613483003232775,4.326210384343823,5.4677828191441815,4.326210384343823,0.2996502787329767,0.41704362633281794,0.019022265625,0.14492491395736695,0.11945037255076801,1.649,0.38116500435752887,0.9810526315789474
0.3341726321588827,0,0.6138822457185346,4.060072773283097,5.172927137340425,4.060072773283097,0.2651246918383732,0.47224158422329815,0.00011367187500000292,0.12772242184432983,0.022095587988485547,1.451,0.35738275667080666,0.9806315789473684
0.2705856633674193,0,0.5778087363681875,4.009747385351127,5.083457048247469,4.009747385351127,0.19393260206192803,0.4544749297715906,0.0038617187499999997,0.13511793869079589,-0.06644754482718623,1.474,0.36760420503919705,0.9802105263157894
0.4159917967085369,0,0.6108696515514357,4.475303107670729,5.6363533413307385,4.475303107670729,0.2747288958275836,0.44273347508266403,0.0008261718749999994,0.13958074517440794,0.020569371397442984,1.672,0.3736059792540465,0.9797894736842105
0.7002914510067262,0,0.6160879215196806,4.608364567879627,5.851809176903492,4.608364567879627,0.338518019591056,0.5109745021588606,0.0039941406250000025,0.12037761051254274,-0.0021592788160482387,1.599,0.346977756739355,0.9793684210526316
0.5742033095517591,0,0.6117202687669026,5.83894213560313,7.404522533379848,5.83894213560313,0.23517946108314344,0.47776996267892136,-0.005799609375000002,0.15244231570297245,0.08063029331560917,2.28,0.3904816912121169,0.9789473684210527
0.2571493214433356,0,0.6087754192755506,3.51815984410749,4.4692257983770665,3.51815984410749,0.30854188136133087,0.41325399775537697,0.0025656250000000024,0.15096871522460936,0.0005340934365093451,1.367,0.38855539843920583,0.9785263157894737
1.3615603231351345,0,0.6301452313730939,5.954330908916493,7.684501425835226,5.954330908916493,0.27479158938909437,0.4695161101763434,0.0015667968750000011,0.1340414447569275,0.24896490264169194,2.18,0.366120061741193,0.9781052631578947
0.10009573188839394,0,0.6230064636057272,3.764951027469987,4.74756421612046,3.764951027469987,0.27171054883885,0.4813305026144119,0.007152343749999998,0.11427303694763183,-0.015277673354379268,1.273,0.3381186078416123,0.9776842105263158
1.3414070498422666,0,0.6064314508620089,7.071630022985823,9.042509296329731,7.071630022985823,0.2738340464124477,0.4740602072153201,0.02228984375,0.15909028474060058,0.13465049072569715,2.825,0.3994835689674858,0.9772631578947368
1.1444229647419562,0,0.6284048737520276,6.199288612989429,7.890820663929908,6.199288612989429,0.3049810268983177,0.48520926988071594,0.014183593750000001,0.12608193973083495,0.19266979268488116,2.203,0.35536335497980087,0.9768421052631578
0.05721379991969,0,0.5975111799268503,3.767163564261298,4.739498295089043,3.767163564261298,0.28389846873095154,0.4692492206067018,-0.014993359375000001,0.1227388308152771,-0.09089246896679665,1.321,0.3506617054093945,0.976421052631579
2.6726492695895283,0,0.5571213419075212,8.718265146456389,11.194589011968166,8.718265146456389,0.24352262440523811,0.5180246229847728,-0.0008023437500000015,0.15704863905700683,0.30874536976954514,3.455,0.39629443954274707,0.976
1.1042091409508963,0,0.582533418046938,6.690025327348582,8.55207474356567,6.690025327348582,0.23907189804826173,0.48124888359685597,0.001607031250000003,0.13466016432556152,0.12280109769023753,2.455,0.36696423105665216,0.9755789473684211
0.211339735625951,0,0.5740665206373204,3.804730241610475,4.823763012009668,3.804730241610475,0.2538217562055614,0.4422615768988537,0.007755078124999998,0.14159694196640013,0.02263033233113563,1.432,0.37637359525227726,0.9751578947368421
0.10357690101776829,0,0.587730250355516,4.142152000547086,5.218031480921902,4.142152000547086,0.2536029038660955,0.48921985477972285,-0.01394609375,0.12816137756286622,0.011436555862366343,1.484,0.35826787616774963,0.9747368421052631
0.42032183504314613,0,0.5795080752407528,4.246161186499643,5.4003297039178655,4.246161186499643,0.30304048806529627,0.44082928725477954,0.014114843750000003,0.15708718915466308,0.07391558742722543,1.684,0.39659351730550263,0.9743157894736842
0.2831332300326701,0,0.5701808232050519,4.520363547238064,5.717133489461358,4.520363547238064,0.2527634871547828,0.42847043960169107,-0.014230859374999997,0.15625206975082398,0.058032291606516746,1.788,0.3955434073643182,0.9738947368421053
0.5226813328787818,0,0.5697528585268452,4.666803713046826,5.968210924080088,4.666803713046826,0.25050882959777265,0.4562653878403935,0.006612890625000001,0.12194961459945679,0.02699047031017979,1.63,0.34927545708491314,0.9734736842105263
0.20422579462642343,0,0.5674374757067879,4.158867900099189,5.235010484633155,4.158867900099189,0.3072350702024901,0.41950160915974416,0.012854296874999999,0.14289113462997438,0.0930990585262653,1.573,0.37822793072183997,0.9730526315789474
0.3461276286215824,0,0.5771481988527083,3.961814924841358,5.0599108041159,3.961814924841358,0.261252189342936,0.43424619382388374,-0.008627343750000002,0.16445492050231933,0.0425405379526919,1.607,0.4056221783414955,0.9726315789473684
0.30710576952253144,0,0.5635909308542244,3.932757047341432,4.988802616277593,3.932757047341432,0.3054186301797446,0.4303948519636846,0.0409296875,0.15066776771240234,0.007788440822184989,1.535,0.39031142313702527,0.9722105263157895
0.14561312473134658,0,0.5249913188531616,3.8989917954050783,4.914558648412161,3.8989917954050783,0.21611698126894102,0.4139247342004774,-0.005590234375,0.13999386529525756,-0.02458908366604014,1.459,0.3741992998598808,0.9717894736842105
1.5421079406697569,0,0.491348865624754,6.067824013925442,7.888553252827403,6.067824013925442,0.3261443723350737,0.41249697903723853,0.01284296875,0.18884455659118654,0.010128393476755421,2.638,0.43475222648941086,0.9713684210526315
0.48963936457489066,0,0.550168837187083,4.778660668687592,6.048178736618948,4.778660668687592,0.2655542817693455,0.4375605889380893,-0.034618359375000005,0.15193528755355837,0.08960558577259585,1.87,0.3913230358148815,0.9709473684210527
0.5746890128302127,0,0.5927452712713792,5.691806781406095,7.2495473878969605,5.691806781406095,0.28050907748972326,0.45542327383988745,0.015672265625,0.16007461954330446,0.10420798751892428,2.279,0.40040009921717673,0.9705263157894737
-0.0728637081743222,0,0.5504026223958602,3.5176481764719982,4.403279592808966,3.5176481764719982,0.2662503763703306,0.42109318777980814,0.01281015625,0.15196189130310062,-0.05800648445900106,1.372,0.39003332089226683,0.9701052631578947
0.3316846267394067,0,0.567159054771514,4.115565067996307,5.208558838432191,4.115565067996307,0.27932481580844565,0.4217720759729193,-0.008968359375,0.14396620251449582,0.1477910453499814,1.562,0.3795347599158409,0.9696842105263158
1.0759633025103046,0,0.5763667094973045,6.493086775594659,8.368521968754283,6.493086775594659,0.27892007669061214,0.49040275266639594,-0.003886328124999999,0.13763330231307985,0.07448552881833027,2.409,0.37100998080829983,0.9692631578947368
0.31196146498659516,0,0.604488695471151,4.431465382482885,5.607257844400658,4.431465382482885,0.2957262377079273,0.43649243215484695,0.016587890625,0.13221206961898804,-0.06315860469467235,1.613,0.36398794998512657,0.968842105263158
0.23900507161155238,0,0.5441308382347168,4.8163425655454315,6.097862633184614,4.8163425655454315,0.28623403589688867,0.419472974202755,0.013239453125,0.1426180852403259,-0.05518085867218711,1.82,0.3778800978609154,0.968421052631579
0.7431220746826042,0,0.5823389953112339,4.649216569610625,5.9417494333038325,4.649216569610625,0.23480309576567177,0.40414322840114686,0.008797656249999997,0.15672331061950687,0.08455425622174585,1.841,0.3959806931846551,0.968
0.5651586198294005,0,0.5534506682509847,3.9400267607568917,5.058961283432626,3.9400267607568917,0.27570965754013804,0.43133680212258324,-0.008893359375,0.1442803710496521,-0.0076989298856158395,1.497,0.37994665795427784,0.9675789473684211
0.9737783623425589,0,0.5232172606583648,5.492946941548189,7.024950927419406,5.492946941548189,0.27547923645599826,0.4398167069443106,-0.013623828125000004,0.16418706747909545,0.07134146933749026,2.227,0.40542900262792625,0.9671578947368421
0.49007334906855515,0,0.5693886129692136,4.182130727570593,5.368488657747729,4.182130727570593,0.26511465502655096,0.33727596699401674,-0.013588671874999996,0.17954604682479855,-0.14363283495759188,1.773,0.42394657544096875,0.9667368421052631
0.711018525109882,0,0.5206611553657987,5.134685899080829,6.565510169875871,5.134685899080829,0.22880567682773523,0.4504169886709041,0.008789843750000002,0.16417690583435057,-0.16523475866254475,2.081,0.405282823701548,0.9663157894736842
0.41084327428889145,0,0.5763561590160949,4.559886369789543,5.774091210910739,4.559886369789543,0.3031474126321889,0.4226708671579447,-0.011353124999999995,0.14083227139648438,-0.06030660865102775,1.712,0.37544795224338356,0.9658947368421053
0.2254853468075937,0,0.5561909999730825,4.290437683804547,5.449800619942221,4.290437683804547,0.27499392541553314,0.430248990514158,0.042301953125,0.1400769342149353,-0.0701769224020375,1.616,0.37665154911818033,0.9654736842105263
-0.0032602551227212118,0,0.5924090563446326,3.6213767932202314,4.557605998562731,3.6213767932202314,0.24667540261742107,0.44191010875039993,0.01098359375,0.13133584816833496,0.09920437360047074,1.313,0.36256928648190817,0.9650526315789474
0.2712823447236512,0,0.5667539394464861,3.7231675521479652,4.699804452567988,3.7231675521479652,0.2336987127136477,0.40557978042445253,-0.034325390624999993,0.13343143044906616,0.0340875834025691,1.366,0.366891895373317,0.9646315789473684
0.19315378942264116,0,0.5787549776228116,3.6603820542804204,4.641407728904324,3.6603820542804204,0.2951249571319362,0.43661946834699794,-0.022960546875,0.13308909805282593,-0.03620595328177375,1.338,0.36553561353939923,0.9642105263157895
0.28995126546757133,0,0.5690401143340916,3.7536841541480284,4.750384587697992,3.7536841541480284,0.3097169161912715,0.43058831824986593,0.004361718749999998,0.1375000738470459,0.12955234753790998,1.392,0.3708356757884818,0.9637894736842105
1.1486325923831187,0,0.5376706508528499,5.873993844856214,7.525441040044857,5.873993844856214,0.2519173909402266,0.4147378127814082,0.020152734375000002,0.1517127770628357,-0.030130602463151353,2.291,0.3900242425358006,0.9633684210526315
0.4296880929992817,0,0.5893451189271401,4.246216675547283,5.383533233745703,4.246216675547283,0.28366294864087105,0.41724285098713204,0.005096484375,0.1410707957688904,0.10828151448810205,1.595,0.37562849987970165,0.9629473684210527
1.051419855407774,0,0.5746859166879892,5.132827620429836,6.632760453119735,5.132827620429836,0.25749771368417584,0.46188887117972227,0.03201484375,0.1506494302484131,0.048068705982977675,1.999,0.38945395166662516,0.9625263157894737
0.4220029348358816,0,0.5604589308197949,5.193240324249907,6.586612655532103,5.193240324249907,0.2797633033369563,0.40621885848195183,-0.017753515625,0.15535558338607788,-0.034922291478498145,2.049,0.39455135369571986,0.9621052631578947
1.7832625679874248,0,0.5552384705805112,6.162159056830885,7.957738827899224,6.162159056830885,0.2575473187214014,0.44182839060305135,0.013280078125,0.15558557429061887,-0.0346503512052466,2.432,0.3946668655532473,0.9616842105263158
1.6399362963649118,0,0.5774384527592596,5.096811852580568,6.77809233068136,5.096811852580568,0.29531161535873796,0.35862613367296214,-0.013673828125,0.19782383462753295,0.011837945280727782,2.268,0.4449840538751079,0.9612631578947368
0.3284997768857858,0,0.5496449135145957,3.8792021694805086,4.903827663907146,3.8792021694805086,0.27376269761712535,0.40627185027586804,-0.022855468749999996,0.1599562548919678,0.07056427484307277,1.554,0.400597837417715,0.9608421052631579
0.7241043733408361,0,0.5931683085024336,3.9273320643604013,5.05752508187212,3.9273320643604013,0.2757726738337519,0.4311422597315208,0.003260937500000001,0.1495854764428711,0.08682064074495344,1.519,0.38677656360778895,0.960421052631579
0.16423779736753952,0,0.5821195484476616,4.121514596449498,5.185313020246046,4.121514596449498,0.2891834999828147,0.44555696880862705,-0.022444921875000003,0.14294344071640014,0.17792001100043467,1.561,0.3787442609919984,0.96
0.3645573397656694,0,0.587466613284899,4.4719056103024295,5.673267171667076,4.4719056103024295,0.25549873654637595,0.4257531726908219,0.00450078125,0.14415479453063967,-0.013080326206209096,1.698,0.3797038998515817,0.9595789473684211
0.14125640064278544,0,0.6159616917776527,4.09777655089776,5.156369593533053,4.09777655089776,0.30746923647168234,0.4559087251538608,0.02538828125,0.1333496265814209,0.0033048562433089087,1.5,0.36605217033402493,0.9591578947368421
0.2927926116967954,0,0.620928619947972,4.236311725936088,5.393958644439047,4.236311725936088,0.28688197540543364,0.46064540738712095,0.016212890625,0.1194917191307068,-0.040964264100449836,1.466,0.3460557425518684,0.9587368421052631
0.03880704586635897,0,0.5518541237804032,3.5913171002815867,4.518257550835994,3.5913171002815867,0.31000106885538553,0.4573587945686015,-0.006251171875,0.12958615370956422,0.014645485587512037,1.293,0.36003504115485063,0.9583157894736842
0.04274480585456697,0,0.6004777366518378,4.175435196961788,5.227931735150146,4.175435196961788,0.27235297979516926,0.4988173782871254,-0.020387109375000004,0.1116857169432068,0.08364467780045584,1.398,0.3348153986480834,0.9578947368421052
-0.02900053119033652,0,0.5983551360836117,3.489290618505628,4.37997110629711,3.489290618505628,0.33779060235955427,0.49497924570507096,-0.004248046875000001,0.1135720216758728,0.05930223591911911,1.176,0.33703125608483997,0.9574736842105264
0.7876094260669073,0,0.5893387030197244,4.782873280980506,6.168840363872517,4.782873280980506,0.2572763529904876,0.40107900143332703,0.00846484375,0.17026830892028808,0.050568567206180165,1.974,0.41272262174491964,0.9570526315789474
0.2879547118191881,0,0.6063050607921886,4.3671801066296485,5.524401751674134,4.3671801066296485,0.29613465363943114,0.42603316655575063,-0.034340625,0.1514211831933594,-0.007845808425917125,1.706,0.3906410906685957,0.9566315789473684
0.07323447338615541,0,0.572274920177988,4.504747410604004,5.59600687164365,4.504747410604004,0.2973012266343277,0.48524284005742746,-0.0040523437499999995,0.12867269647888185,-0.0670860057488833,1.616,0.358732655286287,0.9562105263157895
0.06007725395629748,0,0.619307049147946,3.335295800427047,4.189925782078974,3.335295800427047,0.27372974144448753,0.4910020962134665,-0.035959375,0.11268152100585938,-0.014238623804754331,1.126,0.33760124060235625,0.9557894736842105
-0.08964172661321568,0,0.6134005768410239,3.642552765927493,4.538507802131711,3.642552765927493,0.2953477357000044,0.4689470001578296,-0.027197265625,0.1153334825706482,0.035011675709174614,1.241,0.3406951332615789,0.9553684210526315
-0.046663954222577075,0,0.5891164944022498,3.33694359352775,4.1797925470610835,3.33694359352775,0.2659066773433857,0.46047513652581257,-0.024139062500000003,0.12659067909912108,-0.03689525197149723,1.19,0.3566137594618301,0.9549473684210527
0.2914294998848419,0,0.5789093765088941,4.415525120310101,5.553263435486272,4.415525120310101,0.29744449327752354,0.4821254709504946,0.010933203125000002,0.11994593967880249,0.0425163466327997,1.53,0.34650465308473855,0.9545263157894737
-0.011471341897525633,0,0.5884284373525448,3.4544040257075816,4.329167386374401,3.4544040257075816,0.2871938830739427,0.4781745082782204,-0.03523671874999999,0.12226524240173339,0.04724930862285194,1.214,0.3514354403727661,0.9541052631578948
-0.06408731851063987,0,0.5945528146345602,3.212286993996697,4.012380971157069,3.212286993996697,0.25816939280866863,0.4666587038264895,0.009563281250000001,0.1199584014642334,0.03574229348485201,1.113,0.34648211759411196,0.9536842105263158
0.9726511770481947,0,0.5713912740994174,5.666188871599258,7.294098703808068,5.666188871599258,0.29907095741057643,0.3800615096813848,0.019334374999999997,0.15941791944335937,0.1441950945621232,2.265,0.39973958710640606,0.9532631578947368
-0.06792868458143264,0,0.5833260617493475,3.426688295263828,4.294194885691191,3.426688295263828,0.30296610018073233,0.462653947316132,-0.006536328125000002,0.13153823774276732,0.11102172738576704,1.243,0.3627409010962577,0.9528421052631579
0.05341677991139848,0,0.6129359100285455,4.215035155182469,5.303347055710154,4.215035155182469,0.3111678021553166,0.39871588023529325,-0.015301953125,0.1511517037461853,0.020040448346816103,1.64,0.3890833503449165,0.952421052631579
0.14683720402841693,0,0.6200482998831925,3.761960803973812,4.721133587934782,3.761960803973812,0.24451166858425802,0.4782262798757016,0.015523437500000004,0.12418564554443359,-0.121883605384826,1.327,0.35274158056040117,0.952
-0.08877357738723735,0,0.6201214354167058,3.5956991714760402,4.469625100527394,3.5956991714760402,0.3152331987376393,0.4926903468057968,0.008034765625000002,0.1221446296507263,0.0003664266184812008,1.257,0.34958430615428804,0.9515789473684211
0.12860760863569443,0,0.6136033484997386,4.24089010384831,5.322855872779156,4.24089010384831,0.25079132054024106,0.5245335514477186,0.06088828125000001,0.1131946242376709,-0.013263560465834674,1.45,0.3419093549922991,0.9511578947368421
-0.03802580451363058,0,0.5586983356486603,3.3804277882778115,4.243149268249053,3.3804277882778115,0.2705849544166324,0.4587260795928904,-0.025279687500000002,0.12245186708740237,-0.01921377692059205,1.186,0.35084316964635354,0.9507368421052631
0.10640347818976226,0,0.6234664924753197,3.8118767876779978,4.811578217807025,3.8118767876779978,0.26182992593010757,0.48870281617549516,-0.045463671875,0.10736710258651734,-0.018016459012218995,1.261,0.33080817409319707,0.9503157894736842
0.4052345150138992,0,0.5708102844439014,4.021316311179289,5.127358816098611,4.021316311179289,0.2547662457474704,0.49819489206649925,-0.0099609375,0.11011206331787109,0.03996558604063513,1.335,0.33198084823337326,0.9498947368421052
-0.08953850210590719,0,0.6048676446928757,3.803948002641846,4.755646580321343,3.803948002641846,0.2790003038895443,0.4866807722777964,0.009803906250000003,0.1145508537347412,-0.027291242028998377,1.288,0.3385955851934576,0.9494736842105264
0.8307195630122752,0,0.6024863700867984,4.720810573745388,6.055001270016414,4.720810573745388,0.31950156825395026,0.43044769491338547,-0.0227546875,0.13408766872802733,0.05817018836963102,1.732,0.36688614655128365,0.9490526315789474
-0.0733998971154568,0,0.608822703093221,3.4521096890618694,4.322484873212781,3.4521096890618694,0.33005987358743566,0.5061053049368424,0.012692187500000002,0.11411951540771485,0.05273779391132092,1.167,0.33805414807579276,0.9486315789473684
0.05136603212544966,0,0.5957937438948318,3.3198258929377373,4.159152326048512,3.3198258929377373,0.2433969430000299,0.5173155240328084,0.025242578124999998,0.10835377592147828,0.008584632940360564,1.096,0.3301377949763932,0.9482105263157895
0.6770087939363636,0,0.5541720319347255,3.991177256936903,5.137390586062163,3.991177256936903,0.3034352487054495,0.4097184959392481,-0.012365234375000003,0.1573571701194763,-0.023321107049705688,1.584,0.39687538238170555,0.9477894736842105
-0.02266860203497556,0,0.6047211707187423,3.4504802940037056,4.325896546025451,3.4504802940037056,0.3151320087930436,0.4655123783631378,0.004891406250000001,0.12642933195739747,-0.048566934816290666,1.227,0.3556026684552578,0.9473684210526315
0.2318072794240833,0,0.6214396337679707,4.0267825773560855,5.084842811984056,4.0267825773560855,0.28211337142315096,0.49476484219209027,-0.004652734375,0.11055025714096067,0.033162642500388334,1.339,0.3325235406375389,0.9469473684210526
0.08184430942726939,0,0.6124244310174932,4.059480893227519,5.0592468770843455,4.059480893227519,0.27726837945450805,0.4674436255127637,0.005632031250000001,0.12579821772399902,-0.018978861874398616,1.44,0.3547251576925437,0.9465263157894737
-0.06604485105851232,0,0.6409232039668545,3.4319831694159397,4.2801732986159875,3.4319831694159397,0.2847893420695475,0.46752869386396056,-0.016707031249999997,0.12984295323181153,0.044982911740289046,1.238,0.36072437972086113,0.9461052631578948
0.04415942996006761,0,0.6199033706806397,3.7319939581280863,4.699668043859756,3.7319939581280863,0.29143759215903675,0.4708374480211172,0.005462890625000001,0.1329648728416443,0.014911046214563307,1.361,0.3646844060494293,0.9456842105263158
0.10529755145145137,0,0.6243016647376343,3.6040426884618855,4.54906922349089,3.6040426884618855,0.25955494643394583,0.46873332133424234,-0.00015273437500000104,0.13191657393783568,-0.019863156107584823,1.309,0.36320324511989843,0.9452631578947368
0.2630347050086428,0,0.6075916831753299,3.9904478491805406,5.082033615534853,3.9904478491805406,0.30040639934221797,0.4455265327949466,-0.007530078125000001,0.1384304959703064,-0.019221151581806043,1.485,0.37213868120214944,0.9448421052631579
0.10276770548236858,0,0.6036518614460856,3.650221754120327,4.594314438066773,3.650221754120327,0.28088798239572366,0.4585290751249583,0.008380859375000002,0.13089834674301148,0.0004361504955226067,1.321,0.36189582140013027,0.9444210526315789
0.1562178239728671,0,0.5609046786734597,3.974699454747082,5.000525996568684,3.974699454747082,0.2773676330892596,0.42679780957465235,0.027638671875,0.14241766123886107,0.04032096112392084,1.504,0.3783933897703223,0.944
0.022607374205441122,0,0.6165577572348035,4.26762058560606,5.3656517632575955,4.26762058560606,0.26205103016951947,0.44426648106003896,0.0473453125,0.13482847138427734,0.06252816059770833,1.58,0.3702297259810454,0.9435789473684211
0.11443423874870229,0,0.6211778312385442,3.650170077335219,4.607347178552594,3.650170077335219,0.3002555868638257,0.42036757079600107,0.0008582031250000004,0.13638017325302126,-0.03578996919205394,1.348,0.3692978604942425,0.9431578947368421
0.08240856339839953,0,0.6029409322768162,3.6686806638384453,4.614216836242168,3.6686806638384453,0.2964940077263921,0.43536612713124123,0.004242187500000001,0.13801149603271484,-0.007177134331796996,1.363,0.3715232054495385,0.9427368421052632
0.33526102251374823,0,0.5738955626085732,4.286106540241794,5.468209414129015,4.286106540241794,0.3008685672898683,0.4043697250587193,-0.019182421875,0.17113466711288453,0.04307701293773266,1.775,0.41412876309413116,0.9423157894736842
0.30099408656154525,0,0.5857073961484528,4.050503968367952,5.112557368249016,4.050503968367952,0.31405277998489584,0.4580172657130129,-0.024674999999999996,0.137080331875,0.0572842711505957,1.503,0.37106493703932736,0.9418947368421052
0.07174612009017967,0,0.609942298909314,3.459481213579428,4.362891709104626,3.459481213579428,0.2936514332072775,0.4457120312281847,-0.006337499999999998,0.13366836109375,0.09408931706714241,1.265,0.36566176310902404,0.9414736842105264
0.11042455925788364,0,0.5953456190415765,4.121507302775428,5.188710381466457,4.121507302775428,0.29502548550142754,0.443603924138222,-0.026996874999999997,0.13581989686523438,0.12638977859029876,1.523,0.3695250033827211,0.9410526315789474
0.47198726672315683,0,0.6123201554284146,3.9572871075933045,5.085861348927141,3.9572871075933045,0.34946182414621496,0.39452954942002977,-0.017416015624999996,0.17249387575912478,-0.03242509802138468,1.645,0.41568881793882184,0.9406315789473684
0.11232972788009477,0,0.5916513947279615,3.6222148605266193,4.554571274611824,3.6222148605266193,0.2416442628870555,0.4262438189695408,0.044591015624999994,0.145270416716156,0.0710370523290304,1.39,0.3837431111963119,0.9402105263157895
0.09682673592186886,0,0.6157487083935987,3.9181200353353223,4.95438022226403,3.9181200353353223,0.2828524008212143,0.44128295001159906,-0.044933203125,0.1389325623350525,0.03412107485964562,1.471,0.3754351542918231,0.9397894736842105
0.3338140926085864,0,0.6052819580464107,3.902239793974725,4.964302968489989,3.902239793974725,0.3087730146284024,0.4297384398572426,-0.011015624999999998,0.13700086069335937,-0.06203200902837703,1.445,0.3703001548575155,0.9393684210526316
0.4174282167364316,0,0.6021710155527673,4.1336103139238265,5.291248221353019,4.1336103139238265,0.25939588287136384,0.4114239131108409,0.022535546875,0.15081796514266968,0.035231012082359174,1.608,0.3890061902021933,0.9389473684210526
0.19666317928990562,0,0.6242856999565055,3.721596025502557,4.711347308335794,3.721596025502557,0.31494538958281953,0.46360481387635794,0.015753906249999998,0.12346638006286621,0.0052109255898147525,1.309,0.35173081415338064,0.9385263157894737
0.349389690611952,0,0.6001080763001713,3.9734102004609135,5.0333656841314935,3.9734102004609135,0.2394932856943456,0.39341315168034685,0.006855078125000001,0.15528349735702512,0.10253913246855526,1.566,0.39411989223220517,0.9381052631578948
0.14015648016728255,0,0.5958037154765822,3.836639615763833,4.831186330653985,3.836639615763833,0.26538348994821787,0.38906412897679427,0.03041171875,0.1591468968939209,0.00010089934120366135,1.535,0.40008970185603376,0.9376842105263158
0.3947901268307805,0,0.6007936195803402,4.385932944005203,5.567481020485415,4.385932944005203,0.308976424135254,0.40278124204039195,0.0249125,0.1772972009375,-0.09160532841140245,1.85,0.42180307442425075,0.9372631578947368
0.5262935217394888,0,0.599522948490193,3.9568322538658336,5.101455876625099,3.9568322538658336,0.2860764591044238,0.40678434208428615,-0.015053515625000003,0.15125020612045287,-0.031213845624807755,1.54,0.3892002241175164,0.9368421052631579
0.3659516839427992,0,0.5613742443682708,4.826507873351362,6.118978804814667,4.826507873351362,0.3055063379944342,0.4055795300629365,0.014134765625000004,0.1687732017601013,-0.028257140431981034,1.984,0.41106324739554984,0.9364210526315789
0.7949628231330297,0,0.5385994181085545,4.46363791046852,5.799465228336455,4.46363791046852,0.29414362049483067,0.3477628072681873,0.00975234375,0.19449175507263183,0.058641646106003455,1.969,0.4411200100667051,0.936
0.16112610650972004,0,0.5893884623539385,4.00370145922113,5.05188108727481,4.00370145922113,0.3090770455403487,0.42647334664416797,-0.016627734374999998,0.14366705712142944,-0.08445291940614982,1.519,0.37939891759449573,0.9355789473684211
0.34556259206769724,0,0.5997172296912808,4.319184327655076,5.462980454180081,4.319184327655076,0.2988046699473475,0.4464046147903757,0.023400390625,0.1432740885154724,-0.020755523502840666,1.638,0.3792382717987136,0.9351578947368421
0.21579844596202324,0,0.5622008748626192,3.5714798435338353,4.530066109709921,3.5714798435338353,0.3077090990429758,0.40423532453523786,0.008522265624999999,0.14323092997299197,-0.016819820353881194,1.352,0.37855456539893295,0.9347368421052632
0.10310545904177681,0,0.5930506795133175,3.53162635384717,4.450700105083124,3.53162635384717,0.2588758420991037,0.4308842929203272,-0.048413671874999994,0.14486333004745483,0.01917541420909038,1.355,0.383675922715871,0.9343157894736842
0.09667779301127055,0,0.504348969408511,3.7024974237931354,4.667195651494799,3.7024974237931354,0.27082384307772794,0.40776464272616375,-0.014282421875000001,0.1550779901597595,-0.12254709761087161,1.459,0.3940583430589625,0.9338947368421052
0.2907541183996689,0,0.5603630681667668,4.070959225746269,5.146098810152896,4.070959225746269,0.2649869544194992,0.4365457394100411,0.015363671875000002,0.13462573532089234,-0.007302251046533862,1.495,0.3672353165674225,0.9334736842105263
0.09343018417965743,0,0.5787780687546088,3.595092587733302,4.54261638052951,3.595092587733302,0.26609069624805476,0.45900298733035894,0.015660937500000006,0.13661681081787108,-0.016924254329510533,1.33,0.369948747505989,0.9330526315789474
0.21242428885635123,0,0.563589286321957,3.7995460979973763,4.79217716304685,3.7995460979973763,0.3050027813144706,0.43361577937121737,-0.009616015624999998,0.14877661232162476,0.055044767368119585,1.466,0.3858355609299446,0.9326315789473684
0.21236286303049745,0,0.5649827638392048,3.7856160514883466,4.794771786628438,3.7856160514883466,0.2816402676787481,0.4206488472623745,0.019873046875,0.15493834364852907,-0.02674306811269661,1.492,0.3941234345235322,0.9322105263157895
0.11372433865668041,0,0.5788249588416803,4.308981337170127,5.385008104405951,4.308981337170127,0.2610860220853512,0.4588909746377317,0.014913281249999999,0.1222542885736084,0.10454177302828836,1.508,0.34996670488955084,0.9317894736842105
0.06057729766750475,0,0.5800126850648326,3.719158089442254,4.669545580202904,3.719158089442254,0.26601246424080527,0.41957100258338725,0.008167578124999998,0.15088791293319703,-0.015839152305208704,1.445,0.3885287920677501,0.9313684210526316
0.6968883059917088,0,0.5783633933529626,4.2817472241403065,5.454919441156509,4.2817472241403065,0.3121069891618653,0.3871699992186848,0.012147265625000002,0.1631013037034607,0.03935476050459631,1.73,0.4040406659800781,0.9309473684210526
0.06505321004087561,0,0.5544750028843931,3.7168430116987587,4.6803405130549045,3.7168430116987587,0.246846605182378,0.39995044578406463,0.00036914062500000044,0.16373701725082396,-0.090104275714943,1.504,0.4046444779255303,0.9305263157894736
0.15509171075159145,0,0.5450983632892814,3.8275197137647594,4.829014243584112,3.8275197137647594,0.2832154084755062,0.44222414360317813,0.0080578125,0.14206900993896485,0.05516963919912515,1.443,0.3770065493877394,0.9301052631578948
0.11713886275293017,0,0.5298647819974976,4.030030000795743,5.048205587743292,4.030030000795743,0.30297953540334904,0.44518604916286264,0.023878515625000003,0.13248080672592163,0.03125352303900521,1.47,0.3647615525715053,0.9296842105263158
0.05605488749481724,0,0.5669530561569875,3.968561245555379,4.991410237292978,3.968561245555379,0.30253342675589057,0.4047012519661041,-0.016509765625,0.15345543974838258,0.05838963438939488,1.556,0.3920816395973867,0.9292631578947368
0.0688826519368968,0,0.5870658479482196,3.333618407853296,4.205374431980042,3.333618407853296,0.3022808626566815,0.4108915851523296,0.025537109375,0.1535347720603943,0.0486308946873749,1.309,0.3926664182427942,0.9288421052631579
0.4101570436828954,0,0.5874962254565298,4.561629921824035,5.793809215890241,4.561629921824035,0.2763344204685893,0.4170997249681098,-0.002824218750000001,0.15072109566345213,0.08484444155526456,1.771,0.38823842143069764,0.9284210526315789
1.301960006658188,0,0.5900122950894012,6.269371556810898,8.053678699502095,6.269371556810898,0.3072076545247694,0.44909667244537077,0.020326953125000005,0.16528330989852905,-0.06010630683820233,2.552,0.40705834338811314,0.928
1.3517263407132782,0,0.5807821165654121,6.886489338338859,8.851187208975567,6.886489338338859,0.2472492336196432,0.4566722567302325,0.012039062500000001,0.14604112034912112,-0.1043530416738133,2.633,0.38234285579176186,0.9275789473684211
1.6654137744140094,0,0.5911627820838028,5.36397439959337,6.985178304591899,5.36397439959337,0.31802334029731155,0.4650600235227737,0.07426718750000001,0.15694121923583984,0.015091410370550604,2.162,0.40305934349050887,0.9271578947368421
-0.018296089256531367,0,0.5792702561098961,3.902182895934689,4.8951583026986984,3.902182895934689,0.2225727777344639,0.4851702231464101,0.0050125000000000005,0.11824901234374999,0.13510365220960185,1.342,0.3439100718211085,0.9267368421052632
0.99332234221237,0,0.5956449450353265,5.8807411588619365,7.510193531711414,5.8807411588619365,0.2800924605652135,0.4734979197295093,0.043246484375,0.14713019354232787,0.08508530748577968,2.27,0.38600576673558257,0.9263157894736842
0.3605102074670099,0,0.5923826208556274,4.436520455728247,5.6089320898463155,4.436520455728247,0.21129937273340121,0.4290487183284775,-0.03205546875,0.14032612582946777,0.038594203263141134,1.668,0.3759703165227941,0.9258947368421052
0.8148712375994336,0,0.545872361562697,4.751931295751119,6.085756853788042,4.751931295751119,0.26029169557164344,0.45563690604390744,0.008944921875000001,0.14516345126327515,-0.04259596987738715,1.811,0.3811082036516992,0.9254736842105263
0.43446108209078815,0,0.5937616388650082,5.268559909039452,6.634654106189021,5.268559909039452,0.2975890289892943,0.4530815994676136,-0.004351171875,0.1369699669126892,-0.04331100913975607,1.95,0.370120115110453,0.9250526315789473
0.2841246853258683,0,0.6161058746452855,4.322078524341167,5.465809149376179,4.322078524341167,0.3017159775318722,0.3899501189524983,-0.05656406249999999,0.18580331386474608,-0.004522042198875216,1.879,0.43474453076634556,0.9246315789473685
0.27999140532759625,0,0.5751730013956563,4.386101596533227,5.558235872787073,4.386101596533227,0.25598062687680095,0.4605140569702886,-0.10033867187499998,0.13734210131698607,-0.08503008491294724,1.684,0.38394003488907613,0.9242105263157895
0.4044239078987717,0,0.5740809845463811,4.196712368938107,5.354613714333585,4.196712368938107,0.2636949474868314,0.474367790002121,-0.023840234374999998,0.13548946158432007,0.14787994527200515,1.548,0.36886016098160423,0.9237894736842105
0.2929644442732138,0,0.5738753615641425,3.8863814947648017,4.944952637863404,3.8863814947648017,0.2814317458644982,0.4231712679367518,-0.008956249999999997,0.14849034808593747,0.08021361746599208,1.498,0.3854485212061398,0.9233684210526316
0.38091306953766013,0,0.6251389674768487,3.8528891966616956,4.923906281296716,3.8528891966616956,0.2962216642615553,0.45014082881901557,0.003697265624999999,0.1416188446800232,0.07264438299330374,1.45,0.3763409550568806,0.9229473684210526
0.29213240443136934,0,0.5693689574418563,4.531521550431177,5.736049739960114,4.531521550431177,0.3455431845179789,0.4211153546909197,-0.0003320312500000002,0.14390083741149903,0.11048560759489998,1.719,0.3793427838462859,0.9225263157894736
0.13632437118608154,0,0.6266948505659794,3.622664407544669,4.570685487465327,3.622664407544669,0.26456879719814763,0.43196598701862016,0.02553828125,0.14069851025329588,0.06790752880393211,1.362,0.3759663735794732,0.9221052631578948
0.04133235030370219,0,0.6061426564406102,4.463994429339248,5.589717357944342,4.463994429339248,0.2612449425694193,0.4482625873588523,-0.00187734375,0.12926797479919433,0.025127123358691255,1.605,0.3595434594298024,0.9216842105263158
0.12778820826962356,0,0.597087269561672,3.89371768247679,4.872539142273655,3.89371768247679,0.23740727657176558,0.4620525385876931,0.0096984375,0.1288155887475586,-0.04844711603046676,1.398,0.35903989811370546,0.9212631578947369
0.19216352137251524,0,0.6055951580983009,3.437673701844776,4.37883170280326,3.437673701844776,0.312737441110065,0.458768092913707,-0.010716796875,0.14956866706161498,0.005188382339797531,1.33,0.38688954082124655,0.9208421052631579
0.3623760556449085,0,0.5946262847933709,4.739007801941219,5.976271582783432,4.739007801941219,0.2849298192840302,0.46071312618422494,0.014132421875,0.14040502973007202,0.09680711207267445,1.777,0.37497300579925086,0.9204210526315789
0.2011388362506321,0,0.6042190456957823,3.9723017805016863,5.004024745287537,3.9723017805016863,0.3142597464794402,0.41941668625622425,-0.0277078125,0.15326314431396484,0.0036027446341224635,1.559,0.39246766387500004,0.92
0.2726232165157967,0,0.5850895596084404,3.9967667448248916,5.064252437264423,3.9967667448248916,0.2257175407277677,0.483067598118333,0.031965234375,0.13795906324447632,0.06667749025026729,1.49,0.3728013404658371,0.919578947368421
0.42222046435251936,0,0.6096547505127794,4.707536054258094,6.002627145975471,4.707536054258094,0.3406483042460083,0.4918957255026827,-0.0023667968750000004,0.1294853736631775,0.10500586804138864,1.694,0.35984854507226366,0.9191578947368421
0.15839237599300038,0,0.6072907466762913,4.327045243813472,5.4520259041898305,4.327045243813472,0.28672619562668133,0.46439686344358044,-0.01709921875,0.12686716593688968,0.04853757720159521,1.543,0.35659437631397106,0.9187368421052632
0.18455647718612944,0,0.6076417897038304,3.9526752607686846,4.986627772249561,3.9526752607686846,0.2745910355709307,0.4549705258240993,0.015359375,0.13046607553710937,0.04517638274643009,1.429,0.3615272962550684,0.9183157894736842
0.19107902927443554,0,0.5792203815030024,3.8710432850865244,4.894916848302711,3.8710432850865244,0.25911782678913076,0.4470834629125452,-0.00035195312499999956,0.1336153710508728,0.04490744423291651,1.415,0.36553453314546763,0.9178947368421052
0.033487995318238095,0,0.5756141796179137,3.565397938960118,4.494483369573971,3.565397938960118,0.25253001780169804,0.4518039011188332,0.01843046875,0.13424618891540527,-0.004933065577035917,1.308,0.36685947049755985,0.9174736842105263
0.15547541678516774,0,0.6001921265482487,3.6645773708047127,4.646188743047582,3.6645773708047127,0.24491448921622208,0.471437247148861,0.0047753906250000006,0.12601673353500367,0.007976731055597246,1.301,0.35502047531181213,0.9170526315789473
0.03365408437995576,0,0.6022458985313601,4.0433097507357525,5.083454874194463,4.0433097507357525,0.2215366036781276,0.4929814924510862,0.002623437499999999,0.1174970589819336,0.03296389901304853,1.386,0.3427884791037324,0.9166315789473685
0.29106683112612863,0,0.6048393560010129,3.9329560960641277,4.977220626215142,3.9329560960641277,0.23784598024776066,0.5002304311093163,-0.0011437499999999994,0.11608243402343747,0.01790384665381963,1.34,0.3407106429031826,0.9162105263157895
-0.08234075025063392,0,0.6170039726857931,3.7266571141692704,4.67342511055993,3.7266571141692704,0.26510940752876666,0.48275060252317575,0.0035976562499999997,0.12468890999450684,0.058197263064961105,1.316,0.35313149551548073,0.9157894736842105
0.09824870595126667,0,0.6205578663801619,3.57525217348997,4.5244215938303345,3.57525217348997,0.2599133755178626,0.44507306859760765,-0.0081078125,0.14082799540771482,0.06425055902736211,1.342,0.37535813835755577,0.9153684210526316
0.006696032654855522,0,0.5358279150771131,3.9106094529768325,4.889396159898425,3.9106094529768325,0.2901605521758605,0.46627706354298504,-0.014135546874999998,0.13054062186141968,0.04431565296051531,1.414,0.3615804689787254,0.9149473684210526
-0.005675977110537023,0,0.6258528498906224,3.498223098046097,4.385159268168234,3.498223098046097,0.29224671258446094,0.5051384483747002,-0.010106249999999999,0.1127164691796875,-0.04663945431358797,1.175,0.335884809821388,0.9145263157894736
0.26065894419937763,0,0.629326009606784,4.317962292393936,5.441413251313664,4.317962292393936,0.2463662502473279,0.44123196367983125,0.012148828125,0.1428783024595642,-0.033768729914347345,1.633,0.3781876471863868,0.9141052631578948
0.01124656813492475,0,0.5471550864252113,3.2808877142944213,4.105352307064962,3.2808877142944213,0.29298242507893096,0.4732489601116645,-0.00908046875,0.1397816888372803,0.0005494154993094987,1.227,0.37398414906249705,0.9136842105263158
-0.10003732652403174,0,0.6050498798095184,3.399349157142899,4.2282433442133,3.399349157142899,0.22996552206052942,0.5027259747464385,0.005499218749999997,0.11965017578063963,-0.012722010198070269,1.176,0.34594857592928463,0.9132631578947369
-0.10647899265601124,0,0.5626808415133472,3.172905884993071,3.962568999610371,3.172905884993071,0.32448671387240485,0.46500203529917905,-0.020670703125,0.1341561482041931,0.005449358409200715,1.164,0.3668561382502343,0.9128421052631579
0.28116319396328615,0,0.5773230843774902,4.657924607676669,5.869701954407659,4.657924607676669,0.3008974452612436,0.45113264539676196,-0.025312890625,0.15186299545883178,0.13153515006624864,1.819,0.39051726964453826,0.9124210526315789
0.027838359155991643,0,0.6028130004530212,3.6760783967626747,4.618266841325861,3.6760783967626747,0.3092239538228952,0.47255279185314625,-0.019010546875,0.13470308465438843,-0.05067338011141072,1.351,0.3675112046548717,0.912
0.18952794485080116,0,0.5906393328918597,4.669376868990346,5.8822772933356955,4.669376868990346,0.2948908485481292,0.46273140036397054,0.042819140625,0.13878889893051147,0.16980535301010208,1.751,0.37499650362953385,0.911578947368421
0.06335142780730685,0,0.6143539909006213,3.5939200433607557,4.5266739681133,3.5939200433607557,0.2560585614337624,0.5243448872952226,0.026707031249999996,0.12396375713806154,-0.01054525570982082,1.269,0.3530963362260362,0.9111578947368421
0.4579512429355659,0,0.5881951765371752,4.823430277651958,6.1680274250254685,4.823430277651958,0.2919014096719084,0.46863104635434055,-0.019028515625,0.14107475895248414,0.18481861711907946,1.814,0.3760809000193642,0.9107368421052632
0.1522728561781337,0,0.5692750126323542,3.9455056831753272,4.984945976942114,3.9455056831753272,0.2781851716444984,0.39381168206434203,-0.0209296875,0.16669540208740236,0.038114808357439585,1.613,0.4088195860110545,0.9103157894736842
0.32000578307116045,0,0.5511149478120618,4.501189710853861,5.686880777529772,4.501189710853861,0.2628245884611164,0.49536471235103674,0.01880078125,0.13795738765563964,-0.006924191077311436,1.674,0.3719016765641827,0.9098947368421053
-0.08989155010058658,0,0.6024203734070671,4.208323808478368,5.237715435031383,4.208323808478368,0.2518146706739911,0.498327818133563,-0.0014617187500000008,0.1132139680657959,0.0684101867319766,1.416,0.3364760090816283,0.9094736842105263
0.4814816620283824,0,0.6135365053751751,4.7775046175177485,6.02925306274816,4.7775046175177485,0.24323053574942985,0.49018633117976573,-0.035466015625,0.13062756368881226,-0.01164776048060626,1.735,0.3631602978756419,0.9090526315789473
0.3564642616373068,0,0.5850446306308953,4.437696130002327,5.633363032670169,4.437696130002327,0.2919389906141946,0.47624793756486167,-0.0013117187500000008,0.1357422012689209,0.10593062224885,1.635,0.3684344200464989,0.9086315789473685
0.0988950277256988,0,0.6012276022610701,3.877437044368549,4.891265635334853,3.877437044368549,0.23895591541920683,0.45037801861429305,-0.0012609375000000027,0.1354419936303711,0.051498234777931966,1.427,0.36802660718180424,0.9082105263157895
0.05878754009661913,0,0.6122504606132684,3.513771081781215,4.40842175958882,3.513771081781215,0.26772195669101423,0.4843015642125389,-0.026370703125,0.12404197078231811,-0.015081930968521054,1.241,0.3531818012944962,0.9077894736842105
0.24411258009403802,0,0.6035617685916956,4.488839773933852,5.67838441662161,4.488839773933852,0.2745567255482716,0.5212190300050166,0.0011308593749999997,0.11496251764144898,0.01857571516203195,1.522,0.339063115782851,0.9073684210526316
0.3366382199417046,0,0.596854628156652,4.70339805513816,5.991169193334518,4.70339805513816,0.24004422921185373,0.48768582078216677,0.001306249999999999,0.13248858355468748,0.03866680722134129,1.712,0.3639921562942669,0.9069473684210526
-0.03359118980158149,0,0.6070118965276629,3.2347529222469467,4.041208268121118,3.2347529222469467,0.27701777372611425,0.45650603967325004,-0.007138671875,0.1305501272544861,0.09278396551312011,1.169,0.3613877251521211,0.9065263157894737
-0.04455430844226749,0,0.6038772209845014,4.050857418290658,5.076949278699073,4.050857418290658,0.24950427841641426,0.43567901981179485,-0.022430078124999996,0.1500921052671814,0.008026249020338565,1.572,0.3880659913879017,0.9061052631578947
0.010402639724420126,0,0.6128436412094537,3.607020087328704,4.520712862995093,3.607020087328704,0.25268233449753646,0.5018568293115427,-0.018210937500000003,0.1259903430053711,0.03533155447125975,1.282,0.3554180373166224,0.9056842105263158
0.16133380803462183,0,0.6070659137297816,4.14729522101415,5.194536803246586,4.14729522101415,0.26363991747732063,0.5059226883118327,0.0004062499999999976,0.12409947714843753,0.019327499852872704,1.461,0.35227779122093406,0.9052631578947369
0.15114337595614646,0,0.6352165330519612,4.0806179755431735,5.116078363683438,4.0806179755431735,0.2510684726929929,0.5034237400219348,-0.023465625,0.13134928397460938,0.0779963837303076,1.482,0.3631802851632368,0.9048421052631579
-0.023449540443043038,0,0.6520756402489751,3.4856796353904347,4.34575840449155,3.4856796353904347,0.2983520785250785,0.4290107177307436,0.009551953125000002,0.15213968245712278,-0.05035981797306498,1.36,0.39016781295440683,0.9044210526315789
0.06931159361073558,0,0.6525878979366813,4.268914762632812,5.344348946187843,4.268914762632812,0.32205000822334295,0.45708239270932655,0.008979296874999997,0.1400453265245056,-0.03756578026381133,1.598,0.37433401434664604,0.904
0.11870925886517636,0,0.6480604457361916,3.9064703873146644,4.901345165397639,3.9064703873146644,0.282876016605043,0.4617476267922229,0.019548828124999997,0.1336172890220642,0.009400239885077972,1.43,0.3660593472418441,0.903578947368421
0.2860493553221968,0,0.6501074377117012,4.807096038768597,6.076458808438846,4.807096038768597,0.26111692178092805,0.5013911060405026,0.017916015624999997,0.12592283864974974,0.04145863479345657,1.708,0.35530806670497217,0.9031578947368422
0.24730644953230874,0,0.6374679566146862,3.9645584925608044,5.029019244340984,3.9645584925608044,0.25804788184443817,0.44861849890786953,0.019763281250000004,0.14123704240173338,-0.024041894470991622,1.492,0.3763344651868867,0.9027368421052632
0.23978684959601937,0,0.6028295486957387,3.5508857779205543,4.480525192844247,3.5508857779205543,0.2647032976805778,0.45643805789920083,-0.042841796875,0.13908920739364622,0.08615307141192069,1.333,0.3753992900274653,0.9023157894736842
0.006680044821322451,0,0.6164317326585335,3.7676897122746706,4.689834485210602,3.7676897122746706,0.2832810293701241,0.5153143996378603,-0.008718359375000002,0.12830987497543336,0.08072200344626233,1.35,0.3583097609131309,0.9018947368421053
0.09584784346026387,0,0.6164399221502848,3.807286648420906,4.806290660239147,3.807286648420906,0.31627827832249444,0.43920867827060417,0.044893359375000004,0.1398469366746521,0.05223864287415665,1.434,0.37664618727743016,0.9014736842105263
0.03939041893457551,0,0.6105876970994873,3.7395036261390113,4.6803346745864465,3.7395036261390113,0.28314003671565363,0.47740983519212343,0.0226921875,0.13448872634521486,0.028158899819210572,1.374,0.36742844435175404,0.9010526315789473
0.0915800868748855,0,0.5738207575438072,3.883104172103555,4.886350930226746,3.883104172103555,0.29120908088584757,0.47161892500505387,-0.040048828125000005,0.13802544956893922,0.10159390385829764,1.451,0.37367011949462187,0.9006315789473684
0.005579909748859357,0,0.5652249370241509,3.766706790386347,4.73442769847295,3.766706790386347,0.2594093532475532,0.4241772241296133,0.022879687500000002,0.15511392771240234,-0.004798923970614391,1.486,0.39450907190139495,0.9002105263157895
0.02149064993483618,0,0.6178173523661742,3.7951157099738437,4.763812882387613,3.7951157099738437,0.32837147504987374,0.45804695656764777,0.020362890624999998,0.1531078030760193,-0.03269966044309981,1.487,0.3918194104311641,0.8997894736842105
0.35024086507795404,0,0.5780433430091345,4.36092285533969,5.537809469861051,4.36092285533969,0.30002989315516515,0.46121219259747204,-0.024214453125,0.13792337393173218,0.043201120757628886,1.623,0.37216893163169196,0.8993684210526316
0.8004044190725965,0,0.5882406336948872,5.432460034064544,6.953517605217339,5.432460034064544,0.2761261948282576,0.4800997464433746,-0.0176921875,0.13185949118896484,0.0275540142005599,1.975,0.36355536674281125,0.8989473684210526
0.3523326538392224,0,0.636997127226889,3.6368616156695373,4.64154924520694,3.6368616156695373,0.2935305744398432,0.495258714478145,0.06075234375000001,0.12664860741638181,0.057280905483484246,1.313,0.3610255596041643,0.8985263157894737
0.3545495947276436,0,0.6164628153598329,4.131581138278917,5.218324893564913,4.131581138278917,0.30404375479328094,0.4131872237623803,0.01873125,0.1587534129296875,-0.10138914174534844,1.648,0.39887876937266287,0.8981052631578947
0.04526097964293774,0,0.6238655436580179,3.7677324613958434,4.759532746343003,3.7677324613958434,0.2837912323535474,0.4809589436941568,0.01869609375,0.13341417092224123,0.0053808567293553485,1.378,0.36573722102590267,0.8976842105263158
0.14125684395067717,0,0.6145298157089526,4.109825898502994,5.184177802392039,4.109825898502994,0.2500143699096225,0.42989010917692094,-0.049631640624999994,0.14254131860824587,0.02661858553580648,1.565,0.3807947194478608,0.8972631578947369
0.1558193236069374,0,0.5838742675320072,4.16348626526414,5.256610552930999,4.16348626526414,0.29950844172098784,0.46510680756052436,0.004399218750000004,0.13732714140563967,0.11397577514975286,1.543,0.3706028798205028,0.8968421052631579
0.47030661865544454,0,0.5560461401258029,4.154276758828365,5.30756007435323,4.154276758828365,0.30621062780921626,0.3709983850441625,0.0066839843749999985,0.17740910052474973,-0.09683921354231374,1.75,0.42125262749551484,0.8964210526315789
0.22105168880520143,0,0.6015075169310616,4.402427221242792,5.53923617841654,4.402427221242792,0.2833906404043633,0.4035362540254692,0.010828124999999997,0.1770430767089844,0.04134819404931266,1.853,0.42090417555543447,0.896
0.28456281156603147,0,0.5876237050625646,3.6064829694340257,4.597370878528841,3.6064829694340257,0.29456736355982627,0.4554105190860757,-0.0225484375,0.1294244085913086,0.07850882944137959,1.3,0.3604619822186523,0.895578947368421
0.08018320990867966,0,0.5685883216316012,3.9446843745079962,4.973113074816128,3.9446843745079962,0.3001263684284861,0.43364366930018283,-0.022268749999999997,0.1450662590234375,-0.0007767683982680204,1.505,0.3815260885575192,0.8951578947368422
0.3005819671074046,0,0.5695009123189635,3.8906093228024887,4.937424147553783,3.8906093228024887,0.2613521913375471,0.4232145379956461,-0.02223046875,0.14755578672790529,0.030656892510271185,1.497,0.38477263477117235,0.8947368421052632
0.51213867510543,0,0.5995225775450891,4.956353723383331,6.2728993551284935,4.956353723383331,0.26668230445099034,0.44644192743854927,0.03132734375,0.13579158815856934,0.05926031353424351,1.833,0.3698283258824288,0.8943157894736842
0.19826864615869466,0,0.5836629597047291,3.5831406154407435,4.535021441698999,3.5831406154407435,0.318936789391746,0.43764886344341797,-0.0128203125,0.14989090130615232,-0.014478922180235424,1.388,0.3873696706232304,0.8938947368421053
0.6218757988164727,0,0.5987020708340345,5.169437193952399,6.590894428098946,5.169437193952399,0.31428087959079964,0.40234726799954845,6.445312500000209e-05,0.16739181029891967,0.07432669728094508,2.115,0.40913544756367054,0.8934736842105263
0.0917435875158823,0,0.6030148995366077,3.5377692122160114,4.44677216872258,3.5377692122160114,0.2605158307150741,0.4455495407467975,0.01016796875,0.139112521005249,-0.008468301278725202,1.32,0.3731164812679145,0.8930526315789473
1.0191363872229608,0,0.50573757416406,5.2326979631125585,6.716082922693732,5.2326979631125585,0.2671910094492626,0.4379847734936621,-0.037114453125,0.1744237482286072,0.02740180933448846,2.194,0.41928657366934013,0.8926315789473684
0.45711949820732345,0,0.5721351187931789,3.856032723583349,4.923660563732064,3.856032723583349,0.29758811456064843,0.3768462006180779,-0.046647265625,0.18561360721908568,0.1118169557866799,1.671,0.4333469448483224,0.8922105263157895
0.2436255768711182,0,0.593597102331805,3.5738012634660423,4.525500815348466,3.5738012634660423,0.2656346230286351,0.46089772099358034,0.012171484375,0.1461626037962341,0.1459944267879119,1.367,0.3825058807758712,0.8917894736842106
0.01610621317999783,0,0.6262221097852444,4.261930512036062,5.3453199394002455,4.261930512036062,0.26965322320727375,0.4772429565766353,0.010583203125,0.13130278370223997,0.08269035258148491,1.545,0.3625117762095805,0.8913684210526316
0.19031015626973824,0,0.6041478184361417,3.898992789504486,4.8864080098799825,3.898992789504486,0.30155976126421746,0.45069039227405444,0.012122265625,0.13663401356674193,0.07574851623021223,1.442,0.36983910405827153,0.8909473684210526
0.3278638509342562,0,0.5764251229322791,4.27102437488884,5.426407570098479,4.27102437488884,0.32330079070836,0.4423307609731864,0.017661328124999997,0.14320163647323608,-0.022596738504349016,1.618,0.37883183470291276,0.8905263157894737
0.3421645445241066,0,0.5294830839197203,4.25760398227888,5.362514594446098,4.25760398227888,0.28353126261601796,0.42873201892653695,0.020041406249999998,0.14924143344177246,-0.0361539172343869,1.647,0.3868372931947617,0.8901052631578947
0.3014263964244108,0,0.570015004307868,4.152703813562573,5.254083161878635,4.152703813562573,0.23949167183712936,0.4031808582443673,0.013938281249999998,0.15123881962829588,-0.05661644162798877,1.616,0.3891440547053237,0.8896842105263157
0.8941766674166955,0,0.5875850320351222,5.023631563551701,6.438359164543471,5.023631563551701,0.26868547403635573,0.4396759560173094,-0.03541640625,0.16804116957458495,-0.09489442990376148,2.067,0.41145533342788254,0.8892631578947369
0.22198421588635275,0,0.5986013550864624,4.052027573464485,5.102887224770781,4.052027573464485,0.2749937555201048,0.40628140075389757,0.042810546875,0.16378105902938844,0.004918611646515986,1.649,0.40695675685891364,0.8888421052631579
0.15627421065553948,0,0.5626341376484659,3.8936734127576793,4.906671969668228,3.8936734127576793,0.2625410721148469,0.4483626689883289,0.006251953125000001,0.1415260150352478,-0.005318121566522923,1.465,0.37625138133052083,0.888421052631579
0.5641222886126878,0,0.5427626656243691,4.400153059706405,5.582589722083835,4.400153059706405,0.28461072574600643,0.44595322353964667,0.008853515625000002,0.15432414768295288,-0.11810235204469838,1.729,0.3929408764965475,0.888
0.5383598259661873,0,0.570802514135302,4.032906190747014,5.128583321612262,4.032906190747014,0.2850477782592503,0.4228645331796732,0.074631640625,0.14811370923324585,-0.08149289353972447,1.581,0.3920249877439256,0.887578947368421
0.21170991182633392,0,0.6176779470756147,3.6807522718939905,4.640621080146422,3.6807522718939905,0.31271018053313465,0.4647062297849805,-0.07154375,0.1282107183984375,0.09191157648337861,1.344,0.36514274819924875,0.8871578947368421
0.28604554797579684,0,0.6016405938791178,3.935991221321962,4.953830441576792,3.935991221321962,0.2829320670136882,0.4212285093786637,-0.015143359374999998,0.1473397485887146,-0.07000149156095477,1.512,0.38414719824811294,0.8867368421052632
0.544221844372557,0,0.6244058447652941,4.216732013946314,5.353199821328102,4.216732013946314,0.3260273979642117,0.4461547772260673,0.011845703125,0.1415048758018494,-0.06663990913060415,1.587,0.37635780380427214,0.8863157894736842
1.0963718435302168,0,0.6174155185884874,7.207653459987654,9.152888072445434,7.207653459987654,0.3030749515308972,0.4746937754409494,-0.013633203124999998,0.1382758650694275,-0.09789001995065541,2.682,0.37210446019481547,0.8858947368421053
0.3560539282864257,0,0.5923031085565093,4.459154061903928,5.724879734490244,4.459154061903928,0.2594394840427138,0.456422885751079,0.032385937499999996,0.1387057940209961,0.045896701246013624,1.667,0.3738377227738662,0.8854736842105263
0.6217864965679958,0,0.615599511783587,5.185669039344424,6.591397753188398,5.185669039344424,0.3150833996868229,0.5068628621682522,0.003205078125000002,0.15067748098983763,0.034033844000444756,2.013,0.3881852051735421,0.8850526315789473
1.0265058944182002,0,0.605872930376794,6.051272484828534,7.769881420133863,6.051272484828534,0.256860311694072,0.42384458571676054,0.028832031249999994,0.15738776006774902,0.01472784893520863,2.407,0.397767577982105,0.8846315789473684
0.44414830678519124,0,0.5871940640892694,4.34522644806527,5.544629189685498,4.34522644806527,0.21560345725612137,0.4688553540653567,-0.009923828125,0.12518327661972045,0.10647109004277294,1.538,0.3539516336794831,0.8842105263157894
0.454231507052683,0,0.5967990101750991,3.8783808064923395,4.9832320890571,3.8783808064923395,0.2615468327915065,0.4492673165781117,0.052075,0.14847078578125,-0.00043173742625707084,1.508,0.3888220562239879,0.8837894736842106
0.4103639960602701,0,0.5732941148366478,4.607201117110354,5.864830142475226,4.607201117110354,0.25916954278518606,0.4922080704717918,0.031455078125,0.14911797688827516,-0.013654543117618202,1.785,0.3874369611022224,0.8833684210526316
0.22531783398731164,0,0.6218101417098993,4.26126349414696,5.396860236898724,4.26126349414696,0.27717243333887437,0.43252942947452966,-0.01265546875,0.1501344148919678,0.011889028401922436,1.652,0.38767844379233934,0.8829473684210526
0.4215791233526951,0,0.5952182506025704,4.239364744233059,5.408543217355279,4.239364744233059,0.274589852306573,0.42693047953374946,0.004217578125,0.1585238413316345,0.15329460468737452,1.688,0.398172863586753,0.8825263157894737
0.4548694329749918,0,0.528550065899941,4.338654052815373,5.529953917050691,4.338654052815373,0.2885243735330758,0.44129285155888687,0.003831249999999999,0.16641718949218748,0.05057332814331855,1.77,0.40796062061031085,0.8821052631578947
2.6464590423223333,0,0.6042669601586883,6.605023838318581,8.667229213797246,6.605023838318581,0.2330321081981315,0.512992479425499,-0.036384375000000004,0.15554141084960937,-0.09593729219292481,2.616,0.39606215875005024,0.8816842105263157
0.43422314546412055,0,0.5742096588457336,4.155389353305168,5.257965417361537,4.155389353305168,0.34274456893413957,0.47482331300245956,-0.0177890625,0.1550668523803711,0.07195964908081563,1.638,0.394186888575711,0.8812631578947369
0.4152547454630553,0,0.588344272784095,4.008809873939457,5.107344276591776,4.008809873939457,0.2794119027716626,0.4415072708562443,-0.022239843750000002,0.14308230809997557,0.0813043748224198,1.519,0.3789154506614899,0.8808421052631579
0.4287650009365045,0,0.5736362663681452,4.344833783682368,5.536293208295367,4.344833783682368,0.2922608411921198,0.4427569053761602,-0.019701953124999998,0.1454081115586853,0.23027975167375625,1.659,0.38183278868586573,0.880421052631579
0.44097610529345976,0,0.5994819330286141,3.836635018991571,4.934592467979866,3.836635018991571,0.22704967009389818,0.4599723769611837,0.029501171875000003,0.1396104249986267,-0.0012646011236274732,1.438,0.3748076095020284,0.88
0.3180268922042577,0,0.5983274141808003,3.979094427411353,5.057924821390362,3.979094427411353,0.27757990544605604,0.46798880012081334,0.011763281250000002,0.1275733299017334,0.07380199031071889,1.422,0.35736774432998286,0.879578947368421
0.16694722656723782,0,0.5806987991959909,4.126454351686634,5.170068729497936,4.126454351686634,0.24319263678183498,0.47514936380107786,-0.012791406250000002,0.14367469711364747,0.11805520697692908,1.565,0.3792602235767679,0.8791578947368421
0.5329135290053704,0,0.5735311997466637,4.23551792482189,5.400178449815389,4.23551792482189,0.3176955051074172,0.45540283126547093,0.035675390625,0.13403476298812866,0.1306066035479431,1.558,0.36784167312088906,0.8787368421052631
0.2011739633270615,0,0.6003246659100563,3.8404550962515445,4.850928095339523,3.8404550962515445,0.2690039387684147,0.41319455054015247,-0.014340625000000001,0.1441205542871094,-0.015528028717710085,1.459,0.379902892608756,0.8783157894736842
0.348297197812645,0,0.5992070186662566,3.717571705752993,4.72831167045453,3.717571705752993,0.266580061065539,0.43772905577833415,0.017887109375,0.1408928642088318,0.003606679239049008,1.397,0.3757829332082885,0.8778947368421053
0.4416868138573684,0,0.5922857634952382,4.302317962617346,5.473064557760892,4.302317962617346,0.2942913492254429,0.49859235251772666,-0.053751953124999995,0.13232045917587282,0.029833814549207065,1.582,0.3677087592655702,0.8774736842105263
0.19939424826034902,0,0.5969137132761598,4.331260080773685,5.454531519448169,4.331260080773685,0.3001493536234625,0.4667477082057036,0.006044531249999999,0.14827111832946777,-0.11951037749075126,1.668,0.38510732878965054,0.8770526315789474
0.1378625682926704,0,0.6318148774371112,3.833332104316331,4.821450959807005,3.833332104316331,0.2608273365536139,0.4895153487890794,0.033723828125,0.12603254677597048,-0.03039858768272966,1.367,0.35660880998564104,0.8766315789473684
0.05270930805376883,0,0.6076576385618839,3.563877460935369,4.4840611013502265,3.563877460935369,0.31808165736132943,0.48119719394119453,0.003532812500000002,0.13386565517333984,-0.038179809031934325,1.304,0.36589361286786626,0.8762105263157894
0.2125773352216287,0,0.5738951550385328,3.683968319459826,4.665913569180322,3.683968319459826,0.3287297732070188,0.4722537091226068,-0.001923046874999999,0.13309284134384153,0.05028868742638115,1.344,0.3648239842076244,0.8757894736842106
-0.007348349364603379,0,0.6320751052043121,3.2396029180414962,4.060995064596818,3.2396029180414962,0.2514863596865941,0.541050510437734,-0.004277734375,0.10724402559799193,0.029964285170161642,1.061,0.3275092740814754,0.8753684210526316
0.19629401131342927,0,0.6216466504110173,3.824034731507104,4.848012756739976,3.824034731507104,0.22419350078073874,0.47675617695725125,0.026855078124999997,0.12243644970077514,0.12282012164749471,1.342,0.35093823519513373,0.8749473684210526
-0.06077713380654215,0,0.6264153762286586,3.2710472818570375,4.086449145478418,3.2710472818570375,0.28038859154038526,0.4910114081756131,-0.014585156249999998,0.1281626052484131,0.038511674706349336,1.172,0.35829503489617326,0.8745263157894737
0.5237030565044378,0,0.623690003557871,5.034145638262444,6.392789249250778,5.034145638262444,0.24895414827588716,0.4950092646305997,-0.005587109374999999,0.1370696713182068,-0.13718225404600387,1.864,0.3702713695512725,0.8741052631578947
0.08960189659068796,0,0.6396093192294944,3.911388987847972,4.904481000569025,3.911388987847972,0.25634592567567493,0.5159684099242803,0.036809375,0.11601249569335939,-0.05937932350285902,1.34,0.3425892960692876,0.8736842105263158
0.1758033824519738,0,0.6131156839830352,4.005288692925441,5.043064591456593,4.005288692925441,0.25470443700980344,0.48138559459562913,-0.008829687499999999,0.13116232489990234,0.0005800344583889031,1.451,0.3622710149615202,0.8732631578947369
-0.008057523221023821,0,0.6297121396300505,3.7483161479052045,4.685924822639438,3.7483161479052045,0.2644145063162514,0.47503857324732207,-0.015925,0.13944878656249998,0.06199806557994359,1.401,0.3737678319324711,0.8728421052631579
0.5863911485150894,0,0.5942388308421465,4.315120035234583,5.503053747249679,4.315120035234583,0.2814576086020666,0.47503971504062903,-0.015029296875,0.14705111125106812,0.09251034884714475,1.656,0.38376684460180377,0.872421052631579
0.3115790046929785,0,0.5999514757360429,4.212241306448177,5.351106481526611,4.212241306448177,0.22239648384896235,0.5026086018666207,0.009313671874999999,0.12689313168807984,0.11021466249563866,1.501,0.3563423580938351,0.872
0.2856150836411473,0,0.609238858616952,5.565790847823344,6.985659754461982,5.565790847823344,0.27483889745246354,0.4717192295754501,0.004045312499999999,0.14452014482177736,0.07545438470915099,2.116,0.38017957516810397,0.871578947368421
0.27694932440208264,0,0.5695498196837957,4.434313807438665,5.605593468437028,4.434313807438665,0.25205405610946424,0.48616184251184713,-0.012010546875000002,0.13780976356063843,-0.04340533256800869,1.647,0.37142161595264617,0.8711578947368421
0.5618122275503872,0,0.601304805056436,4.794347337675573,6.092651305223391,4.794347337675573,0.24513726337035005,0.544546951184868,-0.004525,0.1280873259375,-0.12681662690673456,1.716,0.3579215019560853,0.8707368421052631
-0.040383949040366574,0,0.6371781016132092,3.6208398591380146,4.520440943972394,3.6208398591380146,0.2478154266240108,0.5394891281489496,0.029357421875,0.11322464764022828,0.05802607383262174,1.223,0.3377669401516007,0.8703157894736843
0.05474576273959686,0,0.630317487363248,3.8043609945805317,4.8065253683139995,3.8043609945805317,0.27297130181370094,0.5381674449247753,-0.06712382812499999,0.10728640615097045,-0.10834082713836697,1.272,0.3343531283734683,0.8698947368421053
0.17992564920593246,0,0.633112496360969,3.9631599290192754,4.996628446609777,3.9631599290192754,0.27103672933137585,0.5035644226341337,-0.011006640624999998,0.12952653394027708,0.004867753215145853,1.427,0.36006621624102003,0.8694736842105263
0.05683489194328084,0,0.6382704127909535,3.3773758919616825,4.201065144315492,3.3773758919616825,0.2521327053547345,0.49413197380994106,0.052829296875,0.11886457515731812,-0.10463773665880348,1.178,0.34879149898703804,0.8690526315789474
0.14752945591367306,0,0.6245225121345886,3.90532410866878,4.887137770503531,3.90532410866878,0.30221011256457253,0.4999416237049541,0.0141796875,0.12996801224365234,-0.10710518911961509,1.409,0.3607895172829305,0.8686315789473684
0.46424045734254493,0,0.5951921908429784,4.17648125677028,5.300922799909971,4.17648125677028,0.28784751811025533,0.5199813077965562,0.010848828125000001,0.1319882806626892,0.006062300723473252,1.518,0.3634638602865146,0.8682105263157894
-0.065953752606692,0,0.6295226954284132,3.420980025328978,4.2925804824480025,3.420980025328978,0.256678170245995,0.476827201004194,-0.006193359375000001,0.1271415731590271,-0.029489467961255268,1.22,0.35662295335462496,0.8677894736842106
0.04289895535947963,0,0.6329478947966015,3.647471440956757,4.573112666560086,3.647471440956757,0.23126361127334305,0.5007648973559672,0.026065234375000003,0.12343508441635132,-0.07617560902311817,1.285,0.352298851629373,0.8673684210526316
0.1460840830042578,0,0.5841557092784696,4.011620670161768,5.064693255194367,4.011620670161768,0.2091503811429371,0.5093794094457011,-0.015008203125000003,0.11742616672958373,0.0359761222611532,1.376,0.3430035173152383,0.8669473684210526
0.5693033889140517,0,0.6028632653886111,5.515468491060545,7.025773319128473,5.515468491060545,0.26634423197404394,0.45880053757814315,0.005959375000000004,0.1402768100683594,-0.07669696430156517,2.066,0.37458286695836746,0.8665263157894737
-0.03703913258632907,0,0.6062417536879243,3.4824617669694056,4.353798018876498,3.4824617669694056,0.26295607489372924,0.474029695387855,-0.02351328125,0.1409515037298584,0.06142574986898984,1.31,0.37617067685427047,0.8661052631578947
0.19636695596684106,0,0.6400795269500895,3.843847476042109,4.855935280533326,3.843847476042109,0.23162808056182138,0.5468010913193935,0.05711015625,0.11217783005310059,0.03646756805485149,1.306,0.33976374144396276,0.8656842105263158
0.5676683838937424,0,0.6388281029690802,4.684199110775754,5.945271798429112,4.684199110775754,0.2773373054506869,0.5432250103319007,0.020180859375,0.11728855830551148,-0.10015849032775898,1.607,0.3430682517963809,0.8652631578947368
-0.19444593942303978,0,0.6024347368885855,3.118597328339449,3.8653677406434372,3.118597328339449,0.2624159935709796,0.4316184639075368,0.0079859375,0.1349725560522461,-0.006701128736100064,1.146,0.36747289866056787,0.8648421052631579
0.09643555064915121,0,0.6377152810395839,3.9948871054355983,5.023699884695324,3.9948871054355983,0.24249065119678936,0.5394366499203818,-0.002057421875,0.11183750178085328,0.055505156778718284,1.336,0.33442747310235293,0.864421052631579
0.04816104753874395,0,0.6218776449787977,4.013947437329084,5.053649514958526,4.013947437329084,0.23090195058798818,0.5136655535124498,0.0054550781249999986,0.11510616673202514,-0.012807191221369968,1.362,0.3393168498754151,0.864
0.15363406846959293,0,0.6087921277596962,3.8955587760441115,4.922332486338878,3.8955587760441115,0.2523275340878373,0.5522153506594443,0.02143359375,0.11039180887145997,0.06236379266990948,1.297,0.3329432501380678,0.863578947368421
0.10307575818599668,0,0.623978254017836,3.715388891739432,4.6779628838578,3.715388891739432,0.25823918929559664,0.5206188577312063,0.006768749999999999,0.1240824637109375,-0.0779469543354876,1.309,0.3523184350662054,0.8631578947368421
0.4699975044026403,0,0.5538204303625593,4.051939495886749,5.188809690240879,4.051939495886749,0.28076403626833235,0.4416041358336918,-0.0067796874999999975,0.15374183818115233,0.025092569197097347,1.589,0.3921578793595126,0.8627368421052631
-0.0066438763191460914,0,0.6290274569201475,3.270164134174962,4.092150647830643,3.270164134174962,0.27626389634063947,0.5070453438590189,0.006984765625,0.11495813765853882,0.002979681025693941,1.109,0.3391267087820937,0.8623157894736843
0.017351058642667283,0,0.6374607915022318,3.553399910242842,4.479354157199931,3.553399910242842,0.2727235831997765,0.5404199214083191,0.047287499999999996,0.1091628696875,-0.0035915774324000497,1.186,0.33376485336798123,0.8618947368421053
0.38555502897091687,0,0.6106116239393322,4.180745003873122,5.300207039337474,4.180745003873122,0.2650955770807324,0.5519363516825314,0.012839453124999997,0.10737453399032593,-0.011295181134518903,1.371,0.3279319831106368,0.8614736842105263
0.06304775152042064,0,0.5860779161346007,3.5940127813266387,4.546548474354823,3.5940127813266387,0.23886751913309887,0.49383885503432523,0.025677734375,0.12147000356674194,0.01552054943256619,1.256,0.34947009830509823,0.8610526315789474
0.33177768338029257,0,0.5948481811432448,5.079493019747988,6.410867861669995,5.079493019747988,0.23113289215112803,0.4811350447457473,0.0030816406250000006,0.12279075856918334,-0.11537746075233765,1.78,0.35042867331045413,0.8606315789473684
0.746268234084126,0,0.590710651852921,6.058861047838978,7.692896254654305,6.058861047838978,0.26719463194127063,0.523190863672086,-0.03713671875,0.1139950781829834,0.03182358852612442,2.058,0.3396677995667237,0.8602105263157894
-0.09205795992242027,0,0.6136929854956031,3.4704322003593586,4.342257343920788,3.4704322003593586,0.2553671299651909,0.46927637544779155,-0.0023847656249999984,0.12827909140853883,0.04308833384603983,1.243,0.35816864535526416,0.8597894736842105
-0.05966051281856366,0,0.6369195787817084,3.683664686720183,4.6042273669298055,3.683664686720183,0.2234265863180729,0.49801186633204797,-0.0001585937500000009,0.12454503969177244,-0.011140135343017573,1.3,0.3529094286693826,0.8593684210526316
0.1826864039904832,0,0.6515286074064564,4.2367555456033275,5.360595510267203,4.2367555456033275,0.2959004426422263,0.5003022448437966,0.017655859375,0.12553767023910523,0.05767952857282408,1.503,0.3547525892919951,0.8589473684210527
0.07661841362992128,0,0.6465391386917582,4.192294944294315,5.240666979828836,4.192294944294315,0.2469361859886113,0.48435692226035953,-0.03176953125,0.12244375000915526,0.13149337876913963,1.473,0.35135886658087906,0.8585263157894737
0.013144993866187171,0,0.6259615556248345,3.7465689006371954,4.69095953079341,3.7465689006371954,0.26571730145480865,0.49265325297867457,0.020592578125,0.12464915939804078,-0.13983508916814988,1.325,0.35365691520437575,0.8581052631578947
0.12018737690218861,0,0.6267837521032654,3.7416427215709622,4.694006237627831,3.7416427215709622,0.2672472308187187,0.5063907040413895,-0.005338671874999998,0.1195750075669861,-0.07345753402727516,1.294,0.345837402523751,0.8576842105263158
0.2886607173506337,0,0.6223236527763106,3.9610027200617046,5.0260702722778445,3.9610027200617046,0.24496188437542907,0.5055248815915574,0.010631640625000003,0.14253077017074584,-0.056807446305063874,1.496,0.3776821440750476,0.8572631578947368
0.5355279210067483,0,0.6059183862318921,4.718921375720254,5.999924742916428,4.718921375720254,0.24609592910027603,0.5197695516673615,-0.0208421875,0.13615200947021483,0.06061932028919852,1.744,0.36957598170065115,0.8568421052631578
-0.0052893827965339035,0,0.5902565971001763,3.3745808316126715,4.231744894888556,3.3745808316126715,0.2617986265999486,0.4814928262857792,-0.022415234375000002,0.12891645687728884,0.05502349561130677,1.214,0.3597483837481066,0.856421052631579
0.7830428722917921,0,0.5803927072395685,4.807855483279456,6.148268840133633,4.807855483279456,0.2692805536031051,0.48053943045578146,0.009647265625000002,0.1560793689378357,-0.03287933744903518,1.9,0.39518658716089416,0.856
0.18392008271605365,0,0.5963329451316525,4.1927527295296025,5.272552031397994,4.1927527295296025,0.2802185826200762,0.46707986342508245,0.030394531250000002,0.12418380372009277,-0.00489192424278722,1.483,0.35370557141498354,0.8555789473684211
0.027260127845004867,0,0.5972467751418576,3.6184281185246476,4.534826289049255,3.6184281185246476,0.27310324425428395,0.4647319795576855,0.013068749999999999,0.1343229093359375,0.03093995425198949,1.327,0.36673382931289555,0.8551578947368421
0.07668403561962966,0,0.5845020367784532,3.776505045466367,4.745959495303077,3.776505045466367,0.2726269875350352,0.48251333330361657,0.021244921875,0.13424205524765015,0.02433276028709796,1.386,0.36700599716234206,0.8547368421052631
0.13847661275829415,0,0.5806546218980841,3.5470687604686892,4.469922372214196,3.5470687604686892,0.3085880853255427,0.47128226851334887,0.013612109374999997,0.13851150383773805,-0.006168224263747381,1.321,0.37242018387753234,0.8543157894736843
0.11512131314078822,0,0.5996914256905947,3.9410082357873075,4.952307661688902,3.9410082357873075,0.2386607467333654,0.4765910564901701,0.007583984375,0.13680999216537476,0.05262862166094928,1.458,0.3699560906166771,0.8538947368421053
0.8870506777410441,0,0.5593174936177843,5.50409021987935,7.050947567950382,5.50409021987935,0.31180945770980756,0.5614522907377342,0.011068359375,0.14600109806137085,0.008680795869794068,2.104,0.3822611759525482,0.8534736842105263
0.46027717281061253,0,0.5733710821572068,5.09721982444871,6.466721732679755,5.09721982444871,0.3033439293306748,0.41648608050659297,-0.023643359375,0.1693378614793396,0.03212903607106451,2.101,0.41218547999884103,0.8530526315789474
0.9421808988588385,0,0.5931393973111823,5.413798100737479,6.998575711092495,5.413798100737479,0.2844282182922168,0.5104189051307835,0.034978515625,0.15561239289779663,-0.0005728068028865351,2.144,0.3960251121496275,0.8526315789473684
0.6993806251660639,0,0.6198069829502458,5.437522986475823,6.938085474058274,5.437522986475823,0.2987338829432526,0.4424939722095846,-0.0006332031249999977,0.15911671272567748,-0.06572551086274847,2.169,0.3988948654368404,0.8522105263157894
0.34837575393789644,0,0.6192168490478814,4.181071037364928,5.301028940540149,4.181071037364928,0.23858652490579998,0.4698981675321528,0.007884765625,0.13719269414291382,-0.03891685657026112,1.549,0.37047923514263925,0.8517894736842105
5.56141371489573,0,0.6069371901983981,9.207450689422734,12.129940790526485,9.207450689422734,0.31166120627369204,0.5129021588223996,0.0274296875,0.16868124271240234,-0.2540912362680399,3.79,0.4116231656123717,0.8513684210526316
0.1224198129256382,0,0.6347148023198181,3.7172587823908807,4.666499288643401,3.7172587823908807,0.2387046163418458,0.4488197538592329,-0.024706250000000003,0.1400202418359375,0.12805310285963933,1.394,0.37500752075791766,0.8509473684210527
0.31057280345977345,0,0.606298967539945,3.9290705421690237,4.9940713372639935,3.9290705421690237,0.30229802667944383,0.48403417974098056,-0.013895703125,0.1328256184190369,0.002670477403653731,1.433,0.3647173000892266,0.8505263157894737
0.19686220469169946,0,0.6060124311183639,4.15580055080522,5.252318665173746,4.15580055080522,0.24051651850947353,0.4314233079117131,0.011187109375,0.14533670991195677,0.012253860906744943,1.585,0.3813946267688167,0.8501052631578947
0.5839229085401434,0,0.5942205245132103,4.955112021928204,6.312687720676803,4.955112021928204,0.25698999325017097,0.44684115432518423,0.0022773437500000033,0.14826361839294433,-0.002166480872582853,1.908,0.3850568850020734,0.8496842105263158
0.6072517482658446,0,0.6047305498253436,4.612526374541092,5.878642934241995,4.612526374541092,0.22580575843995004,0.45891607154541286,-0.012258593750000001,0.14150140266052247,-0.08175591068366436,1.736,0.376366411600783,0.8492631578947368
0.6115630693061633,0,0.621104537437973,4.576914090738555,5.87883872415691,4.576914090738555,0.28489372717406924,0.4772117873874829,0.021882812499999998,0.14058190657958985,0.10363429769254301,1.719,0.375580569335662,0.8488421052631578
0.1415539946700557,0,0.6447765927841103,3.7310337331236667,4.719792933578623,3.7310337331236667,0.23468478446802518,0.46215844814216717,0.037278515624999994,0.13620885328842164,0.08389745962095135,1.384,0.370942773235475,0.848421052631579
0.35594190862666375,0,0.6216148572360045,4.007022015771271,5.090458316818252,4.007022015771271,0.2819847269842899,0.449621921636397,-0.0086265625,0.13912548398193358,-0.06541751749463035,1.495,0.3730950302034322,0.848
0.20509630075707674,0,0.5812556179415296,3.619741118825287,4.588311611114126,3.619741118825287,0.2543086049475192,0.4531427323717921,-0.013503125,0.14664195233398436,-0.039704842105345854,1.387,0.3831765738125832,0.8475789473684211
0.5522374613745127,0,0.6382270363241667,4.086217882578617,5.253576142956727,4.086217882578617,0.2523557969681641,0.470100752776926,-0.016188671875,0.13847299916854858,0.034626037509703035,1.522,0.3724715724261719,0.8471578947368421
0.09298985907632762,0,0.5666535707497129,3.5954678061765115,4.505449725922989,3.5954678061765115,0.29055220184859626,0.4502181923149788,0.048492578125000005,0.12837866088241578,-0.05184363990444169,1.3,0.36156630237845033,0.8467368421052631
0.27631178568586856,0,0.5593792995764952,4.058674376968131,5.140793171898428,4.058674376968131,0.32391340335539875,0.4176016435670996,0.076597265625,0.16020722022689818,0.03660185176947497,1.654,0.4075222218825925,0.8463157894736842
0.19583766810629388,0,0.5508216448678214,3.57787701739867,4.527802721130564,3.57787701739867,0.33535164955428404,0.4340671036318405,0.029841015625,0.15840578058334348,0.026353063269764068,1.428,0.3991193640966008,0.8458947368421053
0.13686344956279717,0,0.5948789622789417,3.855779949316383,4.842737751595937,3.855779949316383,0.34383836775983423,0.4190710803868365,0.02912695312500001,0.17984133271102906,-0.037754273898770056,1.639,0.42507612507570336,0.8454736842105263
0.16838629938042082,0,0.5925609972363508,3.594147695799201,4.5595400862541124,3.594147695799201,0.23612421572221612,0.4570405098119527,0.039953515625000005,0.13267393963607788,-0.04149335280240712,1.317,0.3664290150177453,0.8450526315789474
0.20991430228538244,0,0.6093200677487217,4.331855821030635,5.469316521097959,4.331855821030635,0.19966486248963988,0.4669583112021717,0.033971875,0.13715257186523439,-0.11232982902193465,1.611,0.3718960340689989,0.8446315789473684
0.24922407235830146,0,0.5359455931967153,3.8689074100868566,4.893218890576108,3.8689074100868566,0.2509175330398378,0.4062765312502758,-0.0004558593749999972,0.14515021133285522,0.0669873587812908,1.474,0.3809861141047335,0.8442105263157895
0.25736265907841016,0,0.5484373835830841,3.5450858570868142,4.516358577557817,3.5450858570868142,0.3242057544606354,0.45265367990398614,-0.004862109375,0.16337139856430055,-0.07498231397276843,1.433,0.4042215217821473,0.8437894736842105
0.1765715323998247,0,0.580025246534581,3.736598559775305,4.728643370575105,3.736598559775305,0.2970933011048518,0.4263920196272109,-0.009627734374999999,0.16148707509017945,-0.07926953611895722,1.502,0.4019698600136271,0.8433684210526315
0.37695779761703196,0,0.5706201047811159,4.929946304647508,6.227650321986114,4.929946304647508,0.2647717242451159,0.4366528865648916,0.006738671875000002,0.16469866334823607,-0.12373977007265118,2.001,0.4058867736781712,0.8429473684210527
0.3529015147362058,0,0.5892620016097126,3.6721858672162977,4.6778546326335,3.6721858672162977,0.29580447522282927,0.44777488541221155,-0.02969375,0.1459226179296875,0.058058881269220736,1.407,0.38315054054346576,0.8425263157894737
0.8184811974057404,0,0.6060822533175206,4.776524756181647,6.154213007721277,4.776524756181647,0.30196068332795095,0.4768984615770322,0.014763281250000001,0.15060372130798338,-0.0030171967814017608,1.855,0.3883576647643896,0.8421052631578947
0.11060062704454898,0,0.6388960490084683,3.4622495548452585,4.369287576461518,3.4622495548452585,0.27689251197330444,0.4384933086572648,-0.011503125,0.15100557811523435,0.09654690802888133,1.346,0.3887645817200944,0.8416842105263158
0.48796281493197213,0,0.5637099201650327,4.299637033673827,5.502287384680855,4.299637033673827,0.27099682000494424,0.46430489104893585,-0.034325,0.15459763187500003,0.04768412681264764,1.697,0.3946844784128203,0.8412631578947368
0.0653477113166363,0,0.57835973556719,3.604487130963939,4.535587275546493,3.604487130963939,0.26836749044208813,0.47813885209730866,0.01595234375,0.14589978210388183,-0.020403695103705828,1.378,0.3823012678176728,0.840842105263158
0.2640020568419277,0,0.6461261988702938,4.256081766433531,5.356362232568618,4.256081766433531,0.27394253068915925,0.470586959252203,-0.010175390625000003,0.12794654931625365,0.11168739992618516,1.523,0.3578408695085359,0.840421052631579
-0.01108454953679816,0,0.6204267982688846,3.619424060575906,4.561489824276796,3.619424060575906,0.2961046918340806,0.45620170577848534,0.032239453125,0.13602690789657595,-0.035774085319616886,1.34,0.37022464833446056,0.84
0.23791660824181715,0,0.6084232463804082,3.917581969365915,4.965152426469347,3.917581969365915,0.2566772081726618,0.43406993204833955,0.025438671875000003,0.14459193452011107,-0.04946694916985889,1.493,0.3811024278942277,0.8395789473684211
0.36401040118681216,0,0.5985245904803234,4.555958001038652,5.727388119981265,4.555958001038652,0.2619507850124185,0.4873813348755546,-0.031101171875,0.1298770721861267,0.015514974852536483,1.648,0.3617241422384259,0.8391578947368421
0.6721252857464397,0,0.5748308076715678,5.522576580169015,7.065908330545333,5.522576580169015,0.2572402277350141,0.5301223091869653,0.018108593750000002,0.12396557648864745,-0.0279881590419859,1.947,0.3525528295961472,0.8387368421052631
0.18053572924604877,0,0.6197762120964738,3.740628442687473,4.753165271693458,3.740628442687473,0.26618753996366207,0.5101774632553577,0.014166796874999998,0.11434486397567749,0.06994091979560556,1.266,0.3384458037993306,0.8383157894736842
0.47586081320675033,0,0.5739637011194785,5.582101309494528,7.067583548683807,5.582101309494528,0.3340543314366636,0.45559260367638615,-0.002637499999999999,0.13055491546875003,0.03916985187588858,2.017,0.3613334635416432,0.8378947368421052
0.18214069675780342,0,0.5987790436343805,4.218424626831592,5.332272370899984,4.218424626831592,0.2461556147634169,0.47639521200510127,-0.031610546875,0.14322042293563844,-0.025698004302166455,1.602,0.3797626227123662,0.8374736842105264
0.40557488570644873,0,0.6228682376312108,4.592645052679426,5.835988291932886,4.592645052679426,0.29138989873541327,0.4564019812036699,0.002641015624999999,0.13830187464584348,0.09375612282372493,1.708,0.3718989776933717,0.8370526315789474
0.3394854920062724,0,0.6318658920007328,4.258277277325231,5.393359066189512,4.258277277325231,0.34540672326335686,0.4847714831024508,-0.025947265624999993,0.1306265132347107,0.0641667762245371,1.543,0.3623531065523311,0.8366315789473684
-0.0019883507818660995,0,0.6377144050405529,3.5565275980051916,4.449418854928973,3.5565275980051916,0.2590577423657318,0.476424910137358,0.008855468750000001,0.1318908041107178,0.07295010540340416,1.292,0.3632756851724321,0.8362105263157895
0.14764092020199993,0,0.64259814818551,4.166793335283507,5.2422949060505655,4.166793335283507,0.3189437608643451,0.4633319263430523,0.0006328124999999997,0.13289551282958983,0.10315977494482537,1.519,0.36454891754228264,0.8357894736842105
0.053586137879425344,0,0.6582482525210924,3.92862107771109,4.909448290435289,3.92862107771109,0.27973988953241335,0.4522998046205993,-0.035945703125,0.13362046462997437,0.06681549043370787,1.443,0.3673044489291207,0.8353684210526315
0.11455786085713093,0,0.61304303911928,3.9878213548500345,5.025643283220708,3.9878213548500345,0.2666321113045307,0.5232014735387024,-0.012930468750000002,0.12788191079040528,-0.10751031169186598,1.427,0.3578395000730076,0.8349473684210527
0.2159290762523609,0,0.5588604195070331,4.045164051830976,5.1051310122391715,4.045164051830976,0.22051683327813057,0.466760718857365,0.008108203125,0.14131366212020874,0.009610217825449434,1.521,0.3760045280021572,0.8345263157894737
0.22107185725205758,0,0.6002385222059479,4.002798560756701,5.088973231417185,4.002798560756701,0.24628258289772464,0.47667569887300554,-0.027528515625,0.13337667340560913,0.09086403034099519,1.466,0.3662437611456678,0.8341052631578947
0.3451080106580289,0,0.6020140615333659,3.959563539281442,5.081090003341826,3.959563539281442,0.2601807316934442,0.5133615408792235,-0.016327734375,0.13700023204330444,-0.015203262429674664,1.467,0.37049538047474356,0.8336842105263158
1.8701407863243453,0,0.5574897531386003,8.188001425926043,10.432081772225342,8.188001425926043,0.2753566677977691,0.47345127918589586,-0.023306640625000003,0.16198743448715208,-0.09389255128680647,3.301,0.40315088240555175,0.8332631578947368
-0.035564410548563075,0,0.616686386502041,3.4092689936756613,4.267068997076818,3.4092689936756613,0.24452911353860557,0.5129593940341145,-0.0121640625,0.12415640589599608,0.0651095011545868,1.202,0.35256824915539403,0.8328421052631579
-0.027771317430361098,0,0.5993515939020674,3.5639626183225372,4.46172859936616,3.5639626183225372,0.261866132456418,0.4615649098990396,0.018324609375000002,0.13830006376937867,0.03324355051180879,1.327,0.3723383610080017,0.832421052631579
0.9078490257143614,0,0.5639203797871047,5.5754435667006454,7.180423578513697,5.5754435667006454,0.28438891755897555,0.5051842305991893,0.0031402343749999985,0.13997135416244508,0.0195447728969656,2.086,0.37414063563635397,0.832
0.39722524441017404,0,0.5773345878081853,4.6627694501482795,5.932338202187191,4.6627694501482795,0.2816638769116719,0.48892378191398633,0.00800546875,0.12500599215759278,0.05915571100551626,1.649,0.35365248435081015,0.8315789473684211
0.3485282704243189,0,0.617244796694607,4.022471360074534,5.111325800534857,4.022471360074534,0.23542564565375113,0.5193595018007052,-0.0014867187499999974,0.1256740154486084,0.040852349605815186,1.426,0.3545084283641928,0.8311578947368421
-0.1140378540024698,0,0.6042677661630054,3.380133055237657,4.201855665332377,3.380133055237657,0.22244320674541743,0.5126261665311435,-0.0316859375,0.1117479693334961,0.03423302521574271,1.135,0.3357855982152153,0.8307368421052631
-0.005700733511173173,0,0.5927267991052508,3.3706187730783386,4.2318475112504315,3.3706187730783386,0.25931079911228144,0.5008404365037387,-0.014907031250000003,0.11376738666931155,0.011894394679531612,1.138,0.3376234681564657,0.8303157894736842
0.044924703576920244,0,0.6042427428655627,3.719173979295953,4.6665034554566125,3.719173979295953,0.22682781147686792,0.5015887434890967,0.028330468749999997,0.10964184860290527,0.035507873613017965,1.236,0.3323318583321497,0.8298947368421052
-0.12566688515815416,0,0.5612113417268215,3.6581139582468643,4.5637788256983844,3.6581139582468643,0.2737954396947772,0.49801622277589663,0.018458984374999998,0.12362945534896852,0.0744285420858914,1.288,0.35209400655666523,0.8294736842105264
0.2020752932167338,0,0.5930240427992587,3.723377137147336,4.695200700724533,3.723377137147336,0.27243616169171897,0.5173367710630102,-0.010281640625000001,0.11641873356918335,0.04391426750945518,1.271,0.3413567718723696,0.8290526315789474
0.10801666096194129,0,0.6035808409090538,3.4944121284393317,4.399019279945012,3.4944121284393317,0.2784858058385681,0.42912172206656146,-0.0018945312500000006,0.13946383340759277,0.08158370053783993,1.305,0.3734533741395972,0.8286315789473684
-0.00726436352929527,0,0.5290450812126711,3.2661749277288328,4.134286872836612,3.2661749277288328,0.2621950286520266,0.4788532451417675,0.016808203124999997,0.12390323469833375,-0.0010366212376903068,1.151,0.3523999863658127,0.8282105263157895
-0.03152746526939332,0,0.584068601917222,3.430278620094237,4.291324316126556,3.430278620094237,0.27969292102814314,0.47733279209440566,-0.02018203125,0.13216904342712402,-0.01892439171902718,1.249,0.36411036487924925,0.8277894736842105
-0.08425599652910432,0,0.5865094960616353,4.029690417265551,5.011391180271904,4.029690417265551,0.25748522379439703,0.5024941625613274,-0.009347265625,0.12026952432846069,-0.023425582725886532,1.398,0.34692491363856387,0.8273684210526315
0.23910624368429367,0,0.5522669964715629,4.0425436313077014,5.110768323701007,4.0425436313077014,0.2579526581048259,0.44910395068026465,-0.0066457031249999975,0.12967773970809937,0.012016965881336602,1.456,0.36016927281227784,0.8269473684210527
0.10186501129252834,0,0.5993624930586708,3.591801814328708,4.517376790265264,3.591801814328708,0.2728315633501748,0.4865469557741194,-0.007928515624999997,0.11701614684310915,0.012503178164602224,1.229,0.34216809933587466,0.8265263157894737
0.03818102948457769,0,0.5379136623388745,3.237088327485273,4.07615441253813,3.237088327485273,0.2785753008150688,0.43926827867786483,0.005521093750000001,0.1399215425238037,-0.00835673492669805,1.211,0.37410162389382917,0.8261052631578948
0.4479400929174506,0,0.6276040284827572,4.502324454730855,5.716827087651583,4.502324454730855,0.23263260561322677,0.465196266587029,0.01053203125,0.13533671538024902,0.03879268583462499,1.657,0.36803211688995296,0.8256842105263158
0.2200043440588697,0,0.6431183302494756,4.127355768050507,5.223277345756932,4.127355768050507,0.28252382164200845,0.43395889250432385,-0.004193359375,0.1357870583152771,-0.07480474200676208,1.521,0.3685168145120722,0.8252631578947368
0.3320434659321059,0,0.6378435036936414,3.8707839671363,4.867390673842286,3.8707839671363,0.262538450071385,0.48503655504873844,0.041942578125,0.12114363459335327,-0.18771845957583966,1.357,0.35057497693521283,0.8248421052631579
0.28944898147736753,0,0.6149162705291199,3.93899620077575,4.9639217478032664,3.93899620077575,0.23336369632424683,0.4612935477544294,0.016590625000000005,0.12460890819335937,0.03205440884335715,1.392,0.3533895259218219,0.8244210526315789
-0.001432158158002128,0,0.6382727562433937,3.5853668460796997,4.474319060513475,3.5853668460796997,0.2662954767082057,0.4908273504602932,-0.007526562499999998,0.11327399148193358,-0.07820191715377366,1.207,0.33664616532050384,0.824
0.39036353531782053,0,0.6279008826637941,4.377633659778238,5.534178183085764,4.377633659778238,0.2173934253313492,0.5467210793745604,0.007300781249999999,0.12338042515563966,-0.08768603020310486,1.538,0.35133136290758327,0.8235789473684211
0.028777405801554856,0,0.624799066118095,3.6844185004563315,4.651289780971561,3.6844185004563315,0.29453018110207785,0.5083225621702403,0.10053007812499999,0.1126700131578064,0.0333416671715115,1.291,0.3503945059010272,0.8231578947368421
0.03160696900933235,0,0.6120992462822136,3.4577535348311534,4.355052673795614,3.4577535348311534,0.2676398116137759,0.5316712040019788,0.006603515624999999,0.11211408225326538,-0.004541604433986285,1.158,0.3348995202622348,0.8227368421052632
0.2539822951644357,0,0.6119218706660259,3.7821864411184816,4.777427868510064,3.7821864411184816,0.299942055399924,0.500774230849012,0.009735937500000002,0.1322634568334961,-0.04680184781805289,1.376,0.36381072731916525,0.8223157894736842
-0.021656646468054763,0,0.5912931214518052,3.5406351962474876,4.4323929856694155,3.5406351962474876,0.25809386607475837,0.5055319440207051,-0.024894921874999996,0.11617097372421266,0.005454468212429517,1.21,0.3417465886579923,0.8218947368421052
-0.05043987852567744,0,0.6060015510514218,3.7485793354018844,4.682246160306206,3.7485793354018844,0.2783583069902912,0.45970307231946156,0.03623125,0.13012062308593747,-0.0007153000106500407,1.359,0.36253734505909874,0.8214736842105264
1.9538082374915868,0,0.5551940263704901,6.561385497393598,8.466459591175832,6.561385497393598,0.242216352214922,0.5613400786497824,0.025799218750000002,0.14450842218688967,-0.2787360658997305,2.5,0.38101708869157036,0.8210526315789474
0.0845801565318478,0,0.5900545202172817,3.8209887404980827,4.812581512990238,3.8209887404980827,0.26593429986969336,0.4446937237243954,0.0038539062499999997,0.1300460966253662,-0.08378466817513056,1.378,0.36063963900097007,0.8206315789473684
0.27456291523567566,0,0.6176050220750543,3.82877315660875,4.86173724752405,3.82877315660875,0.2432427660602495,0.5355713063057115,0.004430468750000002,0.11244365844665527,0.0491290365372306,1.284,0.3353554643956171,0.8202105263157895
0.26359492413909846,0,0.5954765727103212,4.890456717627474,6.14567791299299,4.890456717627474,0.3049171902871107,0.5076935017699472,-0.0025449218749999994,0.12369020657577516,0.04964939902031406,1.72,0.3517053926273025,0.8197894736842105
-0.015895104892917455,0,0.6058399852023837,3.8436398332355908,4.804727172006278,3.8436398332355908,0.2509975991020963,0.5030358491824651,0.010090624999999999,0.11446773319335937,0.028396017755111948,1.301,0.3384812460185202,0.8193684210526315
0.07195083583202733,0,0.6174959124287059,3.7349606492077885,4.693339401783556,3.7349606492077885,0.23999936091052843,0.4791275561799327,-0.009194531249999999,0.11902149731384278,-0.023808422095851163,1.289,0.34511742453656263,0.8189473684210526
0.08238969372497529,0,0.5935998924045881,3.7387719168804345,4.698358070677989,3.7387719168804345,0.26036933385612304,0.5037693880991864,0.021029296875,0.11133724796981812,-0.00773720890530916,1.25,0.33433438246293934,0.8185263157894737
0.33613421766926654,0,0.6042228311576683,3.6531202704163843,4.656061767099312,3.6531202704163843,0.2730671136815547,0.43123894162589677,0.034507421875,0.14130455463241579,0.006818852409337612,1.379,0.37748551865849767,0.8181052631578948
-0.010776706241902634,0,0.554794559702614,3.812960630301381,4.775166580217851,3.812960630301381,0.25854270431645165,0.4859818767550121,0.029088281249999997,0.11701067345642091,0.006512133415861669,1.309,0.3433027840878952,0.8176842105263158
-0.059798363487962636,0,0.6000968795019679,3.486882743496432,4.364879350376397,3.486882743496432,0.22699413360350118,0.45211710754608275,0.017104296875,0.12925008951278688,-0.11350643050057772,1.255,0.35992033352448294,0.8172631578947368
0.09779116656787856,0,0.6058379007497396,3.6634224100838257,4.595438661179272,3.6634224100838257,0.2610325133828731,0.46746402331695297,0.025697265625,0.12429807514877318,-0.038038237329850844,1.295,0.3534945892222044,0.8168421052631579
0.3279398076891473,0,0.5621673616956641,4.9164621908874775,6.222582868539529,4.9164621908874775,0.2911758213094854,0.41964542942009964,-0.004607031249999999,0.1636469197943115,-0.005573044364683464,1.989,0.4045591978082441,0.8164210526315789
0.015334627839099113,0,0.583278006899826,3.402879641520336,4.249298502153895,3.402879641520336,0.25743393822593585,0.45946391397940206,-0.003520312500000002,0.11941981677490235,0.05637876644607964,1.176,0.3455896546122294,0.816
0.2378778305484306,0,0.5242904323068757,3.826484654772112,4.792280655794966,3.826484654772112,0.23145771318093816,0.4455955395599071,-0.0317796875,0.12755076396240234,0.05202542027439907,1.372,0.35855363964126763,0.8155789473684211
2.5609392934519786,0,0.5710741232447172,6.591887640707145,8.679767037929038,6.591887640707145,0.23426777211662178,0.5223286389996287,-0.0322609375,0.1503694365991211,-0.10423821534011915,2.565,0.38911464208829255,0.8151578947368421
0.6326308331062105,0,0.5964778318815428,4.463570638282797,5.711688783857481,4.463570638282797,0.27959070179287177,0.4653640323578002,-0.02090703125,0.12343900229431153,0.07029525303162971,1.571,0.3519603759658181,0.8147368421052632
0.40348187173120476,0,0.5624619374856908,5.228106960301049,6.640977394409822,5.228106960301049,0.25743223880375,0.5139664502893573,-0.01015,0.11633659546875,0.13327363905764875,1.784,0.34123249840651165,0.8143157894736842
0.2056244249803738,0,0.5967608282894933,3.746050560567751,4.739504472093618,3.746050560567751,0.24703835222564682,0.4513177309740273,-0.006164453125000002,0.13099241240829468,0.04846870891562848,1.356,0.3619812327878684,0.8138947368421052
0.01612802402762359,0,0.5750354385963135,3.4522505107551154,4.341876741851469,3.4522505107551154,0.2827657161035401,0.4669171573551871,-0.002598828125000002,0.1224349214830017,-0.07834491481817252,1.208,0.34991666920943476,0.8134736842105263
0.2940663254617726,0,0.5875918905583756,4.234700844588187,5.346780052134525,4.234700844588187,0.29245852461140137,0.4617843960259743,-0.00548359375,0.13637421926208498,-0.0508177479797205,1.564,0.3693295128506521,0.8130526315789474
0.9168587487678517,0,0.538663356798637,5.209523358085761,6.663348402358363,5.209523358085761,0.27379665324760566,0.46836307166796554,0.01705703125,0.15140295690368652,0.03776475568210683,2.029,0.3894790099848129,0.8126315789473684
0.2762526042227811,0,0.5775815412602121,4.220914624068398,5.321595703584582,4.220914624068398,0.3226127864505553,0.4371927076576172,0.003026171875000001,0.15317256533065798,0.10148112289744304,1.652,0.3913843674022699,0.8122105263157895
0.05231347316827861,0,0.5601064759419939,3.770423892608119,4.7439374482495325,3.770423892608119,0.30980510360597363,0.4502835154320865,-0.005078906249999998,0.1571921179925537,-0.022549530803023035,1.495,0.3965071415261647,0.8117894736842105
-0.06332198596757488,0,0.5599628668857506,3.451455902164798,4.322524432407834,3.451455902164798,0.2631240547277687,0.47767139112930407,0.00879140625,0.12425287289489746,0.003389729393491407,1.217,0.35260482373153945,0.8113684210526316
0.1588330940639051,0,0.5421872966939415,3.599124541616914,4.526102883976181,3.599124541616914,0.2786944050007943,0.41520843129819957,0.026360546875,0.1452576578965759,-0.024385901273588452,1.375,0.38203734938893735,0.8109473684210526
-0.00867364765590084,0,0.5642002366847485,3.4024814919309456,4.279972251430865,3.4024814919309456,0.26031365729498573,0.4142137143594168,-0.014978515625,0.14553175071029661,0.11932201691654251,1.299,0.3817801810474517,0.8105263157894737
0.36701455363420354,0,0.5841160144652628,4.456026165803309,5.647313957573227,4.456026165803309,0.299654514349353,0.4721062796982687,0.03300546875,0.12703328825134277,-0.10691871063809749,1.595,0.3579422428531592,0.8101052631578948
0.3938798839395079,0,0.5676504116834351,3.507921396606926,4.4534861634190275,3.507921396606926,0.2822452322300377,0.45218348395586905,-0.059797265625000005,0.13974086944564817,0.10122519126841607,1.328,0.37857176654087005,0.8096842105263158
0.12083044503410445,0,0.5955804985483172,3.9727570597591093,4.987208682652542,3.9727570597591093,0.2692475209952138,0.41847847572484614,0.056703515625,0.14685448358139036,-0.047782074000286744,1.539,0.3873883997561427,0.8092631578947368
0.644303033428796,0,0.5680963055317896,4.920557060083195,6.2648881080664935,4.920557060083195,0.27557805307573513,0.44939241248329037,0.015675390625,0.15503841220687867,-0.09812804366177678,1.939,0.3940610740457943,0.8088421052631579
-0.059886058760900696,0,0.6121914038841534,3.6221228953187543,4.544123922565077,3.6221228953187543,0.26843228299695465,0.4717655166672575,0.028645703125000005,0.12347493111434935,0.08048688024390672,1.277,0.35255567988882974,0.8084210526315789
0.2778951109768846,0,0.6049040639284856,4.484033445688305,5.657567578701729,4.484033445688305,0.28878366500634944,0.4573292692850261,-0.010768359375,0.13742967720199586,-0.04396793480540536,1.663,0.37087145315543635,0.808
0.1817847708623317,0,0.6279412711129992,4.18906115799307,5.260329291829157,4.18906115799307,0.26948257696717914,0.47476033083653263,0.053076953125000007,0.12505918509384156,0.0261747006838353,1.498,0.35759802578716093,0.8075789473684211
0.7990919032243213,0,0.6034524568080752,5.845455823426154,7.480437935688471,5.845455823426154,0.2748887587220131,0.47385840562546844,-0.011658593750000001,0.14202702328552247,0.11047819957459754,2.204,0.37704501865659223,0.8071578947368421
0.2507262455933783,0,0.6044786258445966,4.5502569925687855,5.786276554670228,4.5502569925687855,0.3304497400564193,0.4509811648113926,-0.020487890624999998,0.13027554125961305,-0.03824505536710753,1.645,0.3615180423186027,0.8067368421052632
0.26292936005874346,0,0.6171157340532198,4.173446623316246,5.314443331308652,4.173446623316246,0.2781314188449161,0.4448965844515706,0.018567968750000004,0.14279968678649904,0.13877817128819578,1.579,0.378344361990502,0.8063157894736842
0.7432214034511011,0,0.6319877631466406,4.973781121542839,6.372983701881412,4.973781121542839,0.2525720121277451,0.4642900036320757,-0.00021015625000000185,0.12821958005310058,-0.14124847189656622,1.781,0.3580776790289364,0.8058947368421052
0.33571149408921563,0,0.5677684823546115,4.1711215845489376,5.315357979091778,4.1711215845489376,0.28178396465052946,0.44037683678780876,0.0032605468749999983,0.14238732547470093,-0.0502114693456507,1.574,0.3773565378267945,0.8054736842105263
0.535466447484823,0,0.5520692042426414,4.520767553235232,5.756049447351751,4.520767553235232,0.22647977765548674,0.3635013288337714,-0.013418750000000002,0.18094801605468752,0.04705571123705475,1.924,0.42559144599750826,0.8050526315789474
0.038111427439086576,0,0.5941050640556743,4.277863872331346,5.313489368621411,4.277863872331346,0.25296870992389203,0.4712893620353145,-0.03702304687499999,0.12471377251571654,0.06123784177627101,1.519,0.3550837626752665,0.8046315789473685
-0.0077169701272850055,0,0.6253573370126464,3.4234006469227145,4.307366792369273,3.4234006469227145,0.27402407041975674,0.4635300540447252,-0.004374609375,0.12928149521469115,-0.06091517397661171,1.231,0.35958397130833714,0.8042105263157895
0.21118229981288916,0,0.6126398676242502,3.613229639435027,4.559375475435097,3.613229639435027,0.2629497036530232,0.48984731974485723,0.023645703125,0.12415344830184935,0.03196836006510441,1.276,0.3531466658176529,0.8037894736842105
0.14823893989995485,0,0.5923037493303047,3.8185859619770635,4.811376938652839,3.8185859619770635,0.2821657056926229,0.4559979363013318,-0.0030765624999999986,0.12627634413818362,0.07531596519881914,1.357,0.3553671472927682,0.8033684210526316
0.20138650099072164,0,0.5936192453918071,3.7778765561599723,4.805513657532286,3.7778765561599723,0.29038152193899086,0.4881530473515484,-0.009161718749999999,0.1302727199407959,-0.06863446491032962,1.364,0.36104938309218865,0.8029473684210526
0.13404967570923843,0,0.6132386607792122,4.101915919763621,5.133963540919065,4.101915919763621,0.25370648687670067,0.5079043688109288,0.004130859375000002,0.12788769967269897,0.08558501790344004,1.467,0.35763775481885995,0.8025263157894736
0.1559164757537279,0,0.5976180019529735,4.024327857877333,5.095398660393744,4.024327857877333,0.29659456845264703,0.48647667141172757,-0.016729296875,0.11225337164169313,0.10892881477563514,1.35,0.3354597457454844,0.8021052631578948
0.4128160007063184,0,0.5850803779705622,4.339564406194414,5.538562868249798,4.339564406194414,0.261429348018525,0.49981020595487086,-0.072291015625,0.116011419606781,0.08012436348592143,1.511,0.34819162905916473,0.8016842105263158
0.11985203136060196,0,0.5830921960058583,3.5600011463687258,4.508579780728152,3.5600011463687258,0.2621593202423334,0.46154834713413556,-9.296874999999913e-05,0.12726445932556152,0.005448158859246082,1.27,0.3567414581580756,0.8012631578947368
-0.04553869043624781,0,0.6130014721487244,3.542715408149631,4.443563703374765,3.542715408149631,0.25815720981852325,0.5057005017591694,-0.015423828125,0.11449553091659545,0.040427688719693954,1.2,0.3387232283009611,0.8008421052631579
0.05604057307586352,0,0.5655380196700195,3.499866282804909,4.396567383538192,3.499866282804909,0.22984492266489442,0.4542887482812894,0.01164921875,0.12701719492126468,-0.028745827491399725,1.248,0.35658505187227074,0.8004210526315789
0.050406331304437835,0,0.5553940370245137,3.7020383654360813,4.683946694482512,3.7020383654360813,0.28220329656878274,0.48797444851777366,-0.0020316406249999983,0.12160625485824586,-0.0516025080801718,1.291,0.3487268019838381,0.8
0.14341161039363337,0,0.5021736556965064,3.958195739421402,4.967704084021717,3.958195739421402,0.264423457387332,0.4586813667296093,-0.01438203125,0.12650798920837403,0.050736711983017664,1.409,0.3559702684652891,0.7995789473684211
0.05379057937414178,0,0.5900812499518876,3.586324420217948,4.46305233543338,3.586324420217948,0.2787606686520332,0.496920197102976,-0.043573828125000005,0.10599386564315796,0.09854525180381714,1.178,0.3284700049329086,0.7991578947368421
-0.023580434197313593,0,0.579852255143646,3.9284281472661817,4.908135108239309,3.9284281472661817,0.24636981181903697,0.4828799460404583,-0.007771093749999999,0.1253162515081787,0.042245589359358675,1.391,0.3540856413443646,0.7987368421052632
0.013837945841717492,0,0.5864000835036872,4.146276977712717,5.190224223026268,4.146276977712717,0.2818407942241387,0.5108665598363198,-0.028919921874999997,0.10977810022811889,-0.0277639780186908,1.379,0.33258752548671305,0.7983157894736842
0.1107303066657499,0,0.5946514378300692,4.214249531403416,5.316863668957322,4.214249531403416,0.2999913218126443,0.5195037697143385,0.008690234374999998,0.10560638646713257,0.09871622117190654,1.37,0.3250875368891047,0.7978947368421052
-0.05440957734701568,0,0.6057462405616126,4.390288426599835,5.457803854364843,4.390288426599835,0.2771452273673065,0.5177877523932576,0.009325781250000002,0.11171926027282715,0.016965368456786194,1.468,0.3343743866816805,0.7974736842105263
0.07531690136300373,0,0.5957504528382024,4.18744806311099,5.251070846823658,4.18744806311099,0.23327839083665214,0.5063185999437635,-0.013371875000000002,0.11611525702148436,-0.05669492990088263,1.428,0.34101915497886626,0.7970526315789473
-0.025452451776804885,0,0.6397968679329935,3.3933765247373153,4.265818450901781,3.3933765247373153,0.2902137851010596,0.46663695190655324,-0.036632031249999995,0.12517554663024902,-0.049952646996298214,1.207,0.3556929186021982,0.7966315789473685
0.10249139812403607,0,0.6150691151600302,3.970859604925489,4.996133593548624,3.970859604925489,0.22991717351539298,0.44544451363184856,-0.012291015625,0.129719338356781,0.03890104261337582,1.431,0.36037537016543597,0.7962105263157895
0.1661920387336706,0,0.5948838151782732,3.7150457619769703,4.7046478025122305,3.7150457619769703,0.2490623697488806,0.4652907750275631,0.014058984375,0.1322441367552185,-0.026677058513448586,1.352,0.36392553056480526,0.7957894736842105
-0.026699199052821587,0,0.6280916566649231,3.694350703024723,4.614299217568225,3.694350703024723,0.2452258525781868,0.5390910872301931,0.030090234374999997,0.10250317349838256,-0.01673372474886879,1.188,0.3215720692210768,0.7953684210526316
0.03171590968116034,0,0.6182961259246594,3.5937924575442586,4.523790175425118,3.5937924575442586,0.2653227350641222,0.5157763882430167,0.004130078124999998,0.1107361655015564,0.01952527274693596,1.196,0.33279606825633473,0.7949473684210526
0.0013417466984888549,0,0.6490605007298419,3.8392713144097357,4.809647257580612,3.8392713144097357,0.2631458077840524,0.5120079319357008,-0.010932031250000002,0.11277733756774902,-0.027582755883024588,1.29,0.3360012602282914,0.7945263157894736
0.10265958530638786,0,0.5921066343810414,3.7061648529374294,4.6656848982120245,3.7061648529374294,0.2439691481682337,0.5310221222722359,-0.017672265625,0.11729698282455445,-0.031093272472581,1.271,0.3429421114370106,0.7941052631578948
0.027662768093532186,0,0.6370304579392403,3.989966243901657,4.979988087642132,3.989966243901657,0.22990064875698216,0.47996880497416755,-0.012198046874999998,0.11861032288681028,0.09964648250294443,1.375,0.34461444432056965,0.7936842105263158
0.15674600644576397,0,0.6222036597457218,3.554638095231713,4.498215156141001,3.554638095231713,0.2722872202110611,0.48753641604105813,-0.022128906249999997,0.11423640135192872,0.011218825851062018,1.204,0.33871239989665275,0.7932631578947369
0.2842687953212306,0,0.6232811370445961,4.069321512877296,5.184618044407122,4.069321512877296,0.2805871612284345,0.5318939968522695,0.018371875,0.10361227499023437,0.06737466135074067,1.312,0.32241246995308664,0.7928421052631579
0.08928116400767916,0,0.6418962497179322,3.682937560896418,4.642484243098034,3.682937560896418,0.27425514663866896,0.4904617826354,-0.013557421874999998,0.12193101857772826,0.030301721168257446,1.287,0.34944931287044334,0.7924210526315789
0.19757435325724204,0,0.5814419077422336,4.953048412687773,6.227556654889387,4.953048412687773,0.32237044086080013,0.4603821530648103,-0.04404140625,0.12808263031677244,0.0047035852442017636,1.786,0.3605860171737806,0.792
0.5952318768090978,0,0.5071213342181486,4.561542211309951,5.87084973030316,4.561542211309951,0.2739702390541925,0.40408177702270726,0.014668359374999999,0.14933048259262086,0.021097542130866787,1.764,0.38671131785787577,0.791578947368421
0.04466622283835875,0,0.630641811317665,3.6336970196492393,4.544354670085239,3.6336970196492393,0.2427620673638725,0.4847298115083421,-0.006150390624999999,0.11472960902328491,0.0002939615851818472,1.231,0.33877342919438796,0.7911578947368421
0.1982160887110811,0,0.6270997519138867,4.024942507971345,5.113439075952806,4.024942507971345,0.24426219792739265,0.5288355454854029,-0.00924296875,0.11291399174743652,-0.027635366190302074,1.353,0.33615386985538337,0.7907368421052632
-0.0031234293779278666,0,0.6247724244212266,3.3478468279312423,4.1891973646350555,3.3478468279312423,0.23673299468016906,0.5334055137737098,0.005906640624999999,0.10969676745590211,0.04602150559839346,1.109,0.33125768800040706,0.7903157894736842
0.041998127465291635,0,0.5800468363445299,4.223844521548859,5.28987088819286,4.223844521548859,0.2925198156432661,0.4793464348185846,0.026272656250000005,0.11846116159606934,0.0427716848652764,1.458,0.34518316016645423,0.7898947368421053
-0.09971824691738185,0,0.6407877899487177,3.399470609343302,4.26373606640539,3.399470609343302,0.23890809640214852,0.5037067500196027,0.010772265625000003,0.10707728446517946,-0.007019178682460403,1.113,0.3274039189928474,0.7894736842105263
-0.1131168855770075,0,0.6415520933169022,3.5385789542173467,4.4341844090479645,3.5385789542173467,0.2821494955097691,0.4753034091825413,-0.007409375000000001,0.11475533084960939,-0.03336554065282351,1.199,0.33883658256968063,0.7890526315789473
0.31829482269966736,0,0.5927170502673436,4.1459162525904,5.226979595227373,4.1459162525904,0.2451984741701883,0.5207702949133094,0.029588671874999993,0.11331638979354856,-0.17215603248671454,1.401,0.33792288957227357,0.7886315789473685
0.0743924640074547,0,0.6204983948487282,4.035695400540926,5.064681002876186,4.035695400540926,0.30356974123792757,0.48194038310930976,0.018593359375,0.11023217019027709,-0.08323988174123317,1.342,0.33253252954128415,0.7882105263157895
0.1385407415410369,0,0.5285407697936554,4.509834169312987,5.695436488103568,4.509834169312987,0.29094711506604587,0.46448860423523464,-0.0174609375,0.11904273519287109,-0.14232745831792562,1.558,0.34546724813106383,0.7877894736842105
0.3763954064620787,0,0.5662755583407986,4.692612956495804,5.9326282895887505,4.692612956495804,0.24240853697035328,0.5011868374084809,-0.006172656250000001,0.11476794909606933,-0.025321859500985384,1.59,0.33883041596239555,0.7873684210526316
0.017124521446255425,0,0.6027888166685613,3.610570295654457,4.517496842321185,3.610570295654457,0.2713451152088913,0.4777984476700091,-0.006437890625,0.12097033911117554,-0.11788845063451177,1.256,0.3478674827385782,0.7869473684210526
0.4577044347695254,0,0.6109878247597226,4.397499416602009,5.5675480820204,4.397499416602009,0.29040134748228624,0.4294028843336916,-0.0061390624999999996,0.13921563925537112,0.050435854237465126,1.641,0.3731666214223212,0.7865263157894736
0.5966407681008485,0,0.5720508262841919,4.671849382671705,5.971503178192609,4.671849382671705,0.24834145775342956,0.42419037554829264,0.021493359375,0.14798364058090213,0.04912947983281553,1.8,0.3852863935803145,0.7861052631578948
0.2667357360397564,0,0.4990759363412298,4.140917634393268,5.2184982770351835,4.140917634393268,0.29419459186581287,0.4785825982507758,0.0433484375,0.1268997309350586,-0.00597103016626736,1.486,0.35885765697383415,0.7856842105263158
0.023380343640968526,0,0.512612516299223,3.463902010737029,4.35083175823143,3.463902010737029,0.2587079081768823,0.39888543659099535,0.004268750000000002,0.1412650590234375,-0.03198211431276712,1.302,0.3758766835678957,0.7852631578947369
0.255996336736509,0,0.5599649846342528,4.331001183907552,5.438383521948545,4.331001183907552,0.2803285313373477,0.49024420658569745,-0.038284374999999995,0.12154388866210937,0.05152996329776461,1.519,0.3507272188343101,0.7848421052631579
0.9644681763052763,0,0.5470799462490549,6.122013832346566,7.800119772755474,6.122013832346566,0.2683285152475342,0.5193496175120117,-0.007511718750000002,0.1361017889251709,-0.04117124030899531,2.259,0.368996226056243,0.7844210526315789
0.2601755551591993,0,0.5687567573551521,4.3935852867641,5.567733256885792,4.3935852867641,0.2550534894018469,0.43544838396191454,-0.001196093749999999,0.12899445998474118,0.07265699238909112,1.578,0.35915997915274467,0.784
0.4544268162637155,0,0.571016772170513,4.357728907612182,5.566003308170174,4.357728907612182,0.26881410746835843,0.46507592704190653,0.0002675781249999974,0.127332751448822,0.04104859973263742,1.555,0.3568372500831086,0.783578947368421
0.1982168177852901,0,0.5677255981964681,3.823949650563272,4.837452522685022,3.823949650563272,0.29166933702147724,0.47600470776769177,0.0005730468749999974,0.11521892435165407,0.06703051213116333,1.298,0.3394396157409665,0.783157894736842
1.0461462377556359,0,0.5243582935541734,5.260574221336778,6.772076421613314,5.260574221336778,0.26751650358692464,0.49835126045892686,-0.005734374999999996,0.13331570600585935,0.08554018919835829,1.921,0.36516926084009316,0.7827368421052632
-0.06691001973254496,0,0.5937442836458978,3.70398461879855,4.652653956479323,3.70398461879855,0.25958885258187353,0.4336133961328745,-0.006018359374999999,0.13736883911605835,-0.06583872552290088,1.373,0.3706818848630521,0.7823157894736842
0.350290840656299,0,0.5676487184809883,4.002750113110941,5.092782475293445,4.002750113110941,0.2901350532870125,0.49602883153698785,0.004622265624999998,0.12126405301986694,-0.06400927722757374,1.394,0.34826056101628133,0.7818947368421053
0.1543249859878788,0,0.5969415461048673,3.778113131590936,4.77795665987548,3.778113131590936,0.2507078748419397,0.4708560467216733,-0.01893515625,0.11986587548278808,-0.030802598240832875,1.31,0.3467339262676786,0.7814736842105263
0.07955217218332544,0,0.5651665549717466,3.7289080904859233,4.694530994909905,3.7289080904859233,0.31205894677696167,0.4320207510420921,0.014803906249999998,0.15077961545349122,0.021266874646462448,1.449,0.3885856033022196,0.7810526315789473
6.468690315464793,0,0.593343340417637,9.244861399228197,12.248240470095556,9.244861399228197,0.2613233971877541,0.4940037384749211,0.004786328124999999,0.18280934770370483,0.2994709044539722,3.953,0.4275888874147982,0.7806315789473685
0.3424168849321534,0,0.6155483102402586,5.40999630680957,6.8610115185946166,5.40999630680957,0.29525790859481993,0.530751845096821,-0.014951562499999998,0.1302297843725586,-0.029416435570307903,1.954,0.36118324102005345,0.7802105263157895
0.5626399625796634,0,0.6367824133584844,4.533124534524721,5.812734919725571,4.533124534524721,0.3004229218084216,0.40284654840991463,-0.013168749999999998,0.18487012152343751,-0.026392573571569884,1.95,0.4301668716905103,0.7797894736842105
0.15584608813196743,0,0.6396148480621109,4.3471775604881335,5.488173780828181,4.3471775604881335,0.30368524482974407,0.428859563520826,0.03062734375,0.13673661425231934,-0.048913562425786636,1.613,0.37104534552733576,0.7793684210526316
0.17063267486699552,0,0.6187688127611118,3.756076020131228,4.7145735392881125,3.756076020131228,0.2681609677087743,0.4763186154253086,-0.009790625,0.1396263608496094,-0.01589678558536287,1.404,0.3737943514654817,0.7789473684210526
0.2608537390603507,0,0.6106523965752906,3.777150523298388,4.8220892238151105,3.777150523298388,0.28345354193235256,0.4520896112277479,0.012211328124999999,0.14138448932479858,0.042597231303867555,1.421,0.3762095238818058,0.7785263157894737
0.34095145644733105,0,0.6274409977498543,4.3882726495066535,5.537452923737739,4.3882726495066535,0.2679105681378572,0.4660929961300113,-0.02804609375,0.14647754396911622,-0.08737592698245611,1.684,0.38375008448696135,0.7781052631578947
1.4245021530975075,0,0.6147166039401213,5.697351750289597,7.384011054916844,5.697351750289597,0.2946359742917924,0.47883048554683894,0.004681640624999999,0.13020481778793336,-0.02825627786248038,2.056,0.36086941619770857,0.7776842105263158
0.26649320999507164,0,0.5816307482751187,3.927347400839301,5.007360629856683,3.927347400839301,0.3062770768979783,0.4412388963707826,0.007398828125000001,0.13270934913925173,-0.12331286666600663,1.431,0.36436807186809744,0.7772631578947369
0.09299840377865509,0,0.6308991055580918,3.6296079661285856,4.547615634067247,3.6296079661285856,0.282566820847259,0.43596124695274735,0.006658984374999999,0.1284355473802185,-0.05513863216124259,1.301,0.3584409148703939,0.7768421052631579
0.05091763506604963,0,0.6370359826297562,3.564716436849407,4.47724039829303,3.564716436849407,0.2592427882641048,0.4778776381353481,-0.046164843750000004,0.12260758454528808,-0.046506544335448124,1.259,0.3531837727639111,0.7764210526315789
0.5747317234199527,0,0.6309936126474911,5.054026841518415,6.412723658051689,5.054026841518415,0.28611998995660026,0.45463548585558866,0.011334374999999997,0.1305493897558594,0.11985187669860183,1.827,0.3614939250008221,0.776
0.1487265160760738,0,0.6360357083838055,3.7630739412843637,4.744921547763465,3.7630739412843637,0.3312879870750765,0.458509650471538,0.0010839843750000036,0.12736864099349976,0.05200979727437707,1.343,0.35688908082991977,0.775578947368421
-0.10283461481927603,0,0.5982493778223331,3.7807813271958874,4.726891152994366,3.7807813271958874,0.28475742873049004,0.47314014134990334,-0.0007710937500000004,0.13111180853942872,-0.0002541471247226324,1.369,0.36209446712840004,0.7751578947368422
0.0782846949430942,0,0.6082475919460804,3.4706370602094663,4.385945828347655,3.4706370602094663,0.29447638105616325,0.47027094993785035,0.006596093750000001,0.13175870092224123,0.023570487349757085,1.26,0.3630457400590179,0.7747368421052632
-0.08838028771623341,0,0.6317338492641356,3.8101806561044618,4.733565835362243,3.8101806561044618,0.31782237408858066,0.45252074233646844,-0.02002578125,0.13557473371032716,-0.03241208022780722,1.405,0.3687489194899424,0.7743157894736842
0.10239615702450511,0,0.6126957812740653,3.872002512503227,4.841943672376622,3.872002512503227,0.250346107511132,0.46346759054568454,0.0257984375,0.1384139421850586,0.005484110157660898,1.444,0.372933642304499,0.7738947368421053
0.4604027607539476,0,0.5842399314837868,4.136609214306183,5.298143372296837,4.136609214306183,0.2823750700406103,0.46153880023336397,0.02399375,0.1279509866796875,0.0779867619953757,1.483,0.35850618783885724,0.7734736842105263
0.06554502178088573,0,0.5239353505297132,3.6161730642970995,4.565407036755373,3.6161730642970995,0.20758876260087306,0.46640281115321924,-0.034700390625,0.1359038653123474,0.0007649476033928936,1.339,0.3702809506602723,0.7730526315789473
-0.05041877432048114,0,0.6103485989621998,4.066205012743295,5.105763275347141,4.066205012743295,0.2588011717392384,0.5229836148378609,0.005901171875000002,0.11431272343612671,0.002953440367737632,1.375,0.33815314173555305,0.7726315789473684
-0.146066278711674,0,0.6068500972815475,3.13335560900938,3.8963547330023283,3.13335560900938,0.24534170979996495,0.5082604759201318,-0.010710546875000001,0.10710517207626342,0.03599143104331869,1.026,0.32744448062324244,0.7722105263157895
0.1329203463763089,0,0.595966816460677,4.52108668013886,5.686262776509744,4.52108668013886,0.28033555961594325,0.4582417436325647,0.01396484375,0.11871174798278808,0.0566739163593352,1.559,0.34482860212538924,0.7717894736842106
6.840069065225542,0,0.5455533668687027,9.429977261367922,12.452100973209209,9.429977261367922,0.2434763773817466,0.4915867965007605,-0.005498046875,0.1583627179649353,0.04169394846028738,3.753,0.3979861134315807,0.7713684210526316
0.3171365544208178,0,0.6098236481574016,4.214688348658105,5.3419015824696325,4.214688348658105,0.29147332860960357,0.49356887144685074,0.024628515625000003,0.12303528035873412,0.035563755473115896,1.482,0.35162742233879457,0.7709473684210526
-0.027030795756080916,0,0.5815728410224066,3.986413491271558,4.983114268517228,3.986413491271558,0.25498008115987664,0.5145157389494147,0.0117078125,0.10834669587646484,-0.07622834585685057,1.313,0.3293687428248163,0.7705263157894737
-0.03317683913042524,0,0.5813691720630064,3.4571467558124676,4.338733101091779,3.4571467558124676,0.20946127653264004,0.5293336736013174,-0.007220312500000001,0.10452770771240234,-0.07608216377142094,1.118,0.3233880650627045,0.7701052631578947
0.452446900159166,0,0.6325707554588083,4.624834988224015,5.882132788509618,4.624834988224015,0.2641857673495816,0.559629843933443,-0.028592187499999998,0.10409593056396485,-0.010107428079933688,1.498,0.3239034481909694,0.7696842105263157
-0.1753690567191426,0,0.6503675491212292,3.4255695541693947,4.263228368411861,3.4255695541693947,0.2688025067751328,0.5649231064652335,0.0021101562500000005,0.10068720895935057,0.04638280664689988,1.087,0.317319494703288,0.7692631578947369
-0.024456419332193224,0,0.625691849785233,3.678759380191793,4.630485890416204,3.678759380191793,0.28081467879451505,0.5361202381320146,0.019701953124999998,0.10267346858993531,0.05255903601290354,1.181,0.32103214098727717,0.7688421052631579
0.5188367777288518,0,0.6581923166163812,4.550595396103066,5.830944050791726,4.550595396103066,0.2513927857294055,0.5252109224964595,0.005141015625,0.1271775187864685,0.027086085157548494,1.623,0.3566566259417102,0.7684210526315789
0.036987485374813556,0,0.6690207517207113,3.868725201659248,4.854951496196944,3.868725201659248,0.2743125008185481,0.5147953318314997,0.030616406250000006,0.11389640441833497,-0.0044247239525212825,1.311,0.3388713159150535,0.768
0.21889390679405185,0,0.6727697328134933,4.063553627968516,5.143379669827239,4.063553627968516,0.2767411451985484,0.5274304218148798,-0.005605468749999999,0.11748274981384277,-0.038092868801510096,1.393,0.3428034000615367,0.767578947368421
-0.01679247135424422,0,0.6253884194153367,3.4582872788361527,4.332231521204023,3.4582872788361527,0.24052449804792747,0.5136575092392366,-0.07629921875,0.10572130421813966,0.04724407724516611,1.155,0.33398035121845115,0.7671578947368421
0.0684395896070229,0,0.6757866415979998,3.7369632403205326,4.687467180515158,3.7369632403205326,0.33762727949607846,0.5392764010411121,-0.024831640625,0.10301532360824583,-0.1365924931086186,1.203,0.321919141997451,0.7667368421052632
4.517357404298221,0,0.6865159985082534,8.909930446623287,11.644218889532029,8.909930446623287,0.2862951768075606,0.581788670074371,0.05475742187499999,0.12712134389022828,-0.06522937504984462,3.214,0.3607211099182095,0.7663157894736842
0.36737961236737027,0,0.6744334727458776,4.5609833802203426,5.811707099933229,4.5609833802203426,0.2370174543698668,0.5515610043516159,-0.012832421875,0.10498777230819703,0.09830822709446246,1.479,0.3242721748151928,0.7658947368421053
0.07024814696471626,0,0.670236117825803,3.8786611309557033,4.870235103459613,3.8786611309557033,0.3067806850042841,0.48702745244431983,-0.021034765625,0.12559632261947634,-0.008344303555254893,1.377,0.35501941353167576,0.7654736842105263
0.23792395866726723,0,0.6786738961522943,4.621714398971504,5.837033481339254,4.621714398971504,0.28811296896822763,0.4382715405144659,-0.016623046875000002,0.14589658329696656,0.006980391262485922,1.767,0.38232565828672155,0.7650526315789473
0.025371163890732795,0,0.6805835242938963,3.8625657265396756,4.836500707717288,3.8625657265396756,0.28506066416690956,0.5316234375133739,0.00856640625,0.10499133309020996,0.06174422564703791,1.252,0.32413687912092015,0.7646315789473684
0.01365682682430469,0,0.6399335204253583,3.5313689855618056,4.472843104032531,3.5313689855618056,0.2790037822806271,0.4870061249655597,-0.05396015625,0.13032370388122558,-0.023905077127311807,1.289,0.3650142495078103,0.7642105263157895
0.049334675231227365,0,0.6653407477329757,3.922231069621364,4.923590983877204,3.922231069621364,0.3139808351355021,0.49900302384494216,0.0199078125,0.12036430634521485,0.12749032477773892,1.363,0.3475062982792542,0.7637894736842106
0.5311290102392925,0,0.6469699090001603,4.614216527699592,5.902538324124465,4.614216527699592,0.22410299192652683,0.48880598248024826,0.011249218750000001,0.13007991601501465,0.044786221409570656,1.665,0.36084132376641675,0.7633684210526316
0.30601731812290156,0,0.6238307918568243,3.7882351590429524,4.813674627181726,3.7882351590429524,0.2660835683612935,0.43341586015091255,-0.028473828125,0.13635366415878297,-0.03258696408923892,1.403,0.37035715606273223,0.7629473684210526
0.0695383331493935,0,0.5981186711656079,3.4611578652237083,4.360639102026446,3.4611578652237083,0.2397603708453828,0.42818277861239484,0.012096874999999998,0.1444205968652344,0.02877319898919222,1.316,0.38021958293859615,0.7625263157894737
0.3332916551334488,0,0.6296649671338663,3.8561198019686715,4.912494852834372,3.8561198019686715,0.2587663393662366,0.47512089111053635,-0.043051171875,0.13759833995956422,-0.03580896223766384,1.44,0.37343238124106887,0.7621052631578947
0.3143120168715696,0,0.6213372553881179,3.851436415619315,4.888769993987567,3.851436415619315,0.2673307970495695,0.43363440558222394,0.011581250000000001,0.1400455519921875,0.01050327811915075,1.442,0.37440576563903233,0.7616842105263157
-0.05061174045928363,0,0.5888285983981973,3.5602838805200827,4.465807743396128,3.5602838805200827,0.31840060464278735,0.4182632939493133,-0.033349609375,0.13906941332015993,0.01005191836854789,1.333,0.374408346282004,0.7612631578947369
0.32794302743870807,0,0.5881142174770264,4.374207892269209,5.505756670059971,4.374207892269209,0.2619714475524316,0.41471295882576814,-0.038780078125,0.1407843590562439,-0.05894647924102462,1.65,0.3772111524274236,0.7608421052631579
0.4833943628390851,0,0.6262727366597277,4.581775031591667,5.813312036651514,4.581775031591667,0.24126833912033868,0.45929110322859834,-0.017896484375,0.1213224092063904,-0.17560502449259877,1.598,0.3487731259133579,0.760421052631579
0.30388336595279153,0,0.6116990313530988,4.081654215341318,5.208166824093584,4.081654215341318,0.2945978685860433,0.43352500396313504,-0.004479687500000001,0.13720427614990233,-0.11096456531441522,1.512,0.37043804306523376,0.76
0.07830415427487569,0,0.6309166336864537,4.4630233785530935,5.60787017726059,4.4630233785530935,0.28622173615659596,0.4767036721312353,0.03109921875,0.11871688624938966,-0.05545093292307874,1.544,0.3459538230114678,0.759578947368421
0.22385029453310823,0,0.6416469640286164,4.24819880840958,5.3467972498001615,4.24819880840958,0.286483357601626,0.42172522229653747,0.023491796875000002,0.13882692883895875,-0.06635087780556308,1.586,0.3733346934847805,0.7591578947368421
0.2719428429974253,0,0.6476945198800778,4.4529090159348925,5.6247123005767525,4.4529090159348925,0.27021956800927094,0.42777647181416967,-0.008047265625000003,0.1463724825315857,0.02991561405825677,1.704,0.38267119177647146,0.7587368421052632
0.5846702603795038,0,0.5896170157099229,4.562306237876799,5.810783829509988,4.562306237876799,0.23892480266092453,0.43005723464319434,-0.004094921875,0.18154468669296264,-0.08673149987992752,1.944,0.4261002875827767,0.7583157894736842
1.0500695480111597,0,0.6273030357061373,6.285203854388607,8.014067767158991,6.285203854388607,0.2690967003924075,0.4539715903405828,-0.011208203125,0.12825457266708373,-0.026145395988229535,2.252,0.3583018231664123,0.7578947368421053
2.4645469540247564,0,0.6286237488126095,7.463023655261929,9.637872579403872,7.463023655261929,0.2889349920264347,0.46953647696092665,0.004817578125000002,0.1323225507066345,0.0847450354363046,2.715,0.3637935675154592,0.7574736842105263
0.1305510978110509,0,0.6395510165842603,4.549566241490665,5.687747612750375,4.549566241490665,0.28163821460654004,0.45711666915501586,-0.011675390625,0.12791051064437867,0.13924253679408968,1.628,0.3578363108889664,0.7570526315789474
0.06279111899895762,0,0.6690401090275486,3.7109352754143083,4.662540516007198,3.7109352754143083,0.3007520805158448,0.49705361412408644,-0.011716796874999996,0.11296266628036497,0.05930542733843092,1.248,0.3363033594976045,0.7566315789473684
0.2437346025633964,0,0.6709048635549723,4.413882677357238,5.587127231736102,4.413882677357238,0.28532846026549497,0.4725714632293793,0.006511328125000003,0.12247997487167357,0.09168851689562012,1.545,0.3500319589203606,0.7562105263157894
0.09719450432570031,0,0.6040238425233833,3.66804422648875,4.61778503648019,3.66804422648875,0.2578544224638573,0.42400856428304073,0.009975,0.1424712446875,0.07508696725310206,1.385,0.37758541459185097,0.7557894736842106
0.5826640834730701,0,0.6297250138469574,5.020394047519636,6.32843853666458,5.020394047519636,0.2796374579015635,0.49432984960545906,-0.02866171875,0.11451670197204589,0.09776301121431431,1.705,0.33961477602387974,0.7553684210526316
0.07883650910715767,0,0.6480447875650366,3.578996216395713,4.491049935471666,3.578996216395713,0.24160819007328097,0.5207331880775125,0.008042187499999999,0.10318131540771484,-0.027210685089687364,1.15,0.32131914382355126,0.7549473684210526
0.3281047285309624,0,0.675813142762955,4.1342446429615185,5.256333448653149,4.1342446429615185,0.23088982163894922,0.44119239584135367,-0.011461718750000002,0.12458210009704591,-0.05860176036648224,1.46,0.3531479450510083,0.7545263157894737
0.00832977667119561,0,0.6376686218458382,3.8220907259637493,4.793717038475248,3.8220907259637493,0.26706275473684005,0.47357857515389323,-0.012818359375,0.12074172442855832,-0.0580309972153267,1.329,0.3477154508583491,0.7541052631578947
0.05452450697124078,0,0.6413667335666934,3.876363177226879,4.867057088077944,3.876363177226879,0.2094585636938098,0.4575381667329722,-0.012305859374999999,0.13385198262191772,0.05233491991518427,1.419,0.36606477131359555,0.7536842105263157
0.48140699459372716,0,0.6257302824810621,4.269174767172535,5.428617264865023,4.269174767172535,0.22616739218714352,0.44811713829889444,0.019794531250000004,0.11560362418884278,-0.07066947724928557,1.454,0.34058104418221813,0.7532631578947369
0.11769773615783974,0,0.6322521934047944,4.317502047693635,5.4285297407713635,4.317502047693635,0.2238969722505471,0.476042088218335,0.006986328124999999,0.12487463926620483,-0.09366983791729512,1.526,0.3534451132027079,0.7528421052631579
-0.03339802450462637,0,0.6435777037743167,3.5440810720279288,4.44665573451958,3.5440810720279288,0.2560491910709147,0.48569539777931064,-0.004932031249999999,0.11083104069274903,0.09157793478262317,1.18,0.3329494941053372,0.752421052631579
-0.13837221719933668,0,0.6173676418379833,3.4630223896284997,4.309032787349005,3.4630223896284997,0.2602284449263722,0.49151402621866846,-0.0125796875,0.11792364911865234,0.050125532679137365,1.19,0.34363046671715536,0.752
0.11377704208104555,0,0.6705078919860961,3.9455796616547705,4.956157006495841,3.9455796616547705,0.2501027116731471,0.5191576223732376,-0.010787109375000003,0.11712721678695678,-0.02765939821774938,1.351,0.34240849655875216,0.751578947368421
0.8432943303374203,0,0.6797223031449178,6.267826235675426,7.9646012819629215,6.267826235675426,0.2754859502518831,0.4818928454382732,0.03581093750000001,0.1283845048803711,-0.10033035330449219,2.257,0.3600929437311984,0.7511578947368421
0.20797944235687726,0,0.6196545606895175,3.8511284575335614,4.860056208430095,3.8511284575335614,0.2544284810102311,0.468856977205509,0.007440234375,0.11371845033432007,0.06869406760800457,1.299,0.33730373170463884,0.7507368421052631
0.10558484442386318,0,0.645870308766387,3.67549907845433,4.635916844364646,3.67549907845433,0.25592101673526013,0.4420122875896554,0.023475390625,0.12263077361312866,-0.10987403975273646,1.29,0.3509727447795982,0.7503157894736842
0.004795989528428635,0,0.641531505659594,3.983882235150304,4.984108252021743,3.983882235150304,0.2760585054853477,0.4665406983180116,-0.0330265625,0.11647705241943358,-0.0031006206418579788,1.366,0.34288162133599404,0.7498947368421053
0.18753981821659904,0,0.66792748536298,3.6413183282016823,4.635116080067847,3.6413183282016823,0.3036459819412644,0.37752643483175846,-0.021547265625,0.1524692352659607,-0.001224253095926369,1.424,0.3910671552583712,0.7494736842105263
0.4039807020050534,0,0.6343512918553637,4.198454041571401,5.354249286331108,4.198454041571401,0.2614709619715659,0.43706356047677214,-0.001239062500000001,0.13124251394287106,0.0822453689053182,1.521,0.36227620570325897,0.7490526315789474
0.5741888862190674,0,0.6507009700034774,4.252668475778096,5.449327673922912,4.252668475778096,0.297898247989718,0.453532100067753,0.014679296874999997,0.12502650379013064,0.09702961400280012,1.505,0.35389544437146264,0.7486315789473684
0.18631453647117713,0,0.6487655020727215,4.782094743907214,6.008731226345229,4.782094743907214,0.22962981182524217,0.4585102800911315,0.009523046875,0.13814722212509153,0.014694160579196057,1.778,0.3718035913582264,0.7482105263157894
0.696140819077256,0,0.6187161602875468,5.466147212446986,6.984493204223542,5.466147212446986,0.30008872482117516,0.5034049040968331,-0.035111328125,0.1277340028404236,0.005524081254164626,1.963,0.3591194901465597,0.7477894736842106
0.19695417718094355,0,0.6610342406989066,4.126862757666412,5.22054201553342,4.126862757666412,0.306094993022961,0.4447419205790965,0.004579296875,0.13941191871200562,-0.07374731314069599,1.541,0.3734071352717768,0.7473684210526316
0.002963056800773245,0,0.6408393924300709,3.7585218402844327,4.716645037223947,3.7585218402844327,0.2873910023922108,0.4391933368698313,0.00826328125,0.12439833693298338,0.03007594397915285,1.326,0.3527982691992692,0.7469473684210526
4.975190622840685,0,0.6742632806483246,8.427992230701141,11.133881589626917,8.427992230701141,0.22488045039315904,0.4448140143051783,0.009319531250000002,0.1707016744622803,0.1763870692424967,3.483,0.41326568708882666,0.7465263157894737
1.0240056640624218,0,0.6108580403226259,5.8083472940762775,7.474755789382086,5.8083472940762775,0.30382433443124685,0.37046602580727617,-0.022840234374999997,0.1822244951780701,-0.11143641035190162,2.483,0.4274882120999069,0.7461052631578947
0.40688790805886654,0,0.6684683539687999,4.237433507541226,5.359660227264215,4.237433507541226,0.2997916521428045,0.41534748978073815,0.013196093750000002,0.15645059201599124,0.028775770987897034,1.677,0.395758422407218,0.7456842105263158
0.36073100738919317,0,0.670221706594144,4.318486953050391,5.502486816125565,4.318486953050391,0.27039268283257495,0.4353234428205005,0.017605468750000002,0.1583230959075928,0.04591955711954946,1.72,0.39828764534881067,0.7452631578947368
0.21560621363071908,0,0.6970444723665672,4.188527631882051,5.267900124941217,4.188527631882051,0.26930264461645753,0.458139486524288,-0.021173437499999996,0.12423650429443359,0.06335496501895028,1.479,0.3531073756663828,0.7448421052631579
0.18731880615117724,0,0.6135466789662936,3.6437071290700107,4.619535116399564,3.6437071290700107,0.30318180030026953,0.4285068380788179,0.006033984374999998,0.12981376251693724,0.04489119267552931,1.313,0.36034729287782225,0.744421052631579
0.11524393558113566,0,0.6730842180496451,4.154211666553345,5.256242392152011,4.154211666553345,0.24007967579645584,0.502079826445179,0.011504687500000003,0.11786457107177735,0.019348238970020182,1.427,0.3435068105674908,0.744
0.018214110749129375,0,0.6351331929792285,3.516843328840965,4.396587644465886,3.516843328840965,0.2703984951377637,0.4795843604554279,-0.02278984375,0.1264199230218506,0.04456584588280781,1.253,0.356285419291893,0.743578947368421
0.11777699440031064,0,0.6837399806838161,4.32576284058243,5.436170697405799,4.32576284058243,0.22303029837683552,0.4892163264046508,-0.004982421875000001,0.11156132273788451,0.1049946161539834,1.445,0.33404512758851157,0.7431578947368421
0.03325033366337271,0,0.6472035224694476,3.8785039816841897,4.8511411278310215,3.8785039816841897,0.2670217601623002,0.47385948545651907,-0.010263671875,0.11293323868026732,0.09222698314895669,1.304,0.33621210811127106,0.7427368421052631
0.609894591564121,0,0.6872078616670967,4.073397614785793,5.196871991450799,4.073397614785793,0.23964689791003846,0.44726352515735346,0.042882421875,0.13286146390975953,-0.060739964313017716,1.495,0.3670154847082409,0.7423157894736843
0.04414369351240133,0,0.6901436930163024,3.76989413269936,4.731879700584434,3.76989413269936,0.27980794196924064,0.5126647028583736,-0.013970312500000002,0.10939481396240236,0.02392088013351784,1.248,0.33104377896850745,0.7418947368421053
0.07754481036615779,0,0.7131186001440397,3.838210847600012,4.806807442958365,3.838210847600012,0.31875274905035117,0.472850700292998,0.005133203125,0.1264495115538025,0.0036856276452756345,1.365,0.3556344490177027,0.7414736842105263
-0.03212195432644993,0,0.6743946594913616,3.351954861813343,4.187907914027431,3.351954861813343,0.2522189313213368,0.4809591385974208,-0.0196109375,0.11855305878662108,-0.04747722253935892,1.156,0.34487337916436805,0.7410526315789474
-0.028190719153395882,0,0.661804485780002,3.686158551735098,4.63757292882147,3.686158551735098,0.22558345993567114,0.49033833914483355,-0.0016585937500000001,0.11352320531677247,-0.09777211238446439,1.242,0.33693613081710305,0.7406315789473684
0.23265188261295755,0,0.6659032372572796,3.8552880242452954,4.8733722804310196,3.8552880242452954,0.23663047781887694,0.4953044000666694,0.00360859375,0.10987441633239745,0.08708079025238712,1.278,0.3314927424262106,0.7402105263157894
0.2015096813723507,0,0.6745504329446589,5.101315518637752,6.376432950457567,5.101315518637752,0.26403538104369173,0.4754604397860728,-0.029124609375000006,0.11791262705062866,-0.05443022827170212,1.758,0.3446169901816726,0.7397894736842106
0.46908939452413323,0,0.6894139702942714,5.142090307835842,6.460658982700998,5.142090307835842,0.29046939493593626,0.446304055208839,0.016375390625,0.13311831572250368,0.03951466121326591,1.878,0.3652211236232442,0.7393684210526316
0.031679306823623854,0,0.6275599726002556,3.937257807021864,4.935448731084914,3.937257807021864,0.253467279379915,0.44644160152213913,0.0036234375,0.1318988902319336,0.023270903217893282,1.43,0.3631969431744298,0.7389473684210527
0.07561871282771282,0,0.6681937687123923,3.505739897739548,4.4041310591919896,3.505739897739548,0.27315751654651665,0.451943661201126,0.016246093750000003,0.1287070675628662,-0.03867172814577113,1.259,0.35912533066465807,0.7385263157894737
-0.08267427579179465,0,0.6999093313615139,3.809018888784908,4.757106812915358,3.809018888784908,0.2700322194537941,0.4777326127919119,0.0182296875,0.12269077771240233,0.013568936410314964,1.336,0.3507464885337414,0.7381052631578947
0.22860301308372932,0,0.6820577418475081,4.190677279314638,5.3100020411203,4.190677279314638,0.2595758770695289,0.45040359111496875,-0.021325781250000002,0.12834858449157713,0.06398870554660127,1.504,0.35889186872580436,0.7376842105263158
0.13759371612807758,0,0.659042415437435,4.117001912050936,5.185352420238447,4.117001912050936,0.2939231126056395,0.41602399243330135,-0.018016796874999998,0.14845344385849,-0.09021634798690384,1.588,0.3857175765091928,0.7372631578947368
0.2855285522024369,0,0.6705113340523172,4.316675942384647,5.440220113132835,4.316675942384647,0.29215523374672314,0.39302285712306245,-0.044787890625,0.15805513899398801,0.05775461554323167,1.727,0.40007636038714534,0.7368421052631579
0.2857456665759872,0,0.6029339987003571,4.5932913030112035,5.846211599824814,4.5932913030112035,0.30477774502338284,0.4091418676340264,0.00784296875,0.1578005456536865,0.018553373713462974,1.825,0.3973185847811552,0.736421052631579
0.023322969352685075,0,0.6401282407989329,4.140973643639973,5.162363731614792,4.140973643639973,0.2689400332703977,0.42722464622535106,0.01248046875,0.13671560274353028,0.002393390916976882,1.532,0.36996130181919024,0.736
0.12590887152858699,0,0.7053956781084713,3.890151545599432,4.890250495584788,3.890151545599432,0.2850779469944412,0.48040463205257494,-0.038707812499999994,0.12397907165771485,0.10062795602942161,1.378,0.3542278453287517,0.735578947368421
0.10512539648268993,0,0.7196496364051614,3.499702512992671,4.405588071649465,3.499702512992671,0.2574834302464508,0.4768620592468914,-0.009613671875000002,0.11689146285995484,-0.00792235714247673,1.197,0.34202907120137466,0.7351578947368421
0.10437850999438902,0,0.7203739600441581,3.7549943593712976,4.723109892442477,3.7549943593712976,0.2595502413303481,0.4625809988958348,0.023019531250000003,0.11368024180603027,-0.008530112859131637,1.269,0.3379499084553804,0.7347368421052631
0.3597175820769616,0,0.6777344050459891,4.126608959401616,5.256806484108903,4.126608959401616,0.22496477702870618,0.5003200464798268,0.032864453125000005,0.11075333045516969,0.0034825702891569652,1.38,0.3344150157130732,0.7343157894736843
-0.08095612276541209,0,0.6906170167902944,3.4085653160590192,4.244392738611266,3.4085653160590192,0.2868075267195531,0.5163325745406555,0.011382812499999999,0.10841704329833986,-0.03147092331246223,1.123,0.3294641281213328,0.7338947368421053
0.01526353837041805,0,0.666296090828109,3.394457297662286,4.265233024882851,3.394457297662286,0.26413815243996136,0.4697534451403097,0.0025964843750000003,0.12392858365951538,-0.0461854685513475,1.195,0.3520444934814703,0.7334736842105263
0.13667474937872903,0,0.6763958053678952,4.188973899438944,5.2657654469530755,4.188973899438944,0.28697375705627204,0.4857939249562912,-0.0065398437500000005,0.11085762888122559,-0.031091064635322616,1.395,0.3330171143312307,0.7330526315789474
0.09261634476326996,0,0.6862427173244212,3.7333400919871447,4.676560291708747,3.7333400919871447,0.2337231399473185,0.4749773423037733,0.003698828125000002,0.11534317140487671,-0.041429157436485356,1.268,0.33964224227026735,0.7326315789473684
0.3379310183472648,0,0.6788547097942966,4.050116896301365,5.140375255541894,4.050116896301365,0.24590887626315877,0.47069858746796006,-0.0006839843749999993,0.11609708255599975,-0.001361068421822703,1.38,0.34073090612773155,0.7322105263157894
0.21503048328345686,0,0.6673602757098465,4.501434157116784,5.611564552421599,4.501434157116784,0.25948758380515585,0.4755831400523461,-0.04156093749999999,0.1220977494116211,0.14913143684343572,1.584,0.35188785278480417,0.7317894736842105
1.3555524817746072,0,0.6711136056841934,6.582117405402111,8.439409318250574,6.582117405402111,0.260410825745866,0.5332116572090773,-0.0026757812500000006,0.12551657222595214,-0.19228035994641246,2.332,0.35429328533187027,0.7313684210526316
0.10483300349819968,0,0.7019264702364851,3.3857224015244225,4.2762705012074,3.3857224015244225,0.26651170245414685,0.4448283315467221,0.023486718750000003,0.1299302584173584,-0.02012481314490974,1.223,0.3612227628140287,0.7309473684210527
-0.0856640469693235,0,0.6948551954621255,3.460858969145878,4.326096598341557,3.460858969145878,0.25622288587016745,0.46870017907057143,-0.0155078125,0.12078731634521485,0.050031602276507096,1.204,0.34789051236524116,0.7305263157894737
0.1505707966331813,0,0.6738849749149332,4.032644567634549,5.061395156523436,4.032644567634549,0.23678778241720308,0.5072589078959678,0.030775781249999995,0.11245457316345216,-0.011708558842792415,1.358,0.3367517214135661,0.7301052631578947
0.05372104275208578,0,0.6832282455285156,3.4135662422050106,4.285045242982279,3.4135662422050106,0.2950247348939196,0.504967101327891,0.002932812499999997,0.11507155642333984,0.1138508641248632,1.158,0.3392346648155226,0.7296842105263158
0.07190882709066315,0,0.6096821171939998,3.907378956396813,4.915627333778995,3.907378956396813,0.25960718491818596,0.4472118335352292,-0.013622656249999998,0.12328685683044434,-0.02989647263543577,1.373,0.3513864448064979,0.7292631578947368
0.002983949317242107,0,0.6625416932521718,3.935589689629048,4.972815194713094,3.935589689629048,0.2769756827258574,0.490584393237353,-0.029923046874999998,0.11211023587509154,-0.032853984694211254,1.323,0.3361630922772085,0.7288421052631578
0.43538802741923543,0,0.6735744306172418,4.932868450908463,6.222075999341996,4.932868450908463,0.274636923535161,0.5449052482312167,-0.007692968750000001,0.1291276963568115,0.019529914744334066,1.773,0.3594257616323571,0.728421052631579
0.06337434402730002,0,0.5909532859577769,4.166852202526338,5.227034192508327,4.166852202526338,0.2595778228786534,0.4736190133242114,3.2812499999997775e-05,0.14160413017333986,-0.045088733163725477,1.568,0.37630324374100205,0.728
5.090202989261769,0,0.5968178171625848,9.759508754502699,12.857075152977561,9.759508754502699,0.23756078441567405,0.5357009155150239,-0.0045246093749999996,0.14440964080062865,-0.2521775699979659,3.709,0.3800396201590368,0.7275789473684211
0.1417343197525227,0,0.647219434832367,3.8884294869974223,4.909536795088827,3.8884294869974223,0.2543240373754826,0.4524710050007123,-0.028882421875,0.11318579515975953,-0.003483627900381111,1.313,0.3376684608504694,0.7271578947368421
0.25020905084711176,0,0.7034120052041217,4.353924000003091,5.524950912922295,4.353924000003091,0.26335749298800326,0.46285210510755864,-0.010553515624999999,0.10942699322982788,-0.009566600150163782,1.441,0.3309658138265567,0.7267368421052631
0.30337913209703027,0,0.716094252132498,4.527634994139243,5.729276662201176,4.527634994139243,0.31710236948453224,0.5082683068575766,0.024522265625,0.11841846591049195,-0.005409837563513155,1.562,0.34499247444237824,0.7263157894736842
0.051263029995931575,0,0.7194077248914018,3.829391469706319,4.790669998809949,3.829391469706319,0.24489549337979558,0.490487166966017,0.027384375,0.10717004991210939,-0.010124139256692394,1.258,0.3285117256754316,0.7258947368421053
0.19458967548928907,0,0.6503962334828045,4.0064601373444955,5.0639380456588245,4.0064601373444955,0.2718226870563262,0.4476071033529287,-0.054653125000000004,0.12122051327148438,0.030754946106926976,1.412,0.3524308121372903,0.7254736842105263
0.09542278436576002,0,0.6527466929360306,3.4690605940095995,4.394266113346795,3.4690605940095995,0.245601566709143,0.47705616702721076,-0.03326640625,0.11894970402770996,0.07574329962519376,1.202,0.3464914974606159,0.7250526315789474
0.3441898665774943,0,0.6593206233579862,4.030686540240676,5.086143582639006,4.030686540240676,0.31693489264752467,0.40582937999652663,0.0028996093749999985,0.1427631692185974,0.13096337949412193,1.523,0.3778512630032153,0.7246315789473684
0.13979920294519,0,0.6637457148947444,3.9017818113119556,4.946061883521789,3.9017818113119556,0.29531211969255466,0.421981756312781,0.066006640625,0.15122223237777707,0.04251765329433256,1.539,0.3944351771639733,0.7242105263157895
0.09306462940078886,0,0.639260935834495,3.8396696995706647,4.824222247974633,3.8396696995706647,0.22477737063790226,0.4459828435776471,-0.005574218749999998,0.13886550230407715,0.03147842657509401,1.431,0.3726883070593307,0.7237894736842105
0.41043216251420667,0,0.6718065365272198,5.681024386036465,7.175734796182786,5.681024386036465,0.26904489838642565,0.5142951686597581,0.040959765625,0.11409612767807005,0.12980794008435392,1.933,0.3402555364400776,0.7233684210526315
0.060788038292237445,0,0.6647342037705182,3.639932670674471,4.573877600614152,3.639932670674471,0.23237559858303278,0.4324975151142408,0.004395312500000001,0.12636169997802735,-0.017798776713354926,1.294,0.3555010812219845,0.7229473684210527
0.2861376945982226,0,0.6892571781806927,4.698448256745142,5.928370556721676,4.698448256745142,0.25397643021906424,0.44813796253583915,0.019496484375,0.12384567733139037,0.038679525252250296,1.656,0.3524567920105598,0.7225263157894737
-0.027801103823927864,0,0.7036338514360257,3.5601388975470742,4.463131234268835,3.5601388975470742,0.24331014632149214,0.4654173747675339,0.05186914062500001,0.11416458482894898,0.054744688517372034,1.217,0.34184059527523203,0.7221052631578947
0.19609576173576215,0,0.6839047737991533,4.128119375726208,5.255164777528482,4.128119375726208,0.2735905069666417,0.4796204411110726,0.03133125,0.1155160902734375,0.0977416359134812,1.409,0.3413176489723319,0.7216842105263158
0.19809015910765915,0,0.6946845456181142,3.8017040821313826,4.789455089168717,3.8017040821313826,0.2555766677598497,0.4860136447924271,0.011492578125000003,0.10884391322616578,-0.04161290013769323,1.255,0.33011512019010125,0.7212631578947368
0.8106448321470183,0,0.6748243540523049,4.833674020947485,6.201600188446415,4.833674020947485,0.3157064731212946,0.43893734771843196,-0.005817968750000002,0.14018371998962403,0.06293229096961192,1.81,0.3744563642802723,0.7208421052631578
-0.1483350099057743,0,0.6741499420342194,3.6159467990488348,4.5304731266701515,3.6159467990488348,0.2729348722530502,0.47983798324225174,-0.0031050781249999993,0.11049101825546266,0.010376251716024097,1.202,0.33241639515166066,0.720421052631579
0.18123057902427542,0,0.6702588006216479,4.385750580224344,5.512879197702968,4.385750580224344,0.31209974759204806,0.497246285453369,0.02210390625,0.10866774389099121,0.1288326328022957,1.449,0.33038814531169247,0.72
-0.03226809880853132,0,0.6655619235835663,4.067173232193193,5.07543077766391,4.067173232193193,0.2651204283145292,0.495453021828789,0.019239843750000003,0.10672521669372559,0.06096769753989786,1.331,0.32725431743714245,0.7195789473684211
-0.09311715990589597,0,0.7021535362059761,3.4451537984374507,4.308733545961379,3.4451537984374507,0.26983253871691765,0.4969307047678021,0.016426171875,0.10788418204940797,0.053528042210158826,1.133,0.32886775635789384,0.7191578947368421
0.17232494053224512,0,0.6598969103835453,3.628349358028536,4.575750647296187,3.628349358028536,0.25174881032878593,0.5148133103894786,-0.001938281250000001,0.1016792836907959,-0.009437921028896137,1.157,0.31887778321011956,0.7187368421052631
0.9053372366119761,0,0.6513554089497985,6.858414996529442,8.725447613532165,6.858414996529442,0.2511238246078787,0.4974441225395162,0.00263359375,0.10857794465270995,-0.15838649021373416,2.26,0.32952220026691675,0.7183157894736842
0.22431642015444941,0,0.7043127305706076,3.924693779394277,4.9697535655737095,3.924693779394277,0.24336353792134932,0.47768412503067087,0.028579296875000004,0.11195989371200561,0.18555558952387527,1.318,0.3358223785304889,0.7178947368421053
0.08446618737198008,0,0.683949795377072,4.034446665120189,5.056714115399109,4.034446665120189,0.27251480049771887,0.49738081166868553,0.035558984375000005,0.11020792855209352,-0.03764107666979462,1.347,0.3338747817998164,0.7174736842105263
1.5738908947984322,0,0.6826611939296214,5.340968350033081,6.926992246196551,5.340968350033081,0.3232715578473794,0.499212175028245,0.00841875,0.1310503293359375,-0.017282335544232582,1.934,0.3621066206071079,0.7170526315789474
0.25935629646520386,0,0.6528765466110277,4.830719273778468,6.093765060703804,4.830719273778468,0.24895017245781895,0.4260125878095609,0.015201171875000002,0.1241961966392517,-0.03472768860219021,1.704,0.35274250135988006,0.7166315789473684
0.24982140412354958,0,0.6658833202346044,4.432895745164828,5.583767583546188,4.432895745164828,0.2668840844555223,0.45848180270053007,-0.032288671874999994,0.12858302955917358,-0.029935824570126626,1.596,0.36003553698298313,0.7162105263157895
0.39059726441262077,0,0.701196193066347,4.608666769878224,5.83481275322697,4.608666769878224,0.24501796696765815,0.4898362755123907,0.0110875,0.11652011031250001,-0.1459831782622183,1.574,0.3415304422284344,0.7157894736842105
0.07910328070798389,0,0.67884418649823,3.233353434079719,4.0757213921514674,3.233353434079719,0.29048678743988526,0.4951394342000408,-0.029125,0.10989521875,-0.03179834218181168,1.076,0.33278143634373597,0.7153684210526315
0.09542003343681493,0,0.6696413480249964,4.07795862980918,5.106305640453998,4.07795862980918,0.28927685196238795,0.4946401157037011,-0.022847656249999997,0.10377837132263183,-0.04354409833387694,1.317,0.3229557039576016,0.7149473684210527
0.01456619432028372,0,0.6652716178972432,3.5871169405310566,4.534015111479296,3.5871169405310566,0.2772029629214004,0.4723882738314264,-0.004464062500000002,0.11947577839599607,0.01952544814754658,1.24,0.3456815098468531,0.7145263157894737
3.449829916937431,0,0.6276697456572208,7.16480805024001,9.451896245996508,7.16480805024001,0.18872620552395697,0.4576088094734373,0.004504687499999998,0.14052066169677735,-0.282475093244593,2.686,0.37488792179296737,0.7141052631578947
0.17443545822260953,0,0.6802762576175109,3.8660746533706773,4.8641480392881515,3.8660746533706773,0.2614015120070927,0.48423196827482756,-0.019896484375000002,0.11459541076889039,-0.00099908634579356,1.311,0.339103643241082,0.7136842105263158
1.1288955273858576,0,0.638168853956219,5.52795651085366,7.0509899127570606,5.52795651085366,0.28565803629885744,0.4604727466900732,0.004362890624999999,0.12314225385726929,0.014067632097589652,1.94,0.35094342659732924,0.7132631578947368
0.11551516713514198,0,0.6072737050921071,3.8016948887542776,4.787667327173617,3.8016948887542776,0.23865912384668,0.47922490655468175,0.019826953124999998,0.10650936185165408,0.047186225352539954,1.243,0.32695943161480295,0.7128421052631579
0.07554595397622421,0,0.6747178865646405,4.071959804453522,5.099696059893157,4.071959804453522,0.2512233363432294,0.4874696294821699,-0.000950390625,0.11787020808578492,-0.05976334243980635,1.398,0.3433236247742427,0.712421052631579
0.6501713884276903,0,0.6496054688794631,5.451017784800675,6.874356094091685,5.451017784800675,0.2685350942163586,0.4625876643297253,0.04732460937500001,0.13508472783187866,-0.0667614396186403,2.02,0.3705729975111179,0.712
0.0891379677664701,0,0.6434418110640983,3.7594713191190055,4.728042743552707,3.7594713191190055,0.292116171990667,0.44262197494829797,0.03772890624999999,0.12129727885192873,-0.05285488088963102,1.317,0.3503152140840446,0.7115789473684211
0.21840533794259276,0,0.6494261148428699,4.255101746431585,5.3647002745188646,4.255101746431585,0.2642630077640721,0.4984593877822997,-0.018384765625,0.11450661172103882,0.09238131434658171,1.442,0.33888731361342667,0.7111578947368421
0.015546129302185907,0,0.7148965299359636,3.9038656675866346,4.8927687416698875,3.9038656675866346,0.26369255991114177,0.48016865170044976,0.015370312500000002,0.11496098083740232,-0.008321184280461101,1.325,0.33940717043655694,0.7107368421052631
0.22214881068811332,0,0.6779990749329876,3.9647180951382732,4.997984077827602,3.9647180951382732,0.28033935822653394,0.4956358919531203,0.011077734375000004,0.11599168106674193,-0.003367677678279333,1.351,0.3407556269023668,0.7103157894736842
0.008968406553327313,0,0.6757072620734899,3.7882051630128424,4.762253330434712,3.7882051630128424,0.28746503729006506,0.42221762433103543,-0.0304546875,0.12644815810302737,-0.00042395574233939287,1.352,0.3568972486497339,0.7098947368421052
0.059317736281043754,0,0.6657711605830784,3.5826591155387284,4.511105341008219,3.5826591155387284,0.2536706617383185,0.47723169398382187,-0.015247656249999995,0.11345767304138184,0.013554850375116173,1.208,0.3371797207165638,0.7094736842105264
0.13295588818102377,0,0.6702055512470294,4.558999030438861,5.7160621882091105,4.558999030438861,0.2807708663724417,0.4705348582958508,0.0247921875,0.11304563103271485,0.055547834055802096,1.537,0.3371354083951284,0.7090526315789474
0.34409139166352887,0,0.6612670349408011,4.079169048119481,5.168334148138458,4.079169048119481,0.2217438285318165,0.4414280000956081,0.013319140625,0.12898155869613648,0.01213364776271355,1.466,0.3593869199110132,0.7086315789473684
-0.13196281628087547,0,0.7226366650929902,4.117841759101784,5.14147714515714,4.117841759101784,0.3016815467110722,0.4254427628506812,0.0131609375,0.1267441178491211,-0.03389419663885127,1.467,0.3562545833038503,0.7082105263157895
0.05066300804989732,0,0.6873459030778604,3.6837560928174407,4.6445555597620185,3.6837560928174407,0.25888984344287996,0.49928493033202886,0.028419531249999998,0.11359979196228027,0.006742078852325886,1.246,0.3382417208428759,0.7077894736842105
-0.050463911320701715,0,0.6831219464280553,3.5640567697126038,4.4719131669592525,3.5640567697126038,0.285626352972828,0.46100410422601595,0.011028906250000001,0.1147584202581787,-0.01625283218419973,1.208,0.3389396067609243,0.7073684210526315
0.18074871595350128,0,0.6584231564795321,4.016784747796134,5.046930469080979,4.016784747796134,0.28906021160311496,0.47717595206920393,0.006268359375,0.12318067993637086,0.08331603347971474,1.41,0.35102702497902494,0.7069473684210527
0.35316698427477045,0,0.6644111374776147,3.9921838422364226,5.056306100992422,3.9921838422364226,0.23313904780351635,0.5109667794049918,-0.02226015625,0.1055434893499756,0.1029015722515589,1.3,0.32563630618567396,0.7065263157894737
0.2028943919654309,0,0.6331104731853099,3.666593920961672,4.652116249102144,3.666593920961672,0.24836263794524843,0.42481501838851304,-0.008875,0.1356853734375,0.029695957873350737,1.351,0.3684618556411233,0.7061052631578948
0.18797885916908985,0,0.6665712743386112,3.787219235655805,4.772822194633618,3.787219235655805,0.2554543753244737,0.4646369777858542,-0.011241796874999998,0.11751968801864625,0.06689015899846353,1.299,0.34299572302818154,0.7056842105263158
0.044619930912385364,0,0.6665504734772906,3.8461185465799534,4.81869755039084,3.8461185465799534,0.24903608428447152,0.5003542109837256,0.0235859375,0.11298782933349609,-0.003355496590671086,1.296,0.33696309260993257,0.7052631578947368
-0.06594063527563909,0,0.6592705795064082,3.4895602747835808,4.371862611626554,3.4895602747835808,0.2520815644163768,0.4976398604403865,-0.0030921875000000008,0.10652880634521485,0.053039038537802466,1.139,0.3264021568077484,0.7048421052631579
0.0699777363595615,0,0.6373905108254082,3.9998344736857367,5.008168348270924,3.9998344736857367,0.3162333533358532,0.48244626902414023,0.013394921874999998,0.11205486473983765,-0.029521457959744927,1.34,0.33501386340250905,0.704421052631579
0.8978119321419573,0,0.6499076403675348,4.902693916123097,6.2786020730097345,4.902693916123097,0.237982493604389,0.4983388276154429,0.020266015625,0.12138456868881224,-0.04537552381396133,1.711,0.3489918051733092,0.704
0.13359248199113782,0,0.684523892808699,3.7238035863474526,4.684762544172686,3.7238035863474526,0.21966260359953066,0.48002902410214354,0.035146484374999995,0.11361847424545286,-0.08522172312635279,1.262,0.3389007961179422,0.7035789473684211
0.18663910218151925,0,0.6998675792912021,3.786881579353158,4.795623732334245,3.786881579353158,0.25052112387923964,0.42398208853746466,0.018031250000000006,0.1320892037109375,-0.06348424669557472,1.378,0.3638877982118939,0.7031578947368421
0.1595043465741015,0,0.6690277613703894,3.8553273887859976,4.857973753936092,3.8553273887859976,0.2574207013959584,0.5072405814660832,-0.031048828125,0.10874926753768921,0.05296771674510394,1.277,0.3312299763995176,0.7027368421052631
0.16795400542454075,0,0.6575424163442724,3.619794908800996,4.565261382799325,3.619794908800996,0.25056557823801895,0.44783202134847494,-0.03751953125,0.12149325586853026,0.014383919785311202,1.269,0.3505723478738019,0.7023157894736842
10.084656409674505,0,0.6820436325852599,11.616436096142381,15.393831393318175,11.616436096142381,0.24426729342614353,0.5282416500052941,0.004185546875000001,0.13182859565048216,0.27744204867407535,4.218,0.3631062027191563,0.7018947368421052
0.13425237600162898,0,0.6972757860747375,3.7893442333962004,4.784386103864962,3.7893442333962004,0.2832960873025603,0.4829477626213267,-0.026091015625,0.11449309132553101,0.0930015631909099,1.286,0.33937270429702354,0.7014736842105264
0.06397156565292272,0,0.6754082791167072,4.000169123882649,5.0141578933813715,4.000169123882649,0.2850867208952116,0.4373223055735114,-0.010814453124999998,0.13037357533798216,-0.0010358860931991899,1.445,0.3612347266451206,0.7010526315789474
-0.055926348649742774,0,0.6374652938166706,3.3195144019837484,4.151418767965145,3.3195144019837484,0.27882400004320945,0.5107092147830006,0.064780078125,0.1189729160874939,-0.05944516358040983,1.165,0.3509549466945508,0.7006315789473684
0.9221195471749586,0,0.706939697163352,5.604835496641385,7.180145534278947,5.604835496641385,0.24199790687889497,0.48994082075501943,-0.02673203125,0.12345304772399901,-0.0948807038074918,1.975,0.35237430272190673,0.7002105263157895
-0.16982162960627223,0,0.6611192451852228,3.4318414025827866,4.258984436812776,3.4318414025827866,0.2922641720397399,0.45881321881626214,0.017541796874999998,0.11532674981552124,0.022241601157601598,1.167,0.34005067924226384,0.6997894736842105
0.030641758962015153,0,0.6621422690693172,3.530114170440104,4.415491959125675,3.530114170440104,0.27632101528800973,0.4728787390489679,0.007127343750000001,0.11396761815856934,0.050200468687302234,1.192,0.33766613272210166,0.6993684210526315
0.13691226028792203,0,0.6621983386323482,3.896375482963762,4.917635108893736,3.896375482963762,0.3195330112183699,0.5032798678062885,0.008017968749999998,0.10886893014587402,0.04969002092229777,1.286,0.33005032641818427,0.6989473684210527
0.4949300355364654,0,0.6553584267909596,4.935683721234328,6.304617185546517,4.935683721234328,0.2727441981335739,0.47573729811044774,-0.012502734375000001,0.1274317257737732,0.038184397219376845,1.763,0.3571946866074928,0.6985263157894737
0.14422994911624532,0,0.6883380616259612,4.017362309844632,5.0443614306542655,4.017362309844632,0.26700760744233615,0.48784845129921006,-0.011073828124999999,0.10702177697128294,-0.01885067050762241,1.315,0.32732920224236794,0.6981052631578948
4.99945566634149,0,0.637225354135429,8.29603744269321,10.888398835538325,8.29603744269321,0.25915478447687423,0.6265359745731687,-0.0003238281250000006,0.11951337365097045,-0.046645235640411904,2.868,0.34570721501817836,0.6976842105263158
-0.049520731481646596,0,0.6545574250647992,3.757134699015893,4.692701599797768,3.757134699015893,0.2537859134502962,0.4909266332568589,0.027742578125000007,0.11331040209335326,-0.014485749388453541,1.269,0.3377573873868268,0.6972631578947368
0.033560217840514994,0,0.7137591847869049,3.693887173815604,4.629088314498123,3.693887173815604,0.30142915445345414,0.4763781508043025,0.02126640625,0.11534633840270996,-0.043358314341450925,1.257,0.340291931196583,0.6968421052631579
0.47771117684937225,0,0.7018014786103637,4.624334399828975,5.852113814234176,4.624334399828975,0.23793729758315849,0.4853541485694915,-0.02196796875,0.12977834897399904,0.09784949322083221,1.669,0.36091680568380297,0.6964210526315789
-0.06820070410525103,0,0.6860950898707425,3.863490745892824,4.83681088645029,3.863490745892824,0.24105585178681543,0.4816143306507707,-0.00722578125,0.11916855371032713,0.0154185973925112,1.334,0.34528360173196754,0.696
0.15347439303269894,0,0.7138646175078214,3.87673144210971,4.87996771671986,3.87673144210971,0.2284699402398672,0.45102942525996226,-0.005102343750000002,0.12141886140075683,0.06894196938925898,1.351,0.3484894479213108,0.6955789473684211
0.601003531520441,0,0.6981026727849478,4.9924416549837085,6.357310937729128,4.9924416549837085,0.2855139254367088,0.46009421020837127,0.020078515624999998,0.13132858172592163,-0.029851315612068885,1.812,0.36294865823643024,0.6951578947368421
0.11169717416153446,0,0.681897725053818,3.835364135249909,4.792291711520771,3.835364135249909,0.18540706898410372,0.5281018185892298,-0.04836953125,0.11954473922790528,0.08670621131137753,1.339,0.3491193933044253,0.6947368421052632
1.171528292418369,0,0.6894427571385768,6.060090737976204,7.768004876774361,6.060090737976204,0.25793868759135286,0.4764357800398607,0.018012499999999997,0.13508577875,0.10847516313182928,2.23,0.3679812887991045,0.6943157894736842
0.9401235922918114,0,0.7061807994271538,4.474218978627637,5.769024171888988,4.474218978627637,0.23551080591396445,0.4730680398052758,0.007139843750000002,0.12959427263122558,-0.11398861040717556,1.611,0.3600628417373834,0.6938947368421052
-0.053452237351873766,0,0.6917200580764574,3.4325908577893225,4.304212681073249,3.4325908577893225,0.26507959101665646,0.44737630483066737,-0.007689453125,0.12688389379501344,0.0661979832950698,1.223,0.3562906418703346,0.6934736842105264
0.05452779643931471,0,0.7360825909609829,3.5401145306674358,4.453344949141409,3.5401145306674358,0.251304684958213,0.468937766065884,-0.038710546875,0.12317822285751343,0.04986274109490968,1.25,0.35309592081596614,0.6930526315789474
0.3815283025299676,0,0.67051585918931,5.706580548723779,7.204950777252329,5.706580548723779,0.24542903625360696,0.5048832179684283,-0.022464453125,0.10872271748641968,0.12174656792250625,1.886,0.33049564163635353,0.6926315789473684
0.18098684597623826,0,0.6520484587048914,3.5374928704626445,4.475980246616094,3.5374928704626445,0.2513412852146763,0.4560734717698071,-0.010021484375,0.11864482492904664,-0.05615912894836069,1.219,0.3445943340772233,0.6922105263157895
0.4640536393729011,0,0.6006301059397792,4.472681733108759,5.668335763030572,4.472681733108759,0.2792967773570156,0.4871155296522566,-0.0037691406250000017,0.12351484084457395,0.044967949990459014,1.572,0.3514669931382249,0.6917894736842105
1.2847370883689573,0,0.676503979425863,6.514458141214933,8.410426313712192,6.514458141214933,0.20809026004078526,0.5063202993172108,0.0226703125,0.13117167568115234,0.21617348729330355,2.364,0.36288513161880853,0.6913684210526316
0.21752214354610766,0,0.7048568322625524,4.037674295894773,5.110470495740026,4.037674295894773,0.2597731499216029,0.42195878633329786,0.0249046875,0.13610762685302735,0.004334483233330154,1.493,0.3697673191515173,0.6909473684210526
0.055737621856861264,0,0.7106761835442243,4.003298901844397,5.029152380652087,4.003298901844397,0.23982643726822248,0.4772353871865399,0.011583984375000002,0.12799743982162476,0.08631398413322675,1.433,0.3579547855744144,0.6905263157894737
2.610329007722992,0,0.6564545376838447,8.662285597876684,11.134156195146415,8.662285597876684,0.2303133808904466,0.4884079842332053,0.030089062499999996,0.1289921506616211,0.18810437495154655,3.122,0.3604129608431833,0.6901052631578948
0.15689419688283213,0,0.6297752797709115,4.392669263030604,5.589060256159284,4.392669263030604,0.23705290227701709,0.46890605234499394,0.010889453124999999,0.11050390770126343,0.08428761884450858,1.461,0.33259959093574515,0.6896842105263158
0.11166901383847216,0,0.6881655080462629,3.3605451464227256,4.222284628444597,3.3605451464227256,0.2818647459853813,0.46851288236165867,-0.019407421874999997,0.11815852814804076,-0.009393077432627843,1.157,0.34428937853479447,0.6892631578947368
0.05077161655984952,0,0.6890345315610832,3.736005049861328,4.679386889619347,3.736005049861328,0.3210513741742905,0.4441932991257567,-0.014469921875000003,0.11790836393905639,0.1503585752171268,1.284,0.3436826189642488,0.6888421052631579
0.43726154038843257,0,0.6868703538701975,4.571436673835759,5.7421690539902395,4.571436673835759,0.2547156129743482,0.5116174165383459,-0.04380703125,0.11141797291931152,-0.11780003831999841,1.539,0.33665565331099073,0.6884210526315789
-0.10253660909698548,0,0.6971775596151235,3.64413612556841,4.526814220536586,3.64413612556841,0.2796569553808907,0.47808310899903533,-0.015882421875,0.11348810453475952,0.026328192357374575,1.229,0.3372541413524451,0.688
0.936141320932641,0,0.7043735739667141,6.26648441384497,7.973814449186938,6.26648441384497,0.2679315368660249,0.4351807209724608,-0.0314171875,0.14313850329833983,-0.1642650071902364,2.379,0.379638700567724,0.6875789473684211
0.054233281427638946,0,0.710204135566383,3.5688249528240634,4.487565478683154,3.5688249528240634,0.28184205539779233,0.4553665433229367,-0.0021160156250000003,0.11174111271224976,-0.00446532067026757,1.193,0.3342836972309224,0.6871578947368421
0.2492938522594872,0,0.685725717737382,4.0920504822568855,5.176031763719217,4.0920504822568855,0.29186530929992255,0.5481901933361549,0.0184140625,0.1132264613647461,-0.07758971130271071,1.379,0.33699486503877174,0.6867368421052632
0.12918922558483503,0,0.6802876700841218,3.8472200047490475,4.855486737464499,3.8472200047490475,0.2574665899945654,0.4933153154763636,-0.0238890625,0.12020201113037107,0.057533371718827525,1.337,0.3475236660106762,0.6863157894736842
0.9745457751050322,0,0.6976456993868645,5.719414720348275,7.3285795268072915,5.719414720348275,0.24961781710356948,0.5103823132052595,0.0336609375,0.11144318972412108,0.002284795707113352,1.919,0.33552384183169454,0.6858947368421052
1.2393266564235734,0,0.7209985525752415,6.614139393295453,8.43644660793902,6.614139393295453,0.26102507907211014,0.5393246332251964,-0.049619140625,0.11121243736801148,0.003453405508154346,2.23,0.33715648664140363,0.6854736842105263
0.40142609741819735,0,0.7019405991010621,4.589277847693427,5.81775714053104,4.589277847693427,0.28194726452491786,0.46499976692057715,0.043317968750000005,0.12257644577087401,-0.037049976503445464,1.619,0.352778814822404,0.6850526315789474
-0.022857235344806437,0,0.7367947786061699,3.447105338616529,4.296896434854182,3.447105338616529,0.2474813887152891,0.4739849676136784,-0.0058714843749999995,0.11010498465560911,0.014914508148144606,1.144,0.331872654770433,0.6846315789473684
-0.03204398810186948,0,0.695820536260014,4.104700588300163,5.134020678053158,4.104700588300163,0.2617841718931468,0.46467539191228596,-0.030246875,0.11375956795898437,-0.08258181173367589,1.39,0.3386361489951272,0.6842105263157895
0.18423688864056498,0,0.6805024114140218,4.252227488039862,5.362266925043411,4.252227488039862,0.24974027797584697,0.48951066323075215,-0.009903515625000001,0.11714568873764039,-0.02607308997547951,1.456,0.3424087737768631,0.6837894736842105
0.05963668263527033,0,0.6840871618540058,3.9426531170923296,4.951091067174676,3.9426531170923296,0.27492604876735505,0.4665518737126078,0.0016792968750000005,0.12038846707138062,0.05444240285459248,1.368,0.34697447616413374,0.6833684210526316
0.6474634667250263,0,0.6855908587685632,5.4079318327269865,6.893847531192983,5.4079318327269865,0.25774524055754355,0.5035191382076756,0.008719531249999999,0.12349077446228027,-0.12106532626217661,1.901,0.3515207030709571,0.6829473684210526
0.6516483266976518,0,0.7029297201660218,4.4022171509849075,5.627293602439874,4.4022171509849075,0.25210259035479565,0.5315001260777057,-0.034542578125,0.12213889037460328,-0.018126475656792693,1.546,0.35118667411808924,0.6825263157894736
0.31517879735746623,0,0.662438551706518,4.42762955322873,5.611245012223464,4.42762955322873,0.2567515004896053,0.5082399745249012,0.02118828125,0.1183373997064209,-0.04103437344591907,1.526,0.34465394668964694,0.6821052631578948
0.6484334411395247,0,0.7140697109028773,5.383197000008184,6.8428806655689405,5.383197000008184,0.2706043242301273,0.4804976838334855,-0.027617968750000006,0.13370363920837405,0.03439034215344319,1.974,0.3666965931205934,0.6816842105263158
-0.11121219575238195,0,0.7321667748282272,3.319044413529754,4.165872892207009,3.319044413529754,0.25501746105342016,0.4270781041345915,-0.021762109374999998,0.13046265707992552,-0.08397061827347828,1.201,0.36185113856995804,0.6812631578947368
0.8081705972200219,0,0.7124113214029882,5.707063358874194,7.211582320180648,5.707063358874194,0.2687524784596329,0.5353140458167648,0.014826562500000001,0.12271326054443359,-0.10096722771486247,2.001,0.35061815055698414,0.6808421052631579
0.5129408835410096,0,0.7183923328164832,4.165196602666404,5.3147633394348235,4.165196602666404,0.24901959354549322,0.5026385644628096,-0.016255078125,0.12873650485702515,0.09451025378819167,1.496,0.3591667195354756,0.6804210526315789
-0.009729640186522559,0,0.6714514101154775,3.7291469209281787,4.6732762946572715,3.7291469209281787,0.20751344249922687,0.4704220693756018,-0.002750390625000001,0.1226423826170349,0.01449452984904834,1.306,0.35021414486800073,0.68
0.2725648203515787,0,0.7261417604945206,4.138854315289253,5.273846229708943,4.138854315289253,0.2555377032396646,0.45671156207373514,-0.016773828124999998,0.13176772267440798,-0.07193753888205633,1.504,0.36338558582361935,0.6795789473684211
0.12151138270219208,0,0.7253828492658806,3.9515046420982136,4.9553975849683995,3.9515046420982136,0.25561930264167376,0.45753755636100185,0.055719531249999996,0.13210453149353024,-0.08082459756775122,1.453,0.3677080331679606,0.6791578947368421
0.4625330223803781,0,0.6912569535363349,4.131404177714693,5.271373758858085,4.131404177714693,0.22814778986586062,0.5090488666922908,-0.016778515625,0.11902181461654664,-0.08168485154628102,1.427,0.3454031459079737,0.6787368421052632
0.07227073128832151,0,0.7272851449727253,4.265990864723061,5.373856957850276,4.265990864723061,0.2918805436964026,0.4806204151557239,-0.02766953125,0.12089949782165528,-0.055839059717438515,1.488,0.3488052476400692,0.6783157894736842
0.3107921267784364,0,0.7329567937548251,3.6871288166811844,4.700423442337117,3.6871288166811844,0.24440927272109284,0.46465813786204807,0.018594140624999998,0.12206028410629273,-0.07517230001637996,1.29,0.34986572591763687,0.6778947368421052
0.874867181983932,0,0.73851326735243,5.845834124878496,7.503167129382023,5.845834124878496,0.23155349369697797,0.5248598364924197,0.026759765624999998,0.12418541611557006,0.16705641549489275,2.066,0.3534140647623903,0.6774736842105263
0.1637794896265765,0,0.6905698477970563,3.8296893309999245,4.8403574047088105,3.8296893309999245,0.25711030902621157,0.48509542644033116,0.010621875,0.10523247655273438,-0.10069266268913253,1.243,0.3245694082646268,0.6770526315789474
0.1521897848441367,0,0.6831776844746763,3.471430809048319,4.369146854529437,3.471430809048319,0.2509404015058244,0.5187912814947276,-0.044255468750000006,0.11241330895446774,-0.004828013228702658,1.174,0.3381890824209883,0.6766315789473685
3.1268113967913207,0,0.6635018390646569,8.248181729055455,10.681511937733974,8.248181729055455,0.2598268763649466,0.5009334645487323,-0.005417187499999998,0.13367521814208985,-0.19012989144234357,3.016,0.3656563469468293,0.6762105263157895
0.3271930086759305,0,0.7347254203343135,4.501940062744684,5.690038391594261,4.501940062744684,0.2618592605221934,0.4570853120887131,-0.0396734375,0.1222232511694336,0.12413787650445426,1.584,0.3518483093784877,0.6757894736842105
0.38362521539599603,0,0.7206330973095513,3.7853647505030055,4.847730999744775,3.7853647505030055,0.2411106346178162,0.4954047197115411,0.021045312500000003,0.11587244091552733,-0.10186436524264121,1.291,0.34105035712303544,0.6753684210526316
0.04945414844771889,0,0.7112848158130686,4.028074720630027,5.047046259344612,4.028074720630027,0.27496786747667523,0.46930639239745736,0.0091640625,0.1212326410522461,-0.04766904442190718,1.403,0.3483053561083292,0.6749473684210526
-0.10230194340710463,0,0.6517487397726782,3.903265445069531,4.887925733024962,3.903265445069531,0.2673097774646795,0.46761111979509656,-0.037108203125,0.12055999024520873,-0.002444314670668749,1.363,0.349194800912578,0.6745263157894736
0.27209763067477866,0,0.6777893347817696,4.881993632066557,6.2123891520698065,4.881993632066557,0.2799222468330604,0.49329922469188403,-0.0014957031249999988,0.12011526716903687,-0.016060138669909022,1.692,0.346579722858789,0.6741052631578948
0.03121093507648398,0,0.7536262121864293,3.5658221372267755,4.4820520914625765,3.5658221372267755,0.24861087177488006,0.4710783222184092,-0.026447656249999996,0.11217461679138183,-0.006535361921395969,1.198,0.3359674021575605,0.6736842105263158
0.7517175862714951,0,0.7017896350384565,5.4948599218996215,6.9639209706416665,5.4948599218996215,0.20567023516677918,0.5502579098061604,-0.066936328125,0.13106297133651734,0.12257714537499359,2.023,0.3681622514046966,0.6732631578947369
0.07302944703138836,0,0.6748231289118967,4.117131575826103,5.130294700402803,4.117131575826103,0.24586647174470613,0.439843174636112,0.022906640625000002,0.1329214760496521,-0.00803558384159097,1.504,0.36530287465933664,0.6728421052631579
0.21563541795177832,0,0.6911222535599809,4.050382553521146,5.10153521588528,4.050382553521146,0.25967403954042356,0.46755087507752163,-0.007775781249999998,0.11906984269470215,-0.09578993953956183,1.398,0.3451525828800213,0.6724210526315789
0.17889640183611855,0,0.7145485195984643,3.9292674329375976,4.963323788104703,3.9292674329375976,0.2699378544464475,0.5060033559609227,0.042615234375,0.11189653906478883,-0.011930420694732309,1.325,0.3372129850192976,0.672
0.10100521669463669,0,0.7104856753689675,3.8173816131940983,4.821106656069997,3.8173816131940983,0.23919954885384484,0.5054133989943885,-0.006701953124999998,0.10942015062118529,-0.10557559749040514,1.263,0.33085505405974236,0.671578947368421
-0.009470876119913374,0,0.7050416276975732,4.0820922951528775,5.078691862350576,4.0820922951528775,0.31688569572790953,0.4506508160164025,-0.021187500000000005,0.11835276250000001,-0.054276951157510064,1.407,0.34467618521773447,0.6711578947368421
-0.00823575909850982,0,0.7128244398473755,3.5847625183659417,4.511454865870373,3.5847625183659417,0.2148848334569543,0.4562499892188325,-0.009246484374999999,0.12522933104232786,-0.09117880092141128,1.269,0.3539983453571853,0.6707368421052632
0.09215181342283962,0,0.7150461976325027,3.815553696418005,4.791360299460019,3.815553696418005,0.20507646063867044,0.4709937689661463,0.009442968749999999,0.11386142252868652,0.004280739370333194,1.288,0.3375656857376057,0.6703157894736842
0.3856424645247114,0,0.706907749936362,4.408388759494155,5.601780794364958,4.408388759494155,0.32020053598002785,0.4796008763998591,0.011015234375000002,0.1350878689085388,0.16133766066837316,1.621,0.3677080421977129,0.6698947368421052
0.027623852585399344,0,0.7027221769812324,3.876368557473578,4.8621440480496405,3.876368557473578,0.2724430058328189,0.4534210608016927,0.025841015624999998,0.11493832745834351,0.001562532376481466,1.318,0.34000894921586255,0.6694736842105263
0.02330686522989822,0,0.6568782604315605,3.5790053520788505,4.485264981932378,3.5790053520788505,0.26611174866272813,0.4542437633749232,-0.00957890625,0.10953385002380371,-0.08882398309583991,1.185,0.33109757695994996,0.6690526315789473
0.1487405030632143,0,0.6790260169457759,3.9031783747828195,4.933697888647946,3.9031783747828195,0.2593946933721119,0.507178839904965,-0.0579609375,0.12346200550537109,-0.07567573737482369,1.39,0.3561200300197252,0.6686315789473685
0.051972048519947744,0,0.7283378370061951,3.7587771038386344,4.724965260115772,3.7587771038386344,0.26181844670944837,0.48111031560968326,0.018077343749999995,0.11910643386169432,-0.12915692739922432,1.299,0.3455911228876546,0.6682105263157895
0.7974956900891192,0,0.7142578071830016,4.9028052227999614,6.260381811237721,4.9028052227999614,0.24932701010044594,0.5482423873245797,-0.015017187500000001,0.12227707861083985,-0.07976601562034588,1.716,0.35000370645358886,0.6677894736842105
-0.006023299177558172,0,0.6908057782320373,3.756995729501757,4.718312213714936,3.756995729501757,0.2737225201079068,0.48075752039091774,0.0001031249999999994,0.12400472920898438,0.01655778056563284,1.323,0.35214306729474315,0.6673684210526316
0.16091740202366323,0,0.6617585043020224,3.667072965129216,4.626582076519853,3.667072965129216,0.26455852950208325,0.4940017489577333,-0.01807578125,0.11512407550720213,-0.019942017234801022,1.246,0.33978053118888374,0.6669473684210526
-0.004766389067031973,0,0.7086360504589883,3.5271777681124483,4.426423092310823,3.5271777681124483,0.26086039990588455,0.46129486356603505,0.002730859375000001,0.12538464357894896,0.02043593421328646,1.249,0.3541074712172492,0.6665263157894736
9.064065916554686,0,0.6766836961358283,10.676756079615032,14.247894598223176,10.676756079615032,0.2112187688372777,0.49522907615934464,-0.0026308593750000017,0.164619013344574,-0.3567023017152309,4.332,0.4057412164984289,0.6661052631578948
0.6649071735506551,0,0.7066831188270125,5.957431600642295,7.5629058772433035,5.957431600642295,0.3033062665514596,0.46412955209474044,-0.0032558593749999975,0.11190650445785524,0.16466531432567677,1.993,0.33454013971140295,0.6656842105263158
0.1882684919508164,0,0.695504389402904,3.6044907551045027,4.559934936237215,3.6044907551045027,0.2831258222470375,0.5118045692669378,0.037172265625,0.10908350430892946,-0.07597653831724209,1.198,0.3323631773235793,0.6652631578947369
-0.12137582180949469,0,0.7037432834389784,4.267276680284785,5.302325181661531,4.267276680284785,0.26595374620810797,0.4896988925632517,-0.029182421874999996,0.1139729968003845,-0.07096887970457866,1.446,0.3388578028419517,0.6648421052631579
0.7926982928004058,0,0.652719157138758,6.09439450238018,7.717649615013783,6.09439450238018,0.2901820186989083,0.5368353366454861,-0.0007457031249999992,0.10747998416122435,-0.1871062279387654,1.998,0.32784224900762104,0.6644210526315789
1.1721884361854453,0,0.6668873465063381,5.343805016751605,6.920814497868671,5.343805016751605,0.24538451283624468,0.5124942450624458,0.020492968750000003,0.14148132807556152,-0.12199167177828432,2.013,0.37669787608075256,0.664
0.8558760640372451,0,0.6759372215639132,4.526089106886966,5.813489603600043,4.526089106886966,0.2294207767245943,0.42191338436602566,0.017551171875,0.1667614887876892,-0.030750771307087692,1.85,0.40874140042559304,0.663578947368421
0.2855966774912875,0,0.722359124757174,4.173911675337543,5.2815349692488205,4.173911675337543,0.24113358270293933,0.4671444005256035,-0.010166796875000002,0.1166185881944275,-0.08413501043389106,1.426,0.34164594531931003,0.6631578947368421
0.15198230526644574,0,0.6838634869738148,3.8274404164904015,4.826208500512126,3.8274404164904015,0.26743218259236473,0.5196885459631713,-0.012641796875,0.10210964395614623,0.1370988986706415,1.224,0.3197959646155264,0.6627368421052632
0.4673913185339611,0,0.702524636340834,4.088922077851379,5.201796190205352,4.088922077851379,0.2719446862510359,0.4998446276171954,0.030180078125,0.10473011171249388,-0.05553638853042075,1.329,0.3250245357324967,0.6623157894736842
0.9253502207742268,0,0.7035397927652681,6.985686824366509,8.882773935817129,6.985686824366509,0.2578010438175387,0.5296879104664678,0.043464843749999996,0.1065128456390381,0.08864078229582927,2.3,0.32924464806774006,0.6618947368421053
0.07105478714210589,0,0.7070251717730911,3.510373588632823,4.432457629940399,3.510373588632823,0.22475612451464336,0.49818820999001945,0.028160937500000004,0.10541206159912112,0.07107121260126352,1.144,0.32589123952631804,0.6614736842105263
0.21618518987053603,0,0.7178812450963299,3.9887415589315105,5.0422154234016565,3.9887415589315105,0.26333904698899513,0.4892595546947381,-0.009647265625000002,0.1144571009690857,-0.15499233070848117,1.35,0.3384526121972247,0.6610526315789473
-0.05566196285360636,0,0.7230108170867683,3.335533804448619,4.191435768261964,3.335533804448619,0.23746148069271975,0.4280394727547587,-0.02063125,0.1226128523046875,0.03335710468407608,1.17,0.3507684432517412,0.6606315789473685
0.13768583098686848,0,0.7246236977177094,3.971974033236239,5.0000226231718585,3.971974033236239,0.25888594989787644,0.4753845176500649,0.001437890625,0.10629633442367555,-0.004241344111908215,1.295,0.32603435701337524,0.6602105263157895
0.00695061543244746,0,0.7094757219397647,3.5356695125791116,4.438386840539439,3.5356695125791116,0.2640866283936995,0.4820959830714124,-0.034616406249999995,0.11075223644958496,-0.001806274881370386,1.183,0.334590095536688,0.6597894736842105
0.2923482079953801,0,0.730953631114791,4.397972888177652,5.546623468664576,4.397972888177652,0.24567266381496872,0.4629025673930966,0.024153125,0.11543279842773438,-0.17163703188769353,1.498,0.3406114676211005,0.6593684210526316
0.10034258697053877,0,0.7089051827052412,3.9816686518045232,5.02388773185357,3.9816686518045232,0.2506236323629354,0.44932929453534987,-0.024746874999999998,0.12372562264648437,-0.04304202001243152,1.404,0.3526159815844285,0.6589473684210526
0.1913447671100048,0,0.6997930878927361,4.031710859229934,5.097422543215383,4.031710859229934,0.2565554205132398,0.48537406388296833,-0.027509765624999998,0.11708339990463257,-0.10528729631703908,1.384,0.3432785852764122,0.6585263157894737
0.10333885279480004,0,0.7058161975617928,3.3861865187430125,4.279974305770037,3.3861865187430125,0.24925293559762643,0.44181571317055307,-0.009204296874999999,0.11585623287216187,-0.07158112600854347,1.153,0.34050103076661165,0.6581052631578947
3.684297176950035,0,0.7068311522674843,7.849543155012611,10.268305752895548,7.849543155012611,0.23393371710269412,0.5342075558498064,-0.004572656249999999,0.14839307050231934,0.21651556853587406,3.024,0.3852453499881601,0.6576842105263158
1.239334849567923,0,0.7005555197959211,5.524543936695409,7.082396390423278,5.524543936695409,0.24061923793053835,0.48909300095093877,0.045130078124999994,0.1394443092515564,0.0035090386436991165,2.078,0.3761396458805227,0.6572631578947369
0.03187444355853675,0,0.6981911365293775,3.6481843354063965,4.584246014846125,3.6481843354063965,0.2465905672571913,0.4998221607704154,-0.004480078124999999,0.1140227277281189,-0.08843187480450464,1.232,0.3377022339696985,0.6568421052631579
0.3621607458147791,0,0.6818087758993918,4.20151508117613,5.3165554641936215,4.20151508117613,0.27783439619210976,0.4782614104021889,-0.0005027343750000004,0.13139750468002317,-0.12386443500722255,1.523,0.3624882859098691,0.6564210526315789
0.41054541312624426,0,0.6375253188902238,4.982390191725313,6.323136438158104,4.982390191725313,0.22598479812736233,0.5054421514073394,-0.009705078125000004,0.11935709544296265,-0.009531305559490659,1.722,0.34561725070426536,0.656
0.26489619174332013,0,0.7062281490943929,3.7622483488124243,4.759833268255138,3.7622483488124243,0.22649416167515155,0.449146812508921,-0.029371484375,0.12204942488998412,0.04115679444781323,1.319,0.3505882328093386,0.655578947368421
0.3196327001633863,0,0.698775995844791,4.201246721404556,5.297276686855652,4.201246721404556,0.2627380982934074,0.4873887237951887,-0.030653124999999996,0.11185741327148438,-0.048856141058896546,1.411,0.33585268696818554,0.655157894736842
0.2923789586554437,0,0.7068256220298573,4.324720775923019,5.469295945329906,4.324720775923019,0.23743184205439763,0.4830752385946415,0.032451953125,0.11844641253524779,-0.097331083425139,1.495,0.3456870576068404,0.6547368421052632
3.0969100807187946,0,0.7447278146930494,9.378242280302196,11.955578436419797,9.378242280302196,0.2235667017692621,0.5103858540518206,-0.02071875,0.1433448169921875,-0.20444404429133858,3.556,0.3791755313753117,0.6543157894736842
0.09475671611425929,0,0.6934237642487111,3.8103147538167224,4.779742333002375,3.8103147538167224,0.26823361272448426,0.5237648689654151,-0.019531640625000003,0.10603785290512087,0.03848483215988052,1.243,0.326219769312997,0.6538947368421053
-0.200958232575418,0,0.7099473676255769,3.3674819742032556,4.196179035655849,3.3674819742032556,0.28703126603778045,0.48427071854113246,-0.011440234375,0.11227197142807008,-0.023150956612565363,1.129,0.3352653432590744,0.6534736842105263
-0.01374359127658309,0,0.7221298175288128,3.550767244673889,4.456475348015974,3.550767244673889,0.23815604743003585,0.4943682674536689,0.005752343750000003,0.11247379882263182,-0.07588076263227103,1.191,0.33542046491120664,0.6530526315789473
0.24431445636020088,0,0.6916412858339315,4.463254650273046,5.588030001142177,4.463254650273046,0.22060701137701963,0.44363029747561855,0.008048046875000001,0.1202277371446228,-0.04376815664080281,1.548,0.3468321037665415,0.6526315789473685
1.8814909928990557,0,0.6782833545020012,7.393688328459546,9.400533149679696,7.393688328459546,0.255219062657712,0.5221497526942811,0.032341406249999996,0.11091769984802247,0.26448835373714075,2.474,0.3346097225220002,0.6522105263157895
0.21904956382951868,0,0.7247890094186767,4.150268468663584,5.263481553030186,4.150268468663584,0.19426884923554277,0.5115816781940453,-0.0387375,0.10027029984375,-0.09853626685107555,1.324,0.3190155070682301,0.6517894736842105
0.676538315342381,0,0.7082313369305522,5.636847032976818,7.08182796470335,5.636847032976818,0.2683921917945129,0.5234000140507278,-0.014564062499999999,0.1167759537084961,-0.106710561644527,1.928,0.34203518185268605,0.6513684210526316
0.828641080985618,0,0.7050426667499213,5.95099240837196,7.581508658565692,5.95099240837196,0.27378628619207973,0.5077454023202405,-0.024000390625,0.1387134636717224,0.011865781363186799,2.221,0.37321506189042664,0.6509473684210526
0.42519851438503053,0,0.7364161347240119,4.867826954744353,6.194143062890062,4.867826954744353,0.21414760488855897,0.48656443482594197,0.010791796874999999,0.11311250079208372,-0.15290761891739912,1.638,0.3364951168618573,0.6505263157894737
0.3352755447977649,0,0.7281235104403649,4.759106003511288,6.002622388822531,4.759106003511288,0.23635177640777671,0.46587610599492824,-0.009592578124999999,0.11967478127304076,0.07911529720881968,1.647,0.3460734009254756,0.6501052631578947
0.2909883720765043,0,0.6864374233772718,4.650214995890437,5.87453319480719,4.650214995890437,0.2324811911361269,0.49472379524207327,-0.024869921875,0.1286600397203064,-0.12014574840506166,1.672,0.3595532682849302,0.6496842105263158
-0.00950815325462706,0,0.7455087346348177,3.503351474943236,4.38602525546858,3.503351474943236,0.21670317252997218,0.4108146877414812,-0.069087109375,0.13719169514633178,-0.07266257665283374,1.32,0.37678206410088716,0.6492631578947369
0.6308428243208768,0,0.7169243367954886,4.426131278483004,5.670254575874366,4.426131278483004,0.25623231125858675,0.5011941677286237,-0.022959375,0.13526022569335938,-0.15829403570823658,1.631,0.36849336302537394,0.6488421052631579
4.595865484700661,0,0.7268868593768748,7.912261151278724,10.617838163758949,7.912261151278724,0.18008888507754178,0.5448378700671977,0.018465234375,0.13876225816635132,-0.45439130152264356,2.951,0.37296544484291705,0.6484210526315789
0.019256548627665904,0,0.7000421154138677,3.413838298324193,4.287404274618123,3.413838298324193,0.28119561231183,0.4451837048265686,0.009898437500000001,0.1288739060913086,0.014466051812381425,1.226,0.35912655868962123,0.648
0.1548243417506483,0,0.7287089836451619,3.3064334793960453,4.190356443933268,3.3064334793960453,0.23700869500396518,0.46667460970997765,-0.008280859375,0.11672993869613649,0.03710066476602946,1.13,0.3417579718574608,0.647578947368421
0.26639587989681823,0,0.7411990247916633,4.181797997500099,5.290636572033152,4.181797997500099,0.23590751563551585,0.467437352617441,0.013583203124999998,0.12254504854598999,-0.08853552739789704,1.465,0.35032777787826785,0.6471578947368422
0.9314538197840219,0,0.6963008194027521,4.960225385100205,6.356371082908954,4.960225385100205,0.26491586981230064,0.45127641484131736,0.0223109375,0.1375558580053711,0.08084935514800727,1.843,0.37155569695201823,0.6467368421052632
-0.09399640188620229,0,0.6958291692948183,3.670177347972545,4.563834528584741,3.670177347972545,0.2773630562326176,0.4372694112962897,0.025354296874999998,0.12022958814559936,-0.06655264981784523,1.276,0.3476671231445749,0.6463157894736842
0.3266146428115797,0,0.7484400032683026,4.418348980783739,5.612591874174739,4.418348980783739,0.30293877858428603,0.4901351271271898,-0.008624999999999999,0.11533505468750001,-0.06189818595510958,1.501,0.3397196569415729,0.6458947368421053
0.20057779391262542,0,0.6635956916494462,4.048916952203207,5.09418441563053,4.048916952203207,0.2322686776127493,0.5377050897752341,-0.01007890625,0.1102470164300537,-0.03572484282433679,1.345,0.3321875987770314,0.6454736842105263
0.24929268520741443,0,0.7112459828871599,3.95798094429407,5.033459813728872,3.95798094429407,0.2618485609796801,0.5118612265928275,0.0394203125,0.10815901239990236,0.03300624779969038,1.311,0.3312294875724382,0.6450526315789473
1.1408299631754701,0,0.6845108093610343,5.673527421077151,7.257769224517122,5.673527421077151,0.2524897653661569,0.5266231997115689,0.031855078125000005,0.13056360048202514,0.05492898602917114,2.058,0.3627372967925617,0.6446315789473684
3.5442228365227955,0,0.7116794623287948,7.249235892381452,9.522606546235112,7.249235892381452,0.2628961088043506,0.5121804437664008,0.026419921874999995,0.1636690178062439,-0.2560548647419285,2.939,0.40542203945780375,0.6442105263157895
-0.02841631452779758,0,0.6591689276153881,3.916718316619818,4.900343441683825,3.916718316619818,0.29891305145317193,0.463389727963663,-0.024136328125000002,0.12265999977401734,-0.06445433330621944,1.375,0.35105920029159615,0.6437894736842106
-0.04815282598676207,0,0.7455177856686058,3.4694321455181405,4.35,3.4694321455181405,0.24413167604024064,0.47125465905440295,0.006998437499999999,0.10622046718505859,-0.05506061064202516,1.131,0.32598994664329756,0.6433684210526316
0.14922711103685327,0,0.7392568502095046,3.539906013286111,4.495539135805224,3.539906013286111,0.28132547796774954,0.5111334275834561,-0.007461328124999998,0.11106133991073608,0.08976170877168853,1.18,0.33334218354136486,0.6429473684210526
0.30707213865373006,0,0.7301224795446457,5.172259414757714,6.502072983976395,5.172259414757714,0.2665108684392659,0.5098299144456422,0.04461835937500001,0.12401332505355836,-0.10916707943895601,1.836,0.3549705946228152,0.6425263157894737
0.33875184729097585,0,0.722005760461903,4.300906605543615,5.455893254262417,4.300906605543615,0.2237924641537883,0.46499304276227743,0.00823125,0.1283086644921875,0.06504097687113894,1.541,0.35829655031656393,0.6421052631578947
0.1575527506716794,0,0.710314258431984,3.6447385552169553,4.628381462210954,3.6447385552169553,0.2545831302435466,0.5095293273547908,0.010710156250000002,0.1134030941156006,-0.06403964980016366,1.228,0.3369240293634457,0.6416842105263157
0.7076824165734235,0,0.7616092489202222,5.205626977504555,6.629065061958778,5.205626977504555,0.23997993218815852,0.5407166746762303,0.02053203125,0.10989580522399903,0.05847787328399749,1.729,0.3321405869978103,0.6412631578947369
0.0832141847389054,0,0.7076371252012356,3.6741976719123897,4.632315527225323,3.6741976719123897,0.24226043214954446,0.4953059759800013,0.012470703125000001,0.11264349054794312,-0.11312848761796779,1.234,0.335855637118651,0.6408421052631579
5.026076135175272,0,0.68845849196844,6.64954833513827,8.956906549867501,6.64954833513827,0.2042834951478817,0.5675420436479914,0.022211328125000002,0.16437726276229858,-0.09411800488405284,2.7,0.4060426158168315,0.640421052631579
0.3375390093567736,0,0.6871416665217268,4.04409659649405,5.137664244292741,4.04409659649405,0.2684773819706191,0.5170089888921844,-0.015269531250000001,0.11402678047790529,-0.0511218937455155,1.367,0.3380235776724754,0.64
0.31185544159742484,0,0.7415646504506227,4.078020993230506,5.141475547865315,4.078020993230506,0.2982437552587293,0.43506357935388795,0.004703125000000001,0.1463135782714844,-0.046893363657156614,1.56,0.38253849173155113,0.639578947368421
-0.08035979393941917,0,0.7164847612727481,3.386521523338401,4.2483964943945445,3.386521523338401,0.24695839961206723,0.47583203091509846,0.0002476562500000012,0.10474014569763183,0.005341030915017385,1.096,0.32363591739986153,0.6391578947368421
0.44790415375186354,0,0.7431732795841961,3.932734762118588,5.036315528709824,3.932734762118588,0.25481169098009737,0.4242699213112642,-0.018942187500000002,0.14376320056396483,-0.05019480716544007,1.493,0.3796340435620204,0.6387368421052632
0.12010201021128042,0,0.7648899907807104,3.766839672993149,4.736371988205501,3.766839672993149,0.28889465375169654,0.45063990750764665,0.026921484374999992,0.11966703250717163,0.07893624939743811,1.307,0.34697521356449224,0.6383157894736842
0.13452096722598483,0,0.7233288678940667,4.098071026374145,5.14720877888121,4.098071026374145,0.223734226395468,0.43754368518593756,-0.037221484374999995,0.11498840524154663,0.024736926713108186,1.398,0.34113610794025456,0.6378947368421053
0.27390596117668276,0,0.7830225286248197,3.7909670762666443,4.818295227355679,3.7909670762666443,0.24350738968025537,0.4364251713624188,-0.017960937500000003,0.1325746750366211,0.011005605465572867,1.382,0.36455077878465714,0.6374736842105263
2.79291238276834,0,0.7521964179068025,6.938273486161774,9.030624798053008,6.938273486161774,0.23005933680417318,0.5298645861260133,-0.0032445312499999983,0.11765549879821777,0.13838929998838978,2.38,0.34302481802524143,0.6370526315789473
0.14288837836558166,0,0.7499807186410204,3.6722496956832438,4.620405021063661,3.6722496956832438,0.21374292470321954,0.4518398811105587,-0.012729296875,0.11868900992294311,-0.06512832050184636,1.266,0.34474779900947156,0.6366315789473684
0.3814990416513764,0,0.7350545054474584,4.92545922972154,6.260913189194461,4.92545922972154,0.2686696740328914,0.424284555737219,-0.0006410156249999986,0.1269577973020935,-0.10270407816684092,1.755,0.3563119534945818,0.6362105263157894
-0.0736172961222521,0,0.7298024712885538,3.5200896122580367,4.390976821558949,3.5200896122580367,0.27592428882588826,0.4394846346248008,-0.014865234375,0.10856101504135132,-0.0345524291317007,1.161,0.32982114885855185,0.6357894736842106
0.13638277181158998,0,0.7437116588606381,3.532281780940668,4.46351039229388,3.532281780940668,0.24854372875120478,0.4250429851339094,-0.030804296875000005,0.12934067615341185,0.005330253932054181,1.275,0.3609564805615422,0.6353684210526316
0.5354704900007956,0,0.7882273015096223,4.129634451471591,5.30774557653313,4.129634451471591,0.285248094775081,0.4200080215354215,0.012705859375,0.1317733412156677,-0.018949053177400706,1.5,0.3632282754386352,0.6349473684210526
0.3598396443460832,0,0.773915972966075,4.81201465556022,6.095955875305015,4.81201465556022,0.2990918401949678,0.39925485935889754,0.04194140624999999,0.1288415512542725,0.061666221748166924,1.739,0.36138709552569803,0.6345263157894737
0.24346354785983904,0,0.7347355630907242,3.61429883871876,4.593176465101094,3.61429883871876,0.2518071022784689,0.4375543031139421,0.0025421874999999993,0.11599620837646482,-1.2290157789999498e-06,1.231,0.3405916485966002,0.6341052631578947
1.1417353698749029,0,0.7671713250741221,5.07227483666928,6.590533815807538,5.07227483666928,0.2857150291623042,0.4102717128628378,0.007745703125000001,0.16232886228622437,-0.08216173861339061,2.044,0.40297500940272335,0.6336842105263157
0.17689800747273043,0,0.7108299345317219,3.7439959715622906,4.733024778851619,3.7439959715622906,0.25113370294989856,0.39759329282626565,-4.296874999999353e-06,0.12752404177841187,-0.08237026338768202,1.337,0.35710508508963434,0.6332631578947369
4.219335864220792,0,0.7316591249824942,8.748267159456722,11.343553240929698,8.748267159456722,0.23104280802223093,0.49231008964042916,-0.022586718750000005,0.13809884404235842,-0.3237711467218356,3.257,0.3723023017740423,0.6328421052631579
0.87621323840535,0,0.7768851748094789,5.203423630518614,6.651151523069931,5.203423630518614,0.3137412170986875,0.47095518262576475,-0.0291015625,0.1337495123413086,0.06733066082231787,1.909,0.36687383837124443,0.632421052631579
0.7747468981986465,0,0.7576727190973758,6.318958926592541,7.968165452398138,6.318958926592541,0.27900105715656326,0.46675301697043114,-0.004796484375000002,0.11779944100326536,0.07969223684339502,2.169,0.34325274545970497,0.632
0.19044543859618557,0,0.8123267494049493,3.442144758842228,4.348153637318729,3.442144758842228,0.24236587677890073,0.4089312502477072,0.036698828125,0.1284264245298767,-0.06936396606737887,1.24,0.36024051481701086,0.631578947368421
0.8364964926427079,0,0.7349956459608106,5.663015383898558,7.312639397597757,5.663015383898558,0.26084235625900715,0.45493685024084973,0.05346992187499999,0.1338690967515564,0.11073492859638963,2.094,0.36976766935046523,0.6311578947368421
0.18569339581471844,0,0.7570649182185262,3.9946489903285793,5.033816950549687,3.9946489903285793,0.2842798646824971,0.44510871851051514,-0.02516875,0.1176751074609375,-0.015830403238036504,1.374,0.34396013350023574,0.6307368421052632
-0.00427134764605297,0,0.7133384288293966,3.4543590758119214,4.348625550133555,3.4543590758119214,0.25394625612329075,0.3802100480719203,0.0057203125000000014,0.13070168974365234,-0.018379315987893594,1.249,0.36157213902449675,0.6303157894736842
0.024926069583418364,0,0.7593551716278023,3.9534272516605506,4.946953763881855,3.9534272516605506,0.27231809459419143,0.42212373996924063,0.032269921874999996,0.11111619003280641,0.024590477514128233,1.324,0.33489929514799666,0.6298947368421053
-0.09754813387900052,0,0.795771775780795,3.6565557779516995,4.560051543135794,3.6565557779516995,0.3096799553728602,0.4233294489840279,0.005137890625000001,0.12041584622055054,-0.023477272615932417,1.269,0.34704789891400434,0.6294736842105263
0.08038294331219431,0,0.7850037524329767,4.069312575886542,5.101522766753274,4.069312575886542,0.26959578217255026,0.4509750661306843,-0.018880468749999997,0.10694809274353027,0.002950067053265694,1.333,0.3275737548152324,0.6290526315789474
0.19002574043646225,0,0.7785420964476303,4.084039351173223,5.1598647842084775,4.084039351173223,0.28083309882354773,0.3989181299865167,0.012399609374999999,0.1340248789842224,-0.11276932707967185,1.496,0.3663040121222739,0.6286315789473684
0.09996362655445745,0,0.7558838005787927,3.8493341984317313,4.869640892993122,3.8493341984317313,0.27561132663397564,0.4473712133209841,0.0256453125,0.10631680779052735,-0.007647096065477928,1.259,0.32706954893990053,0.6282105263157894
0.25598314552530566,0,0.7366050451828594,3.666324091251932,4.679214513827546,3.666324091251932,0.31324243679669744,0.4093734147338199,0.007209375,0.13452874991210936,-0.10777059214589393,1.345,0.3668524567179563,0.6277894736842106
0.07083441326143713,0,0.8098075816407811,3.724761292744201,4.68547109573888,3.724761292744201,0.21878244592334023,0.40602736100722375,-0.012390234375,0.11775473326400757,0.029979847756528642,1.279,0.34337770919480926,0.6273684210526316
0.20030652154503104,0,0.7709228902543769,3.8274307274354205,4.807657806251483,3.8274307274354205,0.2934732278454046,0.4222860344889481,0.00810546875,0.11494406387634278,-0.015766431138386532,1.298,0.3391308928717642,0.6269473684210526
2.4682146575300585,0,0.7733972830951678,7.80713709270125,10.161697029651291,7.80713709270125,0.2782996899891908,0.40705250695212086,-0.012855859375,0.1672080397703552,-0.24587598614356093,3.194,0.40911283637967777,0.6265263157894737
0.17394513362379938,0,0.762480834259849,3.4380035061970884,4.37677329925711,3.4380035061970884,0.23245504081594104,0.4266504706492592,-0.00493203125,0.13493225709899903,-0.06466477808985914,1.263,0.3673643722943884,0.6261052631578947
0.09641409287896563,0,0.7623825439864574,3.9876855666594495,5.031964710421907,3.9876855666594495,0.24418493674867633,0.40622021372279077,-0.016356640625,0.1341490685105896,-0.13489714581434564,1.462,0.36662870619077964,0.6256842105263158
0.030584912922642093,0,0.733729280767393,3.5941479446779674,4.504691006351283,3.5941479446779674,0.2835132779432551,0.41373666527253056,-0.0219609375,0.1253605453491211,-0.03483925606622534,1.275,0.35474332710426,0.6252631578947369
0.22719323207701603,0,0.7512853744139417,4.927459954318423,6.180159315409182,4.927459954318423,0.3021356672022252,0.43032027938815093,0.025182812499999995,0.12149518767333985,-0.1134989803729084,1.722,0.34947011563043556,0.6248421052631579
0.17813683905771027,0,0.7605302908220161,3.5542127196937288,4.487707274098297,3.5542127196937288,0.27802578966980995,0.4407342623944522,-0.0018308593749999983,0.10910283037582398,-0.030424240026673672,1.174,0.3303122498816461,0.624421052631579
0.0883978464436983,0,0.7228910303257164,3.64688646024007,4.575847733765287,3.64688646024007,0.24395565869889788,0.4624618661478916,0.046887109375,0.11285379545883178,-0.04953003640786101,1.237,0.33919344994320716,0.624
0.45646216461857625,0,0.6829927271035209,5.093133253869299,6.460544794793011,5.093133253869299,0.2579519545690804,0.4499652934605136,-0.0035878906249999995,0.12076196258773804,-0.0035159063341305224,1.77,0.34752674076518913,0.623578947368421
0.10984196113812716,0,0.771207543924404,3.7329800520478327,4.707192479265537,3.7329800520478327,0.28842681465171444,0.36670128754883496,0.022391796875,0.14419754766708376,-0.030549852039188887,1.42,0.3803931390474531,0.6231578947368421
0.07621463707441567,0,0.7872024950084563,3.617871204788726,4.543675936481006,3.617871204788726,0.332783347893169,0.3938760054458842,0.030453125000000004,0.13605190952148435,-0.04605650341771608,1.339,0.3701071498144152,0.6227368421052631
0.6829405324298539,0,0.8219141462618809,5.819942019607148,7.431797901234086,5.819942019607148,0.29569910388636617,0.39943272671517666,0.026984765624999997,0.1467465962522888,0.10138549550796673,2.235,0.38402444431067795,0.6223157894736842
0.37206214880482147,0,0.8078129628224795,3.9248448098599793,5.009784735812134,3.9248448098599793,0.2170249698003221,0.41094130208280966,-0.0006675781249999974,0.11362476723007202,-0.07638379160283072,1.323,0.33708339159713135,0.6218947368421053
0.05151594515030444,0,0.768603332661315,3.560061818798029,4.458138874605685,3.560061818798029,0.2382688765294662,0.3537933439992436,0.022387890625,0.13927749368148806,0.07108632638946248,1.331,0.37386991230657357,0.6214736842105263
0.24463581079318608,0,0.7768156071651846,5.104120536991652,6.479700313860484,5.104120536991652,0.28401941434256667,0.47038677091148157,-0.003787499999999999,0.11091743921875,-0.008911995852006862,1.7,0.3330642346079807,0.6210526315789474
0.1152770531342946,0,0.8203147796631318,4.453163826153981,5.556626341243498,4.453163826153981,0.3086250629617574,0.37852536961440164,0.015589453124999996,0.14790104512313842,-0.03164762323309091,1.714,0.3848948897710581,0.6206315789473684
0.08618672408400885,0,0.7794900122144515,3.6366402395466815,4.5741534444097525,3.6366402395466815,0.22490207325399042,0.40322375553040957,0.0107109375,0.1197387922241211,0.021124060148661826,1.259,0.34619866609542277,0.6202105263157894
-0.00836985245196109,0,0.7491483744581386,3.5223095225133427,4.4142177643882405,3.5223095225133427,0.29060945400998844,0.41547864645954213,0.0453359375,0.10398516136474609,-0.06473659157470374,1.147,0.3256386165579107,0.6197894736842106
0.6671159710547485,0,0.7761974236449651,4.496377638366508,5.774871885492137,4.496377638366508,0.31982529286887285,0.3813390342540672,-0.005192187499999999,0.13203524665771485,-0.053059285703161846,1.634,0.36340363986722807,0.6193684210526316
0.03716067654331079,0,0.8043474721527484,3.608844717221318,4.559101330987642,3.608844717221318,0.29054926151256427,0.40378500648248455,0.013960156250000003,0.1169160695062256,-0.10137943916117137,1.235,0.34221477973452574,0.6189473684210526
0.3447254457595812,0,0.7520937136923843,4.794742003189626,6.080980616148978,4.794742003189626,0.25696598289623573,0.4387422608735784,0.007518749999999999,0.14625150277343751,-0.04907180311023098,1.834,0.382502332509228,0.6185263157894737
0.0796843607589861,0,0.7418164711312747,3.6635035559542226,4.631655420037163,3.6635035559542226,0.24884234188787163,0.4119667805170824,0.017064062499999998,0.12466170683349609,0.052011684911740595,1.295,0.3534867593878164,0.6181052631578947
-0.023256850620795966,0,0.8085805003648671,3.994951533767646,4.987239611735195,3.994951533767646,0.26361680245540564,0.39093017846281247,-0.037560937499999995,0.1265395111303711,-0.05750339034201933,1.429,0.3577014609367007,0.6176842105263158
0.16591164925459267,0,0.7753373205012699,4.590897359841265,5.814068804401724,4.590897359841265,0.29479636849686397,0.4104978721572052,-0.011949609374999998,0.11695729003890991,-0.0029291726998618953,1.571,0.3421988942166894,0.6172631578947368
0.2613240439651552,0,0.7899509117337591,3.629833605331659,4.569541331018641,3.629833605331659,0.32045812131269075,0.38413220314712326,0.024191406250000002,0.13753283445739747,-0.011863524877501992,1.349,0.37164237997536015,0.6168421052631579
-0.033741673649919424,0,0.7508624689569303,3.5050236314512024,4.387477893047934,3.5050236314512024,0.2742422314073553,0.43573178851713495,0.023122265625000003,0.12101691356674196,-0.004796420073978565,1.222,0.3486424425315641,0.616421052631579
0.7326843530813352,0,0.7243645375247808,4.730049820746972,6.020932560250103,4.730049820746972,0.2383680029912072,0.46311325861939145,0.029131640625,0.13030587759262086,-0.10743466828280916,1.713,0.3621526336755333,0.616
-0.03472522083269691,0,0.8131120893551733,3.597487365551393,4.503406551479805,3.597487365551393,0.28484665761054273,0.3768216563788927,-0.019509375000000002,0.12840101788085936,0.1317369153319766,1.291,0.3588615799911576,0.615578947368421
0.10827909480410369,0,0.7705332225271416,4.033839044894095,5.074738030170216,4.033839044894095,0.24306108924089265,0.4305395388398165,0.02810859375,0.11692578586364746,-0.005791537943437839,1.384,0.34309747726593676,0.6151578947368421
0.007624940026493832,0,0.7961056487523842,3.4564091433509914,4.343198778258531,3.4564091433509914,0.24225451152152505,0.37805882455834267,0.001477734375,0.13120522762924197,0.0351514569519834,1.252,0.36222563593446144,0.6147368421052631
0.37620420021355727,0,0.7509299468822113,4.519423629105452,5.718257583426123,4.519423629105452,0.24600136103867745,0.3785275748200151,0.022129296875,0.13361063836044312,-0.055929050120738906,1.655,0.3661971383566849,0.6143157894736843
-0.010302925707489585,0,0.7687946700938773,3.2872310964070093,4.119990969791737,3.2872310964070093,0.27622931252427113,0.40106826231357756,-0.024294140625,0.12436426074691771,-0.11487159312667759,1.162,0.3534889899496517,0.6138947368421053
0.07843699348797273,0,0.7643409883161543,3.942365881348003,4.948600448500829,3.942365881348003,0.25809846043502244,0.3952636035151459,-0.022259765625,0.11991333369369506,-0.15108818066867127,1.368,0.3469997562814346,0.6134736842105263
0.1915815422443794,0,0.7961177052174324,3.7885731317901192,4.774866243055477,3.7885731317901192,0.27593479715450303,0.39726591681876117,0.0217875,0.1187219790625,0.13357142725945054,1.308,0.34524871356566994,0.6130526315789474
0.7281980182967862,0,0.7956031489855064,4.315055113471005,5.545820448965705,4.315055113471005,0.2970047309095916,0.4434012449963837,-0.00043632812499999824,0.13714508657089233,0.08592105732911844,1.598,0.3703313070118769,0.6126315789473684
0.5585532284034915,0,0.7932692223544389,5.022203295065444,6.382618761408665,5.022203295065444,0.32909317298742513,0.40547455285668216,-0.01908515625,0.12695306071716309,0.12810613560720435,1.792,0.35681550401608114,0.6122105263157894
0.18872033870704152,0,0.7775781348564763,4.279091779888279,5.365054311004903,4.279091779888279,0.2594255842333845,0.492903524458982,0.026508984375,0.11035169366928102,-0.18161476121072598,1.426,0.3332482856998292,0.6117894736842105
0.024658457596365757,0,0.7809170057907225,3.4770706024552176,4.362331838565022,3.4770706024552176,0.24442078589682814,0.38175963662526974,0.04203125,0.1283006529296875,-0.04585615958509405,1.254,0.360648414534502,0.6113684210526316
0.7471940348914718,0,0.7686616987352315,4.294591849028869,5.529481485613091,4.294591849028869,0.22754095700056626,0.4881857876662428,-0.0019902343750000016,0.13009057138900756,-0.2615014733273861,1.549,0.36068619660568524,0.6109473684210527
0.43228327588173165,0,0.7745760678102901,4.386608194305529,5.61614406630431,4.386608194305529,0.30025958136261577,0.3936304118720469,-0.009801562500000003,0.1160553949975586,-0.11134152459986792,1.495,0.3408100139740615,0.6105263157894737
-0.19010505861703386,0,0.7756833652470949,3.5083727274116887,4.353747183489534,3.5083727274116887,0.30996659544851657,0.36407341687551253,-0.014016796875000001,0.13752781104599002,-0.014418367873178758,1.302,0.37111222243497316,0.6101052631578947
0.5321523474945633,0,0.7724658531109239,4.4669052087420775,5.6919918486701055,4.4669052087420775,0.3141886748748883,0.4218630038437082,-0.032384375,0.15437065616210938,-0.026600728265282512,1.761,0.39423267736991313,0.6096842105263158
0.027536592043121644,0,0.7770920302455022,4.953407360570696,6.169673207316414,4.953407360570696,0.21775388077096025,0.45650824369740206,-0.025952734374999998,0.1230032473753357,0.0660330545309558,1.742,0.35167711298416193,0.6092631578947368
0.033328097895241715,0,0.7912997442977925,3.4570502435078807,4.358028791313513,3.4570502435078807,0.25135279589657816,0.4272385329430778,-0.03177890625,0.11529987924255372,-0.04180430952789087,1.179,0.3410421940537563,0.6088421052631579
1.6745638253305106,0,0.7836191652864085,5.716540429775611,7.400980981882839,5.716540429775611,0.23793400130050463,0.4478099914966591,0.03640390625,0.14436918060974122,-0.026510266932884632,2.182,0.38169939088240634,0.608421052631579
0.12690288644332304,0,0.7519015480482815,4.408468221838692,5.523910856978868,4.408468221838692,0.23862639263213659,0.44735594106031296,0.010050390624999999,0.1306367994139099,-0.04640285930528059,1.594,0.3615768379827793,0.608
0.958749908831865,0,0.7622940834862607,5.844505624476871,7.486532787403652,5.844505624476871,0.3039038250753107,0.506384728913654,0.02227890625,0.13194982455505372,-0.09405629342502833,2.127,0.3639315515570888,0.6075789473684211
-0.09777382502562615,0,0.7678415182648997,3.666412028445005,4.6013416300232635,3.666412028445005,0.23380257994125325,0.4449690895893457,0.00012226562500000128,0.12340965419174195,-0.006397881167763198,1.288,0.35129712372950767,0.6071578947368421
0.08472261592152375,0,0.7634142833356256,4.37574322533226,5.484490237652201,4.37574322533226,0.28287854402069446,0.4383247287472909,-0.00259296875,0.11025570932556153,0.06487339709094841,1.453,0.3320578756971441,0.6067368421052631
0.5367298432968215,0,0.7449421183590116,5.5154016942214,7.009379669791427,5.5154016942214,0.2906349328295934,0.4135577337901322,-0.008205859375,0.1356680587937927,0.1544107403462436,2.032,0.3684228479911025,0.6063157894736843
0.47447995208636895,0,0.7640932673699965,5.250298844702271,6.638183424441516,5.250298844702271,0.2135228271802514,0.4701266262917747,-0.0327359375,0.10625038027099606,-0.010529063024273285,1.72,0.3276003996868746,0.6058947368421053
0.07736668549246772,0,0.7713774576540057,3.67134045047492,4.621546771646334,3.67134045047492,0.22660788465847215,0.4074730945042886,0.009935937499999999,0.11806098027099612,0.05183022657045673,1.262,0.3437436590324249,0.6054736842105263
-0.0043309927155994465,0,0.8292407071740819,3.5228446691877457,4.405551146011101,3.5228446691877457,0.28244676568259813,0.4443471876464971,0.040112109374999996,0.11422910579086305,-0.07222219180124181,1.199,0.34034994800847995,0.6050526315789474
-0.015762014817376713,0,0.7904037758795736,3.4679044439035716,4.339184891002867,3.4679044439035716,0.2767557321471792,0.39529072823940176,-0.00898046875,0.11296734414978027,-0.049940975776262386,1.166,0.3362261039371423,0.6046315789473684
0.1607209089184365,0,0.7890835943294242,3.739237501854956,4.704914566430792,3.739237501854956,0.2758201329864307,0.42212845917283287,-0.023615625,0.11461701631835938,-0.02910588504477722,1.269,0.3393740032213723,0.6042105263157894
0.1010951046538291,0,0.7720369962041758,3.872100468678626,4.861059819481763,3.872100468678626,0.2681051932693439,0.41890679410871456,-0.020482421874999997,0.11969949500350952,-0.04649502965837223,1.342,0.34658191616034295,0.6037894736842105
0.095107361729736,0,0.8217128270054012,3.842035980203314,4.831031814427067,3.842035980203314,0.2496128423530327,0.3710646657078239,0.034341796875,0.12652867497177125,-0.01421530619642706,1.373,0.3573626085426048,0.6033684210526316
0.04918836952608041,0,0.7796553203140812,3.5930117442572787,4.52713038648322,3.5930117442572787,0.24424264830971543,0.4366419040530916,-0.005747265624999999,0.1074582669847107,-0.02785758595363696,1.178,0.32785865559242905,0.6029473684210527
5.331165713161267,0,0.7620448489292676,8.364845670521742,10.980129343564656,8.364845670521742,0.2860183477844639,0.4363636228191467,-0.013607421875000003,0.12368301502304077,-0.2675460971833464,2.944,0.35194911131174206,0.6025263157894737
0.33359038480477166,0,0.7434349877743746,4.167313408892157,5.3101008221688835,4.167313408892157,0.2621095233209748,0.43468137442661386,-0.021319140625,0.10433349932113647,0.011303630954197041,1.349,0.3237097543759301,0.6021052631578947
2.4174961407503597,0,0.7939422179054606,8.220771960916807,10.553046871312366,8.220771960916807,0.24291143863284098,0.49699248688069114,0.005562109375,0.12287213832992554,0.0619558857169696,2.882,0.350575349091497,0.6016842105263158
0.00672647698159734,0,0.7348856189821599,3.5141832242689492,4.425600264553389,3.5141832242689492,0.2518914795578305,0.3961381554741423,-0.01521015625,0.1108049527093506,0.043368232540483095,1.171,0.33322110011597406,0.6012631578947368
-0.019978146932511542,0,0.811785149535889,3.4599767446519394,4.350145406363464,3.4599767446519394,0.291116164724982,0.41028565475799744,0.04283046875,0.11546347907165526,0.038666507324455236,1.185,0.3424878510619026,0.6008421052631578
0.13941148709716078,0,0.7941639707588248,4.319021334589366,5.4284160824152226,4.319021334589366,0.2242193092896352,0.4432059019802421,0.00820390625,0.11767315060974122,-0.0951072521596655,1.482,0.343133289972716,0.600421052631579
0.24661534971523302,0,0.7947470813404005,4.501123228947342,5.680610612117462,4.501123228947342,0.28684245638706607,0.38318528483329467,0.01113984375,0.1249721624749756,0.09281095294953758,1.592,0.353689494604731,0.6
0.18404569763748935,0,0.8197343822564128,3.821240363706277,4.828442878686537,3.821240363706277,0.29626350494610937,0.47137932411563643,0.016583203124999998,0.12676646495223998,0.06629758427222163,1.362,0.35642876929075884,0.5995789473684211
1.1495376472458867,0,0.7839363876297133,5.600854193143608,7.175996492180486,5.600854193143608,0.2891010794950989,0.5216155794253525,0.049272656250000005,0.14465437253356933,-0.12577090756959688,2.148,0.38351292962232714,0.5991578947368421
0.166565990911427,0,0.7778244273069044,4.208603118913531,5.298079278145973,4.208603118913531,0.28514032794471184,0.40779138999059755,-0.005589453124999999,0.11509662793563842,0.05132680524358017,1.428,0.3393049806912286,0.5987368421052631
0.33034494308162454,0,0.7830211135144802,3.8230176018390796,4.853056081745393,3.8230176018390796,0.28517320418544384,0.4095126683923304,-0.03385859375,0.11716835109802246,0.0537717001093715,1.315,0.3439691199348424,0.5983157894736842
0.07712784122210925,0,0.7875408320019588,3.868426481944328,4.87591333495469,3.868426481944328,0.2661690652540457,0.3583531787359593,0.012160937500000002,0.1386105061303711,0.06455998087706928,1.441,0.37250287855431397,0.5978947368421053
0.33957341183422285,0,0.7618228998973466,4.208830419660297,5.3285796675929324,4.208830419660297,0.2855262585404011,0.44818509113352045,0.007703906249999998,0.14229742482849123,-0.013442445892308254,1.588,0.377301967924897,0.5974736842105263
0.07123224760925106,0,0.7833011783398061,3.9104444763446056,4.886809302648198,3.9104444763446056,0.19433459215378382,0.42092320575905723,-0.004303906250000001,0.11409927560974123,0.015749395913615,1.321,0.3378132608687084,0.5970526315789474
0.2040784164915017,0,0.7612747406225195,4.651525740480764,5.849495323885318,4.651525740480764,0.3295771939981887,0.38581431476120964,-0.001455078124999999,0.12521647141952513,-0.07428594855775295,1.646,0.3538623866305587,0.5966315789473684
0.3009221189661897,0,0.7882137430743887,5.273477521694775,6.700036651410683,5.273477521694775,0.2731318015192067,0.39054266812941985,0.006773046874999999,0.14064255357040406,-0.1050946635750626,1.978,0.37508456077846636,0.5962105263157895
0.11296106905900771,0,0.7732002802025377,3.7245954552975036,4.67241178045883,3.7245954552975036,0.2592080963195208,0.4316140414747738,-0.021587890625,0.12685253055648804,0.04156660484136219,1.329,0.3568172747753744,0.5957894736842105
0.32175342142191843,0,0.7909182578407793,4.098593368168439,5.208831795354589,4.098593368168439,0.29378080494136205,0.359113043336898,-0.03180625,0.1260547741796875,-0.010911138640109591,1.461,0.3564637593343116,0.5953684210526315
-0.0460841533500882,0,0.7869154840092459,4.074961432851952,5.087984669898614,4.074961432851952,0.2766730724907068,0.41248791252695677,0.011584765624999998,0.12181045531478882,0.04361078871575561,1.423,0.34920575898655365,0.5949473684210527
0.3608811672919652,0,0.7625129406151289,4.485308124836529,5.683635045342802,4.485308124836529,0.29618597561930954,0.34913777512924177,-0.06006171874999999,0.1363511118157959,-0.170369241175176,1.678,0.3741103070953806,0.5945263157894737
0.05295718545291006,0,0.7448397842787663,3.732533289624105,4.70099856293353,3.732533289624105,0.33544074066403484,0.3983467809435465,0.00021992187499999955,0.1294626473374939,-0.10731057818568528,1.343,0.35980924905166767,0.5941052631578947
-0.11056393681899479,0,0.7583700269202743,3.1384587566945057,3.9231403984439464,3.1384587566945057,0.2731277966572264,0.3663047317988731,-0.023648046875000002,0.12340366323837282,0.012853105492075202,1.105,0.3520836454017355,0.5936842105263158
0.3646853472165672,0,0.7169924266361394,4.531920411847624,5.714076209778539,4.531920411847624,0.27421294916389616,0.43720622900781414,0.004355859374999999,0.11276950969223024,0.020275665506956874,1.522,0.3358399666554369,0.5932631578947368
-0.14475273080106588,0,0.7861651237723541,3.525993326455191,4.377477649499696,3.525993326455191,0.26909395807862,0.38761366377492235,0.007359375000000001,0.11577009584960937,-0.07934916076819819,1.2,0.3403296288159466,0.592842105263158
0.5499040983601762,0,0.7949076905190844,5.009866332231531,6.418025712079227,5.009866332231531,0.28418635675377224,0.4475591543818511,-0.010550781250000002,0.12414804351501466,-0.06689378816477241,1.766,0.3525044148659702,0.592421052631579
0.13065896252539488,0,0.8105880416664929,3.453917441474066,4.373526497420302,3.453917441474066,0.3219835835672761,0.2976189865980507,-0.00036289062499999906,0.15277182182601928,-0.12222454031647643,1.35,0.39086052949309813,0.592
0.20972278143127676,0,0.7206980900700201,4.208922377478189,5.287488295073853,4.208922377478189,0.268877742449987,0.38320891812331537,0.024348437499999997,0.1473697231225586,-0.22713673324174613,1.619,0.3846590302218967,0.5915789473684211
0.24995958880525082,0,0.6898744190220599,3.6788911365030583,4.661374064863852,3.6788911365030583,0.299565600842869,0.4277210805216289,0.00039648437499999797,0.11087603537826538,-0.02884595038553945,1.225,0.3329807690815267,0.5911578947368421
-0.03546842747571688,0,0.7784728800135854,3.8756650464276476,4.858677669756154,3.8756650464276476,0.316510969903732,0.39879631631618695,-0.017239843749999997,0.12211560888122559,-0.12932523422961795,1.356,0.3498754365395633,0.5907368421052631
0.22264593563622137,0,0.7859663518655811,3.8504922214572255,4.894680424399315,3.8504922214572255,0.2705332302694348,0.40286247902663164,0.003530078125000001,0.11591141159530641,-0.03504065264580779,1.311,0.34047595076139375,0.5903157894736842
0.6096024881504984,0,0.7197970400356988,4.554772158527561,5.808790623067215,4.554772158527561,0.3472622930584495,0.3959424740697083,0.018167187499999998,0.15671386267333984,-0.0436126143998744,1.805,0.3962876598823133,0.5898947368421052
0.05566192612496579,0,0.7633144592872678,3.7892004524368437,4.782599620097272,3.7892004524368437,0.23793271268519992,0.4351940472395302,-0.014338281250000001,0.10914144103454589,-0.036045440124176285,1.253,0.3306766204976548,0.5894736842105263
-0.009823721679521391,0,0.8038569097013462,3.9108225839655115,4.917463981656471,3.9108225839655115,0.30672856871975573,0.4291594940545233,0.014222265625,0.12126393770736694,0.05123541117549111,1.363,0.34852002890346917,0.5890526315789474
0.10678459430895959,0,0.7954531018214965,3.507974257460021,4.435138690729863,3.507974257460021,0.26954153667875963,0.3993818960369528,0.00346796875,0.13922876928649902,-0.07396236083514836,1.309,0.3731498306227004,0.5886315789473684
0.08982436761565715,0,0.8162507748032644,4.750605353455149,5.938399262386893,4.750605353455149,0.27877744796838844,0.4097954844384186,-0.013414453125000003,0.12236251143173218,-0.06341823018103718,1.663,0.35006065043699924,0.5882105263157895
0.1882113357716726,0,0.7472482698158384,3.463478147161764,4.384481975419234,3.463478147161764,0.34063991574134567,0.3185791772937626,0.026778515625,0.15031360446029662,-0.021421238091353406,1.346,0.3886266760779231,0.5877894736842105
0.44451796239535213,0,0.7833126972163803,4.218742268337892,5.40829730319033,4.218742268337892,0.274406246439068,0.4151032604057342,-0.01179765625,0.14172795280700684,-0.045030566232014346,1.589,0.37665254213930377,0.5873684210526315
-0.04032576733511162,0,0.7947195450714588,3.578835337460174,4.482017606056308,3.578835337460174,0.2624867563546389,0.374372865902732,-0.040650781250000004,0.12706768664001467,0.027180387854945243,1.284,0.3587759365624317,0.5869473684210527
0.2500152262265196,0,0.7708634745422138,3.821490976181009,4.8729013571526325,3.821490976181009,0.24306951552544157,0.3547735379545408,-0.0431375,0.12535055687500002,-0.08821685389762934,1.363,0.35666707274606946,0.5865263157894737
0.22101416874567237,0,0.7824870456945614,4.019036951116658,5.057062037365905,4.019036951116658,0.2421034074294717,0.4320060310321695,0.028035546875,0.11986387256454467,-0.07145024248071069,1.396,0.3473468935417805,0.5861052631578947
6.50371007076815,0,0.736055325296461,9.47257290763315,12.277161681956674,9.47257290763315,0.26901717003718195,0.47271931064759015,0.0071605468750000015,0.15334397461532592,0.13119137188714233,3.71,0.39165705412627894,0.5856842105263158
1.168138018225692,0,0.74022493802742,5.570420413666187,7.106163444299773,5.570420413666187,0.23978401692990914,0.5132185433480049,-0.007857031249999999,0.11911257018493653,-0.02929757895695256,1.923,0.3452163135267509,0.5852631578947368
-0.1831985820919435,0,0.7814842927395276,3.6048081612538634,4.4784286215363025,3.6048081612538634,0.2786284954989174,0.43456303523032647,-0.015956249999999998,0.11000692074218751,-0.062321699268061116,1.197,0.3320565052159798,0.5848421052631579
0.09067355381120734,0,0.7736896205398246,3.7530767778286926,4.769774261747256,3.7530767778286926,0.21821753649994766,0.400087578001816,-0.00014375000000000049,0.13247271371093752,0.019406086080306705,1.366,0.3639680403208502,0.584421052631579
0.4300363481452911,0,0.825292557976159,4.387993420201508,5.629722713669207,4.387993420201508,0.3017771087428631,0.38681801941870286,0.0043609375,0.13227306034912106,-0.11405835814986437,1.596,0.3637197796724836,0.584
0.01885505190255543,0,0.7375330305610635,3.5929544802312074,4.520812157427004,3.5929544802312074,0.2685528304205614,0.44644701690227834,0.011703515625000003,0.11215521561264037,-0.0355199399962046,1.204,0.3351002654290578,0.5835789473684211
0.2935608000406864,0,0.7724974813563377,4.7730137368666865,6.00216531137817,4.7730137368666865,0.2841009438761472,0.4505284244489494,0.049096484375000006,0.12251322311264037,-0.04279016596319787,1.687,0.3534454524967396,0.5831578947368421
5.822194587225635,0,0.7604149038122738,9.342060460731705,12.11840303381439,9.342060460731705,0.2909051618160854,0.3942250172031658,0.007410937500000002,0.14803054597412107,0.1351734322898593,3.595,0.38481874690398077,0.5827368421052631
0.7138994902370435,0,0.7829162887004955,4.75392538523317,6.046821444923541,4.75392538523317,0.28480316759283253,0.4313504302804726,0.0024730468749999987,0.12133722349227907,-0.15003256428231126,1.656,0.34834370878935794,0.5823157894736842
0.13349226981805984,0,0.7516241719041894,3.7301479462598595,4.699760664507955,3.7301479462598595,0.27878957439870644,0.39524703807596084,0.026345312500000002,0.12151489013427734,-0.047566485034645424,1.304,0.349583989371653,0.5818947368421052
0.03030077898159922,0,0.801725332629477,3.6426553843345455,4.592906056283757,3.6426553843345455,0.315851252741553,0.3866803179772202,0.026601953125,0.1320029544493103,-0.011644913427801693,1.327,0.3642946861530854,0.5814736842105264
0.27084747473337334,0,0.7911297786324103,4.58201887314236,5.786463596897018,4.58201887314236,0.22813102748833128,0.4200865321942367,0.0335203125,0.11898862380615234,0.023004240194668506,1.588,0.3465721211468834,0.5810526315789474
-0.07770215057668395,0,0.7892996643002467,3.354815055711608,4.19169811536608,3.354815055711608,0.25500561771985847,0.3998503842690665,-0.011369140625,0.11635676256332399,0.0105167903400041,1.145,0.34130048333085466,0.5806315789473684
1.0871114158130162,0,0.7757854011088894,6.0547862685058025,7.764471169117771,6.0547862685058025,0.24070539765787152,0.4450900833887823,0.011033593749999997,0.12915465199645998,0.038591614566240544,2.177,0.3595502637844951,0.5802105263157895
0.23536550308229343,0,0.7849420337988856,3.509289263505801,4.451660037340694,3.509289263505801,0.2638227919931464,0.3329422657168628,0.008678125,0.15255351983398438,-0.07871310797696081,1.371,0.3906773984856303,0.5797894736842105
-0.024778756514211242,0,0.8045871409760855,3.3538910324629385,4.19383011386136,3.3538910324629385,0.329035419342936,0.3655706755849326,0.01362421875,0.12954305253845216,-0.04020008552668232,1.208,0.36017866660172976,0.5793684210526315
0.12944605662525843,0,0.7637330524723424,4.031972856541126,5.078165916349851,4.031972856541126,0.30239872121932104,0.43771943096403715,0.0003031250000000006,0.13147986280273435,0.0744857833773073,1.462,0.3626016473866328,0.5789473684210527
0.24536449019523987,0,0.7736129597946518,5.132249802634406,6.4684968910707585,5.132249802634406,0.25631288526315216,0.44219307264221575,-0.025023828125,0.12047469826034547,-0.11026762690926856,1.786,0.3479955319172575,0.5785263157894737
1.4081324146673886,0,0.8117267023787883,6.518642424998176,8.402151060903893,6.518642424998176,0.2738550132479572,0.44224890756378654,0.018218750000000002,0.1353337591796875,-0.20700385228437798,2.401,0.3683282259496956,0.5781052631578948
2.2750013139040455,0,0.8058711785756859,7.085176518585419,9.069180684389215,7.085176518585419,0.29399384333547157,0.4220819140255315,0.04859609375,0.1391177767034912,-0.28569506315857657,2.665,0.3761374177494842,0.5776842105263158
0.0955567905405883,0,0.7782723404996702,3.8677215182572704,4.854303434280991,3.8677215182572704,0.31221243637336155,0.4401508341228585,0.031182421874999998,0.13211710773788451,-0.10025950395416516,1.411,0.3648142694192142,0.5772631578947368
-0.01107261411363103,0,0.7616822380704158,3.918965069227319,4.891847158190847,3.918965069227319,0.2953698523055949,0.41473257015891,0.021721484375,0.11731637672592163,-0.07668253598832385,1.345,0.34320285489688895,0.5768421052631579
0.5900313039696607,0,0.8091227748195823,4.7098902734801005,6.008354648397836,4.7098902734801005,0.2587273895242832,0.33482543342832605,-0.0006976562500000001,0.15030677655700683,-0.1533339427502679,1.826,0.38769480687939323,0.576421052631579
0.3849027210884577,0,0.7718407621921832,5.92237995350009,7.452185504041783,5.92237995350009,0.28667663646029684,0.45140121554251794,0.0011597656250000022,0.13032219517807006,0.021613115791303192,2.138,0.3610035183130145,0.576
0.9409211319651019,0,0.8056391308647597,6.099172866099171,7.766442489739466,6.099172866099171,0.23250525947900214,0.43552421283126946,-0.0170703125,0.15792070911865236,0.1283269969608529,2.426,0.3977588524313444,0.5755789473684211
-0.055226795280965746,0,0.8177522779648023,3.370808769865967,4.217941958426349,3.370808769865967,0.2753927590346374,0.3799065549607886,0.0009320312499999983,0.12150786725524902,0.0018622091457379268,1.175,0.3485810320965557,0.5751578947368421
0.1576610636684319,0,0.7680318637266801,3.5397429628588903,4.473793576315828,3.5397429628588903,0.32893703203126734,0.3956657716260115,0.017482421874999998,0.14150762625350952,-0.036298162013426845,1.333,0.3765810156236305,0.5747368421052632
0.08405673926335577,0,0.8124803136249498,4.054528755593655,5.1195449293396145,4.054528755593655,0.3020107655064921,0.38427029409405206,-0.0415546875,0.13241748138427734,-0.07807686787011506,1.485,0.3662571138387622,0.5743157894736842
0.5015439696325896,0,0.8058901821697703,4.039728512179868,5.1849011178435065,4.039728512179868,0.30553718606627484,0.4025891323485137,-0.017249609375,0.14844339980453491,-0.023202372529039093,1.558,0.3856694813284103,0.5738947368421052
23.75793131234759,0,0.8019235961900011,12.382787093612864,17.536340881736436,12.382787093612864,0.23921686711756426,0.534053452858649,-0.035019140625,0.17641243986801147,-0.5365616889559569,5.219,0.42147215812924704,0.5734736842105264
-0.013424177890163591,0,0.8358235763439986,4.060733734366743,5.104604690063929,4.060733734366743,0.2510091201758506,0.4313420371428957,0.022218750000000002,0.1146630794921875,0.07289105946582539,1.378,0.3393475391744428,0.5730526315789474
0.243062259553684,0,0.7905818291965425,4.69543174593821,5.886987424456387,4.69543174593821,0.28220362673037336,0.38165418754608266,-0.015432421875000001,0.133635536839447,-0.16196814098596773,1.718,0.3658875462274919,0.5726315789473684
1.0912580911394416,0,0.7785103103209895,5.950337086833661,7.688288450941056,5.950337086833661,0.25155045487863037,0.47381525661256335,0.046708203125,0.13814397305770876,-0.022944875715477774,2.229,0.3746006263968001,0.5722105263157895
0.23372815239676603,0,0.7992036089203711,4.256764816551332,5.335404945975183,4.256764816551332,0.2950370483106639,0.38404784441033024,0.039719921875,0.1220980024156189,-0.12730714368007104,1.497,0.35167552460951135,0.5717894736842105
0.13989917926048623,0,0.7300428846096486,3.6828935961259064,4.65375042701674,3.6828935961259064,0.28104496313978056,0.3772884291867131,0.011399999999999997,0.132450405625,-0.1329125671522057,1.341,0.3641158684059238,0.5713684210526315
0.2683043132003138,0,0.828128943037707,4.398995484915143,5.550264844603951,4.398995484915143,0.21132977255265514,0.45437761768552004,0.0015082031249999996,0.10745194837020873,0.0068626763461065235,1.442,0.32780210958270994,0.5709473684210526
1.0601129456977931,0,0.8247473744591829,6.473462717265106,8.220512341810133,6.473462717265106,0.23924163708578408,0.40992566753152726,-0.030506250000000002,0.1374386429296875,-0.07554787767468857,2.408,0.37198020675669025,0.5705263157894737
0.20262785450885268,0,0.8310737768923433,3.901962707783151,4.905190771262085,3.901962707783151,0.26938648436981777,0.4050331970179134,0.041996484375000004,0.11581969100326539,-0.1564356687417728,1.338,0.3429043535785526,0.5701052631578948
0.0401498203762265,0,0.7816647789943273,3.465698872646148,4.360656737435309,3.465698872646148,0.3255019989206715,0.41095045313109746,-0.0034578125,0.12574213259521483,-0.1349990951311444,1.229,0.3546182300199751,0.5696842105263158
0.06662616829421486,0,0.8351406323375798,3.7445977089495996,4.682300699972317,3.7445977089495996,0.2827544131463584,0.4172549868253311,-0.005213281249999998,0.11957227716735838,-0.13413673820566513,1.295,0.34583154203853356,0.5692631578947368
0.09201269883398444,0,0.7977793807638522,3.78765577060466,4.768706514249876,3.78765577060466,0.26578495921575135,0.4250323066603161,0.007788671875000003,0.11683503541854859,-0.05581595696134956,1.295,0.34190012990363866,0.5688421052631579
0.02569514653271998,0,0.8001165170939815,3.87996906112085,4.8605777114204605,3.87996906112085,0.3082047691382751,0.4037860047372371,0.008847656250000002,0.11566381351013184,-0.1058312222786437,1.32,0.34020889837164753,0.5684210526315789
-0.15396002688825483,0,0.804537520326671,3.3597696992037656,4.200443931752781,3.3597696992037656,0.2746549148119303,0.3710121954537976,0.030470703124999998,0.12284169132919312,-0.02267829424802974,1.182,0.35180982800104516,0.568
0.12800008963803267,0,0.823401045552442,4.1012724639213936,5.169152649952396,4.1012724639213936,0.2962855118149367,0.3622934981320906,-0.014780468750000001,0.1384063049310303,-0.02339956807249831,1.527,0.3723234711745957,0.5675789473684211
-0.1193855625638447,0,0.7892780306903591,3.457611918555285,4.307115789574957,3.457611918555285,0.31326597918267407,0.3567452667034391,-0.017213671874999996,0.16341660239120484,-0.011576137956897062,1.399,0.40461452382560986,0.5671578947368421
1.3531699412445484,0,0.7359525285039971,6.148676850139909,7.8671402085128115,6.148676850139909,0.2712446971284557,0.458319612446227,0.019562890625,0.1538835468260193,-0.05362764801960075,2.415,0.39276742929579206,0.5667368421052632
0.23635853992282296,0,0.7726296097117241,4.418854862826569,5.58610781931691,4.418854862826569,0.26741620803407196,0.4057498113900639,0.022634765625,0.13857735761947632,0.004724901896670444,1.648,0.37294730222160744,0.5663157894736842
0.4393082787448268,0,0.823684209982824,5.256153865031975,6.659882786189996,5.256153865031975,0.23887629163607488,0.4309858642109813,0.021158203125000004,0.13945657379989623,-0.15477725535273285,1.966,0.37403775659600863,0.5658947368421052
0.09315141550879735,0,0.7845986681424129,3.480484508182464,4.385571057487746,3.480484508182464,0.28765752884981877,0.4487765262233861,-0.018148437499999996,0.1119028896850586,-0.08527263694930504,1.166,0.33501082888281386,0.5654736842105264
3.905289931163124,0,0.7713533460401587,6.4944613242508185,8.672571665628459,6.4944613242508185,0.20693219212757047,0.4836993616475725,-0.020033203125000003,0.1604887203819275,-0.366980284086925,2.605,0.40111101905753593,0.5650526315789474
0.06637426563926407,0,0.7992629085285792,3.4909934682871198,4.396529755243593,3.4909934682871198,0.31025944454109317,0.4009669192126622,0.03578515625,0.12488628352966309,-0.013143605758859216,1.24,0.3551997479412113,0.5646315789473684
0.6221287704776208,0,0.7927483084177032,5.322843726151785,6.69704520784559,5.322843726151785,0.2544501383010464,0.4439583360895184,-0.017771875000000003,0.12376796827148437,-0.057341613088647526,1.875,0.3522553162302877,0.5642105263157895
-0.052361651450510305,0,0.8085252239183792,3.3635901092474523,4.181601232608519,3.3635901092474523,0.2665101203897006,0.4093503433561336,0.0484078125,0.11012030556396483,-0.16476487703751158,1.128,0.33535596293341796,0.5637894736842105
0.11717899115838959,0,0.8063468934567566,4.439442623529626,5.581483473158336,4.439442623529626,0.3192117137284016,0.4299231201661773,-0.044994531250000004,0.12224706325134278,-0.11083489741674561,1.565,0.35252173137801024,0.5633684210526316
-0.14296332756092278,0,0.8162545656840109,3.799582376531357,4.733763122484169,3.799582376531357,0.25124423515959643,0.38975703884487456,0.0128515625,0.11492391390380859,-0.04639322264756774,1.289,0.33924780995976966,0.5629473684210526
0.3173847954315643,0,0.7914340250864023,3.8092298252291608,4.823527468716109,3.8092298252291608,0.2812257699653668,0.40229247152213043,0.007949218749999997,0.12909815054626464,-0.06143460837846067,1.369,0.3593902344597026,0.5625263157894737
0.1557135165297967,0,0.8269628320979991,3.9570923035979555,4.976360084907423,3.9570923035979555,0.2501095245731411,0.37216739100972235,0.049184765625,0.13111251156478881,-0.17520849958638196,1.446,0.36541983078970275,0.5621052631578948
1.4658253213098131,0,0.7570658550577875,5.145518782580668,6.653932516041994,5.145518782580668,0.2595940881447807,0.47477095567562844,-0.021476171875,0.14596979708847047,0.0049429096010364815,1.969,0.3826630672626704,0.5616842105263158
0.5076196985013426,0,0.8039165500842248,5.532238653627026,6.967598592853174,5.532238653627026,0.29688456406178904,0.38335651462777875,0.011157812500000001,0.13826047431396485,-0.05390011197412127,2.058,0.37200130523124514,0.5612631578947368
0.6641347609327766,0,0.8310791230842843,4.943892509822495,6.307797870097713,4.943892509822495,0.285597089321433,0.37481552620894987,-0.014220703125000001,0.13756124933700561,-0.09129403129115256,1.835,0.3711650276283785,0.5608421052631579
0.152401786852697,0,0.7952844180893831,4.325186946063205,5.415935157017624,4.325186946063205,0.2566629580874876,0.4548373570743664,0.00816640625,0.10985630043395997,0.05296827889001973,1.434,0.33154636270814375,0.5604210526315789
0.008814155790233702,0,0.7619648376142631,3.5096835400965705,4.406872695356338,3.5096835400965705,0.2605794054362847,0.36761524746651303,-0.01599375,0.1300660726171875,-0.05050730318591548,1.267,0.36100120866314284,0.56
0.07737264439913627,0,0.8171791429350872,3.518919273666849,4.439329571334654,3.518919273666849,0.275581960732058,0.41908947830148185,0.011973828125,0.11926878408065797,-0.0663940967175177,1.216,0.3455606410467272,0.5595789473684211
-0.024090855602769246,0,0.8281130719205771,3.414074654475957,4.270410004665479,3.414074654475957,0.2798494177736789,0.44384246717146314,0.03751953125,0.10950335664978028,-0.1115685348970674,1.137,0.3330331393044842,0.5591578947368421
0.2971206437826375,0,0.8077409353310175,3.7669090807153554,4.784157106854145,3.7669090807153554,0.2261226433516569,0.4588465927829824,-0.0135671875,0.12959044782958987,-0.09086018308803992,1.357,0.36024230235530363,0.5587368421052632
0.18310318728577135,0,0.8210506086074293,4.118741309020104,5.238452407826802,4.118741309020104,0.2758208242931773,0.43825054127777163,-0.005732421875000002,0.11633247254257202,-0.059044412971547035,1.405,0.341123633310747,0.5583157894736842
0.6191549233549951,0,0.8127700699668317,4.786974619395752,6.163032838618729,4.786974619395752,0.3092206644544275,0.3192169934410566,0.0024808593749999987,0.15936111213363652,-0.16017026270368992,1.911,0.39920830001000107,0.5578947368421052
-0.006501738272083557,0,0.7965539843960916,4.635368872834209,5.7632169229006,4.635368872834209,0.2879831329725412,0.3762046798966633,-0.027646875000000005,0.12594226514648438,-0.0029241056125299653,1.65,0.3559587263205525,0.5574736842105263
0.3471385314389406,0,0.8135755153965029,3.8289337914266746,4.883833791676198,3.8289337914266746,0.2853169687806254,0.4578267320338115,0.029052343750000004,0.12680468632263184,-0.059452739758646934,1.368,0.3572796173867186,0.5570526315789474
-0.05947336757338828,0,0.7749116957174744,3.629183601890351,4.547133833023571,3.629183601890351,0.24439069675735686,0.47502442861403193,0.024580859375,0.11821774893051148,-0.039902821925151745,1.251,0.3447056245234838,0.5566315789473684
-0.0457369811357915,0,0.8070603508114945,3.614998767318518,4.47996581552189,3.614998767318518,0.25412909799926897,0.4333474380865131,0.003063281249999997,0.1186009139642334,-0.02767880959560308,1.245,0.34439845768564353,0.5562105263157895
0.2779569952136267,0,0.8121293563492363,4.1067859163757605,5.206434381221091,4.1067859163757605,0.2943143952754239,0.38858733956017616,0.010449609375000002,0.1356201427732849,-0.13309202963700803,1.513,0.3684146266224714,0.5557894736842105
0.28893944476050404,0,0.8046558317786988,3.6762804789237857,4.647106092085826,3.6762804789237857,0.2533876571369838,0.39095262920403,0.019735546875,0.15282657576766967,-0.08906697153548271,1.439,0.3914282406497071,0.5553684210526316
0.0600317042866334,0,0.8092108429064299,3.40365803388274,4.281627677295565,3.40365803388274,0.23540879965181022,0.3743073995451454,0.0061546875,0.13332974482177734,-0.02207250847127379,1.243,0.36519532444980723,0.5549473684210526
0.42657582349362455,0,0.8376879803178373,4.541274420408489,5.763047798627591,4.541274420408489,0.2479755067052428,0.38764795428431126,0.04820703125,0.13469481104431152,-0.07233056047034297,1.681,0.37016040969591824,0.5545263157894736
0.17264759021749665,0,0.7660597215139622,4.410531417200933,5.5862660944206,4.410531417200933,0.2517333527356049,0.37582496749652083,0.0293765625,0.1352166933569336,-0.029770573443314075,1.627,0.3688897881227535,0.5541052631578948
0.09855208092750845,0,0.8307651513298506,3.7639347651718276,4.7446024883207665,3.7639347651718276,0.2611068711047577,0.39055805993077003,0.013354296875000001,0.12486827642684936,-0.14640158292039337,1.331,0.3536193061356733,0.5536842105263158
0.29991064188937644,0,0.8090097903919294,3.8001966323529444,4.827945336579737,3.8001966323529444,0.29819158482746394,0.4175410268856644,0.022896875000000004,0.12381189561523435,-0.00039709672538818295,1.34,0.35261333284491664,0.5532631578947368
0.5317034903337436,0,0.7794952410945314,4.445489504017648,5.64130580554085,4.445489504017648,0.2593557963314683,0.4749863215065011,-0.004812109374999998,0.12327785180648802,-0.14608630223076607,1.561,0.3511424329287547,0.5528421052631579
0.042110949510093754,0,0.8665660873713161,3.3632880379675023,4.221269997300235,3.3632880379675023,0.292139256912863,0.4025612841798108,-0.007500390624999999,0.12534312656234742,-0.05578090673467174,1.191,0.35411775219815655,0.5524210526315789
0.40226221386064953,0,0.8391072988478238,4.3575712582885116,5.566528732591164,4.3575712582885116,0.21801246999488766,0.4206674292341332,-0.030533984374999996,0.13020460275131227,-0.12336460030394691,1.578,0.3621283293987437,0.552
0.5133853875096808,0,0.8380163081926171,4.624678527573139,5.892894971549932,4.624678527573139,0.280315510568604,0.3499820070904778,-0.016489453124999998,0.13580830301376343,-0.07106671063044473,1.706,0.3688905055407702,0.5515789473684211
0.20252047488062086,0,0.8078548369706575,3.681141145487766,4.640629861609015,3.681141145487766,0.3119499910693651,0.3675938891754204,-0.050571875,0.12995126592773437,-0.20664526773451047,1.34,0.36401755516561285,0.5511578947368421
0.10703486513609528,0,0.8139628895048081,3.8294901869630524,4.783832175123996,3.8294901869630524,0.31747431967928286,0.3715407992429115,0.025176953125000002,0.12586081048446657,-0.020895448012444435,1.362,0.3556609192097509,0.5507368421052632
0.47645737691174883,0,0.8094163823788446,5.960938709133862,7.524185140795087,5.960938709133862,0.2503165323545745,0.41036127725361976,-0.0170328125,0.14358040282958984,-0.07637985073696109,2.261,0.3793026753547225,0.5503157894736842
0.32685795328481193,0,0.8200992482364974,3.925634688539605,4.963742933779236,3.925634688539605,0.28431141962481554,0.42806016694285254,-0.03448085937499999,0.14991971213363647,-0.00046465297685558863,1.526,0.3887269501808114,0.5498947368421052
-0.020735417298206382,0,0.8175578469856106,3.391797130424218,4.245243266901728,3.391797130424218,0.26930079634652554,0.3893536376802259,0.020092968750000002,0.12897412104431152,-0.10764741735922426,1.22,0.3596913238285016,0.5494736842105263
1.4831701092571752,0,0.8150574663898008,5.823421706829263,7.472695701826604,5.823421706829263,0.3188702247842816,0.38236011970477796,0.037266015624999996,0.16452136790756225,-0.08404084447092924,2.372,0.4073206646220211,0.5490526315789473
-0.025956875537466395,0,0.8318139530002285,3.6271389038585147,4.534225919945247,3.6271389038585147,0.29514472570699457,0.3900699752271743,0.01697421875,0.13315720636657716,-0.1682591498637363,1.325,0.3653016978727994,0.5486315789473685
0.13133049453045675,0,0.8197903819856807,3.4678163927238277,4.402937223746615,3.4678163927238277,0.27684364532853,0.37237223075559306,0.049958203125,0.12910211817489622,0.03688005873742911,1.258,0.3627643039693611,0.5482105263157895
0.024780142234595015,0,0.8222793395999989,3.477202859009487,4.369920826435804,3.477202859009487,0.26106972003891227,0.41601997005573405,-0.0005316406249999996,0.11090623337387084,-0.073675990949804,1.158,0.33302629928524413,0.5477894736842105
0.019731543714283983,0,0.7844842586453697,3.763002053476063,4.696693159566688,3.763002053476063,0.24665226508326055,0.3757690609659465,0.013000390625000002,0.1289185738279724,-0.04102008011368673,1.352,0.3592876062214991,0.5473684210526316
0.31036842519058894,0,0.8460293868473477,4.171911345969059,5.285224686754586,4.171911345969059,0.2603684353068668,0.393846770197204,0.0167875,0.13002879703125,-0.18532471650886076,1.506,0.36098561908682736,0.5469473684210526
0.3985768952041724,0,0.7463025519764293,4.296640985729688,5.449724371985612,4.296640985729688,0.27153801985922105,0.3998699166443797,0.022995703125,0.15564825584091188,-0.1355916070749159,1.698,0.39519243186468667,0.5465263157894736
0.37403293681342564,0,0.8091457818721459,5.067286708067691,6.362821096217765,5.067286708067691,0.2827597690044179,0.41175333128574293,0.021482812499999997,0.13543327314208983,-0.0823003992849796,1.868,0.36863909772974435,0.5461052631578948
20.329951161291824,0,0.7641982662342539,11.984809640661735,16.88902301248068,11.984809640661735,0.23542645043530674,0.535758102353928,-0.032291015625,0.187428653200531,-0.5515631490721984,5.203,0.434132886211843,0.5456842105263158
0.16364076087859658,0,0.8022412769370463,3.7212608076133997,4.681290470999433,3.7212608076133997,0.26552378520193853,0.3610237795831082,0.021496875,0.14087467030273437,-0.15385964291923174,1.399,0.37594785002377656,0.5452631578947369
0.08715225201095933,0,0.780023805996978,3.5091071574380255,4.395664059636825,3.5091071574380255,0.27893291943547266,0.37831337720967884,-0.0043140625,0.12993483183349608,-0.0733442145849262,1.265,0.36049055877893665,0.5448421052631579
0.3425061595392709,0,0.7895549533067966,4.132308021494507,5.244915808645351,4.132308021494507,0.25307790856008944,0.36759085693391264,0.033970703125,0.1219722354698181,-0.011785005258492362,1.45,0.35089349401296255,0.5444210526315789
0.2655654039075461,0,0.8335214574988316,3.8154733433709356,4.821551425143708,3.8154733433709356,0.3079647010278839,0.37091134614091176,-0.017507031250000003,0.12029006088806153,0.07108636800676843,1.325,0.3472701499283375,0.544
0.5970498171619942,0,0.8107390590741779,5.0589024782648755,6.473143146122462,5.0589024782648755,0.25260153595376994,0.4813190187510353,0.026578124999999998,0.14333583530273436,-0.07006585721453215,1.92,0.37952896072796605,0.543578947368421
0.2917618319830826,0,0.8337131338471833,3.703591730249956,4.6923521649292095,3.703591730249956,0.2946221482356671,0.36915856888187687,0.04235390625,0.14397092865661623,-0.036724165171452786,1.414,0.38179154263976306,0.5431578947368421
2.858991632031408,0,0.8331044040566918,7.606065080919195,10.006032282482797,7.606065080919195,0.29982196780044235,0.42191738345526825,-0.010123828124999998,0.15546628427597048,-0.3176708923405194,3.0,0.39442207870741086,0.5427368421052632
0.2240308505784796,0,0.8212671688439187,3.9153694905270515,4.979207916940588,3.9153694905270515,0.2631947069293377,0.35186468379839486,0.035240234375,0.14552803095932004,-0.04521340995713265,1.5,0.3831056056469612,0.5423157894736842
0.03758176360291854,0,0.7996560924704825,3.6154912868569324,4.554354132746627,3.6154912868569324,0.31017273204330537,0.3813063400935818,-0.003383203124999999,0.12867870588974,-0.028659110847457325,1.297,0.3587340964462745,0.5418947368421053
0.727749705958554,0,0.8405317059368095,5.558467301621966,7.118959860666694,5.558467301621966,0.2802284120158385,0.33460141643671365,-0.0099796875,0.15612521521240233,-0.1651632712037186,2.197,0.3952528423363961,0.5414736842105263
0.2856794106712557,0,0.7949303661300929,4.589880856715785,5.804174315481202,4.589880856715785,0.2796271266047998,0.37930407773561603,-0.01055390625,0.1365862056878662,-0.07443804596361824,1.697,0.3697263726392804,0.5410526315789473
0.09099389241128764,0,0.8132180611889273,3.7054504646526003,4.66882981417312,3.7054504646526003,0.2918864230676472,0.3676966872936199,-0.021320703125,0.14026275457138063,-0.051848755634912334,1.39,0.3751230824051287,0.5406315789473685
2.6645702709766574,0,0.8466279267359398,6.687818036573377,8.694025227031023,6.687818036573377,0.24619848552845008,0.3918067509881411,0.0026253906249999993,0.13906008037094114,-0.26762039384597625,2.494,0.3729168446810562,0.5402105263157895
0.6999378196721531,0,0.8434594894645552,4.517514242376735,5.796259516934444,4.517514242376735,0.30287197831752966,0.34199750222953573,0.014376953125,0.14441959735946655,0.1063448542405905,1.718,0.3802976388838418,0.5397894736842105
0.49029604317085296,0,0.8112308771302978,5.155068933610896,6.5382484053701555,5.155068933610896,0.23318867747227418,0.42882798559193,-0.011504296874999998,0.14560847966903687,-0.10327459856438378,1.968,0.3817601714632172,0.5393684210526316
0.3285506622469132,0,0.7839221207539245,3.8633864361226635,4.90986519030607,3.8633864361226635,0.3033940758669733,0.3541901370111194,0.0108578125,0.1688346360327148,-0.17488231692579992,1.588,0.41103835359367624,0.5389473684210526
0.24952162025609814,0,0.864239977251847,4.238923846907418,5.412404534705338,4.238923846907418,0.2530745705036559,0.41145755143929896,0.007905468750000002,0.1297052746575928,0.006055430233807391,1.527,0.3602329400453962,0.5385263157894736
2.311188344049186,0,0.8023196190164376,7.050477899933093,9.14566374866361,7.050477899933093,0.2922801599326934,0.4335706677492933,0.0036101562499999988,0.1466397863031006,0.009030858019818176,2.7,0.38295276409924245,0.5381052631578948
0.06417962920712128,0,0.8113881553594001,3.6750244558607186,4.6224370704642235,3.6750244558607186,0.3084474214064102,0.4272090499816098,-0.017165234374999998,0.11800234105697634,-0.061240942937785994,1.264,0.3439432894070256,0.5376842105263158
-0.01754804421692313,0,0.8142491951529818,3.4476648933684304,4.334035741054,3.4476648933684304,0.303199963269426,0.3783885088926463,0.012233203125000001,0.1254800475694275,0.02536067982224677,1.222,0.35444280050259874,0.5372631578947369
0.5215911207617503,0,0.8485432889222828,4.061861363750798,5.187554397449794,4.061861363750798,0.302360592786782,0.3578138587779154,0.03865546875,0.13817260864196776,-0.060953389634735455,1.518,0.3737202883257076,0.5368421052631579
5.580119329647783,0,0.8235071200186433,8.059496930642544,10.859670768379127,8.059496930642544,0.24722175491513979,0.4358354934524241,0.00852265625,0.20133741979919434,-0.6742607854932954,3.617,0.4487873165194734,0.5364210526315789
0.07128231086083359,0,0.8622315811828761,3.4224979857890476,4.324635301101321,3.4224979857890476,0.2665518384429686,0.3550573451324508,-0.067200390625,0.1379919039842224,-0.05794190430116755,1.292,0.3775020483181184,0.536
0.6218534874517041,0,0.8226390617511253,4.666645898278101,5.981179537729802,4.666645898278101,0.250545906108001,0.4484404335315436,0.0172203125,0.13792930849365234,-0.02401769207850064,1.735,0.37178736887668734,0.535578947368421
0.2924034709808949,0,0.801154001272838,3.8074994234204604,4.800325964484839,3.8074994234204604,0.22683878820781225,0.4514252814126295,-0.005285546874999999,0.12624663369735717,-0.04991334465682394,1.353,0.35535133417946385,0.535157894736842
0.19117081467786612,0,0.8469166731532087,3.914906122972928,4.926964589344862,3.914906122972928,0.2499111648432674,0.4235881067773291,0.014439453125000001,0.13061441117782593,-0.026437868916749357,1.416,0.3616944967571044,0.5347368421052632
0.6179547891869275,0,0.8491114489342823,4.074540437443427,5.208437420682101,4.074540437443427,0.27548895944308704,0.3691906216647907,0.01153046875,0.13958188969665528,-0.14876677213209147,1.523,0.3737844852401581,0.5343157894736842
1.6767101660897685,0,0.8023700704597365,7.086039230199633,9.257340424546957,7.086039230199633,0.24757154263678838,0.45868870648946564,0.005333984375000001,0.14883562790756227,-0.268385382506076,2.734,0.38582908041887537,0.5338947368421053
-0.05001113702299165,0,0.8354862768102354,3.0479227003920064,3.8287193764954273,3.0479227003920064,0.34065277651298037,0.3686964485656686,0.022902734375,0.1361979471800232,-0.0484536765650922,1.127,0.36976003356484455,0.5334736842105263
0.23566232935170994,0,0.8506573811620793,3.8911536737154333,4.959686237055092,3.8911536737154333,0.3277186362513879,0.29874124022307363,-0.043338671875,0.17554117397323607,0.029568732182077735,1.639,0.42121184035248227,0.5330526315789473
0.3001864547832196,0,0.828128931107541,4.025468090265097,5.1414567407633704,4.025468090265097,0.25423036560905754,0.35106854529635634,-0.0037441406249999988,0.1410677208641052,-0.0714130079000608,1.512,0.3756084922537362,0.5326315789473685
1.389096534357031,0,0.8298449756330013,6.356340345834628,8.212906350513927,6.356340345834628,0.27956999798102444,0.4418275083649196,0.016880078124999996,0.13350751960311888,0.14781485966907873,2.325,0.3657765118766171,0.5322105263157895
0.006302688032538306,0,0.7968980383235271,3.609635802444323,4.506148713330049,3.609635802444323,0.251881742962068,0.39485070531770583,0.01085390625,0.11846329584411622,0.03802197441575656,1.243,0.3443560702601306,0.5317894736842105
-0.03519467598273707,0,0.8084326720011679,3.5899368525537345,4.495980987932367,3.5899368525537345,0.3254855989334969,0.38410028064920526,-0.005411328124999998,0.11985676401229858,0.03743175596087079,1.243,0.34624564471538843,0.5313684210526316
0.5894295186448391,0,0.8215370847405693,4.535072017406272,5.841597729613582,4.535072017406272,0.2888302726674692,0.35588204111875815,-0.026704296875,0.14785118716903686,-0.0069489497649044525,1.748,0.3854404060819584,0.5309473684210526
1.8112698963429175,0,0.7843420060088026,7.0002710398766315,8.921853506336957,7.0002710398766315,0.3107521077977831,0.4062513431701166,0.047741796875,0.14461728372177124,0.12318814644429513,2.683,0.38327087404422605,0.5305263157894737
0.35901213945950694,0,0.8300217085010554,4.39997708791291,5.56841311915834,4.39997708791291,0.26429417630957486,0.38687922108668005,0.0031015625000000006,0.1487423943725586,0.023395502704456065,1.697,0.38568382655032346,0.5301052631578947
0.09400775100318803,0,0.8381612533510711,3.5405101780561967,4.470209047854537,3.5405101780561967,0.2890229650828224,0.3696521127037113,0.003481640625,0.13689022622543334,-0.032990551040517055,1.31,0.3700031730227121,0.5296842105263158
6.367424074466356,0,0.8154862500257969,10.542499534534851,13.724169375358501,10.542499534534851,0.24561728914484993,0.49170837923468086,0.054132031250000004,0.169205195848999,-0.5919382483396267,4.374,0.4148921217090655,0.5292631578947369
0.19243997286669412,0,0.8501885960961523,4.163664639238339,5.2748457995239235,4.163664639238339,0.2677144286395654,0.34475596848854145,-0.004275390625000001,0.13554211595687865,-0.01700751245222176,1.533,0.36818527254885547,0.5288421052631579
0.15643646214510332,0,0.8520044337023595,4.458277758864588,5.587979534469858,4.458277758864588,0.29096151344447185,0.3654746925586282,-0.01034609375,0.14994794428161623,-0.005544030892740534,1.727,0.38736931465656904,0.5284210526315789
0.10105163632757819,0,0.8669430341583,3.4076084025049664,4.294995466378075,3.4076084025049664,0.29793643544997217,0.3089930568965712,0.027642578125,0.17632788748397826,-0.016399673869521698,1.434,0.42082300270942297,0.528
0.0926657626048506,0,0.8955387998651483,3.916163450514337,4.910024814087301,3.916163450514337,0.29036760360886377,0.3576888847672739,0.026894140625000007,0.14423186105941774,-0.05018109655411068,1.491,0.3807297674983859,0.527578947368421
-0.0044852641279411465,0,0.8080467374026293,3.818520933808914,4.752331154924298,3.818520933808914,0.23287226836530708,0.37992336600276483,0.00482109375,0.12441241252380371,-0.05836661231389052,1.347,0.3527543840531964,0.5271578947368422
0.4447245730291791,0,0.8735504707986115,4.576642951848459,5.80888094819515,4.576642951848459,0.20270660622006154,0.4177423823478986,-0.042848828125,0.1305171673814392,0.0005403971911911307,1.665,0.36380377877796294,0.5267368421052632
0.12133760372647862,0,0.8351100606833485,3.9877012568469503,5.02665592121479,3.9877012568469503,0.2654854891034767,0.38276111678609137,-0.004657812499999998,0.12642492665771485,0.03997729171621265,1.418,0.35559333778207936,0.5263157894736842
0.15418059711987064,0,0.8141044630719508,3.9608409850188178,5.012135756288839,3.9608409850188178,0.3123049996806534,0.35151097745586984,0.0021000000000000025,0.13052382125,-0.018024060289980954,1.431,0.3612869098791153,0.5258947368421053
0.46881656619396406,0,0.8515595656355154,5.03857908800333,6.383832719323525,5.03857908800333,0.2815326148809728,0.395625212588839,-0.0027437499999999992,0.1453503483984375,-0.0406136191137374,1.921,0.3812582806477782,0.5254736842105263
0.020399107688720886,0,0.8246980359969819,3.6189077019868257,4.496011305567787,3.6189077019868257,0.2555210910975117,0.32953848148161013,0.0069023437500000005,0.14368427171325684,-0.0804417520630428,1.372,0.3791199204242636,0.5250526315789473
0.30586504433787853,0,0.8282624581410474,4.200747597561328,5.322833866600318,4.200747597561328,0.26212333485412476,0.4138186750298745,-0.011859765625000001,0.11558010728744508,-0.18804756178163257,1.429,0.3401775438328124,0.5246315789473684
0.0750373478021551,0,0.8615023054500691,3.613744899054403,4.553430394000206,3.613744899054403,0.24881309248745584,0.3813347130420144,-0.0014437500000000012,0.1393485390234375,0.0048172130859993716,1.349,0.373296964141821,0.5242105263157895
0.35781932952516016,0,0.8889017333705727,3.895976814589963,4.964660846596321,3.895976814589963,0.30356320073473037,0.32934325803624354,0.018843359375,0.1544736688230896,-0.1190850660634106,1.533,0.3934828344612062,0.5237894736842105
0.36812921504153095,0,0.8979926138701384,4.60644603960247,5.770256786201559,4.60644603960247,0.2907983418739501,0.3356907212126886,0.030385937500000005,0.1468871471459961,-0.03467902336307709,1.771,0.3844612494696312,0.5233684210526316
0.13803957284349222,0,0.8464408122840614,3.603729638859304,4.559892147992339,3.603729638859304,0.3112360989826977,0.35670862469413545,-0.0253671875,0.14642230345458987,0.0358041013204371,1.382,0.38349158746477086,0.5229473684210526
0.1898092894029202,0,0.8457529714496412,3.5452048223126185,4.486098289862783,3.5452048223126185,0.31585219126966074,0.37585273675128045,-0.022914843750000004,0.14319446852966308,-0.008911204292028307,1.344,0.3791036251392883,0.5225263157894737
0.09137428509967238,0,0.8379027570450083,3.6582945533449243,4.620834213908705,3.6582945533449243,0.29076906141784514,0.38064379459386316,0.018293359375,0.1374631260496521,-0.008394038014650312,1.358,0.37121122430076786,0.5221052631578947
0.1634931653781302,0,0.8540225195274757,4.059038883340563,5.1048706454660575,4.059038883340563,0.2767628802229726,0.3694178697743646,0.015419140625,0.13414992471176146,-0.11959436915190355,1.488,0.3665892450814331,0.5216842105263158
0.15891237953442783,0,0.8695231774012406,3.7235116498219325,4.703320413452861,3.7235116498219325,0.26987648164256056,0.3200219893396052,0.019160546875,0.15506710742782592,-0.07960327561210666,1.468,0.3942514857097878,0.5212631578947369
0.2521845687683535,0,0.8234095148134896,3.707596363679392,4.6871711277018875,3.707596363679392,0.311042113540901,0.423767560902134,0.027731640624999998,0.14263101196762085,-0.06332341399046437,1.404,0.37868199833022825,0.5208421052631579
0.2154060213415172,0,0.8978807738228791,3.6817487861170024,4.63973747166172,3.6817487861170024,0.33967369410344384,0.3471450404073928,0.015389843750000002,0.15422767927185058,-0.11393648799066657,1.447,0.3930197533998768,0.5204210526315789
0.5645006168539588,0,0.8732899362279971,4.283244649939079,5.5106119706991,4.283244649939079,0.31769123501335433,0.3272091298703317,-0.012651171875,0.1772292005845642,0.04222958472347182,1.804,0.4211760353277178,0.52
0.437525247601938,0,0.8404927728405087,4.427349172612514,5.581848091655067,4.427349172612514,0.31344895283249535,0.4289574938160403,0.037502734375,0.12402445311752319,-0.06487439278092125,1.568,0.3541622625338914,0.519578947368421
0.5476819271702054,0,0.8432312356108277,5.678000057051171,7.213948708943214,5.678000057051171,0.28494293380496116,0.39365920913110014,0.0004949218750000005,0.13086071247421266,-0.09562851586333553,2.054,0.3617470904124524,0.5191578947368422
0.09401020865548082,0,0.8786941470816626,3.709086961798178,4.65956180912915,3.709086961798178,0.3195608510541774,0.3766553789743513,0.030239843749999995,0.1405392752874756,-0.05875373008966043,1.395,0.3761033414335746,0.5187368421052632
0.19053072177664365,0,0.8473747172296235,4.1377425882115,5.236382244112171,4.1377425882115,0.2856618768597214,0.3973330717787567,0.005847265624999999,0.1263516458128357,-0.012453094635318417,1.471,0.35550785691475933,0.5183157894736842
0.041336573326676174,0,0.8458070442153026,3.377939265522424,4.242062473834187,3.377939265522424,0.27906535987064324,0.3884823601077022,0.0257515625,0.13127958281005858,-0.03271521402929994,1.227,0.36323921289041744,0.5178947368421053
17.488924977337614,0,0.7636718338291896,10.44046243815566,14.60525855651974,10.44046243815566,0.24156708497225315,0.534244939983596,-0.006694531249999999,0.19138638247009282,-0.724122587767678,4.568,0.43752851246375934,0.5174736842105263
0.619343890259803,0,0.82853158931107,6.04938556298535,7.6795854569606945,6.04938556298535,0.31865182271199083,0.3599669411765918,0.016137500000000003,0.13031991781250002,-0.07252074658249895,2.186,0.3613590136121555,0.5170526315789473
0.11477012762421923,0,0.8298660029264696,4.356349561128965,5.448168852424172,4.356349561128965,0.3056304227244093,0.36378420893044183,0.03321484375,0.13412880852966308,-0.03332865534912026,1.602,0.3677390846442624,0.5166315789473684
-0.07071830244576605,0,0.820637374565869,3.172473119659075,3.971360780775212,3.172473119659075,0.28815048249122044,0.3409259256577091,0.024198828125,0.13964313976425172,-0.05934207119426227,1.188,0.37447125797165665,0.5162105263157895
0.3158401557389836,0,0.8697983229053267,4.1824360740695194,5.290150346146408,4.1824360740695194,0.2850087019668838,0.3563596146174154,0.018903515625,0.13311401686264038,-0.1267031252530709,1.528,0.3653373232584169,0.5157894736842106
0.3988679896939358,0,0.8110710788617824,5.403407669413401,6.828527245688148,5.403407669413401,0.2722506846624773,0.2887238030004947,-0.0018519531249999986,0.1735429347227478,0.03643953411410671,2.251,0.4165889634317321,0.5153684210526316
0.2244156881214181,0,0.8682645665114292,4.241847651967446,5.331911228199952,4.241847651967446,0.334338386973858,0.31881110432110615,-0.028555859375000003,0.1588567492234802,0.01282611544111608,1.695,0.3995900228085344,0.5149473684210526
0.21472301840601737,0,0.8084686361493529,3.8182215157785833,4.804222337085392,3.8182215157785833,0.2668914187417284,0.3063239336345453,-0.022990234375,0.15669931123275757,0.0869135572256579,1.514,0.39651968691273703,0.5145263157894737
0.09148580947995644,0,0.8350226314730362,3.5006625790005836,4.374019816105699,3.5006625790005836,0.2662916497749207,0.37854784089911503,0.015015625,0.1383187239746094,-0.09104122835769593,1.303,0.3722152508545962,0.5141052631578947
0.519307322139539,0,0.8083627638673773,4.4421199196190715,5.6130644578218565,4.4421199196190715,0.2991013524790098,0.33458045089865235,0.007921874999999998,0.14195097905273438,-0.14786369784795936,1.674,0.37684709784772125,0.5136842105263157
-0.01874694509028485,0,0.8651932077150949,3.5829624345798163,4.481599411384135,3.5829624345798163,0.25883418110193207,0.3139771405450048,0.012128906250000002,0.1481981458831787,-0.05323951608456867,1.38,0.3851561452839614,0.5132631578947369
-0.15412623017502902,0,0.8167563178321663,3.4614012691473732,4.289899700646515,3.4614012691473732,0.2980241557479796,0.3200065288847453,-0.006972656249999999,0.15591853050231935,-0.0881675232345188,1.367,0.39492676338468125,0.5128421052631579
0.14352892376345805,0,0.8299541450631643,3.728499269712567,4.719367255659222,3.728499269712567,0.2547822686703396,0.3335761722335396,0.014738671875000001,0.1495664656919861,-0.0543184256003268,1.443,0.3870189842121766,0.512421052631579
0.2718969142040737,0,0.8503378149634112,3.753646961977336,4.758795224365721,3.753646961977336,0.27826701661958275,0.32030117564398003,0.01847890625,0.1634188581488037,-0.05459359378948956,1.519,0.4046731126786162,0.512
0.5833743142417975,0,0.8390335809788182,4.456598237175407,5.655178590086123,4.456598237175407,0.2332651348628399,0.4031492456789866,0.019780468749999995,0.1584191385247803,-0.11863173686964411,1.776,0.39851023257722,0.511578947368421
1.6279107318420536,0,0.8814592148192795,5.224649220340004,6.838887106603586,5.224649220340004,0.29399161175217975,0.45443985438060064,0.018277734375,0.18348126856674193,0.025059737877073468,2.24,0.42873691716555623,0.5111578947368421
-0.08107117393636898,0,0.8888355174581039,3.304593284936703,4.158423133629114,3.304593284936703,0.3036790695864418,0.361337717619175,-0.008603515624999999,0.1298195010032654,-0.01680155235630098,1.191,0.36040743816460696,0.5107368421052632
0.06686318093509902,0,0.8422662021903778,4.122139165617741,5.189202296545331,4.122139165617741,0.32072584890588046,0.34084253811883203,-0.013296875,0.15142513842773436,0.02817334941377409,1.605,0.38936094477040195,0.5103157894736842
0.6264438381746014,0,0.8420267659333698,4.330518419969215,5.554034049330358,4.330518419969215,0.2770540088870169,0.32894379050937556,-0.0024550781250000002,0.15067398470077514,0.01285489331488409,1.681,0.3881752337661111,0.5098947368421053
0.1706678202814822,0,0.8185503529000886,3.9579082376363344,4.989654120476007,3.9579082376363344,0.29716553242239463,0.37538787647816285,0.006791015625000002,0.12722737155990602,0.12306944915157987,1.412,0.3567541022232611,0.5094736842105263
28.3077848423004,0,0.8221975901589006,12.675886721127904,18.01189834481462,12.675886721127904,0.292254138247495,0.4783025045233634,-0.022357812499999997,0.20106761103271484,0.17867843243089124,5.691,0.44896267418628466,0.5090526315789474
0.492126077639925,0,0.8570727858827506,4.482110183839008,5.724243125439768,4.482110183839008,0.26193858788179486,0.37900965114359325,0.04446640624999999,0.17658714418395996,-0.15577813785400588,1.894,0.42256881743539715,0.5086315789473684
-0.1316224286612533,0,0.8847691462904664,3.831399782442986,4.778149675559514,3.831399782442986,0.3323287276448561,0.38351608446479774,-0.044955859375,0.1366970304734802,0.03341239122207197,1.427,0.3724487344127041,0.5082105263157894
0.2938093008119833,0,0.81383407060908,4.495729738825079,5.707660159372356,4.495729738825079,0.28845894536487043,0.38130510025157816,0.035081640625,0.14531102028793336,-0.03455903389274842,1.721,0.3828077086434846,0.5077894736842106
0.020062911134868244,0,0.8632447310083408,3.439156759478231,4.331073469471356,3.439156759478231,0.25329732562892615,0.3579504018771918,-0.020041015625000002,0.12938759167709352,-0.007179364236422632,1.239,0.36026272910804275,0.5073684210526316
0.26885057065555484,0,0.8819219065252508,4.119742130342312,5.237565940624559,4.119742130342312,0.25630114031724327,0.35390809403873214,-0.0075125,0.14964865296875002,-0.010353869716923907,1.594,0.3869174209375949,0.5069473684210526
0.5181790343901369,0,0.8504359431740711,5.434810835060144,6.876598175710751,5.434810835060144,0.23668242345304716,0.39997577549529373,-0.0017796875000000005,0.12952637646240234,0.0013413966537154395,1.956,0.35990213079391453,0.5065263157894737
0.007233345725232709,0,0.8844859047109108,3.8781158919222216,4.850084237959281,3.8781158919222216,0.31963963506390525,0.3451646505571053,0.021654296875,0.14893491056747438,-0.040028313170185674,1.499,0.3865279021501876,0.5061052631578947
0.33048260368200477,0,0.8578711235990695,4.111906641017176,5.205596015716895,4.111906641017176,0.2595685201393246,0.409804003063334,0.025471874999999998,0.15552932108398437,-0.14569326945487604,1.625,0.39519379739565746,0.5056842105263157
0.3212039529703694,0,0.8663864811238841,3.8907425172309575,4.932612759132827,3.8907425172309575,0.30091226824934075,0.28102969711108944,0.013935546875,0.19206763061141968,-0.032165056172672374,1.706,0.4384767155484143,0.5052631578947369
-0.08126115875782602,0,0.890490971824514,3.687343979567291,4.603764536626304,3.687343979567291,0.25946322998012555,0.31270968630714996,-0.017196874999999993,0.15863480889648435,0.05052484589004476,1.47,0.39866093539027625,0.5048421052631579
0.3033542257038264,0,0.8438122860884882,4.19705459099779,5.289389643931296,4.19705459099779,0.2577918968792172,0.4099965952890596,-0.009038671875,0.1373636199888611,-0.1923259158626878,1.556,0.37073618325990926,0.504421052631579
0.5640968517711946,0,0.8508993031631105,5.336006600484837,6.775972354973899,5.336006600484837,0.3257045186374051,0.32670769042414183,-0.019502734374999997,0.1580638296800232,-0.2779852524692728,2.124,0.39805048213527516,0.504
16.8037469546375,0,0.8442706485542945,12.51385651414204,17.020438315685794,12.51385651414204,0.29223273826488755,0.45512648708542364,-0.01643046875,0.18968381313415528,-0.4015732641464726,5.454,0.435836865624628,0.503578947368421
0.168661293842856,0,0.8978507481232237,4.090493478759884,5.168680531948866,4.090493478759884,0.24981993472660532,0.30662641010978203,-0.026913281250000004,0.1462159026361084,-0.10310772505422809,1.568,0.3833278327277449,0.5031578947368421
2.195783380838476,0,0.8587285189748556,8.33915077981728,10.72790747015218,8.33915077981728,0.2365671523732103,0.4002356252693146,0.013140234375000004,0.15255758619369506,-0.32480557789202225,3.259,0.39080718001736486,0.5027368421052631
0.35188934349192014,0,0.8287301703114763,4.2039588031814645,5.31585534877587,4.2039588031814645,0.28786286298335434,0.31544776329332236,0.0028156250000000004,0.15760642772460937,0.0482959482624796,1.669,0.3970067448655627,0.5023157894736842
0.07580916086077627,0,0.8497786584570909,3.4968708856139776,4.403778721999918,3.4968708856139776,0.2731264354271151,0.4014473055323415,0.028015625,0.12719904975585936,-0.1293177664018114,1.251,0.357748410199123,0.5018947368421053
2.5341951863445846,0,0.8116078714002712,8.10481614501684,10.490539106417094,8.10481614501684,0.28228752357690295,0.4114254112250408,0.0327421875,0.18937918040771487,-0.033021448893097036,3.537,0.436407185149374,0.5014736842105263
-0.03514081961052007,0,0.8881451097932583,3.5317083007264034,4.425060384399648,3.5317083007264034,0.23774430512536615,0.3184595037843927,0.0046808593750000006,0.14804883447738648,0.06477613700954193,1.359,0.3847996165822869,0.5010526315789474
0.08373738721957658,0,0.8918108870820457,3.74241221331081,4.717320561143861,3.74241221331081,0.33515937541571267,0.309214649074463,0.016343359375,0.1640443785887146,-0.027915250211226934,1.517,0.4053535296310802,0.5006315789473684
0.011859673093456369,0,0.8692558184316722,3.690921114803939,4.62739352491403,3.690921114803939,0.3041854544993185,0.3419721102777339,0.009778515625000003,0.14460310055404663,0.05042717880706086,1.404,0.3803928494620726,0.5002105263157894
0.14603480724871032,0,0.8510708434578195,3.7919057009138166,4.781099408972247,3.7919057009138166,0.3258836902879544,0.31861114540233054,-0.02215078125,0.14735207882751467,-0.1529052787556719,1.458,0.3845032326749672,0.4997894736842105
0.030124962115492426,0,0.9057277258908585,3.568262947047543,4.496770846905937,3.568262947047543,0.32588038987553236,0.29750887088537925,0.014911718750000002,0.1601578429876709,0.025953183731704573,1.429,0.4004749709329536,0.4993684210526316
0.5176056526711315,0,0.853259911264766,4.1590035126317115,5.291598561245417,4.1590035126317115,0.27590191409402004,0.35133426058891687,0.048750390625,0.18431190527328492,-0.08993652072777111,1.797,0.43207465310912996,0.49894736842105264
0.03172181586720457,0,0.8362925078629252,4.038099298970818,5.064955701956616,4.038099298970818,0.23703726595336877,0.3542315242555292,-0.038131250000000005,0.1400476757421875,0.03885836762027047,1.519,0.37616707454102094,0.4985263157894737
0.049515026236485404,0,0.895087445054499,3.580308935612271,4.509789975309144,3.580308935612271,0.23787063537871153,0.31828937162151344,0.003861718749999997,0.1500613191595459,-0.03642786021586361,1.387,0.3873967372491023,0.4981052631578947
0.4213925375365344,0,0.8298780443352937,3.8983963098247862,4.966960947903294,3.8983963098247862,0.29956020250356685,0.32956021459987456,-0.024508984374999997,0.15605994288803102,-0.20074343800170963,1.543,0.39580378118851395,0.4976842105263158
0.03639300985250893,0,0.9033305108391743,3.5485871707688745,4.477189144983977,3.5485871707688745,0.3147810526123151,0.3285611534044943,-0.03251875,0.1590699605859375,-0.03274736328279966,1.42,0.40015925540651937,0.49726315789473685
0.2908430464994014,0,0.9128470467283148,4.013581492718508,5.0876053184795085,4.013581492718508,0.26501487621165576,0.33295415587177535,0.009268359375,0.15040597290512087,-0.06520076644936341,1.557,0.3879328232962828,0.4968421052631579
-0.002547449708607097,0,0.886840526383889,3.8744188517503644,4.868357439025261,3.8744188517503644,0.2533829977326279,0.29029225834584804,-0.030751562500000006,0.16895563827880858,-0.12177524894378258,1.597,0.41219085006220113,0.49642105263157893
0.23997905504053296,0,0.8536522852718392,3.933359737062504,4.9910223546633485,3.933359737062504,0.2812973949701568,0.3515392444706953,0.005905078125,0.14404134138046265,-0.2145517459211454,1.493,0.3795737231792067,0.496
0.2128241708559795,0,0.8519987698633684,4.086659507790092,5.156366296393868,4.086659507790092,0.3005425081889269,0.3630418802686788,-0.026734374999999998,0.14781870209960937,0.009068592330292983,1.575,0.3854003488662796,0.49557894736842106
0.22238278609832518,0,0.9040145546229873,3.5910162085271566,4.554540609090408,3.5910162085271566,0.28396926186429206,0.3175259317903805,-0.03926132812500001,0.1619512992857361,-0.21048581075340644,1.452,0.40434236875681856,0.49515789473684213
0.5218911914079096,0,0.8765060079034402,3.929438964431149,5.017931744668269,3.929438964431149,0.22111811044029794,0.33588106874712714,0.019278125,0.15282581795898437,-0.13834618310680344,1.538,0.3914044762933863,0.49473684210526314
0.329624286110624,0,0.8643311481067978,4.058817948116691,5.156901115665189,4.058817948116691,0.3107008198033442,0.33746576713124865,0.022768359374999998,0.13083042954574586,-0.02407185961389637,1.471,0.36242078822050894,0.4943157894736842
1.9507485869816374,0,0.8815281692897484,7.475366529107411,9.625508081899957,7.475366529107411,0.23676243208169212,0.4114019593402171,0.0012894531249999987,0.15827502207626343,-0.30533598520996275,2.974,0.3978400240871009,0.4938947368421053
0.5641621859225587,0,0.8973362167910212,5.0862105303237914,6.4113108458973285,5.0862105303237914,0.28985172824697353,0.30483779783478954,0.014693359374999998,0.16096843214340212,-0.18134984197579443,2.042,0.40147767927136996,0.49347368421052634
0.017450350554346183,0,0.9068329879871054,3.6665502902737312,4.584008919538133,3.6665502902737312,0.2629114638504727,0.3093284208270164,0.0017300781250000005,0.1655825259703064,-0.0756837923726291,1.492,0.4069220062132607,0.49305263157894735
0.8767958757680887,0,0.8865867300597685,4.900626680239861,6.327523716698384,4.900626680239861,0.20456001778208227,0.3596475386378563,-0.017327734375,0.18019185469955445,-0.01604387536100984,2.082,0.42484362426441685,0.4926315789473684
0.19610521907403422,0,0.8912149534652152,4.143583324859848,5.240350183322467,4.143583324859848,0.24768064120908473,0.36922510515904716,0.0119359375,0.13655654589599608,-0.1114512144960718,1.532,0.3697282955090129,0.4922105263157895
0.11286121119133918,0,0.882755187928913,3.803691507429844,4.752863152226748,3.803691507429844,0.271845643906432,0.38635946354226863,0.012385546875,0.16037776424423217,-0.06756968765692639,1.524,0.40066340738283673,0.4917894736842105
-0.04106044968170153,0,0.8466514493157854,3.318961310274893,4.192710977797566,3.318961310274893,0.2625031737686186,0.33664916245040677,0.007847656249999998,0.14360537444763183,-0.014088349303546877,1.258,0.3790342466799669,0.49136842105263157
0.4833003097707964,0,0.8929080903997051,4.100035999917011,5.2023101319969145,4.100035999917011,0.33140954849392823,0.3722040932364549,0.0441921875,0.15784918181396485,-0.049981639056277,1.639,0.3997525875463472,0.49094736842105263
0.18995637689149492,0,0.8605126827045897,3.743827422488535,4.750685815717284,3.743827422488535,0.3093036304319885,0.3431325002832709,0.01069375,0.1449655976171875,-0.04195365755209878,1.426,0.38089362544711874,0.4905263157894737
0.06355758663409139,0,0.8788066352570988,3.950735657465212,4.911976314599059,3.950735657465212,0.3084972443278913,0.30095592496205276,0.049603515625,0.17196578147201538,-0.000902801925839912,1.65,0.41764373601716454,0.4901052631578947
0.5234277320898384,0,0.9063424112107668,4.214727194099415,5.383402177994743,4.214727194099415,0.2635597225494801,0.35385205596482394,0.000654296875000001,0.14339220353622437,0.05336389200339003,1.596,0.37867219549450026,0.4896842105263158
0.11897182948302465,0,0.887475513076933,4.1549096997635875,5.2482840904717305,4.1549096997635875,0.2709862207944673,0.3470349235244935,0.046668749999999995,0.14574321058593748,0.010728278444147749,1.598,0.3846052298298867,0.48926315789473684
0.14773791895202493,0,0.8335126127585502,3.986768980376521,5.029335765313877,3.986768980376521,0.25353105178618185,0.35076331010974704,-0.03876640625,0.14984682746520997,-0.03238436171064028,1.551,0.3890368385111493,0.4888421052631579
0.32828189771673033,0,0.8717924589690974,4.003768767958799,5.083850343748927,4.003768767958799,0.24924750801842468,0.3794484532065456,0.027981640625,0.15161527817855835,-0.05988923940395416,1.563,0.39038218503234107,0.4884210526315789
0.3005610708299562,0,0.8931729225883358,4.178221571410071,5.3121738077781355,4.178221571410071,0.26724343666085415,0.3221878152788521,0.0113484375,0.1889866239038086,-0.07135712186967753,1.817,0.43487401731708464,0.488
0.2398620714127544,0,0.8434935296618711,3.8008823206738835,4.781343448331227,3.8008823206738835,0.2840049319567796,0.3976206657747844,0.02353203125,0.152915202880249,-0.1496460947552855,1.489,0.3917511447015822,0.48757894736842106
0.27624565532851975,0,0.8649448164696076,4.068608714772065,5.162934577810834,4.068608714772065,0.23896460806983244,0.3791369170524945,-0.010987890625000002,0.14520139321273803,-0.003886841796174689,1.551,0.38121139404945,0.4871578947368421
-0.1783732487476941,0,0.9094885656782798,3.634858057405142,4.5102184637068365,3.634858057405142,0.27040100420249175,0.3150993283568847,0.01243203125,0.15353870241149903,-0.03373588679828431,1.425,0.3920373168621834,0.48673684210526313
0.3099384919035453,0,0.8721377499822554,4.47999768344221,5.656454428885009,4.47999768344221,0.3486556970404368,0.3438997902616318,-0.01417578125,0.16665688081970215,-0.02734812052851734,1.83,0.40848235407879,0.4863157894736842
0.5742625994351704,0,0.9044348064802405,4.487519431045284,5.734599464329194,4.487519431045284,0.2698632915404758,0.2774944545017622,0.0035726562500000025,0.18534106425231933,-0.07030053634246405,1.932,0.43052738371095517,0.48589473684210527
0.10041156321060685,0,0.9062069182589076,3.8103038707272425,4.775992740446758,3.8103038707272425,0.3015880308405081,0.30740753620162936,-0.024169921875,0.17973328714218137,-0.06968453829553176,1.618,0.4246380485373691,0.48547368421052634
0.1260140194393573,0,0.9010628875359631,3.7229491241256016,4.706499899985857,3.7229491241256016,0.25072480238890005,0.4081627593734499,-0.013005078125,0.15006148786483764,-0.01042913539118178,1.443,0.3875959493104578,0.48505263157894735
-0.0397881786401979,0,0.8655763593376179,3.1983953663139006,4.020075149371674,3.1983953663139006,0.22794860753270224,0.3378594081274731,0.010106640625000001,0.1514194069871521,-0.05812690708103362,1.245,0.3892576925018631,0.4846315789473684
0.10406480187144584,0,0.8476617239519134,4.373770132681266,5.468544920266328,4.373770132681266,0.23202377684677156,0.34192353126057906,-0.0011585937500000003,0.13516239125427246,0.10173932153382823,1.608,0.3676462070982781,0.4842105263157895
0.09105391762978421,0,0.8717702616904538,3.691933367027178,4.624949833890877,3.691933367027178,0.25572237219362287,0.3475557780171824,0.009638671875,0.14555836670761108,-0.12787422385515873,1.409,0.381642857529294,0.48378947368421055
1.2570948309549816,0,0.8755306959342273,6.4870126135199335,8.28375064827842,6.4870126135199335,0.26944551845317927,0.3801222235445348,-0.002766015624999999,0.14579402923568724,-0.056168037510338775,2.477,0.381839861824463,0.48336842105263156
0.8200750747842869,0,0.9014429777787756,5.692514849755983,7.227522792451988,5.692514849755983,0.31011581487827505,0.390874712441287,-0.018144140625,0.15966995539535522,-0.3185626756998607,2.277,0.3999989565416077,0.4829473684210526
-0.03109482487890114,0,0.9082047343351101,3.344665242892101,4.181602559799512,3.344665242892101,0.2744833308542757,0.34148881664016717,0.01962890625,0.1539571654144287,-0.027671314706217958,1.314,0.3928644287473734,0.4825263157894737
0.16429602179209057,0,0.8495553214723494,3.7150816229286745,4.691932600916626,3.7150816229286745,0.28559480962496264,0.3113151810160083,0.010933984374999997,0.17984033275131225,-0.018572846025335005,1.576,0.42421678982051736,0.48210526315789476
-0.10571780776170803,0,0.8823967428978482,3.412182726731043,4.239784085069743,3.412182726731043,0.29696741714325164,0.2971528149071306,0.006143750000000002,0.1758415457421875,-0.1224108580574861,1.431,0.41937965068211164,0.48168421052631577
0.2622443566828099,0,0.8811708398500494,4.060151216560418,5.171966400011862,4.060151216560418,0.24970737174946925,0.3105638152785156,-0.0221875,0.16167046328125,0.06218047873095236,1.635,0.40269436106990625,0.48126315789473684
1.280605205827655,0,0.91055061911959,5.919651629861683,7.6661076454075925,5.919651629861683,0.2965369016127067,0.3372204789096309,0.020173437499999995,0.15478341132568357,-0.17178983867607203,2.332,0.3939421009567904,0.4808421052631579
0.8295817513405286,0,0.8745454365055979,4.747183225794223,6.121584134606537,4.747183225794223,0.297876798402753,0.3483651660226763,0.009784765625000002,0.16846315875228882,-0.10634472888560953,1.949,0.4105592532030243,0.48042105263157897
0.29781920305496845,0,0.8868431700161754,3.6894212694251634,4.681092050919523,3.6894212694251634,0.2744824927249067,0.32781031458548665,0.026886328124999997,0.14554115465682985,0.06989034765367723,1.411,0.3824448055561417,0.48
0.1200637264571851,0,0.9325540169514739,3.802714472799163,4.764899128263134,3.802714472799163,0.3288692778215201,0.3039043660698972,-0.032885156250000006,0.1722089227484131,-0.07841105967853365,1.583,0.4162815828859115,0.47957894736842105
0.12839844844167603,0,0.9217425638005544,4.205774267904129,5.3302422156492435,4.205774267904129,0.3018820917537837,0.2648515270032004,0.032249609375,0.18355685527328489,0.021469290693959572,1.807,0.4296474049475046,0.4791578947368421
0.2884213471648218,0,0.9107271896818528,3.9185761081971537,4.943146544296597,3.9185761081971537,0.26642847654941515,0.2648267001212395,0.0107453125,0.17418961091552734,-0.10818988602844463,1.636,0.4174985900051041,0.4787368421052632
0.27603645702928503,0,0.8977859077459615,4.031016569998307,5.1107525662179984,4.031016569998307,0.2878012282207967,0.2864977503767334,-0.035191015625,0.16367964280990602,-0.0430619309467806,1.637,0.4061010347076513,0.4783157894736842
0.38053156413744826,0,0.9229590900136525,4.365445364460759,5.5512135162401295,4.365445364460759,0.2609126556122373,0.3006175312002939,0.024680859375000003,0.1480224430711365,0.19523481652662955,1.683,0.38552767461055887,0.47789473684210526
0.23861792723128117,0,0.8829018214907064,4.234053881964821,5.372761359387747,4.234053881964821,0.2708380272518656,0.31073293664139223,-0.023859765625,0.17162976588119508,0.08686124234408799,1.757,0.4149687389393025,0.47747368421052633
0.2973277956758227,0,0.912183351226433,3.9340075502887797,4.963812182235071,3.9340075502887797,0.2879911906353275,0.3213443039862414,-0.0333671875,0.15532699095458985,0.07467956198659806,1.556,0.3955254228949765,0.4770526315789474
0.49733309793490976,0,0.8498892297108785,5.02888897415325,6.35875250258976,5.02888897415325,0.2745349706505902,0.38793766543070307,0.028520703125,0.15093519879013062,-0.05714149333164156,1.959,0.3895492642745908,0.4766315789473684
-0.02448435503252888,0,0.9165859842264945,3.8394849503086284,4.7965610541377,3.8394849503086284,0.2325848391955521,0.3087849113666024,-0.042401953125,0.15123818726181032,0.07810382002616188,1.502,0.3911983037931338,0.4762105263157895
0.3614021486778318,0,0.9094607522469935,3.9207588792019727,4.984904838969175,3.9207588792019727,0.3397968826769968,0.28743528136892754,-0.025386718750000002,0.17560156451110837,-0.12639913290531174,1.646,0.41981668618576845,0.47578947368421054
0.08797970382105413,0,0.9195236673289967,3.492019943027506,4.4243975981588015,3.492019943027506,0.3147383694439229,0.30205041420561846,-0.006241796875000001,0.16115271067489625,-0.07058057712431057,1.402,0.40148682506792793,0.47536842105263155
-0.00506632329593959,0,0.8821014307253108,3.8380331350055648,4.812854156697811,3.8380331350055648,0.2560280529588454,0.3258066098697623,-0.0194859375,0.1509423341772461,-0.01965436911858165,1.493,0.3890013315369242,0.4749473684210526
0.29625028485099447,0,0.9683392237661052,4.076590423243291,5.145703385285965,4.076590423243291,0.28620373476893257,0.32983953434640323,-0.004387109374999998,0.16142911225570677,-0.13990350874439092,1.638,0.40180637001468134,0.4745263157894737
0.45731999577340376,0,0.8828541505580624,4.153962381756015,5.280175703292682,4.153962381756015,0.2753129244502175,0.3436633337409741,0.008886328125,0.13505139996932986,-0.07698174752223144,1.527,0.36760082534846816,0.47410526315789475
0.06332111820931674,0,0.9087293726593839,3.7825296546471074,4.75098596245968,3.7825296546471074,0.273707639084287,0.3170988565312333,-0.039917578125,0.14474973031600952,0.06998962396424538,1.447,0.38254822357367574,0.47368421052631576
0.29315875088905674,0,0.9153232095072321,4.707294874782189,5.974997701104921,4.707294874782189,0.3001094722767235,0.32701096399269,0.01986484375,0.16753282001403808,-0.15188478729294216,1.929,0.409789497219304,0.47326315789473683
0.06867715808948027,0,0.8942728464802884,3.6151770341782163,4.526000768363019,3.6151770341782163,0.2712217229983626,0.3087040005000409,-0.03371328125,0.15862654279235838,0.019626388805063986,1.445,0.39970380048856174,0.4728421052631579
0.21189044841439486,0,0.8613195546500898,3.675011592095863,4.675967574391523,3.675011592095863,0.30259072018480604,0.3448174315445348,0.05376171875,0.1571086682220459,0.06334647883193936,1.47,0.3999987382792601,0.47242105263157896
0.3220825928287967,0,0.9350514286156865,4.375625689867222,5.5437661174029484,4.375625689867222,0.25088851926210687,0.3211536761708483,-0.009560937499999995,0.1589501150366211,-0.0040023948373092135,1.745,0.39880010852869635,0.472
0.42391670095419,0,0.9370336284540735,4.992004438377246,6.318867634017291,4.992004438377246,0.21066148696440906,0.40460390828646675,-0.028158203124999996,0.17082049489364623,-0.13496877693568562,2.068,0.4142624521929003,0.47157894736842104
0.03657079029200272,0,0.8750674511581676,3.6839816010838096,4.630114619888716,3.6839816010838096,0.2894041937060294,0.29832248425314867,-0.026908984375,0.16307835226303102,-0.03987429086142037,1.491,0.4047251483452999,0.4711578947368421
0.4086452298831711,0,0.9151204651607593,4.782997970696109,6.0659626116105105,4.782997970696109,0.29595017788022454,0.3330506153657181,0.024170703124999998,0.16785382750106811,-0.1111915978109823,1.963,0.41041204951929106,0.4707368421052632
0.6230486269833411,0,0.9304509353838004,4.5330959182563415,5.835849714621096,4.5330959182563415,0.2674192894602658,0.2876504675063935,-0.034687890625,0.170064602197113,-0.07794529932361775,1.876,0.4138452028876558,0.4703157894736842
0.2665199429910432,0,0.8724374686821548,4.433895078818544,5.584382736042648,4.433895078818544,0.32355650667568064,0.27418187864971183,0.00015117187500000018,0.18478848925643923,0.013592964958760542,1.906,0.4298703433703877,0.46989473684210525
0.16819292334691838,0,0.9186816127444833,3.7648173376494003,4.752548770865885,3.7648173376494003,0.2510235990639778,0.3025778077578482,0.009598437500000003,0.1462054574975586,-0.031230285361409264,1.44,0.38248867630297245,0.4694736842105263
0.20852878627791904,0,0.8975989440053327,3.793267641002111,4.838149498443733,3.793267641002111,0.22067435825974688,0.35468029189026623,0.0017207031249999998,0.1300574801963806,-0.07676068426110769,1.368,0.36063893441449857,0.4690526315789474
0.12610048475710567,0,0.9155896600464603,3.889686145273427,4.897607160768254,3.889686145273427,0.31225253379293055,0.2935096439038314,0.025511328125,0.16982466784042358,-0.10845424631570515,1.606,0.4128867831538387,0.4686315789473684
1.1143753982215516,0,0.930903437263932,5.323831007588341,6.785336100366431,5.323831007588341,0.32234175257287084,0.3530857830144114,0.00014335937500000034,0.14899615796371463,0.12430330764142905,2.055,0.386000231237787,0.46821052631578947
0.46181063547700196,0,0.9279664478414126,4.370684437014243,5.590242005321532,4.370684437014243,0.2651631556214349,0.2878348576379383,0.015522265625,0.17087794716049193,0.09560322460084023,1.808,0.41366518815417014,0.46778947368421053
0.10239426930708762,0,0.9441383654608864,4.278867661350147,5.392049999938557,4.278867661350147,0.3544627190520054,0.33751769672123655,-0.029436328125,0.15959244516464235,-0.06482496201102544,1.714,0.4005732674282259,0.4673684210526316
0.18649707839557728,0,0.9232330782819091,3.7922881456181985,4.777255577700783,3.7922881456181985,0.3503873125358036,0.32638490589801267,0.025819921874999995,0.15871893593124392,-0.12918328051109196,1.514,0.3992312666824519,0.4669473684210526
0.1217441059930473,0,0.9170247753263612,3.9563732759013943,4.960836836246638,3.9563732759013943,0.21651503305984252,0.3260642537909404,0.02262109375,0.1480630908050537,0.020452882707706448,1.525,0.3854540240904225,0.4665263157894737
0.17979302871218739,0,0.907647871237776,4.438599622962207,5.593434251322268,4.438599622962207,0.3124256262570618,0.29172099126475004,-0.0346390625,0.1627096673803711,-0.03732261507390323,1.797,0.40485742185521306,0.46610526315789474
0.34222733455725773,0,0.9498363898221643,3.726989852193677,4.769991280390161,3.726989852193677,0.3168708403396174,0.26910536559237136,0.0030488281249999977,0.2046345651939392,-0.05657288860608004,1.686,0.4523757957128951,0.4656842105263158
0.11513241315303802,0,0.946911914843097,3.812376790753013,4.781027344399579,3.812376790753013,0.35850088340450487,0.24744410351336335,-0.003945312499999997,0.21117600013427734,0.049271827493069784,1.752,0.45955583515498966,0.4652631578947368
0.21240148928985025,0,0.9164063629192248,3.922009692319266,4.987694831829369,3.922009692319266,0.26792031972829955,0.30151753117869756,0.005778906250000002,0.1655620729925537,0.036075895658977154,1.596,0.40693423147973184,0.4648421052631579
0.3547847545379015,0,0.9678250222556073,4.126666676065232,5.2313300797065,4.126666676065232,0.2628444723434671,0.24503311822984994,-0.04131679687499999,0.179983705499115,-0.10191281622702078,1.759,0.4262520184153091,0.46442105263157896
0.2261492388655646,0,0.9111397543684636,3.920799786462029,4.966354596963096,3.920799786462029,0.3423034665400772,0.3334981598046855,0.007837499999999999,0.15865165640625,0.010969830289193702,1.562,0.3983881057618312,0.464
0.16016026750019297,0,0.9476819555741218,3.5292292428649623,4.491383442965658,3.5292292428649623,0.3120126094317648,0.31080470389052955,-0.0006328125000000018,0.16188845423583983,-0.05007418485237744,1.42,0.4023541408852406,0.46357894736842103
0.20471246324004255,0,0.8998297135932875,3.9699282500956494,5.017108211684921,3.9699282500956494,0.20643057648198979,0.3668110256714928,-0.006678125,0.14790464952148435,-0.11765372581902026,1.527,0.3846417123440982,0.4631578947368421
0.47639020309467917,0,0.9488691612458043,4.224155085122274,5.388993956432677,4.224155085122274,0.23909890457004337,0.2553406578091595,0.03885625,0.1843306137109375,-0.046617627844731516,1.821,0.4310921268998078,0.46273684210526317
2.421208238913107,0,0.9354693310431234,6.726035325687572,8.98864359652943,6.726035325687572,0.35337566326550285,0.3878054495898735,-0.04171562499999999,0.24692089413085933,-0.20874699543673855,3.354,0.498659289996687,0.46231578947368424
0.22192907928032568,0,0.9579285548555084,3.656111933483528,4.652292040002312,3.656111933483528,0.27130434825652383,0.2641686318353241,0.011221093749999998,0.1702230573675537,0.055521586613216996,1.509,0.41273353427181075,0.46189473684210525
1.1354979176386326,0,0.9329654988883264,5.193262810865423,6.646665312191893,5.193262810865423,0.3335603682306403,0.29615370574347555,-0.025118359375000003,0.16024754185043336,-0.006385720388121197,2.083,0.4010965891504501,0.4614736842105263
0.01500777676289422,0,0.9075401318520667,3.5616872220874805,4.452439097027816,3.5616872220874805,0.35185263330605865,0.2958100030776795,-0.00038359374999999906,0.16803268801208499,-0.06955688289419967,1.46,0.40991808347064906,0.4610526315789474
0.43018108537398136,0,0.9594128910517562,4.183515679466215,5.29389803389173,4.183515679466215,0.2683603585071711,0.26778095506795935,-0.0060046875,0.16625743513427735,-0.07221660053557444,1.706,0.4077909898541776,0.46063157894736845
0.45324773541268026,0,0.9616622083514438,4.371219018017907,5.5765596778045445,4.371219018017907,0.3414318137297034,0.27351019984456376,0.0312296875,0.18380192536865236,-0.13697287021337537,1.879,0.4298572073956653,0.46021052631578946
-0.051770587586323025,0,0.8915227866127272,3.663864591889025,4.590185280916287,3.663864591889025,0.2973709118542445,0.3326656567359859,0.019903515624999996,0.14085404342514038,-0.07828407754921674,1.377,0.3758326667007207,0.4597894736842105
-0.08736200705412145,0,0.8649175506254367,3.4130749382007934,4.27761685352224,3.4130749382007934,0.31711060627210547,0.30039762689303373,-0.025249218750000003,0.15258452695251465,-0.139268541792632,1.336,0.39143588236133897,0.4593684210526316
0.11810075024391775,0,0.9024771592290511,3.988411017074205,5.009933676390941,3.988411017074205,0.32582198873151275,0.32810160290259005,-0.028598046874999998,0.1432781552305603,-0.0789795455317648,1.514,0.3795997938824849,0.4589473684210526
0.061353245385473265,0,0.922537700375604,3.6715212312621612,4.620618273325119,3.6715212312621612,0.27877418135777393,0.2924585135016008,0.004108203124999997,0.16335440352645875,-0.022672055613300678,1.484,0.40419213359413,0.45852631578947367
-0.04317141534613578,0,0.9226961093898332,3.7269901215202688,4.671254760704372,3.7269901215202688,0.3217598294535443,0.296782156699599,0.029087890625,0.16156786454086305,-0.0586054435974137,1.502,0.40300616610900014,0.45810526315789474
0.5986417277359997,0,0.9533896254683523,5.69168421138708,7.227502844312278,5.69168421138708,0.2515618007831877,0.303442026629674,-0.0034253906250000022,0.16973604599594116,-0.05994042294060405,2.345,0.4120045864998046,0.4576842105263158
-0.1161834880462469,0,0.9784807379003639,4.014453549070208,5.017509249565326,4.014453549070208,0.34352532515322515,0.294746888197201,0.028669140625,0.174936183891449,0.07605732327050992,1.683,0.4192351410791144,0.4572631578947368
0.6492556361719615,0,0.9802931055778362,3.950063776844649,5.097146166511593,3.950063776844649,0.2601656055761014,0.2755560726505903,0.012432421874999999,0.20154223840194704,0.09663322345533398,1.774,0.44910667275784827,0.4568421052631579
0.354170514214851,0,0.9408145932768082,4.364974241604327,5.561958856995326,4.364974241604327,0.2987783218698105,0.2820411001937494,0.01353828125,0.1863083422845459,-0.11282313997460465,1.885,0.4318467637296244,0.45642105263157895
0.3033025704067027,0,0.9373059736940603,3.856018572291974,4.869600040046053,3.856018572291974,0.3213325299753612,0.2901544688237748,0.022360546875000005,0.17906673445907595,-0.11230580058947016,1.634,0.4237531457294742,0.456
-0.09557909369098816,0,0.9101923346668005,3.456695829228286,4.309519644179157,3.456695829228286,0.28249413169974386,0.2743015104257242,-0.014095703125000001,0.1764900607627869,-0.12341684112282036,1.453,0.4203436089788627,0.45557894736842103
0.2931079096592373,0,0.8972330164155424,4.172886483058861,5.283336781314104,4.172886483058861,0.2459605705417261,0.3401164629714935,-0.003861718750000002,0.1574731074407959,-0.021569388179980553,1.656,0.396847603385103,0.4551578947368421
-0.053729818833074816,0,0.9325793976813442,3.601237887898357,4.477513756656088,3.601237887898357,0.30294601729970644,0.27276211636963166,0.03283125,0.1899539824609375,-0.04748205471178474,1.574,0.43707193165141595,0.45473684210526316
0.6498094243524641,0,0.8995207095590059,5.768324286533647,7.361307092461939,5.768324286533647,0.210655586621889,0.3270508730171017,0.030843750000000003,0.1835940818359375,0.1901974960628766,2.478,0.4295874983632555,0.45431578947368423
0.40674832612444245,0,0.901151848903802,4.199929870618122,5.37744038581763,4.199929870618122,0.3109331614074394,0.263434324788656,0.003317578124999999,0.17639488469100953,0.023893866159904638,1.764,0.42000701305528815,0.45389473684210524
0.45515961581640196,0,0.9013430593275603,4.366722574400489,5.568609487192002,4.366722574400489,0.28882414711713067,0.28426884173957573,0.004614453125000001,0.1583908033067322,-0.020866820910478652,1.738,0.3980101713328128,0.4534736842105263
-0.10094947611181526,0,0.9323329720922485,3.5747033731606837,4.438334951102234,3.5747033731606837,0.28096717350262895,0.27521916667498975,0.003561328125,0.18678734936386107,-0.08337225343721441,1.545,0.43220369320712076,0.4530526315789474
0.048454843423195726,0,0.952915523872915,3.6148336840019626,4.545515375718123,3.6148336840019626,0.2442655651531457,0.28868288154527527,-0.02535,0.1683473665625,0.08417362871056323,1.486,0.411083919732334,0.45263157894736844
0.2552719128398899,0,0.8789554179972952,4.742045880449552,5.992447877829808,4.742045880449552,0.3149672755897905,0.35899477380948913,0.017648828125000005,0.17087383253768923,0.028403015854398847,1.962,0.4137454696693065,0.45221052631578945
0.22847374383804153,0,0.9336993373148487,3.8162427319903913,4.812969222578808,3.8162427319903913,0.29884854125535637,0.28195221248326285,-0.044953515625,0.17996469588607789,0.03120811247385968,1.628,0.42659760249340944,0.4517894736842105
0.401290194219988,0,0.9497672011910849,4.138906887601737,5.257856002410631,4.138906887601737,0.3125479720950294,0.23179317646255562,0.0031492187500000005,0.22493142695251467,-0.19735591041439862,1.963,0.4742798167023872,0.4513684210526316
-0.0067834134648787625,0,0.9569369552632174,3.712600382409095,4.637996437748984,3.712600382409095,0.29128403351616367,0.30049613556411964,-0.01419609375,0.1852970201409912,-0.046834488147951006,1.599,0.4306954251193644,0.45094736842105265
0.12275517897735488,0,0.9698785967118985,3.5539157992998085,4.484781610003891,3.5539157992998085,0.36403681071352045,0.24305266220945848,0.02115390625,0.2007221185003662,0.004214233384137061,1.594,0.44851934880225625,0.45052631578947366
0.310310776339767,0,0.929897817405828,4.005862722621213,5.120124049038135,4.005862722621213,0.26831828829432397,0.29253614914019266,-0.02242890625,0.1693612082269287,-0.0254421203836209,1.651,0.41214592568955477,0.45010526315789473
0.057931986641946764,0,0.9215443939909922,3.567984358369724,4.477571526321759,3.567984358369724,0.29949945389296095,0.29808537517969447,0.0021371093749999993,0.1615251448728943,-0.1040663267284949,1.434,0.4019075915050312,0.4496842105263158
0.17102369307524112,0,0.9296606508699271,3.6576688779199507,4.591742947969707,3.6576688779199507,0.29674027914788104,0.2983996457319557,0.053323046875,0.16287882650009153,-0.006668037977544671,1.489,0.4070898842124734,0.44926315789473686
0.19938558876841395,0,0.9331469259470931,3.7638397582050946,4.717339312973721,3.7638397582050946,0.2628642472031992,0.31695878246730713,-0.045458203125,0.14778358809677122,-0.009463806797619734,1.457,0.38710468393979036,0.4488421052631579
0.38784803097059894,0,0.9447001542259166,4.416897371008411,5.607669312442017,4.416897371008411,0.3115947335830265,0.29036196001323267,-0.006627343750000002,0.17920171659606932,-0.03577205477542855,1.87,0.4233741114915389,0.44842105263157894
0.18330210311900785,0,0.8986484939019488,3.5695241972232457,4.50539753830757,3.5695241972232457,0.2758492193638969,0.3096058858752878,0.039648828125,0.1616241020689392,-0.11434488125096652,1.442,0.4039754096979481,0.448
0.24231028905170904,0,0.944415836401034,3.863636390028708,4.9160136159095265,3.863636390028708,0.3479270943835738,0.3211050784250419,-0.011371484374999996,0.16499339988998413,0.010733558946486992,1.57,0.40635293840069003,0.4475789473684211
0.36527300621600656,0,0.9662717555345848,3.945726581642386,5.050716593786374,3.945726581642386,0.2515533488026373,0.2701035883111558,-0.002861718749999999,0.19805102306579592,0.06693672198003744,1.756,0.44503843935102955,0.4471578947368421
1.1150570625283454,0,0.9418494200591174,5.197141852123751,6.719253498645947,5.197141852123751,0.29431203740590217,0.32507996976542985,-0.022053906249999998,0.1896173689691162,-0.263183300858325,2.266,0.43600888035681107,0.44673684210526315
1.0514561738774892,0,0.9189539969421516,6.665855234745076,8.534237343148812,6.665855234745076,0.32727282334626795,0.3513618192074954,0.017746093749999997,0.19660269881286624,-0.13206556886981632,2.958,0.44375401142553067,0.4463157894736842
0.30471999404452355,0,0.9064525915210513,4.149092527346405,5.273260489552585,4.149092527346405,0.32794348066430173,0.27867533542541306,-0.0032414062499999973,0.17004620578552246,0.08480434277370144,1.711,0.41237933083509415,0.4458947368421053
0.017115193131534312,0,0.8793650131656914,3.707205827186822,4.607940906809696,3.707205827186822,0.25313552871101364,0.305966996007198,0.020087109375000002,0.1397763396775818,-0.04514709179602625,1.388,0.3744059716946633,0.4454736842105263
0.16722177231838087,0,0.9225085088589385,3.861567226784464,4.85376025495786,3.861567226784464,0.2748359191084304,0.31474496767012256,0.0127046875,0.15538951904052734,0.035828950336195986,1.523,0.3943994524907457,0.44505263157894737
0.12725300231762926,0,0.9498035634899733,4.008523120648553,5.10210948621716,4.008523120648553,0.25573704304586653,0.2325406526571357,-0.01801953125,0.2122125910247803,0.03979355292029526,1.848,0.46101767268863997,0.44463157894736843
0.010082087782064875,0,0.986238790352359,3.1815172301036045,4.027225462382351,3.1815172301036045,0.272150550961543,0.283293336881863,-0.006029687500000004,0.16487724130615233,-0.09212925855375992,1.292,0.40609555333381825,0.4442105263157895
1.08273974343469,0,0.9749616988108698,4.7744944238901885,6.190842173275624,4.7744944238901885,0.33559139505645763,0.24730883786945912,0.022394921875,0.21414084208358766,0.04922452900742906,2.212,0.46329512690009483,0.4437894736842105
0.09229440308653292,0,1.0012791303819235,3.845448945115364,4.861639397714717,3.845448945115364,0.29554386026042184,0.2610267514033927,0.016122265625000003,0.20073283700424197,0.06141286489652493,1.724,0.4483221659176858,0.4433684210526316
0.1657854813405648,0,0.9816516171109648,4.390450223948184,5.497504593939262,4.390450223948184,0.31712734679049304,0.2667334233454504,0.013845312500000002,0.20216430654052733,-0.1632740928987333,1.975,0.4498399706770731,0.44294736842105265
0.23802529957226115,0,0.940467743153845,3.586666137729065,4.548104813481127,3.586666137729065,0.3142011242474266,0.315402758451822,-0.016431640625,0.16339391017074584,0.020132756854951837,1.451,0.4045539630066365,0.44252631578947366
0.2433722517928878,0,0.9389061967885847,4.277247036523268,5.4275301934102345,4.277247036523268,0.32688346427313153,0.3130879035281619,0.022174609374999998,0.15691926443344117,-0.08063546906457596,1.697,0.3967505232943934,0.4421052631578947
-0.011551338051523974,0,0.9285780952512638,3.701463763036329,4.640498982722673,3.701463763036329,0.2704815503902982,0.342037695377276,-0.014009375,0.15073206788085938,0.08452143876143413,1.438,0.38849495552548685,0.4416842105263158
0.052314587321077965,0,0.9883266703898992,4.5648589752623625,5.758610208585026,4.5648589752623625,0.24927998484263722,0.2995421774679519,0.019489453124999997,0.20129559129501345,0.04851267497482514,2.05,0.4490828766253786,0.44126315789473686
0.3902302743773203,0,0.9916073204590033,4.1434736535819985,5.2162856343615704,4.1434736535819985,0.35432179790968066,0.3053643752687215,-0.0076195312500000004,0.21533386149353023,0.10285637152624964,1.923,0.4641033492122202,0.44084210526315787
0.07723193009328,0,1.0226780877933446,3.40545484196405,4.286696052437614,3.40545484196405,0.2862388125196785,0.20758000845686253,0.011739062499999998,0.2242082733178711,0.07330678816460155,1.613,0.47365185411465455,0.44042105263157894
-0.1393523956267093,0,0.9376121874873625,3.3806173287058088,4.198047455346562,3.3806173287058088,0.26821866176697756,0.3379096518979134,-0.014160937500000002,0.14473172878662108,-0.030431580669485148,1.287,0.38069969915604085,0.44
0.653944814898844,0,0.9376847497568516,3.738463805672904,4.850317435747908,3.738463805672904,0.27741108682807764,0.28524944796974777,0.031843359375000005,0.1773790375730896,-0.017368022505592322,1.579,0.422365998997759,0.43957894736842107
-0.08917055352134584,0,0.9365160535630119,3.7478521649818406,4.67161442416834,3.7478521649818406,0.24801337152252154,0.2738956503316111,0.038415624999999995,0.1975492444433594,-0.12734795925490092,1.672,0.4461221858274928,0.4391578947368421
-0.023600361970359973,0,0.8905327456197016,3.8351390223768815,4.772117096007922,3.8351390223768815,0.3040501490982052,0.29176061626159866,0.008441406250000002,0.17725899422302246,0.05685191396007569,1.615,0.4211059861394753,0.43873684210526315
0.4706543406504018,0,0.8704514234786578,4.104188559533282,5.270445133102912,4.104188559533282,0.3013794416185232,0.2568269034585891,-0.007051953125000001,0.19422777737899782,-0.09283726315768703,1.809,0.4407692224076847,0.4383157894736842
1.318196627313041,0,0.947822026005447,4.807460784799805,6.330755832743059,4.807460784799805,0.30813875469820223,0.2518520348764535,0.041347265625,0.28943480479721073,-0.24369040931018304,2.594,0.5395779843283777,0.4378947368421053
-0.09727489706471815,0,0.8923318369265062,3.2809754866228324,4.091932496950792,3.2809754866228324,0.2543585982057898,0.23414344947563845,-0.002581640625,0.24018952692855838,0.045066232071779545,1.608,0.4900981450657358,0.4374736842105263
0.3608380911589011,0,0.925442100121448,3.891681326456284,4.938141801447342,3.891681326456284,0.31978644209015616,0.2842070217206029,0.022456640625000003,0.22890830358871458,-0.04006085994941242,1.864,0.4789703584741701,0.43705263157894736
0.26867889646261656,0,0.9569854711524568,3.4992968609012287,4.45347006434517,3.4992968609012287,0.26027957034924326,0.2795249087610149,0.010611328125,0.1749206586997986,0.06615153641679704,1.464,0.41836976346812516,0.4366315789473684
1.0863536495876724,0,0.9346340131935431,4.47286888754717,5.7687905066273535,4.47286888754717,0.35547847659524656,0.22172820257903464,-0.007125390624999996,0.24077153623031614,0.04977238448408949,2.195,0.4907364948950455,0.4362105263157895
0.3272027936647439,0,0.9795786639406077,3.60510279806296,4.574924844198426,3.60510279806296,0.27531041938225087,0.24399428823667457,0.013271484374999998,0.20980717903060914,0.02116640798144331,1.652,0.4582393602999692,0.4357894736842105
1.8648303270028252,0,0.9340255387592538,6.8038570116051105,8.85756499878713,6.8038570116051105,0.2489564024794964,0.3596405929854716,0.016814843749999996,0.21243099071716304,-0.30895022859979,3.138,0.46120898699776003,0.43536842105263157
0.5267763362215705,0,0.9039313101361198,3.837003364194128,4.943046595518568,3.837003364194128,0.32947027038218873,0.28741642634109626,0.034268359375,0.18984696587387084,0.030123759969847008,1.677,0.4370598200797289,0.43494736842105264
0.2678951133708485,0,0.9384280906923423,3.9821738538136167,5.067259824171169,3.9821738538136167,0.3647976668793549,0.28121372879504375,-0.05673125000000001,0.1997387566796875,-0.19393026552655473,1.794,0.45050770404761115,0.4345263157894737
-0.11737475506652295,0,0.9786016809730751,3.4120255887735174,4.254318810330214,3.4120255887735174,0.2642824377343773,0.23403387703058054,-0.013357421874999997,0.20645427264022825,-0.05462789783849507,1.551,0.4545686893741968,0.4341052631578947
0.38784080474219573,0,0.9223436719132062,4.4288373360919016,5.607048905353111,4.4288373360919016,0.3392221571808308,0.27563646693480154,0.012403515624999998,0.2149367469407654,-0.06049171847529407,2.054,0.4637786046602678,0.4336842105263158
1.0460969417017623,0,0.9912555316837147,4.891421683265383,6.259093969255242,4.891421683265383,0.37649033608180416,0.19711174149315328,-0.040675390624999995,0.2945188051756286,-0.012956486221270968,2.662,0.5442180560934422,0.43326315789473685
0.7166462211599929,0,0.9676552212352753,3.9006660334843613,5.05467678089861,3.9006660334843613,0.37356366562806365,0.2290175006531867,-0.017717578125,0.2314861979722595,-0.3137556344697149,1.878,0.4814562394931392,0.4328421052631579
0.11065423332131008,0,0.977759344982069,3.4348837735032114,4.374075137608522,3.4348837735032114,0.2971850183022017,0.260688212548284,-0.0021941406249999995,0.20441303691879273,0.09547664429785882,1.553,0.4521259240210353,0.43242105263157893
0.8304912762930123,0,1.005907477428378,5.150037472181047,6.559341698984487,5.150037472181047,0.29857719784928843,0.25381324650050247,0.003697265624999998,0.20309548686752316,-0.34242773706150426,2.321,0.4506763324611411,0.432
0.2188561764849677,0,1.0115517010038573,3.698541216036015,4.69671029244115,3.698541216036015,0.39588990034910215,0.24177611095121326,0.006116406249999997,0.23576689973083495,0.21008576830173287,1.796,0.48559685970591904,0.43157894736842106
0.09393494056413454,0,0.9707939741676138,3.6073104549101984,4.528850490657582,3.6073104549101984,0.31986261399796073,0.26857164824200713,0.0077203125,0.2006257475561523,0.008551310443729759,1.616,0.4479791856562646,0.43115789473684213
0.33038230820248726,0,0.9995836074652946,3.858746568113607,4.88748803156318,3.858746568113607,0.3144502486763486,0.26045220646602735,-0.005112109375,0.18348110266586307,-0.12754565187110672,1.653,0.4283774461011282,0.43073684210526314
0.16072209809141125,0,0.9819301877324738,3.854988236378367,4.84911982572198,3.854988236378367,0.3010625280263982,0.29701205049736323,-0.008999609375,0.2128828042967224,0.01958575297749212,1.779,0.4614800074387026,0.4303157894736842
0.7493385894046205,0,0.9563458887128556,4.621755582273923,5.8931954657846575,4.621755582273923,0.3358252286989168,0.21715449953634983,0.020388281249999994,0.2459458398626709,-0.40745136142726684,2.294,0.4963481861304623,0.4298947368421053
0.03849300330370742,0,0.9759329845773994,3.492457648598685,4.384471662860701,3.492457648598685,0.3348089849375404,0.259937801193182,0.022645312499999997,0.19671188747802734,-0.05029348188303074,1.551,0.44409987351523755,0.42947368421052634
0.20213905981664082,0,0.9240042388677617,3.853718257070544,4.873349184917395,3.853718257070544,0.3357163628974803,0.2642022732642683,-0.040026953125,0.22217379653915406,-0.2962085343942902,1.823,0.4730496311335894,0.42905263157894735
0.550910492065932,0,0.9489811624449813,4.1803657463620745,5.357587877687255,4.1803657463620745,0.2606471241017894,0.2486135052737646,-0.007830859375000002,0.20935058818832397,-0.23479698296746473,1.913,0.45761546143773923,0.4286315789473684
0.5137953054716791,0,0.9380271326880636,4.1597915596841775,5.321181134117397,4.1597915596841775,0.2805287046043145,0.2606192413560064,-0.002709765624999999,0.19564835834213257,0.09831364123840006,1.84,0.442329855618943,0.4282105263157895
0.9395316531056443,0,0.9495827217356647,5.028982543729396,6.4799996401599484,5.028982543729396,0.347325944656827,0.299025966899996,0.012453125000000006,0.20019555952148443,0.0404204606653496,2.251,0.4476054510880648,0.42778947368421055
0.4639736529434231,0,0.9523339817718445,3.8738476921343334,4.953850500196954,3.8738476921343334,0.35764881650942315,0.29183759636580187,0.034023828125,0.18803958888534544,0.0014034675164348671,1.685,0.4349680560289744,0.42736842105263156
0.2787049241070485,0,0.9169436523889385,4.573362364602144,5.782848977704932,4.573362364602144,0.2500944275736134,0.3154651738407887,0.0009695312500000014,0.17901459125915525,-0.20093647971473227,1.935,0.4231022704382476,0.42694736842105263
0.3364362217623764,0,0.9259696025382675,4.883286974697361,6.16426305318062,4.883286974697361,0.22296027533062296,0.36513486423660957,-0.008050781249999996,0.21015986148376467,-0.08809811290726546,2.239,0.4585026461892014,0.4265263157894737
0.033587468945697196,0,0.9575285567986042,3.9796252861951698,4.978498758871447,3.9796252861951698,0.3004111695403808,0.26760159586262394,-0.014282031249999999,0.19985389389587402,-0.04522046708111231,1.78,0.4472782917966174,0.4261052631578947
0.3570590236004807,0,0.9959165784100159,3.876097023068211,4.939671466890071,3.876097023068211,0.28270737833188725,0.2306005842334793,-0.016655078124999997,0.23023987829452514,-0.060507716262780106,1.861,0.4801221406286894,0.4256842105263158
0.28524687242368296,0,0.9502833872193026,3.7051760113481063,4.709401948887505,3.7051760113481063,0.21225981903260488,0.28128893878188,0.007715624999999999,0.21219127850585937,-0.16781630030446743,1.707,0.46070685839804904,0.42526315789473684
0.14278570684262037,0,0.9789255632612032,3.6809064471305675,4.662741982740654,3.6809064471305675,0.35660366991576403,0.2451203099816465,-0.0044910156250000015,0.241507880388031,-0.018848155206661506,1.809,0.4914550331509232,0.4248421052631579
0.337143122646971,0,0.9892471557380488,4.274112844575239,5.433599230368381,4.274112844575239,0.2939094595273535,0.2859345123201644,0.0718796875,0.24039462146240237,-0.00789340447255679,2.118,0.49554143210986906,0.4244210526315789
0.5120198968655418,0,0.9565876782083162,4.275747207004343,5.424858501245188,4.275747207004343,0.3461871770170379,0.2525488400594519,0.012193359375,0.2424523809715271,-0.107779559039266,2.106,0.49254548925391145,0.424
0.05258842876091441,0,0.9134035485708387,4.064870398835126,5.075548393521579,4.064870398835126,0.28756236964648163,0.28862866641047114,0.0018722656250000017,0.23511122626205444,0.0032759801498824554,1.971,0.4848863079533438,0.42357894736842105
0.38158258230912123,0,0.9226910038570042,4.738544917052652,5.94720581534027,4.738544917052652,0.33475094576212144,0.27618148951646404,0.016218749999999997,0.2019815341796875,-0.20962512495442645,2.131,0.4497161127102853,0.4231578947368421
-0.030793331049526085,0,1.011963302194141,3.584749444813995,4.462660815305112,3.584749444813995,0.32482876243550185,0.2378195504981474,-0.018246484375,0.21410349354232788,0.06400647994261259,1.66,0.46307281040282966,0.42273684210526313
0.15744576537258448,0,0.9490017430455128,3.5418552402042702,4.470434787295394,3.5418552402042702,0.38075301865549954,0.2667290984432925,0.007555078125000001,0.20914616493515012,0.04697900916568226,1.62,0.4573874114365469,0.4223157894736842
0.07192480026739156,0,0.9661308151333765,3.9997309865473762,5.017931276642665,3.9997309865473762,0.2652096286901698,0.24481478473521648,0.024806250000000002,0.2089478991796875,-0.04648080089242551,1.831,0.4577807872975339,0.42189473684210527
0.3113933606742756,0,0.9617181894287288,3.780550236540274,4.82068137767559,3.780550236540274,0.3843921175190454,0.23302226036073176,0.018983203124999997,0.24640326729599,0.012777211685552408,1.878,0.49675308685188363,0.42147368421052633
0.18536034694769343,0,0.9418107027021836,3.609582731584985,4.5518696092777695,3.609582731584985,0.2694710529885443,0.23852250297079602,-0.006746875000000002,0.22780842577148439,0.0538676950900666,1.723,0.4773404928284945,0.42105263157894735
0.22187719414603269,0,0.9206885545759664,3.762254381262739,4.794705135454286,3.762254381262739,0.2809985895165603,0.2738486476139648,0.0007644531250000034,0.20082490193954466,-0.04244280645296476,1.686,0.4481355669081902,0.4206315789473684
0.8421094549735142,0,0.9567606304043642,5.6288998538373045,7.162027726898166,5.6288998538373045,0.307867593765361,0.3001643352983629,-0.036386718750000005,0.2154898449798584,0.07527023277741358,2.621,0.4656327289626987,0.4202105263157895
1.1408954031082663,0,0.9211296471146267,5.632051479034357,7.2166357851953675,5.632051479034357,0.2919578398210259,0.3725502986836572,0.038331640624999996,0.21066294196762084,-0.0774529129946484,2.594,0.4605781764702112,0.41978947368421055
0.5076123453787762,0,0.9572218567679154,4.199544012902729,5.374652630185467,4.199544012902729,0.3632571276908681,0.28204981502184273,0.0009339843749999983,0.23366097259506224,-0.03967250332617733,2.03,0.48338581373668277,0.41936842105263156
0.3553126878767001,0,1.0376551856862664,3.9625945479895868,5.082073065033221,3.9625945479895868,0.30960240651077947,0.24198046705556395,0.017102734375000005,0.2393943335862732,-0.0690402864341557,1.94,0.489578223687875,0.4189473684210526
0.7741736843342704,0,0.9792820871179199,4.551113090732358,5.818100657450697,4.551113090732358,0.3623144190896296,0.25311385413126286,0.021092578125,0.21613425900741579,-0.44286255760640325,2.118,0.4653806569458758,0.4185263157894737
0.17320075125250467,0,0.967338929234632,3.5845684433152654,4.525609614209402,3.5845684433152654,0.2572350494598221,0.27323270696834023,-0.014930078125000001,0.1903911517515564,0.10409391904046192,1.565,0.43659370011988835,0.41810526315789476
0.009074748460534021,0,0.969713016817295,3.3604867978579693,4.215084487683187,3.3604867978579693,0.275202596999159,0.3156421390343158,0.021034765625,0.19588678902572632,0.005446218293246759,1.489,0.44309056680392667,0.41768421052631577
0.2105249697459719,0,0.9426822197033298,4.213673992011465,5.281688075069017,4.213673992011465,0.3017484939320327,0.27681376208963443,0.0020378906249999976,0.20310433176742554,0.06317472345177275,1.899,0.45067558705306526,0.41726315789473684
0.4354902577339663,0,0.9144640456521362,4.116413530198045,5.279576898018625,4.116413530198045,0.30895881656845753,0.31375170597202057,0.009045312500000001,0.17491425419677734,-0.1431685726650461,1.722,0.41832531823330993,0.4168421052631579
1.787158010193453,0,0.9494454699575607,6.796241514882222,8.761834238982479,6.796241514882222,0.26770596535204444,0.32609424118169783,-0.0053796875000000025,0.21384169177490236,0.047729509749943964,3.143,0.4624614933294447,0.41642105263157897
0.1982764499065346,0,0.9481092144529906,3.649465663657229,4.643694437715989,3.649465663657229,0.32006781779716537,0.26621207674672864,0.021529296875,0.20519061789169307,-0.08815169551535722,1.655,0.45349104568406307,0.416
0.3179675830716273,0,0.9494698122332319,4.2383449036345064,5.392252974513285,4.2383449036345064,0.3615362596396202,0.26697885597592785,0.016246875,0.21819826795898437,-0.12779504029889246,1.981,0.46739943186342237,0.41557894736842105
0.10848932141671241,0,0.9579592089227675,4.5126279548140396,5.677453955198701,4.5126279548140396,0.2916717639389591,0.2593757214389665,-0.026426171875000005,0.19928013829940797,-0.07077604897324706,2.018,0.44718953572213094,0.4151578947368421
0.30072944693328774,0,0.9836731758138983,3.8135378921778353,4.839226177917389,3.8135378921778353,0.3399867486566673,0.2535176380414934,-0.005423828125000001,0.21417739888534543,-0.10200574237664953,1.765,0.462824823012849,0.4147368421052632
0.1299499652577567,0,0.9811703506203902,4.106851194164832,5.160150504389712,4.106851194164832,0.2578574369273469,0.260632365651811,-0.001928124999999997,0.2219916971777344,0.141846278828498,1.935,0.4711638938243783,0.4143157894736842
0.3328518734616659,0,0.9312294345055843,3.8382694497940717,4.890545769359883,3.8382694497940717,0.2616519651620242,0.297688315208853,-0.02740625,0.2024009841796875,-0.13999801384076413,1.73,0.4507239584476845,0.41389473684210526
0.5215898305903219,0,0.9448927605994661,4.090726932343684,5.218227538242446,4.090726932343684,0.2799714107985427,0.2563651608599798,-0.01908671875,0.1872761424798584,-0.17904117034600112,1.772,0.43317484381309584,0.4134736842105263
0.2504147860365298,0,0.9214458291175947,4.088544917750849,5.162361480281229,4.088544917750849,0.2974177447588063,0.2817296578522665,0.019472265625000002,0.19712319923080446,-0.11547342542664427,1.817,0.44441238547026907,0.4130526315789474
0.7671052560240978,0,0.9310509171152944,4.985873097772656,6.369911072233333,4.985873097772656,0.31239715234942117,0.23369606700954684,0.031966796875,0.23359099225692753,-0.35446396219077064,2.415,0.48436852535995256,0.4126315789473684
0.35069312120943064,0,0.9112934414748447,3.938242824701036,5.011715550806073,3.938242824701036,0.34087758248071176,0.2607036896222701,-0.039390625,0.20457308413085934,0.026552066417392,1.788,0.4540095874194178,0.41221052631578947
0.4377732941240122,0,1.0264485976775461,3.9388882110162777,5.03725703711762,3.9388882110162777,0.34797075620061046,0.23265381958279038,-0.013823828125000001,0.22351529669784545,0.09250096821387824,1.863,0.4729761039649625,0.41178947368421054
-0.025985878915999905,0,1.031037660458979,3.708594012258683,4.641184468953013,3.708594012258683,0.36352816264757054,0.23468782956620615,0.027993359374999992,0.2193467151902771,-0.10404586178184386,1.74,0.4691805018959921,0.4113684210526316
0.4481727228489154,0,1.0217324242430004,4.334922893400656,5.535321885515958,4.334922893400656,0.3303661535982182,0.22622497098851352,-0.037140234375,0.25876515259994504,-0.10012258842605479,2.211,0.510043674217586,0.4109473684210526
0.3928813556921309,0,1.0047299050207072,5.145795623998461,6.497674039010854,5.145795623998461,0.2903335668693274,0.2554871718435781,0.0007539062499999992,0.23377315037536625,-0.14436125023047403,2.488,0.4835015188704168,0.4105263157894737
0.22139668876367313,0,0.9744377300039158,4.054340299848592,5.1516923482154615,4.054340299848592,0.3165000045569607,0.29293607261028337,-0.004735546874999999,0.22191285076766967,-0.04011379744133634,1.91,0.47110007023123546,0.41010526315789475
0.06924111819625978,0,0.97402175744311,3.6321716390390253,4.568376521679447,3.6321716390390253,0.27322626684196466,0.23565257860938946,0.035619531249999996,0.22193518102478027,-0.035496788692558394,1.716,0.4724446338262823,0.40968421052631576
0.507424552677421,0,0.9611132796461835,4.32359189763207,5.518640959682144,4.32359189763207,0.3458130761603193,0.24870028088354093,-0.019027734375,0.23915803087142945,-0.18482601935971904,2.116,0.4894078928121971,0.40926315789473683
0.21649701261465637,0,0.9700139832407264,3.7102195409795953,4.683444631710153,3.7102195409795953,0.2507282564632215,0.2663062192185713,-0.033114453125,0.1938109451036072,-0.14268292673911911,1.638,0.4414833089816364,0.4088421052631579
0.27152681592877936,0,0.9332393858704638,4.0975811791732095,5.195232880299404,4.0975811791732095,0.32926208605010243,0.2802233475942723,-0.019636328124999998,0.19885246266464232,-0.07438616604952618,1.829,0.44636089439698345,0.40842105263157896
0.14330527644356872,0,0.9483339239027498,3.6599471247482342,4.639091544681292,3.6599471247482342,0.38946039413631894,0.2502208350098616,-0.002657421874999997,0.22445790256210327,0.033146968414748484,1.734,0.47377733636501124,0.408
0.10039477000706931,0,0.9486296318314802,3.770689929088133,4.751920039807023,3.770689929088133,0.23183509636470484,0.25701673875847536,0.0048609375000000015,0.2070824876928711,-0.02252701583307069,1.716,0.4550891301780894,0.40757894736842104
0.09693928919663142,0,1.019207307195131,3.3964468441020834,4.302853499739186,3.3964468441020834,0.3638701800251821,0.2092937317028499,-0.0258359375,0.2617838793334961,0.11140053138702077,1.74,0.5123000829591969,0.4071578947368421
0.10949480951002677,0,0.9689255780060213,3.9401969841698636,4.949573280037996,3.9401969841698636,0.2592120068853323,0.24682671542229445,0.014418750000000003,0.2178640348046875,-0.01929243657599884,1.84,0.46698172893192513,0.4067368421052632
0.5507681278965628,0,0.8956911150490845,4.02246763596989,5.14636599318028,4.02246763596989,0.3145803881980001,0.2557898748172386,0.017087109375,0.1913689623338318,-0.158247877680059,1.761,0.43779096797515704,0.4063157894736842
0.11215490226048352,0,0.9718883850202632,3.694151631513271,4.696595868362795,3.694151631513271,0.31128290037236706,0.2603934158681653,0.0233546875,0.20602679763427734,-0.013857849231748284,1.679,0.45450218818230126,0.40589473684210525
0.39706805243433774,0,1.0263235142538059,4.262717669207292,5.420481556256154,4.262717669207292,0.3826271533226167,0.21840996770833546,-0.05389999999999999,0.2465417321875,-0.07521406591804418,2.129,0.49944663597575667,0.4054736842105263
0.19305249983263106,0,0.9746095001075143,3.597806830448631,4.574974334786884,3.597806830448631,0.29837043723241574,0.2552460091302499,0.015016015624999995,0.21061034154037475,0.053810774508517935,1.652,0.45916862073275977,0.4050526315789474
0.07639260960615868,0,1.069267128489311,3.719552357491428,4.6525047708621745,3.719552357491428,0.30281282408737553,0.19059596835027331,-0.015834375,0.28829165616210933,0.034373939782693506,1.998,0.5371614129791435,0.4046315789473684
0.1415591031559269,0,1.0007909760699245,4.11239596587014,5.171556139298075,4.11239596587014,0.33740637719306427,0.19312768901970365,-0.023574218749999997,0.27049055777282716,0.059978431173181426,2.141,0.5206210729143605,0.40421052631578946
0.18777830651732286,0,0.9674684073983205,3.628507192097165,4.56769411624061,3.628507192097165,0.30182717787826513,0.23951345183409267,-0.020371093750000003,0.24321750369567868,0.16321891910909103,1.791,0.4935914151970737,0.40378947368421053
0.4363216106846104,0,0.9900112896041593,4.879450836775501,6.157732050874053,4.879450836775501,0.29831413547961455,0.23269176954050783,-0.034456640625,0.2399319067137146,-0.3055045111854764,2.396,0.4910388648537659,0.4033684210526316
2.0087215376896257,0,0.9834442857769522,5.781897891793379,7.48458263997247,5.781897891793379,0.30196008088023285,0.33671489973124424,0.05782539062500001,0.28430511052719115,-0.19657835606989046,3.101,0.5363290839849402,0.4029473684210526
0.23296756896262005,0,1.0321636981446614,3.7694408160485238,4.78158361330265,3.7694408160485238,0.289596031491497,0.245095315066259,-0.0075699218750000016,0.24159836151718142,-0.048982727600253316,1.853,0.4915848504931524,0.4025263157894737
0.39787943003544957,0,0.9770027264385163,4.063060100963785,5.190800345174651,4.063060100963785,0.3567624459534032,0.19549894156156694,0.03588515625000001,0.3730777008734131,-0.2880746966202549,2.486,0.6118541045972479,0.40210526315789474
0.21286374113168316,0,0.9752660864442613,3.6822767417827547,4.642289551795944,3.6822767417827547,0.3472537660175653,0.26441000885638744,0.010069921874999999,0.21278793300155643,-0.11615773102102843,1.699,0.46139932415221957,0.4016842105263158
0.38556736401749614,0,0.9672105116009189,4.348424411851019,5.541142153056544,4.348424411851019,0.2989086345888224,0.270190635379606,0.019442578125000005,0.2477370052964783,0.048328704178161826,2.166,0.49811145252907507,0.4012631578947368
0.1824855074101155,0,1.0260974004447747,4.043392230545397,5.128879920581276,4.043392230545397,0.34082805424957385,0.19220054484147522,-0.0026925781249999975,0.3030736551011658,-0.03346711873991015,2.226,0.550527842236998,0.4008421052631579
0.5181805581851395,0,1.0516543694583176,4.155517297890032,5.356528473342847,4.155517297890032,0.34980262840490944,0.17418496377760342,-0.02872773437499999,0.32061506063705447,-0.04002008726805564,2.356,0.5669570912859059,0.40042105263157896
1.3411105029999195,0,1.014000668162377,5.5822611683098495,7.247610217459077,5.5822611683098495,0.30128259568848453,0.21222994882949794,0.018212500000000003,0.2507208509375,0.07810656612211918,2.797,0.5010514405664851,0.4
0.004554227687859402,0,0.9818704618069934,3.6058300708243665,4.501669202373183,3.6058300708243665,0.27687507384959337,0.2133067587731827,0.0018843749999999982,0.2417689811621094,0.03623801625373976,1.773,0.4917037034955604,0.39957894736842103
0.5231211282094277,0,0.9621586509026998,3.8363265364713315,4.926252598154306,3.8363265364713315,0.27908871143579017,0.2648855242325976,-0.007883593749999997,0.21328964504333497,-0.1527184044547203,1.772,0.4619002014437209,0.3991578947368421
1.4974445535485588,0,1.030826373469916,5.506280608766708,7.166991225457629,5.506280608766708,0.3226265679893245,0.18597596796438337,-0.021694140624999997,0.30735568340316777,-0.0942380871752537,3.055,0.5548209793623751,0.39873684210526317
0.43311672525412304,0,1.0420781926578098,3.654933202888484,4.7033145506956675,3.654933202888484,0.34242106150434315,0.19442397530804328,0.023134375000000002,0.2988987944433594,-0.02642362298746676,2.0,0.547205622915189,0.39831578947368423
0.3978339100214625,0,0.9792590478200176,4.783838521728073,6.082536514853025,4.783838521728073,0.30309480478156414,0.30683825714596935,0.03402773437500001,0.2730389480589294,-0.16622115033820692,2.505,0.5236380761228361,0.39789473684210525
0.18023992898531915,0,0.9955724536114509,3.997138841519044,5.058084229599922,3.997138841519044,0.30624649216969074,0.205120624738968,-0.0020910156250000013,0.29826523585678105,-0.15591569395589672,2.183,0.5461406487372323,0.3974736842105263
0.3011737622936166,0,1.0259278814172215,3.9651869064234377,5.01302447584205,3.9651869064234377,0.3361375582274036,0.2006057711604934,-0.0011679687500000015,0.295643396005249,0.09201817874787885,2.156,0.5437322504286922,0.3970526315789474
0.15587898863609695,0,1.0043374637885423,3.7836887121623186,4.792165127378666,3.7836887121623186,0.24166950770334716,0.21599529625256617,0.033692578125,0.26802436447616573,0.04579087359240933,1.963,0.5188058926967531,0.39663157894736845
0.5140258702201335,0,1.0188253809330334,4.000263451620802,5.127894490487073,4.000263451620802,0.3405431342733445,0.21045910006333035,0.0265125,0.25859849203125,-0.20181534210271126,2.037,0.509216461524468,0.39621052631578946
0.42262950362388896,0,0.9638376502533155,4.165413715519153,5.318546204934709,4.165413715519153,0.3050751049006412,0.24413125729544954,0.013837890624999998,0.21471437489242554,-0.12481318905248785,1.931,0.46357940216253674,0.3957894736842105
0.2858655473353995,0,1.0035414085641976,3.9618949394197474,5.03466805057762,3.9618949394197474,0.3356131179262094,0.2362197080606884,-0.011741015625000004,0.2106567520677185,-0.04042146581573103,1.819,0.459123734428558,0.3953684210526316
-0.03521985446028175,0,0.9838410745580219,3.9409089882070316,4.894559641989729,3.9409089882070316,0.2855536996774858,0.2387027249346294,-0.0006011718749999995,0.23736079367050172,-0.049496044375741566,1.92,0.48719724453051355,0.39494736842105266
0.19893616740116604,0,1.0165695677391244,3.5570330476547647,4.511298768790017,3.5570330476547647,0.23368917503334563,0.23570855040027652,-0.035572265625,0.23418845649642944,-0.11491809623129944,1.726,0.4852358628318037,0.39452631578947367
0.4149428173510157,0,0.9777550892616746,4.2063925335039105,5.363696006433727,4.2063925335039105,0.27756960237127026,0.2190809801143701,-0.006466796875,0.24423900827255246,-0.11158530274764693,2.079,0.4942477392304137,0.39410526315789474
0.11893743451115135,0,0.9561588324667563,4.236773457595091,5.318736385180693,4.236773457595091,0.30493315525935294,0.2296695109132962,-0.002367187499999997,0.24171187454833984,0.15477029136068546,2.083,0.49164771750207487,0.3936842105263158
0.46165990993665407,0,1.0222214857381864,4.281023062893557,5.4315115957962306,4.281023062893557,0.2077820813153187,0.22641748708582018,-0.011136328124999997,0.22605921774276733,-0.2940245705152563,2.036,0.47558725334776897,0.3932631578947368
0.2840817414564665,0,0.9762414901057204,3.6709989835201284,4.6279462528420625,3.6709989835201284,0.24009446221119332,0.2653241889051165,-0.009927343750000001,0.20364153534606935,0.016578004866864827,1.657,0.45137577194616907,0.3928421052631579
0.5387468548345087,0,1.013694405620625,4.078673752998142,5.233804004390023,4.078673752998142,0.33278536248932666,0.23124702674372868,-0.016231640624999998,0.23278888892074584,-0.1193752771535416,1.969,0.4827549638047495,0.39242105263157895
0.04596984646796809,0,1.017238546954138,3.597048814491193,4.524485432907261,3.597048814491193,0.37860439759907966,0.24655602899127016,0.012077734375,0.2406210146604919,-0.14596900280346217,1.765,0.4906800243826164,0.392
0.5649776149507435,0,1.028038790821263,4.355473008794416,5.595291755146807,4.355473008794416,0.2565622484359274,0.22142650355578938,-0.010323046875000002,0.25875576634384156,-0.1414522909048251,2.216,0.5087851527320987,0.391578947368421
0.0026097673175318192,0,0.9957656243936194,4.052041565324737,5.039673181960087,4.052041565324737,0.3806951967266283,0.2224092434222412,0.006641796875000001,0.2589140095811463,-0.08749969025658862,2.062,0.508879281408543,0.3911578947368421
1.03841354253868,0,1.0135094204146158,5.358858071473196,6.915767410512594,5.358858071473196,0.35319992328307326,0.1935599540981364,-0.012732812500000001,0.2963388090795898,-0.18702830157554187,2.918,0.5445189928677878,0.39073684210526316
0.27454818423029526,0,0.9902814055944299,4.081557776042002,5.153701678705515,4.081557776042002,0.3059378190228384,0.24348217025444172,-0.010134374999999998,0.25785393194335937,-0.043714794835153184,2.073,0.5078943172550762,0.3903157894736842
0.4360520033549369,0,1.006216760482136,4.3126454273141075,5.490755788029327,4.3126454273141075,0.2633026684481027,0.21351393713022132,-0.009617578124999995,0.2551934760191345,0.009689905794145796,2.179,0.5052583238583259,0.38989473684210524
1.3727129688918884,0,0.9679965634166143,5.244116013458415,6.783819965769093,5.244116013458415,0.25909474121777487,0.23789352506869862,-0.020557031250000003,0.2272076865911865,-0.07015851382162487,2.502,0.47710614974552573,0.3894736842105263
0.34049656324836697,0,0.9901659152409592,4.050849291356767,5.133799850507248,4.050849291356767,0.32196359345151054,0.20951232802717215,-0.019873046874999994,0.26580037255477906,-0.18501692442405254,2.09,0.5159411890389011,0.38905263157894737
0.12721925954062296,0,0.9427649059447145,3.5752061677603786,4.531084321626074,3.5752061677603786,0.3163690627935872,0.24807642624331566,-0.010455468750000002,0.2356654152044678,-0.05342200868412347,1.736,0.4855664033180735,0.38863157894736844
0.38793681295816684,0,0.9370242754611962,3.9582282201171175,5.027986744757244,3.9582282201171175,0.2929594247595212,0.27568782667574193,0.017927734374999997,0.21389329985580446,-0.21642522065675948,1.832,0.4628333431329521,0.38821052631578945
0.14845428754792733,0,0.9765030643963267,4.306585213288042,5.39409066234208,4.306585213288042,0.37804036307488664,0.2518141881835048,-0.009452734374999997,0.25193661260971073,-0.07318174603264048,2.162,0.5020218788029811,0.3877894736842105
0.9937880440831459,0,0.9859637344816692,5.034382847424067,6.526836122797687,5.034382847424067,0.3768150852132027,0.18430140390186717,0.008793359375000002,0.2976542147215271,-0.14872407889153508,2.747,0.545647814886695,0.3873684210526316
0.46791462179845134,0,1.01085894998874,4.036213826558259,5.127659410399365,4.036213826558259,0.24997947886328964,0.24886380741587522,0.048096093750000006,0.2627458876409912,-0.12123611555310639,2.078,0.5148389280881934,0.38694736842105265
0.7560882232777346,0,1.0295615155493003,4.2358670736278965,5.437470280551593,4.2358670736278965,0.27653038871210406,0.20856564128519736,-0.0306671875,0.2905656478295898,0.04108490886638495,2.287,0.5399130709834223,0.38652631578947366
0.25990936429180156,0,0.9908429831268156,4.0292800717773245,5.092598084618087,4.0292800717773245,0.36056210615034473,0.1988799325846323,-0.028133984374999997,0.29193230665756226,-0.08229519578839871,2.18,0.5410395805616951,0.38610526315789473
0.24278184601022934,0,0.9722992395772706,3.9786818919545563,5.0177009178049765,3.9786818919545563,0.2632134422075478,0.21188758212809028,-0.016491406249999997,0.28794799914489744,0.004246817760382109,2.136,0.5368612163539103,0.3856842105263158
0.40189563656620164,0,1.0157442090649216,4.733915087586898,6.031257062656565,4.733915087586898,0.25414890775008214,0.21689394854907254,0.01039453125,0.2745628224700928,-0.14295999727439462,2.481,0.5240905157985594,0.38526315789473686
0.21373686281233706,0,0.9924402948677276,3.9323256170607364,4.9278456550070775,3.9323256170607364,0.28715765905700186,0.2225809921218795,-0.022283984375,0.26468974005599977,0.06747739532316124,2.025,0.5149624413640522,0.3848421052631579
0.18252892602421955,0,0.9782602429572352,3.8157829921353668,4.833579096859848,3.8157829921353668,0.23061959139261518,0.22248800990746548,-0.0240828125,0.2971304923608399,-0.17291210559155978,2.082,0.545628513018473,0.38442105263157894
0.23349018270517963,0,1.0161366422085694,4.051295980353959,5.149490923871556,4.051295980353959,0.3024901006987111,0.2021457945242573,-0.02786796875,0.25005145288024905,-0.012755264474051196,2.029,0.5008273919850031,0.384
0.20369650723859722,0,0.991503179608857,3.1765644160706787,4.040071803020941,3.1765644160706787,0.36727824474389853,0.17658760784368202,0.043779296875,0.3472343102745056,-0.1095927876399977,1.877,0.590889953467966,0.3835789473684211
0.41826684873522746,0,0.9750369336505845,3.84932122061998,4.914564821686977,3.84932122061998,0.3229576676802415,0.24120779507452475,-0.013377343750000003,0.23130114433044432,0.03904417021143288,1.852,0.481123786209173,0.3831578947368421
-0.09468340461923752,0,0.9772209819568657,3.949302632912308,4.955986128726888,3.949302632912308,0.3167539297092082,0.2261473968764708,-0.032065234375,0.2549188766038513,-0.18219744528061435,1.998,0.5059121028986903,0.38273684210526315
0.33016838801832815,0,1.0097242976185317,3.8368869601296782,4.886976245591685,3.8368869601296782,0.30587427638621334,0.220216141041251,-0.004014062500000004,0.2625320708959961,0.1793105046754859,1.966,0.5123945585130174,0.3823157894736842
0.14962120469822793,0,0.9430895192040653,4.022434583305652,5.058733417594916,4.022434583305652,0.3268995709811032,0.24321676920052412,0.003608593749999999,0.21680609680114746,-0.16233741398393817,1.873,0.4656383991360678,0.3818947368421053
0.008572880286709772,0,0.9562827270616485,3.3008312254029066,4.146139814190701,3.3008312254029066,0.3499526233312591,0.21502891337650268,0.010280859375000003,0.27078848791488647,-0.0033891721091843558,1.718,0.5204749599974767,0.3814736842105263
0.14747552644265616,0,0.9834007124418588,3.9968532254396183,5.0550564952971015,3.9968532254396183,0.3225213072145807,0.2355219900384185,-0.018848046875,0.2475408843321228,-0.13749416919698884,1.99,0.49789168822458263,0.38105263157894737
0.19196342712644343,0,0.9966462739674815,4.031122087730722,5.096288344417993,4.031122087730722,0.3591696502728097,0.17924690075351246,-0.002366796875000003,0.3381085213194275,-0.1964949937902639,2.344,0.5814758146706318,0.38063157894736843
0.12100890209417337,0,0.924810288856371,3.6418765765129417,4.59516245508822,3.6418765765129417,0.2973003760034474,0.2528586237698076,-0.018256640624999994,0.2472184103074646,0.09040161635884458,1.812,0.49754569160467566,0.3802105263157895
0.4146102626005135,0,0.9378542210035361,4.394022913304182,5.584910387156711,4.394022913304182,0.33102867106516537,0.23450018778814163,-0.0003027343749999986,0.2737493915550232,-0.14935250829437938,2.299,0.5232107445409784,0.3797894736842105
0.30051498958474987,0,0.9812877075603434,5.017413861047022,6.392762597784374,5.017413861047022,0.39078397105592355,0.2026933874071736,0.025566015625000004,0.33226438548568726,-0.012461096986063295,2.895,0.5769904736134082,0.3793684210526316
1.320205459723316,0,1.0148624353448183,5.293850360269569,6.85824379185091,5.293850360269569,0.3740230589499901,0.21355212378779187,0.00252578125,0.3124192173040772,-0.1135217664927903,2.959,0.5589504422352665,0.37894736842105264
1.0448759213537233,0,1.0433010680463857,4.463875220014975,5.777372207163814,4.463875220014975,0.3191081279317257,0.17374861707706452,0.017767187500000003,0.35637865048583983,-0.15967806690241315,2.666,0.5972389165463851,0.3785263157894737
0.3759408768684187,0,1.02424893423048,4.615549523440734,5.8304364526119326,4.615549523440734,0.30355767441747783,0.2128053027687117,-0.023944140625,0.25954209102035525,-0.17778900570065484,2.354,0.5100151104532346,0.3781052631578947
0.10792267016787216,0,0.9860403961873714,4.240223209676889,5.318291256793011,4.240223209676889,0.35100832348654526,0.21045433060426594,-0.0005011718749999998,0.2853373296861267,0.0690666565436994,2.265,0.5341699924737209,0.3776842105263158
0.8604743603773422,0,1.011398549054378,4.341326424937291,5.6279667915980065,4.341326424937291,0.3449285104615468,0.21628315472205317,0.0118296875,0.2651365194311523,0.006046658426310968,2.236,0.515049959651974,0.37726315789473686
-0.01148100991244183,0,1.0333480740250147,3.465346581182415,4.336017962610437,3.465346581182415,0.3000332169314754,0.23782886111141166,0.007750000000000002,0.25061181015624995,0.05247352780551462,1.735,0.5006714218489507,0.37684210526315787
0.2977984093836712,0,0.9904125745693458,3.6715979843360715,4.683111203725133,3.6715979843360715,0.3566257418474747,0.1973551778027338,-0.006004296874999997,0.26916683630966187,-0.051587428938650856,1.905,0.5188476538355213,0.37642105263157893
0.3300927285295363,0,0.9927443233834744,3.7517244644912084,4.777863044725412,3.7517244644912084,0.31694476347651235,0.20941385113662955,-0.005705468749999996,0.28528833356384276,-0.04791170762658285,2.004,0.5341543652704712,0.376
0.44307508068148094,0,0.9970761618735562,4.027962758173072,5.118149424439057,4.027962758173072,0.3235776472071111,0.2020902655616419,-0.0037726562500000004,0.27517288581481936,-0.20071561571699856,2.113,0.524582804474184,0.37557894736842107
2.2552462054443474,0,0.9817208514394382,6.227319321237163,8.230463747117431,6.227319321237163,0.27664693787210515,0.28465613589854505,-0.0024808593749999996,0.3225964340086364,-0.1792588546481376,3.537,0.567981151687162,0.3751578947368421
0.2599215912856536,0,1.0153512457595275,3.5826016887535563,4.529715771619114,3.5826016887535563,0.2996955477656138,0.19435250623689537,0.0014320312500000001,0.298388178973999,-0.11990925549366709,1.957,0.5462510683627996,0.37473684210526315
0.06640364853528258,0,1.0105603894748985,3.926726184773419,4.922215567254721,3.926726184773419,0.283126814736713,0.22114103192434656,-0.049937109375000004,0.27728312221664425,-0.213662505191967,2.077,0.5289393510690757,0.3743157894736842
0.551985211378553,0,1.0281113351939148,4.6241941380726885,5.8639220409504,4.6241941380726885,0.3052556462822788,0.188713358332993,-0.013983984374999994,0.31959915325912475,-0.17773387086210354,2.615,0.5655039390473996,0.3738947368421053
0.13964143125657102,0,0.9750881942777528,3.462234422530071,4.389804275976469,3.462234422530071,0.3580523384585858,0.1723380066743785,0.012257421875000002,0.3514627841246033,0.012260391176132958,2.053,0.5929696691363101,0.3734736842105263
0.5569849268618245,0,1.0273650573093847,4.975756930461111,6.271501489983183,4.975756930461111,0.31994069111421203,0.21799501432694615,0.009526562500000002,0.2850536110131836,-0.4119363271945303,2.657,0.5339891070108547,0.37305263157894736
0.5584508004052462,0,0.9844813907972548,4.248066997816221,5.508844528182663,4.248066997816221,0.29036663783476063,0.22383398486380293,0.011789062499999997,0.2764173601928711,-0.20419052430655257,2.234,0.5258862445315526,0.3726315789473684
0.27862129663231405,0,0.9568794452682916,3.3348153725186247,4.246593362376484,3.3348153725186247,0.34455455625359993,0.23058581661700903,-0.019530468750000002,0.26409358110290526,-0.03578607813182814,1.715,0.5142713489127116,0.3722105263157895
0.034950892138094325,0,0.9840935692315085,3.424406392746616,4.311539894828371,3.424406392746616,0.257926498641436,0.23778660786063638,0.010283593749999997,0.22563216176208498,-0.0529277856418426,1.627,0.47511884204112553,0.3717894736842105
0.0390993174177825,0,0.9772904296473262,3.679130557158439,4.600825245628072,3.679130557158439,0.25849524386185835,0.22682023538250848,-0.009927734374999997,0.2635185029808045,-0.1564468749340188,1.889,0.513436522747092,0.37136842105263157
0.6767582547924356,0,1.0301089905084886,4.187773680660865,5.360713932142504,4.187773680660865,0.3265093815739266,0.17878466901116563,-0.014934375000000005,0.3197870863183594,-0.28344819676639266,2.369,0.5656943714365559,0.37094736842105264
0.426790713050782,0,0.9861369779721217,3.6700494216080375,4.677637287887586,3.6700494216080375,0.35044601031501993,0.21032263913687396,0.011303515625,0.2888805504563904,-0.09671675670195357,1.973,0.5375949403797203,0.3705263157894737
0.5672480963168018,0,0.9725127654593645,4.738934557334589,6.086329050953495,4.738934557334589,0.33356660051380194,0.1878218809853623,0.011316015625,0.32568847943099977,-0.09810669176147253,2.705,0.5708034089251964,0.3701052631578947
2.7509897115274047,0,1.0195474783275074,7.008151127742271,9.147022213096873,7.008151127742271,0.3395945949797882,0.15962346880195047,0.028275781250000003,0.4033001536322022,-0.6981961535192788,4.455,0.6356883461551738,0.3696842105263158
0.42570422281836606,0,0.9646231243820831,4.216326117424364,5.35803083043262,4.216326117424364,0.29725794646833315,0.25168833652009576,0.0158609375,0.26098030097412106,0.08585319742830684,2.155,0.5111084721587972,0.36926315789473685
0.39415896438763554,0,1.0177603367509291,4.346379601237544,5.52419894418464,4.346379601237544,0.4050264388117541,0.19577994262146073,-0.009006640625,0.3137836886277771,-0.2069580072723165,2.435,0.5602363860042696,0.3688421052631579
0.24975691050355753,0,0.9559135033238241,3.8695907364875106,4.931806476398433,3.8695907364875106,0.25086659851043186,0.20555414385382287,-0.026373828125,0.2829825895494079,-0.04963673809761399,2.061,0.5326144650301707,0.3684210526315789
0.3015312882515149,0,0.9625673765997859,3.4715938213581152,4.406855956999584,3.4715938213581152,0.3340393187239683,0.2129960113364271,0.0032882812499999995,0.2703206528314209,0.14083399815708902,1.805,0.51993409738639,0.368
0.08134284484845544,0,0.9167951371813932,3.9122319022802676,4.948724765745343,3.9122319022802676,0.2913701609054605,0.2332495088247062,-0.004892968750000002,0.23708109557556148,-0.002897097621583833,1.905,0.48693432485166827,0.36757894736842106
0.269152152878708,0,0.9955043030492147,3.774048510763493,4.803130367165387,3.774048510763493,0.3418580855145966,0.18532076786924764,-0.045057031250000004,0.30876664674743654,-0.23606776432006704,2.104,0.5574915091842206,0.3671578947368421
0.5219030675622642,0,1.0395637689164867,4.472992993463668,5.729221908150253,4.472992993463668,0.2515897459488241,0.17931512636811492,-0.027973437499999997,0.33917037741943357,-0.22148201462030687,2.608,0.5830547921293504,0.36673684210526314
1.5943335389345883,0,1.0314674903539398,6.097471194111408,8.01398493094034,6.097471194111408,0.2914146222427816,0.23552963856914688,-0.0002554687499999972,0.38838961207946776,-0.250511817452102,3.8,0.6232091762351947,0.3663157894736842
0.7134183512749908,0,0.9825757426127348,4.247178009506062,5.437832472371152,4.247178009506062,0.3027970314016572,0.18657382210917695,0.021725,0.32714695640624997,-0.2683597394496644,2.431,0.5723800590789743,0.3658947368421053
0.21834121986267885,0,0.9947301153244813,3.7495011392991193,4.753003120483814,3.7495011392991193,0.366536388460226,0.2122563037773023,0.03256875,0.28831681402343745,-0.06674968371746798,2.017,0.5379382283310975,0.36547368421052634
0.20789930306621063,0,0.970618427112448,3.4046166492746623,4.351319171664794,3.4046166492746623,0.2767714154792738,0.21570409710008337,-0.01862109375,0.2895133915863037,-0.1279673564362087,1.833,0.5383866052556936,0.36505263157894735
-0.08484977942747651,0,0.9741309131173747,3.411855488069322,4.277374121551409,3.411855488069322,0.33246588459633714,0.18073253645040263,0.020848828125000003,0.3549679595689392,-0.055530389227529973,2.034,0.5961565509185696,0.3646315789473684
0.20833294440812322,0,0.9407298048678153,3.9099855863648196,4.954547075590767,3.9099855863648196,0.37273661420151255,0.18174218916652077,0.011142578125,0.3237003534996033,-0.1346326801311578,2.225,0.569055806179741,0.3642105263157895
0.5534940702349518,0,0.9338954781881202,4.522228067551422,5.747820845860752,4.522228067551422,0.3603373442483713,0.18816891802670277,0.018703125,0.3171137845214844,-0.16259226117811512,2.548,0.5634390751503218,0.36378947368421055
0.15580990282612373,0,1.0039442949787079,4.3014482141624955,5.3965502083922186,4.3014482141624955,0.3251230031704814,0.2283010354471588,0.004241796874999997,0.26875172083114623,-0.25205727721381554,2.23,0.5184300470380503,0.36336842105263156
0.02591586393041556,0,0.972716671934247,3.419680335530357,4.310319690195772,3.419680335530357,0.24230280330594234,0.21512205569124535,-0.008669140624999998,0.273915052641449,-0.06301272056161375,1.79,0.523440738422818,0.36294736842105263
0.8562803816240607,0,0.9479237931082084,4.43737299284103,5.77657753603895,4.43737299284103,0.295828798954671,0.216927177961092,0.022431250000000003,0.28548206949218746,-0.1271677209568316,2.373,0.5347758693777703,0.3625263157894737
0.19619733856937138,0,0.9808774199452079,3.5035217228174727,4.441452780787514,3.5035217228174727,0.3534688662986991,0.18041588560639976,-7.851562500000367e-05,0.3524658403196716,-0.06207977787070143,2.08,0.5936883412063731,0.36210526315789476
0.27310844723083205,0,1.0140050007744503,4.473577104514624,5.6338130846912735,4.473577104514624,0.3336382655973219,0.20550084837440377,-0.0011179687500000029,0.29142214702087404,-0.26006350042491044,2.415,0.5398364538218959,0.3616842105263158
0.2555506139600565,0,0.9959960211567476,3.98513109327,5.066188618229111,3.98513109327,0.2957259951985974,0.18100150013481983,0.019666406249999997,0.31895192855896,-0.14785159139741766,2.252,0.5651006070548411,0.36126315789473684
0.4479319287685901,0,1.003555087618207,4.513817659528768,5.712309685635825,4.513817659528768,0.30131925518058833,0.20768048968865327,-0.02276523437499999,0.3119072476194763,-0.23002348766691355,2.523,0.5589503587221544,0.3608421052631579
0.12626847499375327,0,1.0082819794067175,3.8011636392285624,4.807304305086431,3.8011636392285624,0.2857834835022425,0.22136960849966908,-0.005580078125000001,0.2773615537437439,0.00037531670394408813,2.002,0.5266808246135652,0.3604210526315789
0.8797667486109915,0,1.044221761347901,4.603584986843011,5.893056752261198,4.603584986843011,0.27838627458148996,0.18903966642260844,0.0039699218750000025,0.2944213440171814,-0.16016571758496984,2.498,0.5426205896359583,0.36
0.5406321261803821,0,1.0207219645976633,3.685352675363383,4.72297444716814,3.685352675363383,0.3537533390487437,0.1594618982217382,0.007914062500000003,0.38942848948974607,-0.013810841453614943,2.3,0.6240922382749204,0.35957894736842105
0.22801069611830505,0,1.0307933868289099,4.062129804879102,5.1353603037935995,4.062129804879102,0.34349023255017036,0.1723059939565757,-0.041282421875,0.36742862922225955,-0.09542730606708252,2.468,0.6075630564625577,0.3591578947368421
1.5122834911059702,0,0.9401972364300046,4.816309872040127,6.234972568854727,4.816309872040127,0.26953409470758716,0.20992968297898204,0.05659023437499999,0.3384054856077576,-0.31061354357453946,2.815,0.5844723605392944,0.35873684210526313
0.2861883413562749,0,0.9686823103155809,4.201129333407572,5.261020661125601,4.201129333407572,0.3215293055084183,0.2390849598839576,0.019455468750000003,0.26445886051696776,-0.02069190762253244,2.162,0.5146235282041135,0.3583157894736842
0.28771806112714815,0,0.9569820231099226,3.922149226345131,4.973292693967469,3.922149226345131,0.29271041707190376,0.22934369050535078,-0.039715625000000004,0.2742810699121093,-0.07940006138880347,2.06,0.5252222394198954,0.35789473684210527
0.36964589192914943,0,1.0397245096076955,4.176071569226176,5.323158244797227,4.176071569226176,0.2515680921968073,0.18867802284295818,0.01598671875,0.3234550888861084,-0.07278624309403567,2.376,0.5689557663496346,0.35747368421052633
1.4839160683880879,0,1.1059929467894718,6.34294905488909,8.166566811020724,6.34294905488909,0.3286715987963325,0.13569263827308378,-0.0035699218749999954,0.43864208651718134,-0.1781521741844243,4.201,0.6623102225236864,0.35705263157894734
0.2943545253183064,0,1.0093656534423856,4.48796310478332,5.665004089331766,4.48796310478332,0.30917135639989013,0.20301735180199795,-0.016021875000000005,0.3033767932714844,-0.035477122354017794,2.473,0.5510294853726069,0.3566315789473684
1.1132404164326601,0,1.020833331587976,4.592345957014386,5.983346621470695,4.592345957014386,0.37355357327807887,0.1648635467822956,-0.003244531249999997,0.38973953317321774,-0.4789053053063794,2.867,0.6242996557393332,0.3562105263157895
0.3415731025248694,0,1.0244928259298465,3.911679746483147,4.990297628013717,3.911679746483147,0.384413284204618,0.1886394262866079,-0.02540546875,0.31566882778259275,-0.06788892906084538,2.2,0.5624182301677284,0.35578947368421054
0.41621627036980824,0,1.0258732670027793,4.452287828857861,5.6878800417725754,4.452287828857861,0.31216437928603946,0.16847797787132154,0.009133203125,0.40080516624130247,0.15106931358268208,2.819,0.6331576277994485,0.35536842105263156
1.356304088122978,0,1.037275909836841,4.9437412623916295,6.4455660977811995,4.9437412623916295,0.3525643677136145,0.14114914732316627,-0.009384375000000004,0.4734524592871094,0.1590334029768918,3.402,0.6881428091473819,0.3549473684210526
0.6443868368262473,0,0.9881033537365994,4.640410463147117,5.855147248789668,4.640410463147117,0.31096051550181497,0.20852585892074918,0.037120703125,0.3240052248838806,-0.27814594959948186,2.647,0.5704236771772145,0.3545263157894737
0.24900807791818913,0,1.0323435915920656,3.8572845908257762,4.872979358645208,3.8572845908257762,0.30190301443876266,0.21500640812210278,0.023496484374999994,0.30695717967514036,-0.18930498561506298,2.139,0.5545351787336174,0.35410526315789476
0.5316814414046136,0,0.9675904434924978,4.282491162535449,5.494746155047539,4.282491162535449,0.322978845915831,0.18414520629944214,-0.009988671874999999,0.3298723588560486,0.0047057998163045085,2.46,0.5744320085283158,0.35368421052631577
1.0112067923166466,0,0.9942424402938557,5.215620441352169,6.712811535860416,5.215620441352169,0.25590195763474666,0.20636898014828722,-0.011963281249999999,0.3173886720892334,-0.2972794547251347,2.939,0.563499593777582,0.35326315789473683
0.29562228363726595,0,1.0124288254350031,4.032021580055292,5.144432070576672,4.032021580055292,0.32029403640761756,0.21527633185474457,0.005844140625000001,0.31441861906723023,-0.1496614662002267,2.261,0.5607608875865675,0.3528421052631579
0.39891930655379104,0,0.9387411895451088,3.84481333382023,4.8809965891523595,3.84481333382023,0.27577902814620625,0.19580541611846292,-0.0198375,0.36717136968749997,-0.022195692927146772,2.331,0.606271305682324,0.35242105263157897
0.3561318295038669,0,0.9921476271474452,4.250909524283056,5.42992528239262,4.250909524283056,0.24711020928359334,0.24309326066654882,0.010805078124999997,0.2805384217710877,-0.11921332612855354,2.252,0.529768979352675,0.352
0.3119745822453135,0,0.9978385045662171,4.501985706263825,5.700474029394151,4.501985706263825,0.31200194353416777,0.19608684379809416,-0.02846015625,0.2999596320062256,-0.07484891735114257,2.469,0.5484246643797123,0.35157894736842105
0.2983880147919269,0,1.017064249242917,4.056783619817239,5.125329994828947,4.056783619817239,0.2787501884753119,0.18411181050173042,-0.016661718749999995,0.3364271261907959,-0.06665230230502875,2.354,0.5802626466200457,0.3511578947368421
0.4432179988267322,0,1.0031309548033904,3.9945779423736396,5.147358263582763,3.9945779423736396,0.2624930459912755,0.1841208729068436,-0.0015800781250000014,0.3505237084312439,-0.182911086462502,2.365,0.5920525357416561,0.3507368421052632
0.40358742833454375,0,0.9221459248359271,3.9048383414391847,4.965951756325573,3.9048383414391847,0.3367675436750659,0.20921132604162926,-0.01569453125,0.3177547004388428,-0.08071383075651056,2.202,0.5639157904776209,0.3503157894736842
0.8145973381032796,0,1.0312862522027262,4.28944712349192,5.564525737011499,4.28944712349192,0.25850775158005396,0.17352224051314158,-0.026108203125000007,0.3488575402452087,-0.09367980346139099,2.536,0.5912183847916309,0.34989473684210526
0.9887098717174503,0,1.0233076322317824,5.636790993181848,7.258713612762963,5.636790993181848,0.2729612247295047,0.20575251609604053,-0.026575390625,0.29669573337875366,-0.4144685240358153,3.074,0.5453457479119325,0.3494736842105263
0.5961986987434238,0,0.9471207983776562,4.575796741047683,5.867374872462319,4.575796741047683,0.2590429417736938,0.19186715750017141,-0.018401171875,0.3245105394517517,-0.10336476229658804,2.608,0.5699553864804903,0.3490526315789474
0.06897341015883418,0,1.0055584397031676,3.934618488587289,4.952515693125437,3.934618488587289,0.384243424965555,0.19184500772405289,0.03453984375,0.3528023601312256,-0.10023824632735549,2.341,0.5949750927034677,0.3486315789473684
0.2281028606015325,0,0.9655749579417816,3.623801833916945,4.59736654132805,3.623801833916945,0.2997986687946668,0.21620025862958958,-0.040999218750000004,0.34445406718688965,-0.1685796255344495,2.132,0.5883323917013239,0.34821052631578947
0.4487664265458733,0,1.0167476315410786,3.8359153173203993,4.867198910480579,3.8359153173203993,0.3596071639666458,0.18066752621697646,0.039384375,0.3866508811621094,0.054952390331666545,2.39,0.6230585928757021,0.34778947368421054
0.1467700714070217,0,0.9816007194945833,3.794039230548991,4.757377038467444,3.794039230548991,0.3554661117051193,0.18659774571347978,0.002417187499999998,0.3595440532983398,0.1318179873096572,2.275,0.599624796096484,0.3473684210526316
0.6527052802963778,0,0.9536924728057306,3.6708029834503706,4.800255182738509,3.6708029834503706,0.36588771209244353,0.18815296981786095,0.023191015625,0.335525482653656,0.12551497956273291,2.128,0.5797096737672875,0.3469473684210526
0.4449018603638928,0,0.9576590407559801,3.8638774162443377,4.937310740728381,3.8638774162443377,0.35111543927921224,0.19659929386713937,-0.028086328124999997,0.3395105273130798,-0.009202419274142172,2.254,0.5833518399222076,0.3465263157894737
1.331209876602557,0,1.0049000393996608,6.369344006246906,8.235754757176272,6.369344006246906,0.36310922274284724,0.1956948568345958,0.021103515624999996,0.41391509748764044,-0.35477696862639524,4.1,0.6437083624277185,0.34610526315789475
3.1899404663414748,0,0.9867823900796237,5.668307434152843,7.574980589313472,5.668307434152843,0.31381741718575357,0.1672913648433711,0.025107812500000003,0.3869809805639648,-0.6515151634639221,3.529,0.6225844382993363,0.3456842105263158
1.4587978410292761,0,1.0311479079790757,5.6056506797412435,7.260685781336235,5.6056506797412435,0.3228877657313735,0.1676659366299208,0.0027382812499999985,0.4094517565032959,-0.2892025500255286,3.587,0.6398900332772031,0.3452631578947368
0.6034379184671135,0,1.0013548605036353,4.000186927760219,5.135272521886474,4.000186927760219,0.23510224048512088,0.18919681392503965,0.009812500000000005,0.32278159921875,-0.06262666300816118,2.273,0.5682234458159924,0.3448421052631579
1.226376554650261,0,0.9573862837461632,5.1321602390591075,6.6617475596911095,5.1321602390591075,0.3681483145705687,0.2009650523682148,-0.010310546875,0.39697515785751347,-0.06877496501412067,3.234,0.630144003569323,0.34442105263157896
0.6476457584412953,0,0.9900866591083692,3.916547571567836,5.077325039199884,3.916547571567836,0.3158722621024721,0.17637311074507386,0.006118359375000002,0.34964216685043337,0.15521240555684962,2.316,0.5913371298775978,0.344
1.5954473993559004,0,0.9628743905665574,7.093404486605208,9.139502206152168,7.093404486605208,0.3433949527526726,0.22700396889926086,0.0132984375,0.31606447734130855,-0.3520838638199407,3.989,0.5623533815860362,0.34357894736842104
0.1230776898447532,0,1.0380194415828485,3.9019376610071763,4.954193772043293,3.9019376610071763,0.38621227324491736,0.16407644556749834,-0.021778515624999994,0.40121251383529666,-0.0453032144448313,2.473,0.6337876754703621,0.3431578947368421
0.3811035565592795,0,0.9717900604533356,4.834736303340151,6.126346986280407,4.834736303340151,0.3185920966513339,0.1555001292168903,0.008967578124999999,0.414237383714447,-0.05623871579269843,3.112,0.6436752295776769,0.3427368421052632
0.5196795183450362,0,0.9943750093853775,3.661470402420429,4.691419450440609,3.661470402420429,0.3679726902618621,0.15357806584361292,0.039203125,0.4181431540527344,-0.03921055000916937,2.372,0.6478271675860005,0.3423157894736842
0.10090760970329793,0,0.9980180361710251,3.877027956076139,4.875224853485382,3.877027956076139,0.3092582901563728,0.1903348870818974,-0.026770312500000004,0.3163200995874023,-0.049745004238708,2.183,0.5630601648303226,0.34189473684210525
1.9686324072712003,0,1.0358313208658498,5.378608877009061,7.084853231882436,5.378608877009061,0.31872296564233876,0.15316745707358578,-0.0026304687499999974,0.4757749525091553,-0.5156545634144812,3.71,0.6897694338509065,0.3414736842105263
0.8415943871885734,0,1.0256003348136205,5.407132886018102,6.918335182253242,5.407132886018102,0.3303944590097284,0.20354453896471986,0.013746093749999997,0.3099008050628662,0.09222502081247141,3.011,0.5568570374487962,0.3410526315789474
0.21545281553988094,0,0.9560114001392923,3.684228523225898,4.678103167987621,3.684228523225898,0.30960829708474713,0.2281714997461094,0.010362109374999996,0.28988742942367557,-0.10343404249574267,1.984,0.5385116551518406,0.3406315789473684
0.26756240888373295,0,0.9809968796878938,3.622562829475524,4.596893636542369,3.622562829475524,0.3487987279314864,0.17838475138782153,0.028885937499999997,0.3653073471459961,0.040831742411614906,2.192,0.6050964753915279,0.34021052631578946
1.308191425274475,0,1.0192728937942597,5.09295129741958,6.669564480457526,5.09295129741958,0.26480381658144847,0.21452298036784628,0.0026949218750000033,0.31512238544296267,-0.08490510862376537,2.859,0.5613640957942314,0.33978947368421053
0.6881397382638514,0,1.0200183544668833,4.263918281922986,5.488731079522709,4.263918281922986,0.37100891895454036,0.16559788023414238,0.022888671875000002,0.3986640715904236,0.0008840345790673833,2.694,0.6318132341844581,0.3393684210526316
0.16214225972087304,0,1.0636181769942537,4.236081596506045,5.331771141256786,4.236081596506045,0.22666235539378865,0.1904926878725844,0.0007453124999999998,0.29943145700927737,0.06609917388106587,2.318,0.5472038125780924,0.3389473684210526
0.4917669009530554,0,0.9371681576442902,3.6365564034214937,4.666183109047933,3.6365564034214937,0.3164241756691444,0.18575208945493657,-0.018191406249999997,0.3446712539886475,0.15675846936723353,2.136,0.5873688630239094,0.3385263157894737
0.7588872808664968,0,0.9850889360468983,4.530974886936134,5.818054013683376,4.530974886936134,0.3324069127570648,0.18243302141471754,0.02428671874999999,0.3518794177923584,-0.17445816242760132,2.69,0.5936912181428996,0.33810526315789474
1.685549028858615,0,1.05474129182827,5.437680442596717,7.134372113464054,5.437680442596717,0.3073526241196052,0.18251996440707519,0.018462109375,0.34101477747055053,-0.2585851573309635,3.177,0.5842564736082305,0.3376842105263158
-0.1321122332672351,0,0.9611585582396394,3.6220749989882126,4.538657577278508,3.6220749989882126,0.3060556979579506,0.22078633113587612,-0.006050390625000001,0.27832318066390993,-0.03936147591061926,1.911,0.5275981310530061,0.3372631578947368
0.3111461108677802,0,1.000324664234056,3.408719333098526,4.380654959252209,3.408719333098526,0.3459302853833529,0.1937712411098239,-0.0023062499999999984,0.31725807808593753,-0.040818610604241516,1.92,0.5632613930272516,0.3368421052631579
0.07630171253909879,0,0.9172109014447761,3.5559843790004018,4.502685030983019,3.5559843790004018,0.35410180635284566,0.1861051106909883,-0.048291796875,0.3615283957139588,-0.06814937538849472,2.145,0.603208499077537,0.33642105263157895
-0.16391985580216506,0,0.9470265806730671,3.209741711668211,4.003575138120046,3.209741711668211,0.3608587668205297,0.20653803958982656,0.019484765625000004,0.2891176341429138,-0.05523491558264818,1.727,0.5380495239607364,0.336
0.15649977697344397,0,0.9781962860235318,3.3472176095229065,4.268201721671828,3.3472176095229065,0.3475760147828676,0.2124297655231157,0.008891406250000006,0.32213115930114744,-0.0374619730102773,1.9,0.5676356370122034,0.33557894736842103
0.8537401414844616,0,1.0349703363080731,4.746149449515824,6.0976951168406135,4.746149449515824,0.30429948390236655,0.15694232254694204,0.024208203125000004,0.3947030445420837,-0.24904505198430765,2.984,0.6287201934411086,0.3351578947368421
0.49400282593680833,0,1.004847917546118,4.165749660765386,5.3196515905273385,4.165749660765386,0.2994837447847713,0.19510509970372036,0.007210546874999999,0.3658921052793884,-0.13981803675401627,2.52,0.6049331345410209,0.33473684210526317
0.537089267516432,0,0.9502668189848354,4.129702959545727,5.299615136519027,4.129702959545727,0.3450368990577519,0.2158637554204781,-0.010404687499999999,0.36168923544677734,-0.009216697918880287,2.484,0.601496045680061,0.33431578947368423
0.3563696800822749,0,1.0507263812619814,3.754700666983928,4.826560399115555,3.754700666983928,0.41612359147182754,0.1517589008956482,0.00030585937500000047,0.4092561998094178,-0.12105356178107024,2.402,0.6397314228325627,0.33389473684210524
0.755853945337003,0,1.033173001070164,4.2046423763750695,5.48660741268314,4.2046423763750695,0.28263304047591353,0.16654458069505662,0.008485156250000002,0.3893939888421631,-0.04110277028697079,2.624,0.6240721005771288,0.3334736842105263
0.3484789138646711,0,1.0012665565038164,3.8142647345425824,4.916121157399279,3.8142647345425824,0.35385998149046516,0.20211195214039201,-0.019474218749999998,0.36228131261657714,-0.2510539623670489,2.297,0.6022130501844841,0.3330526315789474
1.1278589532372045,0,1.0624694610873284,5.0203949766259255,6.520992815284245,5.0203949766259255,0.27880450640536714,0.1756140186154403,0.006848437499999997,0.3700047043725586,-0.243593678398167,3.054,0.6083186709848301,0.33263157894736844
1.365903463462054,0,1.0130433800137,5.336262300938341,6.970059342709758,5.336262300938341,0.3148806820536438,0.17701743599241537,0.043148437500000004,0.40338236390380855,-0.37227023757199756,3.397,0.6365878977505778,0.33221052631578946
0.2525157305975769,0,1.041387148986537,3.8872461028568863,4.924579394411525,3.8872461028568863,0.2778379865621735,0.15009662453132616,0.018468359375,0.4394857841551209,-0.08312553844496608,2.578,0.6631944394015415,0.3317894736842105
0.24300672694031977,0,1.0376253147542192,3.945293122393338,5.020039282724196,3.945293122393338,0.29076733827451445,0.1705094352609361,0.01450703125,0.38984185776306157,-0.05685496943508922,2.464,0.6245416813301975,0.3313684210526316
0.628896474154756,0,1.0402527710136282,4.1990644755880995,5.435005677116411,4.1990644755880995,0.3505805751082927,0.1602879028975326,0.026126953124999998,0.4307206569297791,-0.12329104522567043,2.758,0.6568129677536635,0.33094736842105266
0.3456522668307773,0,1.0024359516686405,3.782336038516926,4.841008140206705,3.782336038516926,0.3580781227879369,0.1766544476737275,0.015177734374999998,0.3740581398948669,-0.0015592722318099653,2.314,0.61179122543203,0.33052631578947367
0.14396328486925425,0,0.9941022846470255,3.4049709804739208,4.285922715087177,3.4049709804739208,0.30679712625615074,0.17826472497732276,0.025725390625,0.3632314952928162,-0.13267821876839125,2.054,0.6032356844680403,0.33010526315789473
4.097456337231804,0,1.0639303818253014,7.707623307950172,10.16923967208796,7.707623307950172,0.29995070318541084,0.14152002300263952,0.04376718749999999,0.4831316887670898,-0.5274960592559615,5.368,0.6964533404821531,0.3296842105263158
0.17320767711016316,0,0.995324934370768,3.6029155457026216,4.587159831320689,3.6029155457026216,0.3092955546615153,0.17432373276443347,-0.021498828124999998,0.3474019749986267,-0.049123612443466656,2.125,0.5898001141144134,0.32926315789473687
0.1805885266735321,0,0.8514848158312747,3.621640419030303,4.634637770530294,3.621640419030303,0.32005492992846546,0.16763187892028533,0.0026164062500000007,0.36765961535583497,-0.16174943385914375,2.196,0.6063550617728032,0.3288421052631579
0.039590224561222964,0,1.0032853264556756,3.6364168040299774,4.5328505812033,3.6364168040299774,0.2713564903954144,0.21105670677316776,-0.0131421875,0.27831281493896487,0.0893875659922998,1.919,0.5277172841884658,0.32842105263157895
0.4357771871148972,0,0.9867862686441987,4.105019702393625,5.2378716644263354,4.105019702393625,0.3380180801786433,0.17274024269775456,-0.0288640625,0.3835329698022461,-0.26834699573224113,2.545,0.6199726638378905,0.328
-0.12896723499764073,0,1.0186085261348354,4.010889805687127,4.9732586059084305,4.010889805687127,0.31494028093662596,0.17120709288950353,-0.117759375,0.38938463584960936,0.023079801034053594,2.547,0.6350211856702106,0.327578947368421
-0.022839344522718186,0,1.0601467335496266,3.3123708891935326,4.166345453766756,3.3123708891935326,0.29352607312293155,0.16698203625128505,0.037341015624999994,0.3682984669114685,-0.08559254524391144,2.014,0.6080236988468254,0.3271578947368421
1.0181786255345324,0,1.0575584003923038,4.35219535657608,5.686031426610721,4.35219535657608,0.2388714756465289,0.20403936281972887,-0.08528125,0.39985888183593754,-0.06509195439263796,2.777,0.6380687842525288,0.32673684210526316
1.0245599522318685,0,1.0316438196349023,5.272540975837445,6.796401524809537,5.272540975837445,0.28371793338880613,0.15365897436392753,0.040742578125,0.41026753803085325,-0.22737347480312464,3.384,0.6418157801917347,0.3263157894736842
0.5093407521750195,0,1.0208694867023467,4.093373234994299,5.237295864588897,4.093373234994299,0.27945889339744895,0.18601642296039644,0.031983203125000005,0.36102505792099,-0.0722113326268929,2.463,0.6017042323294104,0.32589473684210524
0.16141307705959473,0,1.0453703408325536,3.5974921288838835,4.542219621470801,3.5974921288838835,0.3763912102454548,0.17155745318822996,-0.002296875000000003,0.36417795327148433,-0.03967685942340725,2.171,0.6034759555328199,0.3254736842105263
0.17290194358399136,0,0.9988943125337962,3.6596139345912997,4.569599191221383,3.6596139345912997,0.3682469376110782,0.13965573495797626,0.0009124999999999987,0.42045940484374994,-0.31526246466766134,2.373,0.6484290535594469,0.32505263157894737
0.05085248820434751,0,1.0406957630742513,3.511223933427942,4.442606697947383,3.511223933427942,0.2641446667153416,0.16289788040452838,-0.02701328125,0.3826260693548584,-0.22994237038206425,2.174,0.6191573198458934,0.32463157894736844
0.16217020796588377,0,1.0174980228938528,4.0840942741927355,5.151739847825942,4.0840942741927355,0.3475090228283057,0.18085286950163829,0.034773437500000004,0.3470018736694336,-0.20349845942152608,2.41,0.5900941159044039,0.32421052631578945
0.5236401185912567,0,1.0069725666352853,3.859368255615477,4.944036625111207,3.859368255615477,0.247138381465185,0.19926730318575603,-0.002895703124999997,0.32081637232528687,-0.12064109236116283,2.186,0.5664139452925528,0.3237894736842105
0.13956208659343083,0,1.007120512769312,3.5337991495184116,4.462916688986712,3.5337991495184116,0.34298089448361885,0.18174579621448406,0.036821875000000004,0.39081842608398437,0.022495308799900072,2.213,0.6262381947490109,0.3233684210526316
0.5451230801267424,0,1.0103361763794918,4.121472316302051,5.262547592893895,4.121472316302051,0.3146208474891593,0.19468875738686664,0.040421874999999996,0.3630738446777344,-0.0738336429645688,2.489,0.6039104011823692,0.32294736842105265
0.6369519806343562,0,1.0651080911115536,4.183204111211332,5.36699995392342,4.183204111211332,0.263462695089285,0.15313148965917545,0.034171093750000006,0.4247318879144286,0.06427019197446839,2.73,0.6526098003880267,0.32252631578947366
0.6838541044890785,0,1.0116921298933876,4.525205640656639,5.7635624375707195,4.525205640656639,0.2711807261277599,0.1767608765971244,-0.018236328125,0.3598999359458923,-0.2976665928662264,2.716,0.6001937184021298,0.32210526315789473
0.7276365891585801,0,0.9971243873368368,4.266293205976106,5.500735217525066,4.266293205976106,0.29958263713388694,0.16669359265586012,-0.026290234375,0.38834353256088255,-0.1510113012216957,2.661,0.6237264696839272,0.3216842105263158
1.7063444953271558,0,1.0142693812821004,4.408864597873456,5.8782037148996205,4.408864597873456,0.349900850092367,0.1414679992505529,0.016612890625000005,0.4593433653807068,-0.4967153387588777,2.989,0.6779523239252336,0.32126315789473686
0.1595747926027169,0,1.0213032981103913,4.232102088505649,5.294728063306532,4.232102088505649,0.26052038804623423,0.1952198432859102,-0.0071874999999999994,0.37708633515625,-0.10252093520734404,2.599,0.6141156204759003,0.3208421052631579
0.9802981435724267,0,1.0683084637202223,4.582909278023956,5.968619576867,4.582909278023956,0.31013703870208775,0.1320611324569749,-0.00638515625,0.4762979258734131,-0.032299470748297254,3.163,0.6901729465096049,0.32042105263157894
0.526960976352314,0,1.0217597738665911,3.99082979444423,5.082869478620017,3.99082979444423,0.34183269241417086,0.15216728552817962,0.011943750000000003,0.40621439996093744,-0.2083752723717954,2.544,0.6374614130478802,0.32
0.35402509998076415,0,1.0084211515875143,3.8625888395377537,4.912507162097193,3.8625888395377537,0.3901949020399079,0.1887475120833402,0.009146874999999999,0.3641059721777344,-0.10185954565809396,2.331,0.6034812652435865,0.3195789473684211
1.1988911936757871,0,1.0648365125275292,5.357842987955184,6.963537524290551,5.357842987955184,0.3183250424158603,0.11922859907150558,-0.0029101562500000013,0.5520745513031006,-0.17804087185708722,3.981,0.7430228935318884,0.3191578947368421
0.8233815387468986,0,0.9750685798893974,5.1588288521442625,6.624921881701324,5.1588288521442625,0.2868234965981843,0.1974345293515685,0.007754687500000001,0.4289565109155273,-0.2177982591174975,3.379,0.6549936229412848,0.31873684210526315
1.0250074338753956,0,0.992098522419374,4.675142920896567,5.974198733281033,4.675142920896567,0.3480484132485384,0.15982367858324772,-0.03474257812499999,0.4241220216246033,0.17228071360798414,3.049,0.6521725755958886,0.3183157894736842
0.9462080671686088,0,1.0133741407763215,5.326065373755682,6.916091492927332,5.326065373755682,0.3810810749141121,0.14949441820360412,0.030867578125000007,0.456678300823822,0.0009434992137160496,3.603,0.6764843739534011,0.3178947368421053
0.6982086252999626,0,1.0312471920948993,4.098410740191375,5.255915574869215,4.098410740191375,0.2641925412789857,0.13466666870419944,0.005369921875000003,0.5272433854234315,-0.05271149207247632,2.976,0.7261351261882151,0.3174736842105263
0.4199533770779911,0,1.0054156570135426,4.389047666967232,5.551783441946554,4.389047666967232,0.37777486626741646,0.15397028774000274,0.025342968749999993,0.40983587768493646,-0.149791828800247,2.812,0.6406856824918128,0.31705263157894736
0.49800087667180293,0,1.0220710951384915,4.080724084714595,5.196637404930495,4.080724084714595,0.25890655565583093,0.17172844439713636,0.017670703125000003,0.3747108724229431,-0.25113728148743225,2.499,0.6123913178449504,0.31663157894736843
0.7675885176369714,0,0.9913785971187499,4.885234875091962,6.261153731469336,4.885234875091962,0.2563713532691527,0.1806724334607719,0.002957031249999998,0.3374757973724366,-0.07835554710955168,2.838,0.5809341971396158,0.3162105263157895
0.7095933563031056,0,1.0090889284848124,4.4552965440348204,5.735105904934196,4.4552965440348204,0.3140618026143027,0.14166333853328206,0.006887890624999999,0.479728658915863,-0.23876411325525632,3.086,0.6926587196831676,0.3157894736842105
0.9667182998089148,0,1.0291904355936234,5.058947688344791,6.546352589371495,5.058947688344791,0.27472478742742146,0.14457073146140043,-0.02348515625,0.4403073654046631,-0.022864454728149786,3.359,0.6639720761965445,0.3153684210526316
0.8482935148440904,0,0.9832227017610111,4.356365016898808,5.6347787722582146,4.356365016898808,0.29738988519459647,0.16011488158834358,-0.031224218749999998,0.3871496419134522,-0.34474626075172543,2.714,0.6229964636737515,0.31494736842105264
1.6670167071696298,0,1.0754609434572027,5.114322415228526,6.815810961204854,5.114322415228526,0.3440199568647168,0.1305529503245274,-0.005062500000000002,0.51351138515625,0.10502313866723748,3.665,0.7166149691867314,0.3145263157894737
0.3010113900345064,0,0.9201737850919182,3.816591269627801,4.85275318974458,3.816591269627801,0.38180507328173746,0.1660364810645661,-0.009861718749999998,0.43413759494079596,-0.13510234260714254,2.515,0.6589649827096278,0.3141052631578947
0.3211803043206829,0,0.988018750531029,3.5474574638432266,4.546021192603366,3.5474574638432266,0.24513902397609996,0.1778660193506458,-0.0003921875000000016,0.3804171313452148,-0.009873213828006861,2.188,0.6167797703850622,0.3136842105263158
0.178394240300924,0,0.9846863607487557,4.344210256646176,5.491911591285777,4.344210256646176,0.2767248336799818,0.1908438591809662,0.017714062499999995,0.37348205573974613,0.005568875939700585,2.656,0.6113884556891797,0.31326315789473685
3.362643476880521,0,1.0506302585142,5.164360757584238,7.0961511764319996,5.164360757584238,0.2573535890770251,0.13573252180235382,-0.004370312499999999,0.4951308066186524,-0.43375881726713944,3.634,0.7036688896419964,0.3128421052631579
0.2924256365828599,0,0.9891437528886948,4.318698016899633,5.449787608938437,4.318698016899633,0.2688212597219006,0.18178290884036688,0.027353125,0.3616958956152344,-0.08913294870973948,2.6,0.6020332956427743,0.31242105263157893
0.9268113476559341,0,1.0076852912039347,4.704361325898077,6.092561403847422,4.704361325898077,0.30171156551510214,0.1633068027390547,-0.022263281250000003,0.3951337744329834,-0.32637589048952065,2.959,0.6289908013039619,0.312
4.1285108415422656,0,0.9951220550750324,5.299103124181971,7.332404534668394,5.299103124181971,0.24774071202388095,0.12119771469073304,-0.008343359375000001,0.6050082067137146,-0.14579553470903578,4.122,0.7778674812327451,0.31157894736842107
0.04605559869188358,0,1.0129609473848518,3.3848641073353734,4.249683010590776,3.3848641073353734,0.24879650829638986,0.12807490792861417,0.005616406249999999,0.520880571605835,-0.05265479653294424,2.443,0.721742416395905,0.3111578947368421
0.1918000849568724,0,1.0427614756918815,3.6107538396756897,4.563737703233761,3.6107538396756897,0.285829440269974,0.17427187038481698,-0.01771875,0.3780426802734375,-0.043220860999002735,2.221,0.6151070105071149,0.31073684210526314
0.521965014043936,0,1.0462663429081758,4.41884136686819,5.607128246103494,4.41884136686819,0.37160375089761366,0.1515209507705093,0.0264546875,0.4498319713842774,-0.13422775409591797,2.966,0.6712166728225692,0.3103157894736842
1.1585216177036397,0,1.0083504379641326,5.301147506114405,6.8631015217482965,5.301147506114405,0.3183787312212203,0.16416235937523843,-0.024848046874999998,0.40351158198837284,0.2158101095694966,3.37,0.6357114183510274,0.3098947368421053
0.6643292773926341,0,0.9952624485822584,4.221850322502548,5.394942241648454,4.221850322502548,0.33532657402226196,0.17186725003642017,-0.024227343749999998,0.3685343084710694,-0.3183462270340038,2.565,0.6075535142324913,0.3094736842105263
0.7614509456522676,0,0.9739592892022367,4.123004959427517,5.34485511264817,4.123004959427517,0.26604155220836445,0.17250671346959032,-0.0068511718749999975,0.4310240516783142,-0.3480216964564849,2.707,0.6565599669751233,0.30905263157894736
0.13263142885700185,0,1.008695951579301,3.4792224381506496,4.38875315748064,3.4792224381506496,0.3120472408986435,0.17907243878404153,0.0188140625,0.3536240544897461,-0.08194281106978031,2.07,0.5949605225874234,0.3086315789473684
0.5942419983162064,0,1.000831371298292,4.236300829278534,5.41723644420587,4.236300829278534,0.23798565673437289,0.16510430282492458,0.021644921875000007,0.39290900399765016,0.013145239098942944,2.657,0.6271981398574337,0.3082105263157895
4.547186546490576,0,1.0459795843299768,7.021217126947952,9.575638477404839,7.021217126947952,0.3083444266782102,0.1469112338222619,0.0510734375,0.5018830922631835,-0.7019894872610252,4.987,0.710275712861738,0.3077894736842105
2.267932298054073,0,1.0574375660759647,5.764249542145648,7.572943713418122,5.764249542145648,0.28518138571020235,0.12440839736842713,-0.036492187499999995,0.5556684093139649,-0.6629317581315257,4.302,0.7463243859492332,0.30736842105263157
0.850753200813994,0,1.0099251046528728,4.027635039407025,5.201458344272439,4.027635039407025,0.2648617689389095,0.14949908328279182,0.015519140625,0.4392221418211365,-0.23078284534810242,2.67,0.6629200446108678,0.30694736842105264
1.5555838561379982,0,0.911554223555376,5.5252074326229,7.206712916150098,5.5252074326229,0.3645661234472132,0.15051009012933797,0.001861718749999998,0.4835199894720459,0.22026509683311812,3.842,0.6953585085901732,0.3065263157894737
1.0441378097078404,0,1.0453670975239524,4.707278978395994,6.118411636941773,4.707278978395994,0.32102518574520283,0.14508886403946766,0.037060546875,0.46741910297470096,-0.16211465307108222,3.223,0.6846842974023685,0.3061052631578947
1.4625665964396335,0,1.0135758093262446,5.82301303737437,7.713415925415974,5.82301303737437,0.3058125809395763,0.14977356521499055,0.007168359374999997,0.4848865868894959,-0.34157200813870325,4.055,0.6963748791172933,0.3056842105263158
0.8915050373513864,0,1.0258908467785162,4.050951962614703,5.263800487423989,4.050951962614703,0.23517376512194602,0.1672991264738426,0.01999296875,0.41376001791931155,-0.43234252198435996,2.607,0.6435524350965894,0.30526315789473685
0.08001054794278151,0,1.0795429297461105,3.596051708525002,4.534546859880225,3.596051708525002,0.3115641536888452,0.1502646695768609,-0.000666406250000004,0.43252377855896,-0.10096666418635106,2.365,0.6576657377849708,0.3048421052631579
0.887388445260791,0,0.9999191053747761,4.62791901430111,5.9616682423835785,4.62791901430111,0.31560765616643915,0.16391416522446903,0.004633203125000001,0.41405246116317745,0.14782776806642148,2.978,0.6434857634278904,0.3044210526315789
0.19562285742492014,0,1.0165712683125252,4.099295610718486,5.151563900443546,4.099295610718486,0.31860842639350007,0.1394992974302171,0.00865625,0.46714115527343747,-0.19591444135384545,2.802,0.6835320665027355,0.304
0.7542787068772352,0,0.9871807530269888,5.007824786467866,6.347888816404861,5.007824786467866,0.34430557284206925,0.1274424782011539,0.008916015624999999,0.5144075042747498,-0.12667612259852692,3.592,0.7172774913583828,0.30357894736842106
1.834340208481339,0,0.9771159593922697,5.15350389608456,6.701028054130468,5.15350389608456,0.3833442560530321,0.11835269198538066,0.06079609374999999,0.5819948951409912,-0.1501058837904066,3.944,0.765304553858299,0.3031578947368421
0.6244938974685135,0,1.0088576310555846,4.363481345809974,5.504828025997542,4.363481345809974,0.33835148276503507,0.13668642933324482,0.023565234375000004,0.5071073113694763,-0.3262164344421091,3.109,0.7125044783302242,0.30273684210526314
1.4566045757898216,0,1.0416804935150892,4.8802262280488256,6.364119170181417,4.8802262280488256,0.3304114007334658,0.1261038136369904,0.018509765625,0.5465396725608827,-0.48509476847635863,3.609,0.7395148977433619,0.3023157894736842
0.40250674713980894,0,1.0315941075427992,3.3889810971567718,4.386851428593602,3.3889810971567718,0.3304903445143545,0.16212821436793476,-0.0035542968750000028,0.4244699204893494,-0.20037210559536744,2.208,0.6515232563121788,0.30189473684210527
0.7145736703588503,0,0.9938278101434656,4.9968245985510915,6.420809305355351,4.9968245985510915,0.2885387258497939,0.16407210105218095,0.0011941406250000023,0.4011969986375428,-0.14877689098999844,3.165,0.6334022612916494,0.30147368421052634
0.27383818835291196,0,1.0718173072639443,3.6065508207624686,4.585866317209601,3.6065508207624686,0.30730118637709236,0.15679160494447297,0.003162890625000002,0.41272181838851935,-0.16207088541604248,2.317,0.6424420769731891,0.30105263157894735
1.028949567682039,0,1.053950330740036,4.784477786917348,6.170591702237859,4.784477786917348,0.31784339295350694,0.13927925940266364,-0.015972265625000003,0.49704787774642945,-0.41400283201405924,3.374,0.7051971291884453,0.3006315789473684
1.229386593783956,0,1.029700571976839,5.540036579195881,7.253484490148955,5.540036579195881,0.31252492438149826,0.15106134378897781,-0.0003078125000000015,0.41084308337646486,0.08909240129628396,3.551,0.6409704970784537,0.3002105263157895
0.7179346056669118,0,1.095588576596189,4.461649748548787,5.737979515061647,4.461649748548787,0.3131262909408527,0.13207184164221622,-0.007556249999999999,0.5354625679296875,-0.21225843775609096,3.265,0.7317920912689272,0.29978947368421055
2.25516194030444,0,1.0656523941114084,6.563574401520971,8.485602206993201,6.563574401520971,0.2612576420631796,0.14781041922505375,0.030650390625000003,0.48575956253890995,-0.5594373607102091,4.579,0.6976381647991851,0.29936842105263156
0.3383554486149585,0,1.0425648659312454,3.975336962077088,5.0638303749411095,3.975336962077088,0.2778411173529005,0.15905248741501077,0.003965625000000003,0.4205345597558593,-0.2264933214110911,2.578,0.6484984856863584,0.29894736842105263
0.0691376918735469,0,0.9833537652422321,3.434959706213911,4.33383525258786,3.434959706213911,0.3363417639779023,0.20102367354884945,-0.001863281249999997,0.3295838727142334,-0.013231105999641729,1.972,0.5740969818168791,0.2985263157894737
1.3157847546776926,0,1.056175740819824,5.445830123391827,7.097654281125353,5.445830123391827,0.2778955722209827,0.12816894918591668,0.007212109375,0.542149299150238,-0.41241599441208493,4.01,0.7363432037249172,0.29810526315789476
1.453236273070658,0,0.9861833320389679,4.988577713043072,6.549336779114156,4.988577713043072,0.22394749402225106,0.16728099512000988,0.014073828124999998,0.4234557144712829,-0.24913806478224662,3.247,0.6508869234432161,0.2976842105263158
0.5930143157772636,0,0.9808039102130091,3.840495058706473,4.981978763038946,3.840495058706473,0.31200782098938706,0.15730887440935412,-0.007382421874999998,0.5333925400816345,-0.31654467725262153,2.805,0.7303745889845669,0.29726315789473684
0.6080066489837725,0,1.0492692211332535,4.6941546478873075,6.0523627961351245,4.6941546478873075,0.34609859744787574,0.13398526895568383,0.0023589843750000026,0.5376534668333435,-0.12156083377424264,3.442,0.7332523655881548,0.2968421052631579
1.3108471643620838,0,1.0166668913376697,5.190167750946836,6.701855341904705,5.190167750946836,0.2682040857355961,0.15776625405721503,0.016879296874999998,0.45785012957138066,-0.33819007122842465,3.513,0.6768567353837701,0.296421052631579
1.5315054620349722,0,1.0765293688767055,4.665156978226312,6.185564327043553,4.665156978226312,0.23786046708933373,0.1377715420439284,0.002559765624999992,0.5131860261155701,-0.015962571897457853,3.342,0.7163746076708923,0.296
-0.11702155965540983,0,1.057088634631347,3.744362932247719,4.663361539621271,3.744362932247719,0.2881187545831168,0.1542509926263396,-0.03129296875,0.44089014151306155,-0.06069211967701398,2.489,0.6647325713444844,0.29557894736842105
2.373469236074139,0,1.0551151506655452,5.534905097145684,7.427223447012914,5.534905097145684,0.239374240201613,0.1242451163184451,-0.021389453125,0.5679717338731385,-0.030591079733862672,4.173,0.7539424663580935,0.2951578947368421
0.9310795916102608,0,1.0558362912631973,4.882288478533429,6.281930827134156,4.882288478533429,0.35350094533899074,0.13827738368154052,0.021835546874999997,0.4647252303770447,-0.33480418945339036,3.33,0.6820571981031907,0.29473684210526313
2.2239059274584267,0,1.0171236395457486,6.519176796670807,8.523036409042817,6.519176796670807,0.3152871789774338,0.16116570508858644,0.019294921875000003,0.47145456575546263,-0.453881814699093,4.478,0.6868965422577297,0.2943157894736842
4.42194097364836,0,1.0486005465841362,7.962528096472121,10.597180293834144,7.962528096472121,0.3288867229111381,0.1554339235824825,0.039183984375,0.5404526173216248,-0.8136719272203519,5.862,0.7361983441662477,0.29389473684210526
1.2754506630928049,0,1.0737199521487184,6.00249235665878,7.672791468662091,6.00249235665878,0.2551473279698079,0.155697792410766,0.015428515625000003,0.5122308152024841,-0.31872608119950663,4.297,0.7158692997306666,0.29347368421052633
0.15852366185519617,0,0.9426976257294084,3.49478188110059,4.442823251302846,3.49478188110059,0.3384128540846372,0.14886286835167145,-0.0011351562500000044,0.4934710825140381,-0.12507580387364203,2.455,0.7024758864856144,0.29305263157894734
0.4849585281439186,0,1.013123363143835,3.881407780771678,4.9417929743394975,3.881407780771678,0.290940683823329,0.1575306343621794,0.024776953125,0.41957321626571653,-0.28934725837384484,2.516,0.6482184150977778,0.2926315789473684
1.2118640595366026,0,1.056200870671747,4.276077476554828,5.632919766719931,4.276077476554828,0.3314457217981767,0.11135739532359037,0.017832812499999996,0.6540318197045898,-0.28387192024709507,3.459,0.8089189260403356,0.2922105263157895
6.4796595800115675,0,1.0539052720567579,8.787171471876245,11.868359406813935,8.787171471876245,0.3686009504452844,0.1313947581096949,-0.002872656250000002,0.5843140923773193,-0.7644404800868935,6.717,0.7644098014358855,0.29178947368421054
0.7333476606495934,0,1.0045181247982293,4.9769104660992785,6.321387194779639,4.9769104660992785,0.24768507197903714,0.1761888303944461,-0.014537890625000004,0.3556663204393006,-0.11742685990716803,2.969,0.5965548346154987,0.29136842105263155
0.49569982186229034,0,1.0432134481060236,4.0229105971869235,5.171594607560103,4.0229105971869235,0.32150700222789025,0.13693079325892576,-0.03338203124999999,0.48782916811462407,0.04884680149396021,2.813,0.6992449700391129,0.2909473684210526
0.5861799877706968,0,1.0271270089238997,4.178276387955501,5.294661131486801,4.178276387955501,0.3306128420706181,0.10846346460585964,0.005405859375000006,0.6868978825437927,-0.3565799339314229,3.463,0.8288106574238624,0.2905263157894737
0.013023489873271288,0,0.9650716399046505,3.395617954426158,4.24350464112822,3.395617954426158,0.33554213310046066,0.13068485878605268,-0.007123828125000005,0.5103883702134705,-0.05938827294526674,2.426,0.7144502215974358,0.29010526315789475
2.1238278425023527,0,0.9865092975949595,6.093481449011364,7.982990271639003,6.093481449011364,0.3691403639727945,0.15357208660540536,-0.006882812499999999,0.5199355948608398,-0.20204433547974815,4.394,0.7210984454072481,0.28968421052631577
0.976851843602955,0,1.0183692717298451,4.728188179423686,6.056326063506667,4.728188179423686,0.22468049213314578,0.1929723797678186,0.0065664062499999985,0.38975810809020994,-0.3322035845252437,2.952,0.6243406328129301,0.28926315789473683
0.6437170933293412,0,1.1032399997219104,4.222366170256365,5.399452255660068,4.222366170256365,0.3936494728334384,0.11926308426377906,-0.007710937499999998,0.565722638317871,-0.2739077798403976,3.176,0.7521848821101099,0.2888421052631579
1.406438772957543,0,1.0385281410357186,4.9163198840748565,6.488406469734488,4.9163198840748565,0.3046494019548882,0.14040202541432034,0.0356015625,0.5895774654663086,-0.24439089874231662,3.779,0.7686643849683359,0.28842105263157897
1.3382976541736342,0,1.0556811567837077,5.326310072624004,6.876213018358107,5.326310072624004,0.3810282331695899,0.11187200461420911,-0.006790234374999994,0.6193802157640076,-0.39832578305742233,4.192,0.7870364178657014,0.288
0.06596875082980169,0,1.0748291711298998,3.386435134490327,4.265761751959656,3.386435134490327,0.29766300153377206,0.14506020156217284,-0.013237890624999998,0.4619132109861755,0.009105826432127487,2.302,0.6797708825290879,0.28757894736842105
0.606119613940614,0,0.9941121244794296,4.279777451061082,5.474108350887545,4.279777451061082,0.3436084547167646,0.14163019947347671,0.010794140624999997,0.47725915176254274,-0.24268218933090516,2.957,0.6909237767180798,0.2871578947368421
0.6446604493849999,0,0.9998780987024383,3.8777848985739403,5.0152907974587695,3.8777848985739403,0.3043114136846426,0.1576963776826471,-0.033501171875,0.4449775429673767,0.12317392691282124,2.59,0.6679070829721564,0.2867368421052632
0.3335438732885363,0,1.1428465780316748,3.6977401536415493,4.707922790544682,3.6977401536415493,0.330532134996542,0.11004515528894314,0.005328125,0.6372951040527344,-0.11080268422479964,2.952,0.7983254304910686,0.2863157894736842
4.841436161551888,0,1.0446541935651819,6.670326803609394,9.263741346744556,6.670326803609394,0.26288469087912136,0.10427238925532828,0.007582421875000004,0.6875064486753846,-0.7626060705716213,5.531,0.8291947550466506,0.28589473684210526
0.43215040581339004,0,1.0646373562978013,4.4835775387373085,5.748715553479683,4.4835775387373085,0.2623533924769697,0.1544548778346361,-0.020118749999999998,0.47057866011718746,-0.17579684034098597,3.077,0.6862823210740241,0.2854736842105263
0.48150651299419645,0,1.0311055271207745,3.9281384815865796,5.031788664876075,3.9281384815865796,0.2992697035577056,0.14457766865676966,-0.018097656250000003,0.49873205296325684,-0.050720763610608365,2.775,0.7064414895269105,0.2850526315789474
0.33013620688860446,0,1.0696613446965364,3.372443217259719,4.303413088865764,3.372443217259719,0.35831304032870126,0.1235579909739176,-0.002586718749999997,0.5771170745111085,-0.15003363305852732,2.562,0.7596866233026615,0.2846315789473684
0.8660568580340735,0,1.033244823401191,4.2851087286400755,5.581951536645709,4.2851087286400755,0.2957990019628887,0.1474662625096542,0.032014453124999995,0.4510004595567322,-0.23141388563898527,2.881,0.6723283310746506,0.28421052631578947
2.330695736104965,0,1.0361409601839078,5.7230017780426605,7.672984975904753,5.7230017780426605,0.33209075928933474,0.15318541707377792,-0.029596484375,0.47912115709701536,-0.22146944111968864,3.965,0.6928182366135976,0.28378947368421054
0.27875033144956873,0,1.038042752403519,3.547874590597875,4.539097555975674,3.547874590597875,0.28564912615548077,0.1346473655787632,-0.02263828125,0.4924466613470459,-0.2597093857885482,2.491,0.7021104992271516,0.2833684210526316
3.7584680250398037,0,1.0045568822222166,6.964164324647309,9.305236460532685,6.964164324647309,0.24946590340613148,0.15085143575200208,-0.0020324218750000017,0.523536867308197,-0.835369623550001,5.039,0.7235613298448688,0.2829473684210526
0.09056709075347591,0,1.0224208845269043,3.448876407086878,4.341714967492523,3.448876407086878,0.2806387072839975,0.14023250328629722,0.0597703125,0.5060174363061524,0.03244402872038821,2.462,0.7138556762837289,0.2825263157894737
-0.23755378194643217,0,0.9945726506424919,3.224125610303251,4.030896778720562,3.224125610303251,0.3168090238978019,0.14467433975369146,-0.02895625,0.47970331058593746,0.04667592593413412,2.235,0.6932112051892987,0.28210526315789475
3.837269437212546,0,1.138859569798592,5.775123085839551,8.078805793922536,5.775123085839551,0.3389692226813102,0.1004144773055946,-0.01583476562499999,0.8293115441819762,-0.0013861769162348398,5.26,0.9108030983612073,0.2816842105263158
0.34106055101491783,0,1.0404374326132109,4.051740098194552,5.1567985136654775,4.051740098194552,0.3390558271178725,0.13229703591883601,-0.00426171875,0.506631028378296,-0.17509802203557784,2.884,0.7117929408367296,0.2812631578947368
1.8291356080843864,0,1.0310272330035,5.061589379285559,6.58564896477959,5.061589379285559,0.3544399421682109,0.12124632204111256,0.036955078125,0.6611873022789002,-0.313105352754299,4.12,0.8139735745576295,0.2808421052631579
2.5666351238934,0,1.0676548973893438,6.103381900438427,8.297987810713567,6.103381900438427,0.3689430147340594,0.09591132584623978,-0.049599609375,0.7957732947654724,-0.49484374296868117,5.453,0.8934390947432427,0.28042105263157896
0.4130613382179127,0,1.0346484991490696,5.194411588270844,6.5188999013172,5.194411588270844,0.29728936656313587,0.15865091103741358,0.018016406250000002,0.46964659269958486,-0.10423895737970512,3.561,0.6855444431936926,0.28
1.2130947093324105,0,0.9796322309398205,4.494057963422669,5.882150730857079,4.494057963422669,0.37795271608863673,0.10740198646998861,0.0015785156249999994,0.6789354586790466,-0.2729118795373725,3.703,0.8239769113213216,0.27957894736842104
0.024378804510959196,0,1.009568008797418,3.6804041946500887,4.5788212616471915,3.6804041946500887,0.4014917054793802,0.12006901755542017,-0.02044335937499999,0.6294827530418396,-0.16169714599495388,2.921,0.7936628276443184,0.2791578947368421
0.5274549472026204,0,1.078284021305695,4.003182025859776,5.1168464763267165,4.003182025859776,0.2913653139851629,0.13774397470365385,0.038660937500000006,0.5668709451928711,-0.16729342669183278,3.018,0.7539002674633097,0.27873684210526317
3.1539432030181365,0,1.0554919371022642,7.633201897228872,10.036990691525876,7.633201897228872,0.30097380529246254,0.13915975121583676,0.025460937500000003,0.6165925023803711,-0.5753971201118189,5.997,0.7856467155908882,0.2783157894736842
0.025534108741745776,0,0.9444390617001995,3.6654998844139066,4.591276081223175,3.6654998844139066,0.31126225119417633,0.1252303323749863,0.016612109375,0.5899235968064881,0.008825046834037302,2.816,0.768244465638624,0.27789473684210525
1.0476432178349393,0,1.0078856869889272,4.986013931024414,6.3803933892719025,4.986013931024414,0.35634448297631943,0.149940406069212,-0.0016160156250000044,0.4743416013841248,-0.3773985983465459,3.434,0.6887265153096873,0.2774736842105263
2.480627486879648,0,1.0620397719764307,6.031556771085093,8.035310169560647,6.031556771085093,0.23189767133055336,0.15398549740829462,-0.092440234375,0.52048008705307,-0.6039181506200866,4.387,0.7273412431482041,0.2770526315789474
0.6600847247742059,0,1.056699179893752,3.9398112859814276,5.136030921992574,3.9398112859814276,0.2927492866682026,0.13811312267121179,-0.025054296874999993,0.49691027947372435,-0.17301887775464977,2.779,0.705363734016447,0.2766315789473684
0.7977421133769331,0,1.0467475312520724,5.007166371872804,6.472542916059208,5.007166371872804,0.34838735346389366,0.14888189530252968,-0.0462390625,0.47673724597412104,-0.24207841243551084,3.465,0.6920081624337967,0.27621052631578946
3.3167618309685762,0,1.0021219720919352,7.035510884909104,9.417545940613834,7.035510884909104,0.3125768216949437,0.16825971563948247,0.0061007812499999994,0.47773100312438965,-0.5674297119905599,4.863,0.6912077999098751,0.27578947368421053
4.601165352797964,0,1.0554452629051447,7.867059296838853,10.43434345437467,7.867059296838853,0.3230352404970566,0.1379320314228544,-0.011985546875,0.6141587204942323,-0.8139915049518754,6.166,0.7837744406575944,0.2753684210526316
1.4139419048755064,0,1.1079985206287075,4.7346493729120676,6.218287621175142,4.7346493729120676,0.3277897281100955,0.1205147760239239,-0.03783359374999999,0.5522368965277099,-0.05107984569347046,3.523,0.7440888907541559,0.2749473684210526
1.7806325381564374,0,1.0353176213096835,4.61976247117865,6.0999974811717586,4.61976247117865,0.31256329888759665,0.11573743632121335,-0.025484374999999997,0.6702585341308593,-0.6873878653755126,3.784,0.8190897310429426,0.2745263157894737
0.830067456896538,0,1.043804009518012,4.729583227675516,6.076532289986731,4.729583227675516,0.3230396542890684,0.12583135917146662,-0.0032097656249999995,0.5388965282640076,-0.09792252476503592,3.472,0.734102738626805,0.27410526315789474
0.8457726224663018,0,1.0324317161569372,5.150440857706657,6.604825870172461,5.150440857706657,0.37745578871650803,0.11143264662336416,0.017703906250000002,0.7064710177972412,-0.26639181967820663,4.33,0.8407047318135838,0.2736842105263158
2.5725013890441373,0,1.0254133899995244,5.4345446100924315,7.384172553694798,5.4345446100924315,0.37291784874841744,0.1159671878707968,0.00949609375,0.6250888382659913,-0.8188166587174678,4.297,0.7906826253703189,0.2732631578947368
7.70714552594521,0,1.1133336145457473,8.229273691289967,11.559158303886148,8.229273691289967,0.23547453428603313,0.10168425220272294,-0.011922656249999993,0.9942095315179442,-1.2321077332410821,8.206,0.9971718413844225,0.2728421052631579
1.4352677530699758,0,1.0674115856681952,4.503197571809339,5.974596399435476,4.503197571809339,0.30063084015754554,0.12717660562717337,0.0158671875,0.5664536878295898,-0.34843568452657764,3.39,0.752798416223593,0.27242105263157895
1.7431117691878768,0,1.0255654637559735,5.679930012226254,7.512697779054539,5.679930012226254,0.37394798712497995,0.15562110454908745,0.0032027343750000033,0.4794602780393983,-0.49492225429507714,3.933,0.6924381095425605,0.272
1.5473307274555923,0,1.046177944547859,5.317970100415331,6.955763022423872,5.317970100415331,0.38766132880645876,0.13120605864630577,-0.017792968749999995,0.5614847962005615,-0.6407170497155195,3.986,0.749534112590948,0.27157894736842103
0.7101553782094667,0,1.0847080053005893,3.8845743239568877,4.993974489913963,3.8845743239568877,0.31584508650233967,0.13213453949137305,0.0033949218750000064,0.5770891045835876,-0.29235841278147884,2.951,0.7596713961168506,0.2711578947368421
0.4153715130473059,0,1.0653891547312044,4.381399429045115,5.587408633090523,4.381399429045115,0.29989773497504657,0.14144451169004704,0.004148046875000001,0.5129388761289978,0.0833945613457028,3.138,0.7162095241072092,0.27073684210526316
2.1760834558090565,0,1.097954494328121,4.52576655565822,6.120568451808575,4.52576655565822,0.3374188688092783,0.09861484788098811,-0.000634375000000003,0.7823240100683593,-0.2234231245029967,4.003,0.884491047156499,0.27031578947368423
2.153154861408714,0,1.0823949598063365,6.703409165589947,8.658440346335626,6.703409165589947,0.36728399422439145,0.12547349084665857,0.03981406250000001,0.6577180818334961,-0.43025563804577815,5.443,0.8119749019558733,0.26989473684210524
4.024043532533572,0,1.0645592813273332,7.353072177198345,9.880237656280483,7.353072177198345,0.3137938258541993,0.12400141996531822,0.017462109375,0.6818278298143006,-0.6228756510768172,6.073,0.8259132854471618,0.2694736842105263
1.1589787190492409,0,1.0471787898056812,4.786447036373633,6.265622396267288,4.786447036373633,0.35107627536840946,0.11733774497991005,0.017577343749999995,0.6167819830804444,0.03689612318575595,3.76,0.7855513643892104,0.2690526315789474
1.9307731244542419,0,1.0495881602144777,5.529688863357256,7.363385617512538,5.529688863357256,0.3481894100768561,0.14528260193891604,-0.036965234375,0.5076040859007263,-0.4723338179991776,3.945,0.7134216946891403,0.26863157894736844
0.7653727261852272,0,1.0604589562003794,3.8469931623460254,5.035051781968939,3.8469931623460254,0.3561326826116686,0.13612486283361333,-0.060835937500000006,0.5614359973022461,-0.1567460545823074,2.892,0.7517559501552016,0.26821052631578945
1.8608572666883738,0,1.131504521839905,4.66291616325321,6.275994242088835,4.66291616325321,0.27134232031784267,0.12472866037673105,0.022766796875,0.6646589983506775,0.14166914393604688,3.803,0.8155840394408322,0.2677894736842105
0.14667435673847606,0,1.0453166115729364,3.4704883967771507,4.398416598766897,3.4704883967771507,0.33743341319450276,0.12240080282341619,0.014262500000000003,0.5952392490625,-0.19066253874488442,2.678,0.771649316703352,0.2673684210526316
0.8129858279506386,0,1.036496876760459,3.7551272490864855,4.898699118757869,3.7551272490864855,0.3337920001280866,0.13521407223805323,0.0011140625000000016,0.5308622627709961,-0.10724989547144706,2.736,0.7286038044824155,0.26694736842105266
4.127781167000081,0,1.1026912889710778,5.588688905531258,7.867004673222888,5.588688905531258,0.28119217059342333,0.09679838582558013,0.009576953125,0.9111822768907165,-0.07451369071392991,5.335,0.9546067226464912,0.26652631578947367
0.556244761528101,0,1.0380815062019881,4.439743678716295,5.670602552736931,4.439743678716295,0.3350885070444128,0.11794947303059178,-0.0160921875,0.6693403563452148,-0.09147990489673644,3.633,0.8182904831682635,0.26610526315789473
2.668544158931857,0,1.010106331953416,6.27458384995284,8.451797490077082,6.27458384995284,0.30734312653018453,0.13495428075203497,0.012646874999999998,0.5485747057714845,-0.37463316033385563,4.648,0.7407662581535083,0.2656842105263158
1.4968016794622807,0,1.0111383937339993,5.544944801735799,7.301373171117607,5.544944801735799,0.24763965283357225,0.1289540504365612,0.004319531249999995,0.5493820174310302,-0.45352919137865555,4.11,0.7412156742684615,0.26526315789473687
0.25510296084260675,0,1.0047126020309507,3.955083880052933,5.010442139132728,3.955083880052933,0.3448671305651542,0.13792147109146707,-0.015629296874999993,0.5686022504698182,-0.1963700061497066,2.983,0.7542191494457198,0.2648421052631579
1.286981977049333,0,1.0411155230723708,4.252650891333924,5.593388713151964,4.252650891333924,0.3566148301343414,0.09364168150754806,0.018107421874999998,0.7863988474449158,-0.3146942880961228,3.772,0.8869761700135326,0.26442105263157895
0.5188979528613098,0,1.038708627105826,4.32449999315277,5.47558026485278,4.32449999315277,0.34270792461258354,0.14614082856793967,0.029251171875000002,0.4955916162095642,-0.34173377531653687,3.047,0.7045901271417483,0.264
1.4353386936225965,0,1.0307137530689838,5.7536287880417225,7.509430345652655,5.7536287880417225,0.33053940457225256,0.12788774225061458,0.011569140624999997,0.594830470219574,-0.3414057272658137,4.438,0.771339299682296,0.2635789473684211
0.9623342529100039,0,1.0435905179807266,4.31959725042761,5.592171313202635,4.31959725042761,0.2639936573483922,0.13835972791035403,0.004113281249999999,0.5378611457611084,-0.18553728120030932,3.168,0.7334017076907784,0.2631578947368421
0.3692156091000163,0,1.0171445265779016,3.9893799745564174,5.063462042075247,3.9893799745564174,0.32535130011778995,0.1513400193264914,0.014822656250000002,0.46430370214294425,-0.06601409219594527,2.719,0.6815595449271106,0.26273684210526316
2.9230141554527043,0,1.0516348130168354,6.643227314482336,8.852404894297766,6.643227314482336,0.2644447474688334,0.14528186901188783,0.005962109375000001,0.6264094387986756,-0.44641320979988824,5.258,0.791482776532045,0.2623157894736842
0.6315476556399564,0,1.090489956902641,4.185018134958495,5.397156535515693,4.185018134958495,0.3173606338979096,0.13707073696379468,0.0023792968750000034,0.5325234783995056,-0.0331080769748044,3.054,0.7297459417174754,0.26189473684210524
1.5858109569749983,0,1.0989693585436164,5.496918313180612,7.229998087537416,5.496918313180612,0.23699713059758487,0.1250166752203335,0.025544921874999998,0.6532378612632751,-0.362440674312591,4.445,0.808634901730611,0.2614736842105263
1.5725877719484798,0,1.0792759363624835,4.574532519200201,6.057810533361465,4.574532519200201,0.28468899408385795,0.12681096917079984,-0.022025781249999998,0.7274684079290772,-0.7049895595002167,3.903,0.8532019356334994,0.26105263157894737
1.9398650031942477,0,1.1260617425413182,5.1152157929919735,6.861227864331933,5.1152157929919735,0.32158765828423963,0.1140203979551655,0.015739843749999993,0.7166355315374755,-0.3556711559524412,4.331,0.846689597325224,0.26063157894736844
0.9340159716678329,0,1.0530757587985973,4.54306175552342,5.8784434670271,4.54306175552342,0.262213320712147,0.11434820328578629,0.004877343750000001,0.6596898333929444,-0.4048175471953098,3.69,0.8122275677881169,0.26021052631578945
0.788799750056155,0,1.1060523414703787,4.590404153281984,5.8840403831428265,4.590404153281984,0.261544171555605,0.12529126183400915,0.005875781249999999,0.6301313611322021,-0.4275484147184912,3.644,0.7938298847596379,0.2597894736842105
4.958728412458589,0,1.0230277655077862,8.732481178591769,11.747677638972663,8.732481178591769,0.24165594180668154,0.12755518759318454,0.002183593749999996,0.8177987217620849,-0.9920935462336384,7.897,0.9043248806948473,0.2593684210526316
1.5519341635502304,0,1.01321930839995,5.398638135429371,7.026341223228246,5.398638135429371,0.28677072017280775,0.11176916695246915,0.01428984375,0.6958263909906005,-0.45055583182772624,4.504,0.8342844782356915,0.25894736842105265
0.6779987719324683,0,1.0320951702307704,4.069210822978053,5.20806636776191,4.069210822978053,0.3732221596168941,0.0994843796288667,0.036100390625,0.7414612809373475,-0.31216022067734484,3.507,0.8618378728859768,0.25852631578947366
0.10532218512929248,0,1.0409179658062055,3.821532837739717,4.759510053386473,3.821532837739717,0.28793036395909943,0.12200845999405487,0.022587499999999993,0.6014589118750001,-0.2995850284679522,2.965,0.7758666812225217,0.2581052631578947
7.306939137775304,0,1.07281421152215,8.789894234260082,12.336507091876472,8.789894234260082,0.29510338296630373,0.10809950724208565,-0.007938671875000003,0.8751087099107361,-1.0334193207033906,8.223,0.9355061370305782,0.2576842105263158
2.056694886249727,0,1.035898505830835,5.1211800841415025,6.858872916622336,5.1211800841415025,0.29360340136858465,0.10753185496343388,0.041314453125000004,0.7388288249473571,-0.3251382744428446,4.407,0.8605438448936666,0.25726315789473686
0.37461122101494837,0,0.9937215988208843,3.93161213500479,4.990943572207891,3.93161213500479,0.25183224372903923,0.13475153255747715,0.016537109374999998,0.5505713079978942,-0.1478781745136153,2.918,0.7421891834191434,0.25684210526315787
43.8910956945536,0,1.0666941500514107,12.857419525733306,22.638029028474445,12.857419525733306,0.25733300254224173,0.06062493761643391,-0.03373242187500001,2.7701539131675723,-3.9191809480052404,21.404,1.6647197330040648,0.25642105263157894
1.2937765211911536,0,1.0353361713477673,5.996321534883555,7.735031720141323,5.996321534883555,0.35704726881386945,0.15003785637078665,0.001669140624999998,0.590288808891449,-0.10289939558862937,4.607,0.7683043634666374,0.256
1.7845487254618275,0,1.0715721260236926,5.117162760352382,6.777250671950761,5.117162760352382,0.32297479167348636,0.10181081205587086,0.030771484375,0.8240907841087342,-0.34119795995872987,4.648,0.9083158417419432,0.25557894736842107
1.0096639751680714,0,1.0462124356509448,4.3346229700692005,5.5492012702004185,4.3346229700692005,0.37564766223837787,0.09999647644575894,0.03624999999999999,0.8968552523437501,-0.37038018404361295,4.108,0.9477179511034652,0.2551578947368421
0.5471393037808729,0,1.078622020755676,4.75233530536855,6.063659672205991,4.75233530536855,0.32245595344003436,0.10052118588448887,-0.01053984375,0.7175731210687256,-0.3374239638405874,4.026,0.8471624456826448,0.25473684210526315
4.987511174962522,0,1.0913897535808088,7.262100793016718,9.851379411351248,7.262100793016718,0.266055753968198,0.12388987425754691,-0.019750390625,0.7317900763670349,-1.0646059391817775,6.214,0.8556752621741937,0.2543157894736842
7.442334730128353,0,1.1012395609104348,8.429394526448117,11.653073340660475,8.429394526448117,0.3168184372044656,0.07917662780785045,0.006379296874999994,1.1189971424620055,-1.0263902012680879,8.917,1.0578458478864607,0.2538947368421053
2.2773745455234335,0,1.0605434338272943,5.303506524625648,7.058231763394282,5.303506524625648,0.24821147055203233,0.11020767400791322,-0.009602343750000002,0.6904017582757568,-0.46711012191186857,4.407,0.8309596640519021,0.2534736842105263
1.6277331079412383,0,1.0377920473016389,5.144756655909238,6.764349939489714,5.144756655909238,0.33080031207672184,0.10775356587145446,-0.0071351562499999965,0.6749973465765381,-0.563724551834198,4.227,0.8216132040268401,0.25305263157894736
1.3120866897832624,0,1.0541299939982993,4.22173267199655,5.535799339089124,4.22173267199655,0.32401746615586957,0.12516129204328488,0.03461718749999999,0.6916242651733399,-0.39817307446452244,3.514,0.8323596667569555,0.25263157894736843
1.7069907695212674,0,1.0674235615299852,4.984194809946744,6.54383226290277,4.984194809946744,0.24507301328274095,0.11526724084570834,0.001351171875,0.6892706801939392,-0.40300039905078894,4.138,0.830224370793447,0.2522105263157895
1.3926587059615008,0,1.0933017703797954,4.222874848173783,5.581617003459173,4.222874848173783,0.28962235413258286,0.1320040550448758,0.020201953125,0.5616812869493103,0.041895187964068735,3.166,0.7497262206028111,0.2517894736842105
0.6759487936731601,0,1.084719688567395,4.369245257127489,5.638792457095245,4.369245257127489,0.33374386429231273,0.12950629492590815,-0.004869921874999998,0.5885422873765564,-0.06352726857699473,3.352,0.7671805547037966,0.2513684210526316
2.3073044475857962,0,1.0952577220592858,5.583654428678312,7.527456109300369,5.583654428678312,0.3664711902649047,0.1011960508423226,-0.0073351562500000005,0.8397808087640382,-0.34232284633491455,5.117,0.9164249086975156,0.25094736842105264
0.8326935824083881,0,1.0483722655942505,4.329763669854965,5.605530022487415,4.329763669854965,0.32821645498753393,0.15341449964137252,-0.021030078124999997,0.4802786221421814,-0.3556346829920812,3.002,0.6933403827328428,0.2505263157894737
1.023475363695992,0,1.0632331513538968,4.507885667179269,5.872743851258733,4.507885667179269,0.3249631087167169,0.1247233338631281,0.013594531250000003,0.7100350316888427,-0.5111371534948648,3.799,0.842745420022411,0.2501052631578947
1.8990174806520024,0,1.0736422291707253,4.952415592172188,6.597400103755258,4.952415592172188,0.31345185733622183,0.10675545773266763,0.029098046874999995,0.8087266470274355,-0.6064579355895363,4.456,0.8997629373114759,0.2496842105263158
9.566027019407718,0,1.0148854798493443,9.423502629588846,13.072537144729848,9.423502629588846,0.25483298709003616,0.10638048627528982,0.030785937500000006,0.9443221994897459,-1.3662717249085672,9.162,0.9722499541977361,0.24926315789473685
1.0150794167308756,0,0.9847628404836747,4.5214916390627335,5.938165253426711,4.5214916390627335,0.3455316976683363,0.0946784989166833,-0.025141406249999998,1.0053520143792725,-0.18572598978383043,4.535,1.002987589498245,0.2488421052631579
2.484597466839544,0,1.047485932151534,6.518909630628098,8.704725936381381,6.518909630628098,0.3491249847322188,0.12165011439347906,-0.029002343750000003,0.6721864664007569,-0.710358195678642,5.348,0.8203825951004508,0.24842105263157896
8.082357628540162,0,1.0575432819404367,7.535925453936274,10.61667439212118,7.535925453936274,0.34574003113627894,0.0986129057463729,-0.038510937499999995,0.9233073553491213,-0.5419776874060465,7.247,0.9616602558368782,0.248
0.8501120092549677,0,1.0232159215523677,5.408642096624621,6.844363960951939,5.408642096624621,0.36254394245329435,0.12353020032592843,-0.001548046875000001,0.6554986695664977,-0.3463192915848554,4.379,0.8096302032506105,0.24757894736842107
11.791375188894685,0,1.0042214372170275,9.046373224983368,12.573809065381067,9.046373224983368,0.32598764129086494,0.10563103750698387,-0.0024171874999999966,0.7543295822045899,-1.5365407376335602,7.857,0.8685248557180157,0.2471578947368421
0.8911767896946863,0,1.1032695674473065,4.678274389427937,6.076895298167899,4.678274389427937,0.3139145254396642,0.14062938122624188,-0.005521484374999998,0.5441193932884216,-0.10089883036005239,3.451,0.7376651544421257,0.24673684210526317
13.800802265248585,0,1.0205268329069968,10.05388830590508,14.286356223187312,10.05388830590508,0.30985393777697096,0.13656990238958625,0.020021875,0.7051546471777342,-1.6931967927775937,8.445,0.8399735249734065,0.2463157894736842
0.996348310918258,0,1.0333918787670087,4.024650138135682,5.219157172761352,4.024650138135682,0.3280591192437062,0.14179882375065644,0.04873593750000001,0.5772153044897461,-0.1223305663833347,3.064,0.7613084106285375,0.24589473684210525
4.6853199303151145,0,0.9935694812224926,7.8909452670970595,10.557022233197735,7.8909452670970595,0.3258811052193578,0.16219537999086392,-0.017869921875,0.5451634194078064,0.29641706840365056,5.828,0.7385680425767317,0.24547368421052632
3.148062039467562,0,1.0048434238342332,6.349768882502432,8.581857113984343,6.349768882502432,0.39884062532427017,0.1179544807727399,-0.023808593749999992,0.9335396852386474,-1.0084504980253597,6.137,0.9664918697924986,0.24505263157894736
2.2670583474587236,0,1.0132382968344842,6.647503367137473,8.618921909976113,6.647503367137473,0.3534608865106447,0.15868102154799582,0.005806249999999994,0.5281158726171876,-0.5758181781587903,4.831,0.7267390075923061,0.24463157894736842
2.9242366937648825,0,1.0807494132516446,5.354635217449018,7.303181701612283,5.354635217449018,0.27891562159621613,0.12015216738878176,-0.029953515625000003,0.7281449794798279,-0.056624101429241486,4.572,0.853839676155966,0.24421052631578946
2.112806956560867,0,1.0051869482096387,4.780576153918251,6.296454898404585,4.780576153918251,0.42535537855123134,0.11669569939803857,-0.003784765625000001,0.6344882634397888,-0.14177821828072124,3.808,0.7965567072661086,0.24378947368421053
4.013055883110861,0,1.0125312458266487,6.541311573858255,8.77247951774887,6.541311573858255,0.3215064929578704,0.09097067158511987,0.058660546875,0.8813569937559509,-0.8410890455138184,6.153,0.9406370466421281,0.24336842105263157
2.6160863060349238,0,1.0524430540390095,5.230875605228936,7.086307902178279,5.230875605228936,0.26641924856910126,0.12288070346816644,0.014965625,0.6371175261621094,-0.4387151546538254,4.176,0.798336705966693,0.24294736842105263
0.3843775899923201,0,1.0176429137911795,4.212904358444591,5.3221748929519626,4.212904358444591,0.30310315360978174,0.1418894343308858,0.009142968750000001,0.5019415522161865,-0.07948945239955886,2.985,0.7085373286523089,0.24252631578947367
0.4528964918972376,0,1.0788296786475562,3.9800419821976623,5.062850333767007,3.9800419821976623,0.32254210383968784,0.12304077439495748,0.0009453124999999976,0.6680242673217773,-0.04818210311264583,3.253,0.8173280620029513,0.24210526315789474
0.9906704906897614,0,1.0369614553540356,4.241792363656247,5.452991128250917,4.241792363656247,0.37376203654928175,0.1053497105846558,-0.011462500000000007,0.7153627110937499,-0.6356952371063621,3.588,0.8458688432611762,0.24168421052631578
0.25639587573904743,0,1.0526616596725602,3.992733068946633,5.028163646490746,3.992733068946633,0.34693123508990587,0.11192911300855748,0.014708984374999994,0.675868507888031,-0.06806367812282818,3.283,0.8222437972459111,0.24126315789473685
3.3527013666614556,0,1.05430186855879,5.949311504772531,8.143923500494699,5.949311504772531,0.2949670163983962,0.11062627783726206,0.014100000000000001,0.681763086875,-0.7139965710382972,4.913,0.8258098430480227,0.24084210526315789
2.830428127278675,0,1.0537918693042827,6.562548867086713,8.809610735664865,6.562548867086713,0.3196998592467232,0.12401722377849464,0.063039453125,0.7712192628965759,-0.6157683750424147,5.778,0.8804505866582605,0.24042105263157895
10.067573796124739,0,1.049936262929386,9.807746924271344,13.388894365184655,9.807746924271344,0.28975185220821903,0.11876079260742671,0.027513671875,0.7206020748130798,-1.3389010399701236,8.33,0.8493286036353215,0.24
3.818686879727382,0,1.0513190741167302,6.536865940244686,8.940007828951261,6.536865940244686,0.24610073371411773,0.13287323741059198,-0.023076562500000005,0.7200608933569337,-0.6969480357237032,5.549,0.8488777421359037,0.23957894736842106
2.5314882074395584,0,1.0626345934826127,5.820144140540114,7.8107889776501205,5.820144140540114,0.3085702787376717,0.13869859900384113,0.011081249999999996,0.5587470621484375,-0.6193842728635938,4.351,0.7475759869404581,0.2391578947368421
1.1380704406313429,0,1.0113423072543468,4.556702895771524,5.957909167068619,4.556702895771524,0.35227817669676054,0.12191555499042422,-0.0158125,0.6473701765625,-0.5694744718951676,3.667,0.8047485394325049,0.23873684210526316
0.811516082398438,0,1.0347463824943732,4.303431551370868,5.563604752245726,4.303431551370868,0.28607383793017777,0.13562168843233666,-0.002139062500000003,0.5408962314428711,-0.11505178581325484,3.165,0.73545958898586,0.2383157894736842
2.671973268062052,0,1.0383043908603122,6.8204668583484205,9.087976098691344,6.8204668583484205,0.2945545156388998,0.08538376571074266,0.0030675781250000048,0.946344647386322,-0.19857285851629006,6.635,0.9728073074467909,0.23789473684210527
1.1483878897949689,0,1.0585477773670977,5.062765285602593,6.700603339274419,5.062765285602593,0.35172458111990357,0.117859038138809,0.029403515624999998,0.6955660242845154,-0.42684108399472226,4.225,0.8345241704202611,0.2374736842105263
2.3795649605730134,0,1.0855881532470508,4.972592730378404,6.700719994313162,4.972592730378404,0.23420698128880174,0.1157773156904863,0.019704687500000005,0.6874265495092773,-0.2425444819230004,4.124,0.8293460220069485,0.23705263157894738
5.281568652094116,0,0.9475493632735578,6.463876166288887,9.00888994752088,6.463876166288887,0.3281519457344549,0.1302826661277891,0.013808203125000001,0.8482697878233338,-0.8320384535409333,5.954,0.921119131435709,0.23663157894736842
2.039972597057287,0,1.0435791387107192,4.872839433029275,6.541826391879571,4.872839433029275,0.2996099568531351,0.10634689607559068,0.042794140625,0.7435539587937928,-0.28871414440900467,4.207,0.8633569929441847,0.23621052631578948
1.9750497764952524,0,1.0740089298945001,4.629412909464523,6.237449328756634,4.629412909464523,0.3501778376465248,0.1102431866249197,0.019866015625,0.7820542254075622,-0.6850172666947895,4.095,0.8845614076955738,0.23578947368421052
1.0675782590020928,0,0.9948457711930981,4.858318526000295,6.318165906918755,4.858318526000295,0.2782470627649069,0.1293849306017735,-0.0091,0.6004793860937501,-0.33392031896180413,3.765,0.7749594802915505,0.2353684210526316
1.0409161542299188,0,1.0119462803939938,4.7556256991069255,6.188492818848528,4.7556256991069255,0.38379405449446313,0.12287300992475929,-0.033702343749999995,0.6535829285882568,-0.4116575027901562,3.848,0.8091469437392074,0.23494736842105263
0.893383746143567,0,1.0755018947852049,5.4106833605232545,7.055686193159563,5.4106833605232545,0.3147601603645267,0.1436310237244543,-0.06995156250000001,0.5523482984350586,-0.30447208793266384,4.039,0.7464861147611856,0.2345263157894737
29.285339125547537,0,1.0843042190417755,14.040375206126818,21.22071587106614,14.040375206126818,0.30601552986207636,0.10101084671597169,0.078612109375,1.356853427275238,-2.5686284489220106,16.392,1.1674901674171072,0.23410526315789473
1.8332771209358736,0,1.0897173086961387,5.08912770552917,6.749686318471215,5.08912770552917,0.3258332907771023,0.11264652359233966,0.025382812499999997,0.7526559432983398,-0.3957974553263514,4.417,0.8679287012587785,0.2336842105263158
7.350336242282591,0,1.0757726789014725,8.121630686697811,11.226622312106587,8.121630686697811,0.27236051938354505,0.08856715026492683,0.05731523437500001,0.9815956244554137,-1.0377608631350814,8.06,0.992411537894877,0.23326315789473684
1.2078801513770845,0,1.0651484008898844,4.157018231987943,5.459266817216884,4.157018231987943,0.24562254178785806,0.1331954704092349,0.021554296875,0.5509895509580993,-0.11276829653214812,3.087,0.7425995816534474,0.2328421052631579
1.6743557256041317,0,1.0910388282299908,4.418668501507843,5.951473260412585,4.418668501507843,0.2843182798086767,0.11575510631919755,-0.006745312499999998,0.6837940968530274,-0.31399223231914575,3.654,0.8269459450857414,0.23242105263157894
2.7994495109632593,0,1.0685101464001185,5.92984736663806,7.985235894442955,5.92984736663806,0.3156191088811929,0.13687558664379681,-0.0223609375,0.6400727064428711,-0.5394870089736602,4.746,0.8003578686867207,0.232
3.1103341198869563,0,1.0957929129527668,5.213761770702259,7.08492724532637,5.213761770702259,0.23797897372032512,0.1131585454440458,-0.053618359374999994,0.6735306594285584,-0.005078551322659898,4.288,0.8224388049518486,0.23157894736842105
1.5147711706136926,0,1.0638524444241972,5.160641778973155,6.878909555544609,5.160641778973155,0.26150884783141315,0.13951440350803493,0.048598046875,0.6948192575743103,-0.13229876363067544,4.309,0.8349736688868548,0.23115789473684212
27.019919443294235,0,1.1125550818860717,9.463852817725423,18.448841173070342,9.463852817725423,0.24175610701059783,0.042525567592548386,-0.059578515624999995,6.307550902429046,-4.224266128457472,23.775,2.512190379321027,0.23073684210526316
2.4469663608714107,0,1.0888746059138121,6.000768477288693,8.051483103249964,6.000768477288693,0.2605622960446944,0.09283423149941579,-0.072230859375,1.068494422094574,-0.518205892010999,6.218,1.036200617226522,0.23031578947368422
16.764148858799068,0,1.025474676745162,9.35917593838535,14.347899492920291,9.35917593838535,0.3162560178037057,0.08240527319274135,0.004248046875000003,1.296304877144623,-2.370105220619177,10.656,1.1385617783181003,0.22989473684210526
7.227739773299307,0,1.109028016423295,8.512568836108933,11.527436214683224,8.512568836108933,0.2296544012698128,0.12423869978015654,0.07876796875,0.684562659442749,-1.1163352132352196,7.075,0.8311239692992556,0.2294736842105263
2.3970815035641033,0,1.0304393205141562,4.954515870079757,6.631250598843832,4.954515870079757,0.27556790962838384,0.14740666609727063,-0.028096093750000002,0.6166102321722413,-0.6722100960113347,3.893,0.7857478111049689,0.22905263157894737
1.5382459412864193,0,1.0116418153503481,5.0895036826907365,6.69999776468046,5.0895036826907365,0.2915158537062221,0.13216603139564922,0.013184374999999998,0.6857000964746094,-0.09132142546957323,4.215,0.8281750565060204,0.2286315789473684
1.5409675999121717,0,1.093379977871716,6.097320902227847,7.931380353732578,6.097320902227847,0.28794817916812343,0.13369387927495946,-0.03716289062499999,0.7203599816697693,-0.41643980539741915,5.18,0.8495534486478028,0.22821052631578947
8.575035969922101,0,1.0230204232065097,7.909501423957386,11.228821503517265,7.909501423957386,0.2954498511426478,0.11894015334988238,0.01678554687500001,0.8459458020567322,-1.4165792412690696,7.276,0.919906276008934,0.22778947368421051
3.2217354508514804,0,1.0352623899683255,6.494072962697134,8.723472979146425,6.494072962697134,0.24218240296602236,0.14201077508022109,0.023767968750000004,0.664496304755249,-0.3619771971103531,5.296,0.8155128577120965,0.22736842105263158
1.1063492113928444,0,1.027408325184862,4.468612434101953,5.9311197405538385,4.468612434101953,0.23537696340924372,0.13815119752941135,-0.04689648437499999,0.6748836740501403,-0.4487118002217315,3.677,0.8228505054363612,0.22694736842105262
2.4684295727251833,0,1.1219649410880304,6.044213753143507,8.120652549279626,6.044213753143507,0.24319147143283928,0.11617836673792478,-0.004330078125,0.9021659640953065,-0.5196854387777773,5.741,0.9498340453320648,0.2265263157894737
9.019151491648897,0,1.0918257158231985,9.137269847235126,12.760064490886705,9.137269847235126,0.3029119813397299,0.11847034918736873,0.03384570312500001,1.0547131039268494,-1.4895004107906762,9.389,1.0275498214426757,0.22610526315789473
1.5277437181726414,0,1.0912663205954427,5.950209236839423,7.758403651789635,5.950209236839423,0.25343709414292237,0.12733575934349972,-0.003380468749999996,0.7055389489935303,-0.3899675114657031,4.998,0.8399704617202322,0.2256842105263158
2.1543890341292817,0,1.0850865736507151,5.436486136441996,7.106714750455136,5.436486136441996,0.30649005512597355,0.12825987773560757,0.027409765625,0.6504251746702575,-0.018639046223474256,4.387,0.8069550606581973,0.22526315789473683
2.72392422823727,0,1.0525073751316885,4.879977172733324,6.610523991486595,4.879977172733324,0.31972724488114357,0.1437306914858731,-0.009734765625000004,0.6027612925413514,-0.5020811856128905,3.789,0.7764380581882401,0.2248421052631579
9.924499529662608,0,1.0364521458585363,9.93603031996557,13.741681142061033,9.93603031996557,0.37359143022259506,0.14406377418658128,-0.0059726562500000005,0.7250971672210694,-1.1422838518239533,8.461,0.8515473209656349,0.22442105263157894
1.7391625946678264,0,1.0808039431183278,4.979689294359402,6.659388449288571,4.979689294359402,0.294109839260979,0.11026335523929029,0.0406453125,0.8564963984155274,-0.18894202217080416,4.613,0.9263630173121928,0.224
1.2011866891578977,0,1.0473973611121363,5.344224188493956,6.917127786946251,5.344224188493956,0.3577191742110117,0.16346893010396624,-0.0056499999999999944,0.61026843296875,-0.30898644363377264,4.175,0.7812172268125877,0.22357894736842104
0.9684901685975791,0,0.9419704411635893,4.584057015380911,5.992589303466944,4.584057015380911,0.3554732025780454,0.15943741734154085,0.009941796874999997,0.6461130782530212,-0.48899531189077167,3.685,0.8038730730520366,0.2231578947368421
2.8597931312787557,0,1.0760681103862448,5.402593314219419,7.528321402014485,5.402593314219419,0.3343547613793405,0.09835377580847618,-0.004121484375000003,1.0071801278196717,-0.6870082442914534,5.422,1.0035921056151873,0.22273684210526315
2.9414536498925976,0,0.9311129029786445,6.601669553355016,8.799431037674267,6.601669553355016,0.3030335675959975,0.12671438690913286,0.020092968750000002,0.7307695804193116,-0.9414604976274625,5.645,0.8550867253165026,0.22231578947368422
1.3717991098824864,0,1.0245789808408559,4.833357608907705,6.255407589076686,4.833357608907705,0.2846496622058441,0.15585535805436052,-0.009564453125000002,0.6160731950645447,-0.2643681680521987,3.794,0.7849615747462579,0.22189473684210526
2.7845046628904724,0,0.9977555016376601,5.6108619787361125,7.648886929825485,5.6108619787361125,0.2914623476336885,0.1464514820603167,0.006824609375000001,0.7419030485350037,-0.2932615597769031,4.833,0.8613649771311375,0.22147368421052632
1.4402286826964934,0,1.0574783728377082,5.312060585532094,6.98721522009282,5.312060585532094,0.2727804200400788,0.13637596650456268,0.020387890625,0.7744438405564881,-0.1804132496675937,4.676,0.8802610446001942,0.22105263157894736
0.5250540343718897,0,1.1530621770021112,4.164342564767367,5.356019091278987,4.164342564767367,0.25024444298163107,0.13439752318640158,0.0024972656250000025,0.6264366906175232,-0.283081562849169,3.296,0.7914814760644276,0.22063157894736843
1.8035176273807147,0,1.0049230131852334,5.829729920091102,7.760617198234635,5.829729920091102,0.27886240562181525,0.1465527889354485,0.02476875,0.7335184410546874,-0.31557647091751817,4.995,0.8568149928842573,0.22021052631578947
2.4123093272003144,0,0.9895281902281334,6.067517971263903,8.060767734134522,6.067517971263903,0.35004695617048,0.13870022904317847,0.011558984375000003,0.7388809973020936,-0.5043513256604624,5.216,0.8596595881055914,0.21978947368421053
5.294781885254434,0,1.0043039297586107,6.271592237230099,8.832510061245717,6.271592237230099,0.3226434719911912,0.15352925772057432,-0.023895703125000004,0.9976464356065368,-0.9155332438512224,6.266,0.9991083225728705,0.21936842105263157
0.8302394288604056,0,1.0868157660231952,4.7826351186162945,6.108882203877786,4.7826351186162945,0.3309183939199622,0.11631823385220454,-0.01801015625,0.9449794452093506,-0.5296002381569922,4.65,0.9722673556884958,0.21894736842105264
4.425845441358066,0,1.0647541306563202,6.5872137919805045,8.933314875827127,6.5872137919805045,0.33048864096261354,0.12647920651132688,0.0035203125,0.9152661472436524,-0.767688058623797,6.302,0.9567019075154758,0.21852631578947368
5.826185708276883,0,1.034538030609269,8.517160251832175,11.923057522447882,8.517160251832175,0.28999023896363335,0.11249163653948706,0.013397265625000005,1.016287524601898,-1.0092580348940938,8.587,1.0081998865939854,0.21810526315789475
1.8047255758299485,0,0.9777963162424268,4.736308370380259,6.291237312932124,4.736308370380259,0.29714173398489857,0.15128997663146967,0.027807421875000005,0.6141258476792908,-0.47979523779548827,3.714,0.7841550231877782,0.21768421052631579
1.1791629366240999,0,1.0705345732113343,4.57808948711631,5.955955193172293,4.57808948711631,0.3412952708504592,0.13846837463293107,0.015481250000000002,0.7284465480859375,-0.3592106861164936,3.908,0.8536311950646486,0.21726315789473685
3.5624642726173255,0,1.0749475176034564,5.946814787826991,8.198314296800966,5.946814787826991,0.31444058938745306,0.09714483351167044,-0.016645703125,1.0402083108018494,-0.5419501924376185,6.066,1.0200418570991951,0.2168421052631579
1.9635205584893827,0,1.0377734233148568,5.638207195175634,7.406419839981692,5.638207195175634,0.3310967271325407,0.12733014933748263,-0.05351367187499999,0.9008846349693298,-0.7137866616879254,5.36,0.9506567982436538,0.21642105263157896
2.4837565303735047,0,1.0909707897998335,6.914698434019351,8.984408969501212,6.914698434019351,0.3419776954318595,0.12320389695466616,0.07073046875,0.7737469468841554,-0.4316971839404492,6.102,0.8824679858747002,0.216
1.4165188990674897,0,1.0324814430284155,5.503274300905179,7.133002646804009,5.503274300905179,0.31037736010928463,0.15415302415912457,-0.015796484375000003,0.7207736761595154,-0.5880265739432073,4.673,0.849130852741864,0.21557894736842106
8.05966589840328,0,1.1080912223733048,7.66656979578254,11.02803873079502,7.66656979578254,0.3313286534969931,0.08789420593490699,0.00913046875,1.1904174657904052,-1.1763161823198032,8.365,1.0911007429426487,0.2151578947368421
1.873595062981801,0,1.0314764736209836,5.178859780108893,6.8388549708070165,5.178859780108893,0.2679430926287705,0.14761758658608576,0.0246765625,0.7238518266381837,-0.10949180662552516,4.408,0.8511526063961738,0.21473684210526317
1.6235921713689034,0,1.0796097587494944,5.170852556908584,6.819177114718405,5.170852556908584,0.34118139988131757,0.12516925627266068,-0.029946484375000006,0.6265769944017029,-0.2936612107425067,4.096,0.7921324297919666,0.2143157894736842
1.0795229223519556,0,1.081150189539756,4.572003309991029,5.980566494753671,4.572003309991029,0.2613232915192298,0.12471996462293468,0.022910546875,0.9366264822325135,-0.11187223901258557,4.426,0.9680657908379083,0.21389473684210528
2.218901442690023,0,1.067755369191548,5.400926794937373,7.114538152610442,5.400926794937373,0.24994721757298277,0.16935302672576796,-0.031760937499999996,0.5899784881616211,-0.2764568738926153,4.152,0.7687569481393323,0.21347368421052632
0.639482462227245,0,1.0534246064142403,4.131476208679609,5.34443723904115,4.131476208679609,0.2624204312919048,0.1443907898134783,0.013978125,0.6389602659277344,-0.0629427852754361,3.303,0.7994721095236843,0.21305263157894735
3.32083772214554,0,1.085194705046914,7.470384550986975,10.224885651630057,7.470384550986975,0.3235091650721648,0.14393747476210578,0.020639453125000005,0.7223410016465759,-0.21118760324392002,6.351,0.8501570376535591,0.21263157894736842
2.3306919658706535,0,1.041478498241376,5.4561520092617535,7.343449032040121,5.4561520092617535,0.2841168366760944,0.12268441592809029,0.004621484374999998,0.8546068696165466,-0.19575008098888028,5.044,0.9244610471698497,0.21221052631578946
2.2341215608607943,0,1.1083739363125809,4.749728503669833,6.465510758303739,4.749728503669833,0.32972250754964066,0.1046291281729281,0.018747656249999994,1.0363053535101319,-0.5277837904097764,4.836,1.0181634584510484,0.21178947368421053
9.344514299725178,0,0.9974339768750372,9.353612847925072,13.200802405575814,9.353612847925072,0.3651808169714183,0.13795527328801266,6.289062499999915e-05,0.8849278292478943,-0.9473881156878723,8.799,0.9407060291095858,0.21136842105263157
0.7152459170995504,0,1.0711014371271652,4.119668737425694,5.29028505308586,4.119668737425694,0.32289931869791527,0.15428329918525102,0.013052734374999996,0.6430436218284606,-0.21119932004854888,3.304,0.8020062317109045,0.21094736842105263
0.806633772623675,0,1.0609525553520498,4.242517405356959,5.476482251394102,4.242517405356959,0.31881077624727483,0.16109967315698967,0.012496484375000002,0.5441476921751404,0.09857279878984587,3.13,0.7377695129895753,0.21052631578947367
1.7599861362532643,0,1.0678355863938898,4.799358789305796,6.395462927765976,4.799358789305796,0.34290237079231706,0.1262797256413579,-0.029768359375000004,0.8134616522019957,-0.36635732972416135,4.331,0.9024122159090462,0.21010526315789474
46.991659950080575,0,1.2165898857220478,10.697528112805097,25.4067765418044,10.697528112805097,0.18902708710969912,0.05045669778516643,-0.121555078125,5.292733763372651,-6.193503594956383,24.645,2.3038032468921092,0.20968421052631578
1.5571484240931692,0,1.0662485924128742,5.312123727278528,6.9593926463008895,5.312123727278528,0.3075128188101847,0.15024941971289377,0.0030652343750000046,0.6677856734788513,-0.36301672318126116,4.341,0.8171872913479657,0.20926315789473685
2.3561274333696893,0,1.0883194513099412,5.612754119016871,7.457000402475131,5.612754119016871,0.297203355992699,0.1290786268194988,0.023774609374999995,0.7171447855271912,-0.3904305481959285,4.755,0.8471776776911234,0.20884210526315788
1.2601494879085111,0,1.072611675447017,4.374077152300411,5.7661362063852915,4.374077152300411,0.37417318416313555,0.13695719954342622,-0.005303125000000002,0.6947729018652343,0.2376315592528876,3.646,0.8335472542093819,0.20842105263157895
3.668583017902181,0,1.0636011794571583,5.621792682083704,7.718692285655655,5.621792682083704,0.2401806443258264,0.14109454350511239,0.009758984375000002,0.6270392141770935,-0.7734117956079968,4.452,0.7919182103936776,0.208
4.280532296063118,0,1.0791351754120306,6.441056919131069,8.791491637484778,6.441056919131069,0.2864185573220029,0.09764304609203035,0.0025867187499999987,1.0018395346673585,0.1667425248212055,6.447,1.0009226872147767,0.20757894736842106
70.77398620780275,0,1.0506126273793865,15.114107495921651,29.087491019435173,15.114107495921651,0.23197322399276132,0.15443171679005824,-0.031790234374999976,2.6193491884202578,-6.498132308265726,24.466,1.618752546692012,0.2071578947368421
1.6806280682652126,0,1.0836098173185869,5.235165325033923,6.8551313573511,5.235165325033923,0.2878767814800347,0.11426713153002527,-0.0030199218749999983,0.8767611429624939,-0.3361737630916613,4.902,0.9363601138934875,0.20673684210526316
4.1645501001270295,0,1.0778127431930462,6.5101227286594,9.120532080649287,6.5101227286594,0.32205318670386707,0.09151680228896215,-0.04533007812499999,1.1193546203453064,-0.7134571192445739,6.894,1.058966211136184,0.2063157894736842
0.9310864460214798,0,1.0332684460727604,4.87888479586291,6.36657327149105,4.87888479586291,0.26548491058733825,0.13016247212431348,-0.015017578124999997,0.7779962836753845,-0.3216608361737106,4.304,0.882168811128644,0.20589473684210527
1.4358975857637128,0,1.012541764061886,5.286598092150002,6.932753595537492,5.286598092150002,0.29794875438229934,0.15301030765846946,0.006201562499999999,0.6661682624975586,-0.38824432794476305,4.315,0.8162148748185124,0.2054736842105263
1.2106609182876547,0,1.062989395712103,4.6965509366170375,6.179133894869936,4.6965509366170375,0.3241864583311939,0.12374737670728178,0.019858593749999997,0.7819084831292724,-0.41174676199419696,4.154,0.8844788560926711,0.20505263157894738
2.780222332896953,0,1.0342985720570312,6.084452266696945,8.174439935843107,6.084452266696945,0.3285052915346476,0.13366692410842915,-0.0067683593750000005,0.7961075022019958,-0.6764243601935737,5.429,0.892274236370537,0.20463157894736841
10.259014768388742,0,1.0620029631147847,10.023449133765236,14.567090939424,10.023449133765236,0.42306954005926983,0.11038996752104227,0.05113281249999999,1.2890970690795898,-1.1529018158591797,11.392,1.1365349240537002,0.20421052631578948
19.24400362981549,0,1.0441398178403094,10.200558549553513,16.21428093250676,10.200558549553513,0.31143093617620987,0.08427365603334347,-0.014939453125000002,1.4760783693809512,-2.0042513829999837,12.394,1.2150315043819337,0.20378947368421052
4.783530084285726,0,1.029437529279285,6.916908811495547,9.585731650879488,6.916908811495547,0.3053369857718734,0.1328860566222923,-0.003593359375000002,1.004935050659027,-1.0863033618568076,6.934,1.0024709287009899,0.2033684210526316
3.605196614578709,0,1.0613307622751875,6.3687243602262695,8.617322805067234,6.3687243602262695,0.2952096310730158,0.1371576759256633,0.042059765625,0.809120964787445,-0.9026317546117142,5.735,0.9004943024094461,0.20294736842105263
5.413965469234892,0,1.0677307222873895,7.051179445514276,9.678993251084924,7.051179445514276,0.3601936781290623,0.11075548080656349,-0.0008886718750000036,0.8787776325279235,-1.0906331444375439,6.61,0.9374318227293252,0.2025263157894737
1.3723639341621583,0,1.044252107904566,5.059020788188789,6.67770899865083,5.059020788188789,0.31235075813185303,0.13844841029689603,0.027365234375,0.6538128005882264,0.02009858061918852,4.093,0.8090498480567343,0.20210526315789473
1.2452490366886018,0,0.974816168264675,4.124930376408985,5.451572010567163,4.124930376408985,0.3351012395237818,0.1281457866304857,0.013878124999999996,0.7284235671777344,-0.3922364589622342,3.521,0.8535901648515228,0.2016842105263158
1.6163506131427132,0,1.0505394436421565,4.5892765558986754,6.0610407331578875,4.5892765558986754,0.2599464037757684,0.1322992120796646,0.007860937500000003,0.810978350192871,-0.24914822839604628,4.133,0.9005776726808465,0.20126315789473684
3.5641373238615506,0,1.1171967020637255,6.3137949614547715,8.883552963054685,6.3137949614547715,0.2442294073367307,0.1019065924697712,-0.028021484375,1.1962962694602965,-0.9405818204151418,6.908,1.0941121848544029,0.2008421052631579
1.8567078554315213,0,1.0388688038932086,5.622995824591385,7.386197774819702,5.622995824591385,0.252178431074565,0.14392809992891745,0.028135546875,0.7164133109239197,-0.4251028046353184,4.762,0.8468795191300088,0.20042105263157894
4.516965883327177,0,1.0031611905015934,6.48638820992058,8.942640156737715,6.48638820992058,0.3176641715988565,0.14469396825613523,-0.013601171875000002,0.7701444421080017,-0.5744155089503198,5.693,0.8776841310997796,0.2
9.482581352269024,0,1.0177291623346476,8.308763947650593,12.162685187868485,8.308763947650593,0.2921058585033515,0.10684705081828506,-0.016946093750000002,1.1350061611566162,-1.4412993709306805,8.853,1.0655014459164285,0.19957894736842105
37.191071878976096,0,1.012033616435345,13.731688482891455,21.155456266341123,13.731688482891455,0.241151248183804,0.11031756089005434,0.031301171875,1.199928076873627,-3.0172244434605036,15.048,1.0958594071478216,0.19915789473684212
3.767045174815663,0,1.0352688429500763,7.088296055173217,9.768800943251142,7.088296055173217,0.3071752133679191,0.1595039416580849,-0.0727328125,0.7005069817358398,-0.49419783888527513,5.955,0.8401172797592013,0.19873684210526316
2.3354472583807553,0,1.0843803137063974,5.528626930974875,7.442979964982905,5.528626930974875,0.2938714258162678,0.12001987219290962,0.004455078125000003,0.8452699932945251,-0.5010590572783511,5.083,0.919396454754762,0.19831578947368422
0.9174986577194733,0,1.0167513718121266,4.039571124810047,5.246907489970867,4.039571124810047,0.3006099930077997,0.15162677121091286,0.036984765625000006,0.6672017329710387,-0.029770044335959502,3.303,0.817661058054849,0.19789473684210526
2.881849338822648,0,1.0840697593628439,6.413090347420964,8.727901112495971,6.413090347420964,0.290482372476403,0.12136762766180921,0.009580468749999991,0.8471567950872803,-0.5250941274520331,5.903,0.9204610695019916,0.19747368421052633
9.339831014721371,0,1.0823581723374023,10.201057960302839,14.260572130038764,10.201057960302839,0.32490499678203605,0.13670352440071068,-0.05368242187500001,0.8368623284410095,-1.188847216185439,9.348,0.9163755402995952,0.19705263157894737
1.7758431445466245,0,1.0850923329004603,4.777006854215102,6.381978693092857,4.777006854215102,0.3235879189251836,0.13050479882046087,0.04434335937500001,0.7346748317137146,-0.5896551723006885,4.1,0.8582780232735631,0.1966315789473684
4.949157495000167,0,1.0243614921837758,7.483882688938122,10.157887310210926,7.483882688938122,0.3565896879524419,0.14025421419816722,0.038576953125,0.7649794784532167,-0.8605419890975211,6.552,0.875481387446715,0.19621052631578947
1.6627544713639866,0,1.0247658572718297,5.022637315408681,6.681061829891822,5.022637315408681,0.29568899854433917,0.10796474626158113,0.004775781250000002,0.9497981637884522,-0.5327717041077813,4.895,0.9745875906633534,0.1957894736842105
3.84722347541946,0,1.0502124012496137,6.203947244392799,8.377159633094964,6.203947244392799,0.31903401027790557,0.12526203086669488,0.0083484375,0.8434761621850585,-0.32611324578787626,5.698,0.9184475263147862,0.19536842105263158
7.216731623612786,0,1.0840990714673453,8.207641130215686,11.28622398929441,8.207641130215686,0.3022508953093874,0.12858794694695722,-0.0025121093749999957,0.789753081884613,-1.1381664967248686,7.294,0.8886840791744415,0.19494736842105262
9.995915269076226,0,1.0714248239147108,9.485184175937226,13.45547769612032,9.485184175937226,0.3380275678785124,0.1275543385318885,-0.036001562499999994,1.0751366992163085,-1.3486115210201475,9.841,1.037512800749345,0.19452631578947369
35.22728482609053,0,1.0267965715277643,12.67977910180254,19.38095263604941,12.67977910180254,0.28147839554802634,0.12254405948000728,-0.030844921874999997,1.0052445279039002,-3.053947078567184,12.719,1.00309318465902,0.19410526315789473
0.3550807878623794,0,1.02327844971946,3.8360249302694354,4.911224256157279,3.8360249302694354,0.2624749664345968,0.14582437873068183,0.0066464843749999974,0.6425361113548279,-0.012503383329668384,3.075,0.8016110572524402,0.1936842105263158
1.0133871781785588,0,1.0712388725330844,4.72118268102662,6.171978760188969,4.72118268102662,0.29913049076631054,0.1455290265189959,-0.008816406249999997,0.632169487387085,-0.3150225786495833,3.754,0.7951397464636326,0.19326315789473683
2.282832427171238,0,1.1029354771950601,4.534853631140659,6.307756402767708,4.534853631140659,0.33274163883385055,0.09925329867446973,-0.08145117187499999,1.0308209648033144,0.039247746210679835,4.619,1.0185554762520914,0.1928421052631579
5.4768272388970445,0,0.9942863119882326,9.077000229071489,12.103984423232179,9.077000229071489,0.34625834925237275,0.15573838814540011,-0.053126171875,0.673895425096283,-0.9579445713336742,7.467,0.8226286010310941,0.19242105263157894
7.359870912981334,0,1.024455877475555,8.268476883375175,11.750790168227475,8.268476883375175,0.25517438652001573,0.12522425906878973,-0.006011328125000005,0.8978617901060486,-1.0928534786765238,7.835,0.9475747602019985,0.192
46.50146288654767,0,1.0133568946817992,14.380822873103039,24.018498730756402,14.380822873103039,0.25751322556383116,0.0933515368038717,0.0277328125,2.60924653564209,-3.5215324329172497,23.233,1.615554283993964,0.19157894736842104
2.784335513556494,0,1.1148948521868538,6.785220213629908,9.177929992556237,6.785220213629908,0.3904492774676881,0.12009432036390458,0.0789,1.10636219703125,-0.4011137934750539,7.157,1.054792589579226,0.1911578947368421
4.290157364550267,0,1.0388177600494903,6.210495629646821,8.57131701222131,6.210495629646821,0.29001143211476166,0.12621692180652347,0.04058828125,0.8798754164251708,-1.1206797618216675,5.831,0.9388944695757878,0.19073684210526315
3.286344900929091,0,1.0160527901650622,5.809292361212716,7.8777843051834715,5.809292361212716,0.34629484919498726,0.10306573997419874,0.093319921875,0.8656167121031189,-0.8040574844869814,5.432,0.935053645478095,0.19031578947368422
2.7952273900845954,0,1.0382384028632956,5.374090573889611,7.276821847406566,5.374090573889611,0.2755937247765294,0.11209246306099759,0.062740625,1.0757083108496093,-0.5241542615992093,5.584,1.0390595251837116,0.18989473684210526
3.0358123764669704,0,1.033072885450377,6.823817497978825,9.07419327034049,6.823817497978825,0.25825545765963176,0.12278741409447476,-0.034167187499999994,0.8601518853295899,-0.6594611270877961,6.333,0.9280728861631774,0.18947368421052632
0.7242772601177498,0,1.0160098706206029,4.04264869146047,5.222294294173026,4.04264869146047,0.27600906061631014,0.14293575613016776,-0.01778125,0.6392410443359375,-0.006131716607455569,3.233,0.799723212860237,0.18905263157894736
0.7108076599720388,0,1.0549595252002966,3.7339221707110495,4.847188133856236,3.7339221707110495,0.3152139096838423,0.13199983740430268,0.05405859375000001,0.7315398426605224,0.14728339159640244,3.2,0.8570076862075101,0.18863157894736843
1.8690913635301616,0,1.0401998208743628,4.945608397882392,6.595643327880936,4.945608397882392,0.362173716240072,0.12183670473922449,0.0059871093750000015,0.7520590517869568,-0.39937046325341635,4.289,0.8672340498767475,0.18821052631578947
2.2494163330395978,0,1.0841691339294677,5.865512665953794,7.954541716168008,5.865512665953794,0.2637942507932158,0.10819169620094539,-0.220365234375,0.9481982013694763,-0.5132350757328665,5.856,0.9983782038339103,0.18778947368421053
0.25071209677489703,0,1.0729052467562477,3.803201275135863,4.832092969655063,3.803201275135863,0.3510882522942226,0.13412204690738724,0.0020328124999999986,0.6695420786108398,-0.1992521737430717,3.112,0.8182580344472642,0.18736842105263157
7.5612439405841325,0,1.0876488252693346,9.392894205618134,12.9499176698538,9.392894205618134,0.3123125266632447,0.11629880999025902,0.006133984375000004,1.0974290332200625,-0.8381570434571713,9.84,1.0476004290684378,0.18694736842105264
1.9516799869662718,0,1.0751563924207892,4.803243678941615,6.3898411343355255,4.803243678941615,0.3205460639107937,0.11556959028429291,0.018910937499999995,0.8738545912866211,-0.6150973355184485,4.491,0.934993162993051,0.18652631578947368
2.648439650456088,0,1.1011900953123548,5.169211650565505,7.204662361421593,5.169211650565505,0.3076559369812,0.12460841104118488,-0.029337500000000006,0.7824491251562501,-0.428045782884091,4.575,0.8850479162522783,0.18610526315789475
1.4186898336680116,0,1.1370388349420617,4.9793151578697925,6.568136717708735,4.9793151578697925,0.24034106556932192,0.1324476234439642,0.013853124999999999,0.6971242667089844,-0.22918752044638266,4.158,0.835054594491432,0.18568421052631578
1.9722673848635308,0,1.0634081220713103,5.834555157161603,7.788798767326878,5.834555157161603,0.2734120692834737,0.1312259545631683,0.07376445312500002,0.8873717644395448,-0.09501277900910553,5.513,0.944887802325956,0.18526315789473685
1.722958878414011,0,1.1058645331299282,5.3592979400378695,7.070097384778645,5.3592979400378695,0.29415006388102727,0.11738377063621981,0.029883593749999993,0.870214107543335,-0.45516345352267384,5.002,0.9333312041921399,0.1848421052631579
4.266465480600006,0,1.0746373632660513,7.109069345455436,9.844110176865541,7.109069345455436,0.3314751157911105,0.12893874545303297,-0.030201171875,0.8743706896080017,-0.9507342558787024,6.651,0.9355654976486814,0.18442105263157896
1.5818427021763313,0,1.0921626833498366,4.6904591114908625,6.255507974239628,4.6904591114908625,0.29876463266146197,0.11330049953353712,-0.05913984375,0.8812926687249757,-0.19104674616956163,4.412,0.9406328666614568,0.184
2.552437157971939,0,1.1401846861047347,5.633540375416251,7.594084204867191,5.633540375416251,0.32610448860786856,0.09255433953547557,-0.0029777343750000103,1.098313619426117,-0.19242144325113225,5.904,1.0480088197759239,0.18357894736842106
1.2822307154410293,0,1.09065889112029,5.918895816290397,7.6851049777089075,5.918895816290397,0.25323200784421623,0.14168811104320847,0.0197734375,0.6374167924194335,-0.38614480040467986,4.727,0.7986286879708242,0.1831578947368421
6.722370820407681,0,1.0740537802844372,7.098996688587252,10.062614275547228,7.098996688587252,0.3302034842016689,0.1062327882445282,0.0690859375,1.091834518395996,-1.10348004130987,7.434,1.0471902335088166,0.18273684210526317
9.309939971550822,0,1.0908175204853108,7.214265237083259,10.87605339590517,7.214265237083259,0.26659301508196626,0.06450562234126601,0.011318749999999997,1.7346576171484376,-1.3052823299793352,9.502,1.3171126494153793,0.1823157894736842
12.470762767887429,0,1.0495191748969204,10.467585340380513,14.986581172327988,10.467585340380513,0.31588733557470566,0.126066987594763,-0.008883203125,1.103431517217865,-1.610505522111349,10.996,1.0504810462429226,0.18189473684210528
1.0931439811629398,0,1.0731953480065843,4.402890923640727,5.722343395693652,4.402890923640727,0.3838390460456974,0.11798761786210908,-0.0036902343749999995,0.7761686309983825,-0.4359305479186836,3.879,0.8810120594112915,0.18147368421052631
3.4357596889470416,0,1.0820145014886509,5.946855342603451,8.126510251852226,5.946855342603451,0.2765290616403675,0.09465361479656216,0.013407812500000001,1.0324162336889648,-0.14554544572891437,6.043,1.0161673105965376,0.18105263157894738
2.8090998203797026,0,1.0812220367653909,6.065551912595369,8.033060573261558,6.065551912595369,0.29611449379374094,0.1345959525971899,0.0065421875,0.7516937966577149,-0.6392587746137881,5.259,0.8670274487436946,0.18063157894736842
2.7083595603541513,0,1.0993303175365727,5.397584687182368,7.272507112445191,5.397584687182368,0.27540503120383936,0.12632786017206732,-0.045322265625000004,0.7841701848167419,-0.15470949659802283,4.786,0.8866928964292682,0.18021052631578946
2.205114987292254,0,1.056100148395125,6.632791668809192,8.660356408114641,6.632791668809192,0.2867826242498156,0.12087540342118834,0.007040234375,0.9295338878343202,-0.3654449625076366,6.395,0.9641490822141434,0.17978947368421053
7.37592054359466,0,1.0611404032712253,9.134583598427389,12.439163986310744,9.134583598427389,0.285283063323303,0.13229133441876467,-0.038919921875,0.9024721377281189,-0.9146249676215511,8.685,0.9507822558540283,0.17936842105263157
1.3846471245633367,0,1.0831342824546266,5.705627053877063,7.436551658513434,5.705627053877063,0.3205550215768548,0.12603848157228104,0.019256640624999995,0.7416913360887146,-0.3626133811508594,4.915,0.8614302956692869,0.17894736842105263
3.152308277667852,0,1.039591802000964,6.477222994221561,8.757947356088415,6.477222994221561,0.32621953272707493,0.1172985620278841,0.039321093749999994,1.1690591578363037,-0.6133891185907152,7.008,1.0819451493721852,0.17852631578947367
2.917040908967355,0,1.093443345022889,5.161173934785361,7.09313986739331,5.161173934785361,0.2145340717820591,0.11107288897190773,0.0418359375,0.8758484441772462,-0.16794241204376506,4.835,0.9368023750203401,0.17810526315789474
1.5470965123687526,0,1.0976769436198668,5.157024828994628,6.730245085447034,5.157024828994628,0.3023776747876046,0.1304885404642503,-0.03872070312499999,0.7301040325401307,-0.6027215009604223,4.411,0.8553381351200383,0.17768421052631578
2.7925183505434568,0,1.1090236905978657,6.170369014756429,8.433733517805516,6.170369014756429,0.32501813268570756,0.11369976718704752,-0.03468398437500001,0.9893003052122497,-0.3657047891354509,6.141,0.9952403146900626,0.17726315789473684
16.48011326475585,0,1.0454166658896455,9.947760441353257,15.47921190411125,9.947760441353257,0.23675919449587582,0.09513131998950723,0.007005468750000002,1.5183593234075927,-2.122381531627159,12.258,1.232237152499469,0.17684210526315788
1.0512856135226176,0,1.0927684944789327,4.7828039904757205,6.170761350725711,4.7828039904757205,0.31589143265131014,0.10489234158551063,-0.020530468749999996,1.0350961998529054,-0.45418146128302067,4.867,1.0176039013289995,0.17642105263157895
2.0247921639367332,0,1.0961866286432869,5.724172172945341,7.672086340279863,5.724172172945341,0.33750513301386376,0.12113320185658748,0.0006378906249999983,0.8896129169236755,-0.3139383956558681,5.399,0.9431931529798788,0.176
3.1638698119666033,0,1.098799623901405,6.0613143607090345,8.231475756594037,6.0613143607090345,0.34303845993996335,0.11270535192976547,-0.003455859375000003,0.968460524614105,-0.20081010555640005,5.965,0.9841099875410904,0.17557894736842106
19.449581365865768,0,1.1038963566183007,11.075383733129346,16.693225555813502,11.075383733129346,0.2870743966452339,0.0782455553814967,0.021387499999999997,1.88901251,-1.9584614040786785,15.224,1.374579912248193,0.1751578947368421
1.2373406310759014,0,1.106178736721556,4.492181807626974,5.857729678734759,4.492181807626974,0.2857462907639181,0.10412952867976209,0.043621875,0.9679717351464845,-0.31894672641153254,4.424,0.9848221175039683,0.17473684210526316
4.02601023893741,0,1.0864249813377398,6.152580981579759,8.531716426579626,6.152580981579759,0.3075140293154734,0.09841803264555968,0.005165234375000002,1.1006957488694762,-0.8776904358698828,6.455,1.0491531959230858,0.1743157894736842
29.98369778474502,0,0.9204722354124538,10.435690463461006,18.155666565192064,10.435690463461006,0.3544512361773937,0.11561191580192623,-0.011078906250000003,2.569052546117554,-2.906921728173493,16.727,1.6028647130314055,0.17389473684210527
2.663747768598201,0,1.0953228760964944,6.40685245208679,8.683007395790728,6.40685245208679,0.3739573123061574,0.1047082182211786,0.020200390625000002,1.0320502735154724,-0.4943341907725096,6.51,1.0160995666256702,0.1734736842105263
3.8516466897962065,0,1.0745194460146816,6.314383762532202,8.61160854047962,6.314383762532202,0.3740221675449567,0.11867576047309664,0.10198515625,1.032044613060913,-0.0055637024338544856,6.447,1.0210022454217473,0.17305263157894737
1.2516358967997396,0,1.0659202125649658,5.444220484182017,7.08645852141171,5.444220484182017,0.3255700710700389,0.11277383344082531,0.059645703125000005,0.8548207201768493,-0.17861491484059283,5.044,0.9264870911556864,0.1726315789473684
1.5195910125643737,0,1.0521265127630954,4.190673994541955,5.660572853650977,4.190673994541955,0.3317857206330948,0.1134665617435362,-0.0008066406249999936,0.938145170815277,-0.3183721242586381,4.059,0.9685792799169178,0.17221052631578948
8.73505231589128,0,1.0882629340034002,7.781820111314906,11.80185403973403,7.781820111314906,0.25919548274246446,0.06607215723465812,-0.030027343749999998,2.1576280781585693,-1.5281915118693752,11.433,1.469193560948063,0.17178947368421052
0.7523329161770329,0,1.0816397851680168,4.183036166333537,5.412367076427456,4.183036166333537,0.35781336285423687,0.122056365210202,-0.0601515625,0.7366352637475586,-0.17407732817714322,3.599,0.8603798429872414,0.1713684210526316
1.7740355067498514,0,1.073390028538571,5.688200853061638,7.530699504019155,5.688200853061638,0.2863273690471369,0.11220469736435587,0.012934375000000003,0.9955474214746094,-0.42319211827656494,5.676,0.9978550593804945,0.17094736842105263
1.3547801007791627,0,1.085478237649125,4.342422941540555,5.800704646679519,4.342422941540555,0.39117392789692895,0.09858377870848165,-0.009740625,1.0094047991308597,-0.18282123539700207,4.363,1.004738612230191,0.1705263157894737
1.6727670514532411,0,1.095280737259239,4.601681423341549,5.975517288844197,4.601681423341549,0.2808863477285173,0.1305280164368516,0.06318125000000001,0.7523550983984375,-0.15713062181730547,4.002,0.8696821078704563,0.17010526315789473
1.6717718501879535,0,1.103436940080427,5.263391386718759,6.894233030511545,5.263391386718759,0.30129964112166463,0.1136670560409611,0.032706250000000006,0.8823203238671875,-0.492465226778183,4.947,0.9398883032872842,0.1696842105263158
5.212019754584663,0,1.052541099329408,7.294879375640006,9.894377148992556,7.294879375640006,0.3010659221567366,0.10671170686319037,0.0699578125,0.9847476716577148,-1.101902819138262,7.257,0.9948074020570514,0.16926315789473684
0.7236455950537932,0,1.0801066659110627,4.1382405204776,5.320981225405527,4.1382405204776,0.31423636073424066,0.11538758644022394,0.052909374999999995,0.8087600675683593,-0.26766313297520816,3.728,0.9008659553625333,0.1688421052631579
1.1960839162568444,0,1.019604848606026,4.209050040687639,5.424089222084602,4.209050040687639,0.33637798571578625,0.10514447230897622,0.02093984375,0.8537053854437258,-0.3846408814048658,3.89,0.924199038356998,0.16842105263157894
31.802456130037065,0,1.0416691927632464,13.792892560759354,20.43931965629407,13.792892560759354,0.2934713956185398,0.122064234344275,0.066318359375,1.4252723412254336,-2.8532927028567703,16.492,1.1956882812905816,0.168
1.9254199372011431,0,1.0233323371959488,4.8575726712868175,6.470737642460939,4.8575726712868175,0.35791742284351874,0.08412570271446364,0.00013906250000000203,1.306822873630371,-0.2990737041058002,5.553,1.1431635460286294,0.16757894736842105
1.7300812409555633,0,1.0399813023786924,4.9026309428081385,6.54576289902358,4.9026309428081385,0.27629664927876474,0.1146098059474611,-0.006589843749999996,1.0025564817718506,-0.566835952832369,4.909,1.0012991100627724,0.16715789473684212
0.9309382425202313,0,1.0200822940016019,5.038546813406995,6.485701340882236,5.038546813406995,0.35037060870194486,0.12545689155208103,-0.036173437499999996,0.7988287894506836,0.34543685786302547,4.507,0.8945039446705922,0.16673684210526316
13.068894240663703,0,1.1049754485853984,10.149926032613648,14.828108288305808,10.149926032613648,0.2428561374252666,0.09638792663364557,0.01752851562499999,1.419215481218109,-1.6773164689840157,12.093,1.1914372539408549,0.16631578947368422
2.1061688262283216,0,1.070296234781562,4.932579966099311,6.729469538311123,4.932579966099311,0.2540801297678366,0.12419992197773258,-0.04352031249999999,0.9184309464624022,-0.22700037645631885,4.732,0.9593356889340143,0.16589473684210526
1.1712842686786278,0,1.0583513536783282,5.056631093413645,6.601414392799047,5.056631093413645,0.3463144715065839,0.12580403040765428,-0.06957304687499999,0.8176778720079041,0.0640180363826689,4.586,0.9069279358688732,0.16547368421052633
1.629539027101555,0,1.0669419179888244,4.692464394678166,6.282244251829552,4.692464394678166,0.27648184225046657,0.10850439926304253,-0.020905468750000007,0.9352236723138427,-0.05995237357505206,4.539,0.967295565449103,0.16505263157894737
5.1148095902298785,0,1.0733241436687462,6.7173110690750635,9.288326909756938,6.7173110690750635,0.31133284108056825,0.09894639674991537,0.02224414062499999,1.1727657267234801,0.11285989333279452,7.276,1.0831715138959412,0.16463157894736843
1.082257651829563,0,1.1107181548828375,4.210811193538671,5.613359828919379,4.210811193538671,0.27463611108445685,0.11143718248511787,-0.014112890624999996,0.8501616493650819,-0.4394051766984867,3.883,0.9221501087387427,0.16421052631578947
1.1035898735089154,0,1.0592766779728071,4.948422317103876,6.451992814553506,4.948422317103876,0.42444167689672624,0.10778399590676353,0.007110937500000002,0.8532242525366212,0.06489769916171804,4.571,0.9237287577902672,0.1637894736842105
7.084763244037415,0,1.0583629919795166,7.0685783877245445,10.093594379151966,7.0685783877245445,0.2591606179079337,0.08809649772795221,-0.011683593749999995,1.251473896762085,-0.5398622415709354,7.908,1.1187539511103413,0.16336842105263158
1.1400610946990444,0,1.0718094411482162,4.431036173510959,5.877329839152957,4.431036173510959,0.24697342471077674,0.11762372704603709,-0.017725781249999996,0.870529942772827,-0.06682748982420127,4.135,0.9331903054006455,0.16294736842105262
2.598331187517182,0,1.0235149947483622,4.615389093627408,6.358560069977297,4.615389093627408,0.29977828127127853,0.08859996347154123,-0.03885273437500001,1.4025942427659608,-0.5710274710011373,5.469,1.184948850260793,0.16252631578947369
1.5185150507217324,0,1.0718910465381273,4.931702332563572,6.474872931813456,4.931702332563572,0.3024614570334848,0.11393087801245341,0.026916015624999994,0.8274312089622498,-0.4209528542147302,4.488,0.9100305933645171,0.16210526315789472
2.482147306957601,0,1.1181751999300464,5.692969754595011,7.672177525331641,5.692969754595011,0.22865890886811446,0.12476090999367949,0.04092070312499999,0.9188294081651307,-0.19609518061858128,5.462,0.9594289510481613,0.1616842105263158
1.0870781178912594,0,1.0469402115446351,4.582718657870057,5.969401646560519,4.582718657870057,0.3357036801991771,0.10931664008468214,0.03438828125,0.921502922675171,-0.31333141619455035,4.402,0.9605651860037921,0.16126315789473683
1.12786129706764,0,1.0355497933999829,5.583506728080572,7.182445812272266,5.583506728080572,0.26569397239152764,0.12368501003368865,0.014171484374999998,0.7586790600462341,-0.33398063655964483,4.864,0.8711371252653769,0.1608421052631579
2.056738596680641,0,1.0599698076356736,5.135541539500992,6.857786885672013,5.135541539500992,0.27525495888765483,0.10203439737523953,-0.0005812499999999998,1.0068102918359376,-0.48334248635478344,5.153,1.0033995364198152,0.16042105263157894
1.0222642623684104,0,1.0580977027646024,4.139677974245304,5.393671071216195,4.139677974245304,0.35524041364824455,0.11297218621064731,0.021017968749999998,0.908636219208374,-0.4841543953450101,3.947,0.9534558061172789,0.16
2.0795551607960396,0,1.0878520666732037,5.395405293537558,7.192766232656897,5.395405293537558,0.2727685209812393,0.1285298445779528,-0.021724999999999998,0.7279971025,-0.38319455625194015,4.605,0.8535040000638544,0.15957894736842104
1.2909012901652632,0,1.071678350731227,4.634161551513081,6.09963685489784,4.634161551513081,0.27207096184474433,0.1213782589809397,0.0291421875,0.7922482649389648,-0.23604077538138968,4.127,0.8905602349258864,0.1591578947368421
6.7612508960884,0,1.0385672606718073,6.387866790839883,9.063415882170457,6.387866790839883,0.2700610689715409,0.10520504807783003,-0.009361328124999997,1.145141547957611,-0.2519074663810706,6.836,1.0701538125063494,0.15873684210526315
5.959947407118554,0,1.0812176838991068,5.827865808735812,8.616398931102406,5.827865808735812,0.2640270762227962,0.08597447638580244,-0.03119921875,1.3620695040618898,0.09535567104415905,6.804,1.1674942806337425,0.15831578947368422
1.492261384426631,0,1.0692950960610415,4.528231752470798,5.957070237633537,4.528231752470798,0.34983234060224444,0.13027502147086678,0.024424609375,0.7480409286912536,0.08904150446550402,3.918,0.8652384008089187,0.15789473684210525
2.1458422607197853,0,1.0721149070638087,5.268240714440334,7.130651610993198,5.268240714440334,0.30052140808910227,0.10003066852451177,0.012058203124999996,1.3021416532530214,-0.380158308554743,6.012,1.1411779236892137,0.15747368421052632
6.941293240306223,0,1.0450123234138535,6.394496748189767,9.61683134000536,6.394496748189767,0.34292883750594766,0.08063947870868957,-0.02155703125,1.4315160483099363,-0.6641960025488235,7.652,1.19665398253056,0.15705263157894736
20.556255873746213,0,1.0829794252764073,11.412801783413569,18.6058029777865,11.412801783413569,0.32281500836541227,0.07086404282793778,0.021782031250000004,2.1329960845208737,-1.5519262491322618,16.67,1.4606404558981139,0.15663157894736843
2.075912083260744,0,1.0639363363193863,4.6379389305121155,6.3381091352201,4.6379389305121155,0.329757082128768,0.1392605148386527,0.077107421875,0.9794726435386657,-0.21293414501358052,4.604,0.9926823248385532,0.15621052631578947
1.9668260635331878,0,1.0870959127891022,5.256581018806556,6.92403714128883,5.256581018806556,0.35832930788158346,0.10869138967966636,-0.0003972656249999991,0.9632172675706482,-0.4692860465709336,5.159,0.9814364092444425,0.15578947368421053
3.6492022847270515,0,1.0628908785405549,5.901157551290749,8.206839130735561,5.901157551290749,0.35158910677179206,0.09075207856166838,0.033507421874999985,1.2248585382261656,-0.6816850356139957,6.534,1.107240391941549,0.15536842105263157
8.583209261751328,0,1.07398271677701,8.82849924216402,12.70682163084471,8.82849924216402,0.24281667318727776,0.0916635582728742,-0.006026171874999998,1.118716062205658,-1.2931853280692396,9.338,1.057710913696708,0.15494736842105264
32.044921347822175,0,1.0598959973141673,13.464577029728163,21.332315161136634,13.464577029728163,0.30338842907124575,0.08654611771014262,0.053071875000000004,2.1824040245214844,-2.9971340385018532,19.904,1.478249183472631,0.15452631578947368
13.391319540895203,0,1.0422545337066604,10.296976492183827,15.44102755422907,10.296976492183827,0.2743245455482419,0.1178025644719199,0.018428906249999995,1.9788049457269288,-2.076503203641571,14.486,1.406820731405569,0.15410526315789475
0.8517238868579282,0,1.121779514262348,4.45960396744884,5.790246534425804,4.45960396744884,0.22409558041058553,0.11672254511606968,-0.018338281250000008,0.7937416621282958,-0.26739241172878914,3.974,0.8911105176618106,0.15368421052631578
3.145997071668707,0,1.0604459317675097,5.720416082905801,7.88044196482438,5.720416082905801,0.28259367742987973,0.09000659378466562,0.04427499999999999,1.2611219204687498,-0.3994707071262001,6.429,1.1238692967128119,0.15326315789473685
2.4821063801287986,0,1.0769864893494112,5.732004884191168,7.6915394734024165,5.732004884191168,0.28522008519592607,0.13197145788557682,0.0039843750000000035,0.8649605310058593,-0.33081715316364213,5.331,0.9300410777218392,0.1528421052631579
1.1280320738134106,0,1.0432051359269976,5.269182280776374,6.8875383421828,5.269182280776374,0.33762122077564216,0.11404540603660455,0.0009636718750000023,0.9094634357896423,-0.4110397268210221,5.025,0.9536584107808859,0.15242105263157896
4.639339357915465,0,1.125423646603498,6.759202501034619,9.43063279709875,6.759202501034619,0.30967713092552135,0.07953045949134774,0.0010886718750000024,1.4602936276841736,-0.7849097366941503,8.168,1.2084265856437557,0.152
18.346020856369368,0,1.0559361984370192,10.790327285818456,16.19321228798065,10.790327285818456,0.3465407684455648,0.1055192958488793,0.037734765625,1.3794984792601013,-1.8079680597083623,12.68,1.175126542886712,0.15157894736842106
11.21884884373408,0,1.055600452501676,9.339465916107844,14.062257508556122,9.339465916107844,0.3172327362304064,0.08920638332966886,-0.031698437499999996,1.6789032332788085,-1.2878557057629805,12.105,1.2961126587680372,0.1511578947368421
2.0315365979240063,0,1.0357961854735445,5.691969945953192,7.597094096987462,5.691969945953192,0.3310328817164499,0.11403442603270426,0.039883984375,1.0677480525559997,-0.5926171823219168,5.886,1.0340883834400352,0.15073684210526317
0.906350892718724,0,1.0661073170268756,4.958345348911927,6.439510999633464,4.958345348911927,0.2463082029204705,0.13729439006876776,0.0030957031249999956,0.842062459981537,-0.37179357790423573,4.55,0.9176448350856529,0.1503157894736842
4.415957082239714,0,1.0602484449370184,7.573411177107147,10.287816353085274,7.573411177107147,0.34862027813760105,0.13808098600698726,0.036826953125,0.789725013414154,-0.7520233423985252,6.736,0.8894274775891652,0.14989473684210528
1.0259952919630324,0,1.0313271904752748,4.285862152152926,5.592411778251594,4.285862152152926,0.30048617438468833,0.1238010405762238,-0.018353515624999994,0.8192350379173277,-0.30794172126131036,3.88,0.9053020984473221,0.14947368421052631
10.62194715744558,0,1.0775554191157755,7.99629665173934,11.942656370061453,7.99629665173934,0.3354962619324738,0.0869351619587166,-0.009299218750000001,1.3247901104681397,-1.3336488332309393,9.204,1.151032834430669,0.14905263157894738
9.360515034831518,0,1.0455875065614346,8.425288093576675,12.260009544207549,8.425288093576675,0.25774151243712584,0.1208596632909611,0.010910937499999987,1.010522853786621,-1.5652751219439012,8.47,1.0053068697386636,0.14863157894736842
2.3946358977133233,0,1.0722265077076885,5.568820143497866,7.569153532543255,5.568820143497866,0.33421460227176897,0.12116965638675617,0.011726171875,0.877836721502533,-0.20794825519615034,5.218,0.9370027879410898,0.1482105263157895
2.250614778469811,0,1.0489903605075304,5.150729455959295,7.016524299113953,5.150729455959295,0.35656364695980586,0.11454321922441903,-0.041196484375,0.8678391063157653,-0.5674638404505978,4.803,0.9324892796384444,0.14778947368421053
3.2402283193036086,0,1.0805681804027136,6.07427409097168,8.140299131339086,6.07427409097168,0.24678132413061835,0.11581961131024811,0.029233203124999996,0.8720021444444275,-0.9154218590503295,5.675,0.9342680154053091,0.14736842105263157
8.823569481852477,0,1.0700042560104732,8.628924022290196,12.403406194224573,8.628924022290196,0.3608257556440771,0.07546712885971944,0.007069531250000002,1.5161084600091552,-0.8718837114863388,10.625,1.2313238559701707,0.14694736842105263
2.3625414499136284,0,1.0351351823510988,5.491125383914454,7.353649664856331,5.491125383914454,0.28012835334250763,0.09007627491368739,0.050729687499999995,1.1269827034936524,-0.32992516163141267,5.836,1.0628058170180947,0.14652631578947367
6.351526847116718,0,1.151610387065272,6.73697272047374,9.736900186326826,6.73697272047374,0.29629602744079786,0.07804850514855512,-0.055889062499999996,1.6458095525366212,-0.2849264285645746,8.651,1.2841079159649122,0.14610526315789474
4.604281208711767,0,1.058079114628207,7.33844885145783,10.18476890975199,7.33844885145783,0.31435560043505373,0.09000823406236728,0.0419546875,1.4303562182592775,-0.8114811545634117,8.782,1.1967106643054954,0.14568421052631578
10.931870764641651,0,0.9933953533907127,8.677009771939229,12.785303627406867,8.677009771939229,0.3128490016421701,0.09439149726876221,-0.016937890625000004,1.5044811480955507,-0.9916239456514385,10.644,1.2266898712528669,0.14526315789473684
6.407429672086284,0,1.0028069816710097,6.458050424772658,9.385392323388924,6.458050424772658,0.2752045495106968,0.1114363349731842,0.012370703125000002,1.5497667934385682,-1.2364552159801696,8.04,1.2449577614258145,0.14484210526315788
3.7233037509642735,0,1.0834071522652027,6.689271076936844,9.129225054462276,6.689271076936844,0.3050624332477242,0.10005109048080899,-0.029038671875000012,0.938725196551361,-0.49117063771342856,6.484,0.9693133863800835,0.14442105263157895
1.1859796830328317,0,1.0579710351004108,4.372450882595304,5.699838175264695,4.372450882595304,0.2732640404064276,0.10847813767827008,0.012486718750000004,0.9873272060736085,-0.07532755715951958,4.345,0.9937218545542561,0.144
1.557123886669479,0,1.0626000763024261,4.412169493682608,5.871605119351162,4.412169493682608,0.2719578404329911,0.10832548660097405,-0.023894921875000003,1.0125403604429626,-0.023578056119557024,4.441,1.0065343152294288,0.14357894736842106
0.9403585075449361,0,1.0961413029872122,4.422631497423095,5.738862448527303,4.422631497423095,0.3388002842792557,0.11191816348540551,0.08373867187499999,0.827439568035736,-0.3573311201250511,4.04,0.9134832966196618,0.1431578947368421
2.4674088430961945,0,1.031470464588319,5.086838777464882,6.878245045827143,5.086838777464882,0.3438070950404124,0.10679436573786559,-0.055394531250000004,1.0219188099700929,0.029494789186792415,5.15,1.0124165961018714,0.14273684210526316
8.484594605712125,0,1.0708745339196468,7.235205825939085,10.688643697534904,7.235205825939085,0.30156358208746264,0.0795944667470667,0.0030644531249999973,1.6925906095176697,-1.320274462883997,9.413,1.300999615830314,0.1423157894736842
1.537115653732064,0,1.0098786976979457,4.7700706465201295,6.345310376001099,4.7700706465201295,0.25294339977107994,0.1285251295658988,0.009962109375,0.8863145137986755,-0.38055011564714947,4.491,0.9414954898574263,0.14189473684210527
4.973148070189203,0,1.1065985301321972,5.869499285808138,8.54626324021832,5.869499285808138,0.2627407879752665,0.07845644011702776,-0.001806640624999995,1.406097263002777,-0.7399905515785942,6.96,1.1857910975180768,0.1414736842105263
1.1282438018825625,0,1.1123202438695063,4.283539669730064,5.690784650483197,4.283539669730064,0.30724443080599484,0.10021245437613349,0.011858593749999997,1.0245032776605225,-0.264071693617174,4.336,1.0122469579634459,0.14105263157894737
15.154966301425699,0,1.0580312005686316,8.415895732413151,13.086988806892577,8.415895732413151,0.25032362117226153,0.06812723245118733,-0.011571484375,1.7150872417649843,-2.1624499155931023,11.022,1.309664514681384,0.1406315789473684
3.5561131360492926,0,1.0312993638325472,6.137019107056098,8.316118741119176,6.137019107056098,0.327325101544924,0.09926508203790634,-0.0038027343749999962,1.1311148974143983,-0.7391119594482763,6.527,1.0635456540286012,0.14021052631578948
13.607898868904023,0,1.0526336586144467,9.879849889569323,14.420130074672496,9.879849889569323,0.3382850347850135,0.08687555701502066,0.013128125000000004,1.3669697867089845,-1.504247388766973,11.552,1.1692485340486856,0.13978947368421052
14.847912618774963,0,1.0351009227632162,10.083360934435218,14.798450183475321,10.083360934435218,0.2865046119470066,0.10174321569865986,-0.029636328125,1.2374976079771423,-1.7078591253673203,11.221,1.1128234001502102,0.13936842105263159
21.343292120208577,0,1.0633191633597767,9.868610965131232,16.540694035153383,9.868610965131232,0.3219111918626861,0.05124291571146249,-0.006156640625000006,2.3480070633543395,-0.993864869185631,15.122,1.5323331777319595,0.13894736842105262
18.34697337633393,0,1.1003058271824386,10.469122501904176,16.2104956036232,10.469122501904176,0.2632327775214635,0.0747971931377314,-0.005243750000000002,2.1299219632421873,-1.9278244731135412,15.279,1.4594346371647653,0.1385263157894737
2.5931148839087816,0,1.1418626275982353,4.8003840850106965,6.664454845886455,4.8003840850106965,0.23131621855549284,0.0918125285922073,0.015218359374999999,1.0907481394285585,-0.02555804498813127,5.014,1.0444997548542676,0.13810526315789473
6.479444785368267,0,1.0292943640098393,6.463181156395907,9.537554976728297,6.463181156395907,0.27240629980823894,0.07735685432859546,-0.10033046875,1.6694363931341551,-0.843577065359424,8.376,1.2959562477544333,0.1376842105263158
0.8817872620839244,0,1.1146493355499447,3.8470185767826086,5.0908094804449355,3.8470185767826086,0.36770788122302844,0.10752418279465996,0.02233984374999999,0.9772613438812258,-0.17301312964607074,3.804,0.9888176841561845,0.13726315789473684
21.235054673226482,0,1.0650710608544227,10.588022782349437,16.89293974461525,10.588022782349437,0.35416989365252777,0.10505991747219501,-0.006053515624999997,1.9385404608079526,-2.2623940566044944,14.742,1.3923279447958283,0.1368421052631579
2.7670304074313554,0,1.0526836695487065,5.894061512122152,8.017752568086003,5.894061512122152,0.30556431929265576,0.08584249199732648,0.002811328125000001,1.2360847007310485,-0.6183516421304214,6.553,1.1117970157798027,0.13642105263157894
3.158433314983019,0,1.0525907948385602,7.124584395375013,9.607291758059006,7.124584395375013,0.3660783998888396,0.09389704839343542,0.030037890624999997,1.1283407630174254,-0.7835382430379908,7.571,1.0626584766003728,0.136
1.7472301306966305,0,1.0364723436977987,5.327913366472927,7.078341013824884,5.327913366472927,0.34131924178938083,0.11260511933673345,0.065545703125,1.0470556322862243,-0.33228335836891504,5.463,1.0253545101497212,0.13557894736842105
4.056418417424131,0,1.046656382353174,5.5545925343853,7.833815959835336,5.5545925343853,0.2442988800961368,0.07310750616833468,0.046466015625,1.6986378699388123,-0.6504806927440362,7.244,1.3041460656486585,0.13515789473684212
2.282054035938483,0,1.107553511662683,4.979500730182361,6.839751642867614,4.979500730182361,0.3969936368015805,0.1271408591683849,-0.021541796875,1.0423582607530213,-0.20357206704377187,5.085,1.0211867164067623,0.13473684210526315
6.652400030050039,0,1.0242677568204088,6.453700850897949,9.133790492356356,6.453700850897949,0.3750922715695761,0.09941144327084037,-0.045603515625,1.2126732517845153,-1.2346991754631982,7.113,1.102158306425114,0.13431578947368422
5.05984456737829,0,1.0888703036041467,6.671241829013251,9.270294608630035,6.671241829013251,0.2558413530794024,0.08592986541069654,0.04165703125,1.4866957690911864,-0.9589511557141908,8.139,1.2200127365498075,0.13389473684210526
2.564713701861648,0,1.0767170847370926,5.693030319322322,7.722226199051601,5.693030319322322,0.33972612234016264,0.08404289602636471,0.01617382812499999,1.120133663143158,-0.2383423911917121,6.026,1.0584872487939452,0.13347368421052633
7.217539820283914,0,1.070706196226246,7.4082969954246805,10.477926192508518,7.4082969954246805,0.34233308421316927,0.10099920837722379,0.035711718749999996,1.3201253840814209,-1.313048717432924,8.516,1.1495219488715733,0.13305263157894737
4.191745822591408,0,1.0876633222476164,6.433079227251647,8.72073152016601,6.433079227251647,0.33695750513297246,0.08721315463132207,0.02012617187499998,1.3678756602525328,-0.6874344413792944,7.525,1.1697353217915902,0.13263157894736843
2.028409014438852,0,1.0320221864060082,5.344341006734744,7.151817337067696,5.344341006734744,0.2859731847865837,0.11944856601653198,-0.044002734375000005,0.9158712527268982,-0.5895477049125217,5.12,0.958022699814245,0.13221052631578947
1.5465675658213742,0,1.0482264642721586,4.541640188523358,6.068025259360426,4.541640188523358,0.3686961247421112,0.09600187779800075,0.047672265625,1.0209179351683044,-0.2055589372060792,4.594,1.0115288330433914,0.13178947368421054
2.1466597781631114,0,1.0726572933217493,5.362408663404741,7.081386861106228,5.362408663404741,0.2699583961270737,0.11819869301001548,0.031870703125,0.8210567063291931,-0.5902276571009086,4.862,0.906682109698253,0.13136842105263158
2.6542487791232645,0,1.073025473966215,5.3268209201564485,7.32437782429879,5.3268209201564485,0.2960494320232243,0.08211404781648661,0.010388671875,1.5720156985435485,-0.34470062281415936,6.679,1.2538435400985544,0.13094736842105262
2.2234152526638944,0,1.0499600619684055,5.0900466787936764,6.948619149230131,5.0900466787936764,0.2864293800469987,0.08633802665780714,-0.007366406250000001,1.23555841496521,0.07699302026636844,5.658,1.1115811616369944,0.13052631578947368
1.1114598150220365,0,1.067981749708551,5.240851993919726,6.894218029429305,5.240851993919726,0.29550796294121884,0.10448840810594634,0.073965234375,0.9010907062132263,0.007470089578749407,4.99,0.952135264607595,0.13010526315789472
4.415267804786137,0,0.9977522360781109,6.694725593489881,9.247447226336801,6.694725593489881,0.36506472049982697,0.09619168852884287,-0.02943203125,1.259532557098999,-0.6181448035352096,7.516,1.1226748423129913,0.1296842105263158
2.1989199211209955,0,1.0916091438679294,5.614424082595463,7.5507326250974,5.614424082595463,0.35338178558914635,0.10427097379153798,0.075617578125,0.9303536377378844,-0.26295753171010605,5.432,0.967507961651673,0.12926315789473683
2.4021860291944925,0,1.1196745624809392,5.785032061654849,7.697460588077465,5.785032061654849,0.3502542210146508,0.10591764487133955,-0.044008593750000005,1.1004602741448974,-0.46943085453049815,6.074,1.0499509657449486,0.1288421052631579
1.8296644224085625,0,0.9892513758793016,6.206749261884636,8.135020100710166,6.206749261884636,0.30931757585361475,0.1468346447199277,0.0198109375,0.7517850595678711,-0.2616525569294438,5.383,0.867281691731412,0.12842105263157894
3.6290030851540234,0,1.0324918475187814,6.806996853990385,9.225451514665128,6.806996853990385,0.26241196424320457,0.12435063681561212,0.05269335937499999,0.982879194643402,-0.770075605487161,6.758,0.9928019866849708,0.128
5.394097418254251,0,1.0799566314168294,6.866577972004231,9.743424515380045,6.866577972004231,0.27866541158247854,0.10535772644838019,0.029794921875,1.1551846411460878,-0.8864490741439335,7.383,1.0752080628955611,0.12757894736842104
11.84605448703031,0,1.1032700445809278,8.77567853035639,13.754328101614657,8.77567853035639,0.3181685756472757,0.06197352338775537,0.010476171875000008,1.8100533799009704,-0.8949356826735122,11.807,1.345423030157476,0.1271578947368421
1.1975829908450732,0,1.0482112695412484,4.209568850956435,5.548581809094492,4.209568850956435,0.31609975281656644,0.1291988545851542,0.03162734375,0.7336113814398194,-0.10431284027542541,3.608,0.8570949015788741,0.12673684210526315
8.553178499638774,0,1.1288397101844736,7.758030682009111,11.234317077897318,7.758030682009111,0.3579648154093193,0.07761415697151915,-0.05278203125000001,1.602037685302124,-0.9963652477801158,9.828,1.266816335592891,0.12631578947368421
1.9789031122261829,0,1.071991524624055,6.005792281722812,7.794401938245168,6.005792281722812,0.35749744809341893,0.08615683966731065,-0.015010156250000004,1.1682415764593506,-0.6876215981312466,6.492,1.0809564659365334,0.12589473684210525
4.5753700991179835,0,1.0810785374003236,6.714613914368077,9.36851112188853,6.714613914368077,0.30232552118567163,0.09986373986646857,-0.01413828125,0.9644895113470457,-0.7341667222598296,6.595,0.9821860324519739,0.12547368421052632
0.8769299633597893,0,0.9839870796650794,5.271370457076018,6.713911437529529,5.271370457076018,0.2681320292091472,0.12638572399135062,-0.02140078125,0.8583222792181397,-0.24185523773131562,4.885,0.9267039832957719,0.12505263157894736
2.35706393514754,0,1.1063403596428154,6.1990203140272895,8.245667820248778,6.1990203140272895,0.2608984485544166,0.08917936521004563,-0.03575234375,1.1679312277288818,-0.5325679517993662,6.703,1.0812998926350175,0.12463157894736843
2.3778776737605964,0,1.1099147817420332,4.554240659144015,6.325354488169078,4.554240659144015,0.3473410369151025,0.07521752615015963,0.0010687500000000037,1.4043408546484375,-0.1558897826018008,5.397,1.1850493647418239,0.12421052631578948
2.1435840945209437,0,1.0203385654207748,6.097028222327247,8.08530741715597,6.097028222327247,0.2392841267453563,0.12082956832616826,0.006645312499999991,0.9651556640405274,-0.6607571954957124,5.99,0.9824458378041764,0.12378947368421053
2.3507043974815174,0,1.1165732929283596,5.7616439408805356,7.795236409457865,5.7616439408805356,0.35239231921895636,0.09955596415878665,-0.009330859375000004,1.139263571391449,-0.36830098505070447,6.15,1.0674036894859062,0.12336842105263159
2.3894288560772265,0,1.053192526419465,5.181733528699411,6.985134056840452,5.181733528699411,0.3875985627717868,0.08995426338949594,0.015080859375000002,1.2896331860398864,-0.2307978671667351,5.885,1.135720308156623,0.12294736842105262
1.9874244974208777,0,1.006330637683488,5.402098406161986,7.353296255826612,5.402098406161986,0.35499156143350735,0.10330069159824862,0.039286718750000005,1.0788315857611084,-0.5082043604617054,5.615,1.0394109062499055,0.12252631578947368
2.9884558866842417,0,1.0512441270337163,5.666824149401112,7.7947477267134895,5.666824149401112,0.3016193670150648,0.08441603358182369,-0.028886718750000005,1.3083671965423584,-0.22498419935383882,6.484,1.1442034954773124,0.12210526315789473
0.9128192451612569,0,1.072654280360225,4.067241531341932,5.31592328698327,4.067241531341932,0.378517829722524,0.10459723813122497,-0.03413203124999999,1.082516806005249,-0.3587795817320581,4.234,1.0410003849963265,0.12168421052631578
1.4531835013758876,0,1.0398851942424328,4.941684649036628,6.501852061218487,4.941684649036628,0.29179430391778044,0.10624846440623868,0.058630078125,0.9166023416734314,-0.3988024277758876,4.74,0.9591870660795917,0.12126315789473684
3.450885469216832,0,1.043570727809846,6.260553464498141,8.539468524155449,6.260553464498141,0.3425639450114135,0.11642895209376325,0.007328125000000005,0.8335487493652345,-0.32533580918087457,5.716,0.9130183189735297,0.12084210526315789
3.1581956187615257,0,1.0310642768400793,5.0457736403602365,6.946196571383977,5.0457736403602365,0.2624333995160654,0.0910729755814121,0.026741015624999996,1.1548218606614686,-0.2194327321601824,5.424,1.0749590422793442,0.12042105263157894
0.27493100005339066,0,1.1004412503169128,3.773896060745644,4.790633084629066,3.773896060745644,0.3206294714387954,0.1039247108540715,0.023963671875000005,0.9241112834458924,-0.05870855682039761,3.629,0.9616057097457487,0.12
2.2407654219698765,0,1.1027606039941296,4.946370744175759,6.734268551722578,4.946370744175759,0.30876085926335556,0.07870789799512093,0.009373437500000002,1.4939546535131836,-0.2592322756884241,6.046,1.2223103185540691,0.11957894736842105
2.1288718318943527,0,1.0400678307535922,5.218404649114931,7.017537366258266,5.218404649114931,0.31689956182236034,0.08569530217863158,-0.01019453125,1.2890393973138425,-0.4125334252607948,5.925,1.1354044767312,0.1191578947368421
0.29523583922230623,0,1.0457607094934218,3.8184272085391866,4.8931908010862974,3.8184272085391866,0.28541462272667467,0.08719930597788654,0.047075390625000005,1.1744443603318786,-0.17726871365035726,4.142,1.0847398087718432,0.11873684210526315
1.5309899413735675,0,1.0766861572363922,4.3481065697043535,5.774617141619886,4.3481065697043535,0.23362058521310503,0.08301327555912431,-0.018471875000000002,1.3667916562402342,-0.4135076620065937,5.084,1.169244570826074,0.11831578947368421
3.750342203330324,0,1.0926312383277894,5.753187628595584,8.221250008834733,5.753187628595584,0.3110985369570343,0.07211686912284858,-0.0112890625,1.5966770500366212,-0.7147107882095082,7.27,1.2636472976937632,0.11789473684210526
5.780244309995769,0,1.0336683488698795,5.79801542327558,8.433449393649543,5.79801542327558,0.3430049870208328,0.05560512757734253,0.032579687499999996,2.4062936905249024,-0.9969857529577114,8.996,1.551565379403169,0.11747368421052631
3.6268629146713893,0,1.0893359019391895,7.3410870573478695,9.996820074290152,7.3410870573478695,0.325597452797147,0.1043804608487055,-0.04659374999999999,1.1655905412109375,-0.6017981871456435,7.933,1.0806301489177506,0.11705263157894737
7.641113497340765,0,1.0734085761969088,6.857686486545486,10.112016972135311,6.857686486545486,0.3281153081800698,0.05023739681610607,-0.021037500000000008,2.4724457548437497,-0.8391379496787945,10.784,1.5725419966570051,0.11663157894736842
6.282392851934217,0,1.1123087354098111,7.512175863377364,10.940434280081806,7.512175863377364,0.2615034459840195,0.06246693451823039,-0.032072265625,1.9433308881370543,-0.9144115852416808,10.475,1.3944029253983137,0.11621052631578947
5.45919240629425,0,1.0535237349446507,6.815634278850231,9.743495644288945,6.815634278850231,0.30604872985670817,0.07070112488174239,-0.025003124999999998,1.8416937328027345,-0.5148344898360648,9.251,1.357320481339061,0.11578947368421053
15.655796198658777,0,1.1193137464530512,8.49883577810996,13.946478184886171,8.49883577810996,0.3006526255785545,0.0732998015905778,-0.040325390625,2.7555103179490663,-2.553024890629623,14.112,1.660462723182344,0.11536842105263158
2.850124635845397,0,1.0871183066125742,4.773494841624202,6.808053300734767,4.773494841624202,0.3339791906898172,0.06281164199459352,-0.004923828125000015,2.2535957781822207,-0.2547035605215967,7.166,1.5012061891244735,0.11494736842105263
5.485148813524356,0,1.0611806965954091,6.089657671729946,8.645133145653984,6.089657671729946,0.3776240838035584,0.07520008455047988,0.0037550781249999997,1.8500618747788997,-0.7042728345409739,8.283,1.360174979695857,0.11452631578947368
2.231999191868561,0,1.1098264308355312,5.6676185108887225,7.533475610661886,5.6676185108887225,0.2829298674260336,0.10293063239604669,-0.016374218750000002,1.099269877929077,-0.6237635480246773,5.943,1.048588571828222,0.11410526315789474
3.658891619012887,0,1.0949181471223135,5.683219924348109,8.022082434966833,5.683219924348109,0.26420988812704965,0.085197827064059,0.06391757812499999,1.7083201389097595,-0.8654346181810628,7.437,1.3085891623053911,0.11368421052631579
29.77018095079358,0,1.064802085193209,11.542003279305966,19.484836281971468,11.542003279305966,0.3303752122200532,0.06111721432620978,0.008346484375000006,3.238805737370453,-3.2545890485003026,20.772,1.7996875843245335,0.11326315789473684
1.409531827969908,0,1.0789198673711817,4.186266693446486,5.593673801995757,4.186266693446486,0.31365017196711675,0.09884395130708001,0.083904296875,1.0544237318565368,-0.25045588740823194,4.313,1.0302735864277144,0.1128421052631579
0.687122743066674,0,1.0389689775923483,4.320479508233034,5.530615685396312,4.320479508233034,0.269209139249493,0.10030958000529114,0.03876992187499999,0.9858167638609313,-0.17736095996223952,4.293,0.9936397086988448,0.11242105263157895
1.448834907905427,0,1.0635750965501551,4.591164644268797,6.028943352949937,4.591164644268797,0.304265698609975,0.10187098236207105,0.09079765625,1.1173724770257567,-0.25033915231387405,4.871,1.0609508430677879,0.112
1.423677125395984,0,1.0744465665176735,4.7031329678893234,6.132961439397965,4.7031329678893234,0.31471681128531404,0.10107866246879087,0.02288203124999999,1.031998964989624,-0.028561142283145362,4.779,1.0161311688673613,0.11157894736842106
12.464181442924223,0,1.0953957170780038,8.267679136005022,13.042965272389887,8.267679136005022,0.33000029077497905,0.05535598138663914,-0.03436835937500001,2.405106345951996,-1.8525814705388552,12.825,1.5512213027412063,0.11115789473684211
1.4248598045875553,0,1.108705454234608,4.34196360219432,5.782693726566985,4.34196360219432,0.33358047020603604,0.09781765079545615,-0.03736601562499999,0.9689040312669374,-0.24349222511938537,4.277,0.9850381974271988,0.11073684210526316
3.9349303001514784,0,1.0571066974907273,5.9426179324065025,8.148381649420145,5.9426179324065025,0.3025288281559939,0.09060082724273648,0.0049527343750000105,1.2085395942503356,-0.3394233713249464,6.533,1.0993471352708046,0.11031578947368421
2.1770746800032503,0,1.0939204761546026,6.640210456725129,8.813792043445961,6.640210456725129,0.3098520411407733,0.10652163398284556,-0.02849140625,1.0233648600823975,-0.5373186965210306,6.72,1.0120161166268549,0.10989473684210527
3.9222801249402757,0,1.04660708832378,6.025794809095823,8.487453148707242,6.025794809095823,0.30856714919495415,0.07995457533801767,-0.006553124999999988,1.8373531143652344,-0.8818597550400339,8.168,1.3555058309769457,0.10947368421052632
2.190523322967552,0,1.0827536381726366,5.612969317108671,7.525862337541618,5.612969317108671,0.26252653156837896,0.09043094348229284,-0.043764453125000005,1.049698369908295,-0.019868637739342748,5.756,1.025482177936616,0.10905263157894737
12.219384196999183,0,1.0373628216504143,8.187003368897777,12.57359899197868,8.187003368897777,0.24892758427803316,0.05738784762395859,-0.0008382812500000094,2.729535305878296,-1.5578730820044582,13.526,1.6521307480322946,0.10863157894736843
3.812153107803751,0,1.0772808915648349,5.7489504028284975,8.060145030902667,5.7489504028284975,0.3097169665501047,0.08576271552000149,0.037430078125,1.3698314662046815,-0.7764426887897151,6.732,1.1709963607770628,0.10821052631578948
2.221163004538023,0,1.062540747218427,4.551013375207865,6.1738889817772575,4.551013375207865,0.26646806252916644,0.09269767196082636,0.011125781250000003,1.1747900232415773,-0.16033255360411963,4.933,1.0839344104926274,0.10778947368421053
2.7319892919987003,0,1.0779427225271914,5.579822412376264,7.58168002753105,5.579822412376264,0.33024964105642024,0.13701549693471293,-0.020282812500000004,1.01079494657959,-0.7267290911203207,5.611,1.0055875591227748,0.10736842105263159
7.256360032451115,0,1.0249869950624615,6.359130997021703,9.582739739994903,6.359130997021703,0.31587746676650913,0.08790708610172356,-0.0020113281250000005,2.083050123699798,-1.2178139504332806,9.178,1.443278964421163,0.10694736842105264
2.7048680565749477,0,1.032216388102631,6.619560763119092,8.829099733586558,6.619560763119092,0.25503975519118055,0.10286239307122019,-0.0256796875,1.0542902130249023,-0.5461960277838604,6.799,1.027107423483542,0.10652631578947368
6.785003843496025,0,1.1285479499211912,8.097342809918628,11.228563619116013,8.097342809918628,0.3024073528515731,0.11212614301030877,0.005139843749999998,1.0214919718499755,-0.8986369743148082,8.184,1.0107019292767527,0.10610526315789473
20.003929263274113,0,1.0228495018570714,8.390230435991477,15.383645739697565,8.390230435991477,0.2227377368665306,0.03372996222389177,0.01572148437500001,5.196128320475921,-2.009205463547056,19.126,2.2795559842975726,0.10568421052631578
8.372296644334968,0,1.0898170069090376,7.124182518425859,10.637842102527582,7.124182518425859,0.3214830787615694,0.07727347612664064,-0.10711132812499999,1.7124771262779235,-0.7297426187620487,9.354,1.312992750509547,0.10526315789473684
4.872577684872172,0,1.1147488917896908,7.636809583720953,10.6994779439845,7.636809583720953,0.3501938698499057,0.07984098431459521,0.005356640624999992,1.7800499935105898,-0.5609626232965165,10.189,1.3341958953277344,0.10484210526315789
21.72677506457064,0,1.0292831154127244,9.038318632381294,16.641232456486776,9.038318632381294,0.329897441211383,0.03732014324592942,-0.020146484374999992,5.058003902370453,-2.0048203559774866,20.328,2.2490908792672486,0.10442105263157894
28.957664365206497,0,1.1023437403123986,12.67196633819255,20.530786976065674,12.67196633819255,0.2820080339458505,0.0688418487273053,0.0015718750000000032,3.0597524128027347,-2.9729195909861974,22.166,1.7492155051890406,0.104
3.0507879068190036,0,1.0654663210791195,6.066143648441921,8.322968452502169,6.066143648441921,0.27069080492431935,0.08960549030939759,0.006938671874999999,1.274713393504486,-0.8204463255320167,6.849,1.1290533816750539,0.10357894736842105
42.00828073479597,0,0.9552649531523554,12.677177322184509,25.502344530709507,12.677177322184509,0.3548840075805517,0.03318274249794353,0.03940859375,10.699411888519897,-3.7146056865799446,41.47,3.271232936643499,0.1031578947368421
4.530563961475366,0,0.9299564677368642,7.448253989965519,10.45390598676846,7.448253989965519,0.433179731520458,0.07012911020207356,-0.039789062500000014,1.884485068005371,-0.786879676336407,10.229,1.3733419958262398,0.10273684210526315
2.814279043973304,0,1.0745574991101439,5.37095345110831,7.432220569264421,5.37095345110831,0.28186094116755717,0.08120346137889417,0.023545312500000005,1.4739932706030272,-0.5103470385513817,6.522,1.2143095372860044,0.10231578947368421
18.590693909422317,0,1.0725302654961253,9.002681743255462,15.019271987891944,9.002681743255462,0.27613841325591765,0.04006556227000268,0.08267734374999999,4.535880853705445,-1.9941430075410485,19.188,2.131364914057422,0.10189473684210526
12.244249968149592,0,1.0509320622408869,9.074919383589787,13.563573210822144,9.074919383589787,0.2614791183983019,0.06951011628896236,0.012146875000000001,2.1031088909277345,-1.7222883614307878,13.161,1.450260817060159,0.10147368421052631
1.1709279759333162,0,1.0818194832841193,5.729615436745901,7.3425598930991685,5.729615436745901,0.3858407030080291,0.09730189919371811,0.02315859375,1.0997304490667723,-0.4875887430177463,6.01,1.0489360178443916,0.10105263157894737
1.8928920820075508,0,0.9844177286612423,4.4990935462019666,6.157429325497238,4.4990935462019666,0.24451371649299117,0.075299915570426,-0.039545312500000006,1.3882511354467775,-0.3879109170307622,5.304,1.1789041382519192,0.10063157894736842
2.101882934447879,0,1.0557617833806823,5.4381379261461875,7.238905816342303,5.4381379261461875,0.2816241576272649,0.09046822736873525,-0.017866796875000004,1.2848660060850525,-0.4005981967521424,6.165,1.1336601027272792,0.10021052631578947
6.10043369017807,0,1.08608474744124,6.855893793635482,9.813066752224792,6.855893793635482,0.32965524344253605,0.09019707865758034,-0.011087890624999994,1.5006915004783632,-1.2530615966650187,8.399,1.225077320742195,0.09978947368421053
9.154314938692243,0,1.0307843946802149,9.065714867444402,13.419138535917075,9.065714867444402,0.35287221844967065,0.07353521074953705,-0.077859765625,1.997728190881195,-1.3856792106535982,12.833,1.415553013484262,0.09936842105263158
10.750807207540287,0,1.0764867851010969,7.1836572747594865,11.417660540746732,7.1836572747594865,0.33684107275281644,0.044094650470039395,-0.007592578124999995,3.044247429710541,-1.2636942509671993,12.534,1.7447937061306489,0.09894736842105263
7.802394631101903,0,1.0974373215051858,7.571111744233861,10.833354414436435,7.571111744233861,0.36204979844160257,0.05286821009869856,0.052401171875,2.4581554457017516,-1.3774848902656573,11.877,1.56872602085757,0.09852631578947368
5.737488344726772,0,1.037724244718447,7.5455624248321325,10.714359264677322,7.5455624248321325,0.27298850159652527,0.08445236383531839,0.036029296875000005,1.6285228089073183,-1.2558432282547418,9.633,1.2766443980767022,0.09810526315789474
5.147587362055599,0,1.091248146356667,7.386819168857924,10.477707331218479,7.386819168857924,0.326796640516351,0.06226607849829002,-0.02989921875000001,2.31240209843689,-0.7790509590687134,11.235,1.5209523535333873,0.09768421052631579
5.011037300469763,0,1.0496289601491162,6.345766239506928,8.901252471766975,6.345766239506928,0.39350950031108606,0.058644852881293646,0.052881640625000004,1.7669968699754335,-0.883800384601028,8.442,1.3303357989209434,0.09726315789473684
10.736792706169025,0,0.9076314269799988,7.764508544378249,12.067679923810882,7.764508544378249,0.3353909065326836,0.04270536680334135,0.024545312499999992,3.3794565924780273,-1.0905660916657676,14.275,1.8384936945346726,0.0968421052631579
3.4365102180231197,0,0.9772154072004772,6.25367739175593,8.628361093702422,6.25367739175593,0.40184293110859537,0.08407069462131424,-0.009556640624999996,1.4103528428855896,-0.4552456096064073,7.427,1.1876212242401298,0.09642105263157895
7.81103231002373,0,1.0733164504627402,8.82909453697535,12.859291969837054,8.82909453697535,0.28831754483163885,0.08031961691021565,-0.004584765624999998,1.7650561193772887,-0.9808932045649892,11.73,1.328562057057601,0.096
12.917857998660619,0,1.0792845207590065,10.045657586321084,14.888146553382308,10.045657586321084,0.2852490321578534,0.08022057335144726,0.045434765625000005,1.6341851324632262,-1.1639420509941623,12.85,1.2791596657144193,0.09557894736842105
2.349510385990901,0,1.1019365556846814,5.5103741073475,7.448896654299759,5.5103741073475,0.3822848250723977,0.08863222149384542,0.036466406249999986,1.31203248480896,-0.2913231250984135,6.315,1.1460201933621197,0.09515789473684211
1.8951929443496365,0,1.0556019071129614,4.453574573962519,6.044731962501613,4.453574573962519,0.34098681824659904,0.08198795496669686,-0.03486289062500001,1.2957877323728944,-0.16477036456399316,5.072,1.1388604627063075,0.09473684210526316
9.666288133834426,0,1.0950933361651503,6.32666112375652,9.778854278821346,6.32666112375652,0.36626771112095474,0.05032679701710988,0.020027734375000012,3.3272496183714297,-0.1982419511873728,11.541,1.824184949097987,0.09431578947368421
0.9546724803502893,0,1.0708087770186454,3.9726149983622863,5.212191530188764,3.9726149983622863,0.23400278916907183,0.121915168494719,-0.05099843749999999,0.8415747164038085,-0.13368272048415644,3.65,0.9187902682501867,0.09389473684210527
2.7651173470158623,0,1.074147079936394,5.27038084259295,7.197608806110463,5.27038084259295,0.30901505547602737,0.11670294723946051,0.009505468749999989,1.0759143007513428,-0.15800774418281743,5.467,1.0373064420350913,0.09347368421052632
29.481580124184887,0,1.0888936730955419,13.523877793970435,20.203996250635786,13.523877793970435,0.30965967658058785,0.10147879433440987,-0.009392968749999998,1.5410698354193115,-2.3656071667858893,16.789,1.2414338739059967,0.09305263157894737
2.648523113587589,0,1.0446104050096177,5.448775213804486,7.366323190011006,5.448775213804486,0.29879176716868433,0.09551239087289604,0.01825312500000001,1.4571043742089844,-0.12784507223384015,6.578,1.207243782664152,0.09263157894736843
0.9423490459649853,0,1.1068186344540842,4.458025321363831,5.755911441814497,4.458025321363831,0.31193599117710197,0.10343593180493248,0.034252734374999996,1.1255166732347106,-0.16144781896733684,4.732,1.0614565102004296,0.09221052631578948
2.3133714862969645,0,1.1034139295439476,5.087030591168493,6.888642917502802,5.087030591168493,0.343434775009743,0.07205455840242468,-0.022558984374999997,1.7989806785520936,-0.7018698222763712,6.824,1.341450553068627,0.09178947368421053
3.739544174969084,0,1.11843785223793,5.434870310964848,7.423221792229814,5.434870310964848,0.34838683300944656,0.07987868119421107,0.023917968749999997,1.586593688583374,-0.8388473256945205,6.847,1.2598276698868383,0.09136842105263158
4.880668278977747,0,1.1081553745135733,5.758034968068138,8.25799301247278,5.758034968068138,0.2806891696705689,0.08502047924515527,0.047350781250000015,1.6722400863275149,-0.21230666077745053,7.451,1.2940178448586017,0.09094736842105264
1.2776223105509388,0,1.0734652023864268,4.900856482022166,6.4863629722760185,4.900856482022166,0.23944934217503647,0.11000500765350718,-0.028371484375,1.045066141296234,-0.1953146423349214,5.012,1.0226783866015137,0.09052631578947369
3.1217952205959136,0,1.1104504871555056,5.4178856321775,7.575928978690581,5.4178856321775,0.29042560881789464,0.05906575871387039,-0.011354687499999997,2.086912169509277,-0.4735375693852817,7.827,1.444659509516862,0.09010526315789473
3.57888408826439,0,1.0753677648734332,5.922711049196965,8.041532958399698,5.922711049196965,0.30518746870859853,0.08470360843731017,0.04508007812499999,1.5267195736656187,-0.3247373707319806,7.323,1.2364270245790387,0.08968421052631578
1.8314045396805358,0,1.0714719538239572,4.637973170896248,6.185410740711713,4.637973170896248,0.33083094578589456,0.11572156062289991,0.0275265625,1.2761862985131835,-0.5014361090478773,5.241,1.1300194733526718,0.08926315789473684
48.10898706588718,0,1.0074898437439312,13.714850499300166,22.6802207771532,13.714850499300166,0.28752400815161616,0.07838679314307617,-6.914062499999152e-05,3.201860116703949,-4.23057499261463,24.541,1.7893742262266925,0.08884210526315789
7.315154661621664,0,1.054803883180589,6.523587608972358,9.960939244949165,6.523587608972358,0.26299567078790387,0.03956895310107582,0.026186718749999994,4.227398244042358,-0.895376111111261,13.414,2.0562305289731624,0.08842105263157894
5.1951004384767945,0,1.0945880997711777,6.836875747176974,9.697327932136872,6.836875747176974,0.32651128872050056,0.07858097397636528,0.018062890624999998,2.029653513622894,-1.1045296226572632,9.741,1.4247735896066522,0.088
4.351160547605859,0,1.0750235275285722,7.519198963837397,10.259649180668795,7.519198963837397,0.30441778795111807,0.09478517788033808,-0.01029257812500001,1.3537538210386657,-0.801129386475861,8.749,1.163554793812103,0.08757894736842105
2.273163185919387,0,1.0961406414239916,5.461074021515023,7.421457531443072,5.461074021515023,0.2692152131085058,0.07584297284545694,0.004089843750000011,1.5917606114593505,-0.26833298026381003,6.89,1.261656584923667,0.0871578947368421
4.961883554145597,0,1.1504991906503763,5.908253694100423,8.599523103701925,5.908253694100423,0.31219154127064824,0.0523421258760778,0.016868359374999992,2.537446351811371,0.07267702729367143,9.412,1.5930257039230016,0.08673684210526315
2.9870462748107833,0,1.0862570396271989,5.850494175303292,8.145058805970878,5.850494175303292,0.3069990805021582,0.09384429188770628,-0.009585546875000002,1.2350271887754822,-0.5023124387706721,6.502,1.1113591100469618,0.0863157894736842
2.461656204857582,0,1.1120302001353004,5.568693194015873,7.422422608041453,5.568693194015873,0.34932864088400134,0.08446104521956867,0.03527578124999999,1.389436391913452,-0.5883153426107667,6.567,1.1792712888289318,0.08589473684210526
1.144825426424295,0,1.066840701422484,4.8375513105917864,6.228744749836235,4.8375513105917864,0.35925676555799096,0.09173596516230018,0.014453906249999999,1.2019333369378662,-0.4789384414098253,5.304,1.0964224789485804,0.08547368421052631
10.302047204177585,0,1.0617256503608117,9.59765916461044,14.205698997636107,9.59765916461044,0.3193649392474228,0.08304434504237003,-0.04250312500000001,2.4869274374902344,-1.2749050501306243,15.141,1.577572170496488,0.08505263157894737
0.39832004835811086,0,1.014941456371228,3.4857869024308124,4.521988293876125,3.4857869024308124,0.37211779487096547,0.08163290486085432,0.0016093749999999975,1.3459216856933593,0.0025475768774982734,4.044,1.1601397656236294,0.08463157894736842
5.494864918272926,0,1.0132444043588629,6.8565384587030564,9.799538526706959,6.8565384587030564,0.31984926798816293,0.05618107314487602,-0.042398046875,2.05068014429306,0.14446114126141987,9.823,1.432647108911289,0.08421052631578947
2.7424780467781,0,1.0393311547258703,5.061899412486876,6.94804319560144,5.061899412486876,0.3515988372083817,0.07289366476013219,0.037798828124999996,1.732268600545502,-0.7545382616047155,6.665,1.316699415946223,0.08378947368421052
1.2727364440654183,0,1.1164971024287422,4.507067345125086,5.954515327216715,4.507067345125086,0.2921339238969821,0.09747261656477782,0.009391015624999999,1.0901358404661559,-0.21927144856913663,4.706,1.0441379370756647,0.08336842105263158
3.9544436880942015,0,1.0448124423802234,5.7055917634267335,8.112664873712989,5.7055917634267335,0.4194499495952573,0.057096296319002544,0.02478671875,2.8938530693548588,-0.5522429983946897,9.707,1.7013134487158004,0.08294736842105263
4.220056055375321,0,1.1053623623752737,5.984204800429456,8.491690525380418,5.984204800429456,0.24922836426470174,0.07829471372238185,0.009166796875000011,1.8729898475694273,-1.1183895861333384,8.19,1.3686028926370042,0.08252631578947368
1.9578977952371508,0,1.02573931797821,5.917766774506087,7.856593033046435,5.917766774506087,0.366961486361302,0.07286018763801419,-0.019715625000000004,1.6694191120996096,-0.3075597631236932,7.647,1.2922104387323103,0.08210526315789474
3.6449760584061774,0,1.1060681462233053,5.824824783017936,8.04908756698358,5.824824783017936,0.3126630854266109,0.07918115316868624,-0.018264843749999995,1.6254439228265383,-0.9783093111013165,7.427,1.2750598132416182,0.08168421052631579
3.226605058944018,0,1.0692910998118317,5.739787502277544,7.8915669611504775,5.739787502277544,0.24638875553937256,0.08074088779899058,-0.016307421875,1.5745695855699158,-0.41512008988124904,7.203,1.2549245067246575,0.08126315789473684
2.0987654758957435,0,1.1065654378181573,4.524811643817218,6.180742649421579,4.524811643817218,0.25754287922176156,0.07358316613016484,-0.037012109375000005,1.9954746346189878,-0.17451230215590122,6.394,1.4130974951712905,0.0808421052631579
16.307552046251093,0,1.0713185288173768,9.602734085635785,15.486138865814807,9.602734085635785,0.22395793042185008,0.07261172341108321,0.01739453125000001,2.717899613095093,-1.4722675115661783,15.832,1.648697116759928,0.08042105263157895
10.384752557018684,0,1.0892291142999269,7.601623262201001,11.384171627596015,7.601623262201001,0.29530602003661016,0.05548403293901831,-0.002425000000000001,2.360869163125,-0.7734116229207746,11.68,1.5365139256609424,0.08
9.028051010503185,0,1.0809490422221342,7.641267720484764,11.54908016892835,7.641267720484764,0.24426855449795884,0.060436391206201076,0.014135156249999989,2.905771463764038,-1.4914705861704494,13.026,1.7046909592082224,0.07957894736842105
7.0791136052837444,0,1.0322212625681622,7.079740577815655,10.189424169965895,7.079740577815655,0.4179335882824185,0.09296747004117237,-0.073396875,2.051638182333984,-0.848765705857586,10.154,1.434233343495315,0.07915789473684211
6.656746285901207,0,1.0522846308872713,7.128113960250275,10.52760852395302,7.128113960250275,0.32133666250082643,0.054337390516064774,0.054407421874999994,2.316518596116791,-0.8963413176842511,10.856,1.5229835073538633,0.07873684210526316
5.935399968727186,0,1.0274324335269807,7.308982521991678,10.495125917133938,7.308982521991678,0.3667686580713366,0.08825543346649692,-0.035235937499999995,1.5979925943334963,-0.7963439493877651,9.243,1.2646083052174693,0.07831578947368421
13.73601624417197,0,1.0606940621962053,8.817136301575793,13.97939291891378,8.817136301575793,0.33019057815703123,0.051168803373627954,-0.026914062499999992,3.0904275988647463,-0.8668345922718739,15.502,1.7581672177654204,0.07789473684210527
9.67727493434537,0,1.0544166224639036,9.106627991886123,13.206783903522023,9.106627991886123,0.2768435405461641,0.07663114708215231,0.027112890625000004,2.3454969071775817,-1.3208688342675439,13.949,1.5317414977781416,0.07747368421052632
2.553721549233452,0,1.0865184500362592,5.453412134372596,7.390660546143821,5.453412134372596,0.28875845612188095,0.08413146286980275,0.019472656249999998,1.5104028039398192,-0.15552100481416936,6.703,1.2291387180791475,0.07705263157894737
11.660366832798625,0,1.1073162188912453,8.627632139588137,12.97487147119171,8.627632139588137,0.3278801636812782,0.06437946543701477,-0.002530859375000004,2.225909859985199,-1.5580788462620234,12.872,1.4919504902088325,0.07663157894736843
4.453801529877871,0,1.0760350319213157,5.161716929601838,7.313628425786766,5.161716929601838,0.3426192034221546,0.057469356691427734,0.03697421875,2.445986350116577,-0.9999724109222339,8.075,1.564401944184662,0.07621052631578948
2.9011394585133514,0,1.069802155755689,5.457586630464454,7.467780210624458,5.457586630464454,0.31854253413715544,0.08943908912028413,0.019812109375000008,1.161186512743988,-0.2736596552238409,5.882,1.0777657595330608,0.07578947368421053
2.0754679504109097,0,1.0547934137103265,4.200387033076947,5.830573766619971,4.200387033076947,0.34366009222315097,0.05403505842271595,-0.07048359374999999,2.361065423949585,-0.31738907223626306,6.461,1.538191587851624,0.07536842105263158
5.775048475110278,0,1.1075352439696544,7.0893150161477045,10.33385052803538,7.0893150161477045,0.25837432542364275,0.06599148392459737,-0.0059488281249999945,2.1861136243345642,-0.040847472152892916,10.482,1.4785631582352594,0.07494736842105264
7.343559244404304,0,1.1179872382705518,7.176781023099454,10.455978176495377,7.176781023099454,0.2590260750461659,0.07135988035844504,-0.005814843749999996,1.6461231024359129,0.3489662958149076,9.208,1.2830264669303395,0.07452631578947369
2.6099156328202913,0,1.1432854992603814,5.0820297116544335,6.983294654768024,5.0820297116544335,0.239693230651831,0.08287795173504475,0.018876562500000006,1.6928997636694336,-0.25694620662907414,6.613,1.3012517390118064,0.07410526315789474
0.8931800865605832,0,1.085478739314368,4.796256272361974,6.28171413756065,4.796256272361974,0.30149159112205104,0.08711487910887564,-0.018635156250000003,1.2207407747015382,-0.21813504604530143,5.3,1.1050285262155,0.07368421052631578
8.2841795042983,0,0.9646155591555307,7.562516092089465,11.261956122135508,7.562516092089465,0.3671091445645602,0.05170616743476692,-0.018093359374999996,3.001659984643402,-1.247860175270904,13.103,1.7326244123574144,0.07326315789473684
0.7291246273419372,0,1.089977873821077,4.372244993062622,5.592686395766267,4.372244993062622,0.32890571834719706,0.08187905523621215,0.029212109375,1.311627834306488,0.02053277883669793,5.009,1.1456357107041597,0.07284210526315789
1.5139125128433637,0,1.089797061050702,4.396706913762477,5.982181646689076,4.396706913762477,0.3409746061612925,0.08221513133199962,0.012942968750000006,1.4430831272161864,-0.3092879690280657,5.282,1.2013536730106793,0.07242105263157894
1.8946800403352997,0,1.0893118366283525,4.31819840522725,5.863786142483072,4.31819840522725,0.32888783103941227,0.10409283536438478,-0.011404687499999988,1.5108427213842774,-0.052404640303109463,5.308,1.2292163309528759,0.072
2.281094860364089,0,1.044575457797089,4.671702807643037,6.280098142131394,4.671702807643037,0.33861400085714843,0.08210352798213165,0.0264578125,1.812680545876465,-0.17808860990614733,6.291,1.346618194485263,0.07157894736842105
10.724761534784117,0,1.0917930645654392,8.395318827149543,12.646771811666532,8.395318827149543,0.24555074457504217,0.06675914467436288,0.0237890625,2.5069110976928712,-1.2932643574372293,13.294,1.5835015052684667,0.0711578947368421
1.011961214502218,0,1.0893559321104709,3.8534343597313425,5.111432734056824,3.8534343597313425,0.3337454710101675,0.07550772954333217,-0.011857812499999999,1.6720502446264647,-0.08490721576555688,4.983,1.2931321867248335,0.07073684210526315
3.5249666170978164,0,1.0809944131546028,5.851484313957187,8.168255542500388,5.851484313957187,0.33235494697971535,0.05726576161634293,-0.040527343750000014,2.6397257258148192,-0.856066532737633,9.51,1.6252286581912867,0.0703157894736842
2.098741929637523,0,1.0579769056652724,4.945677277609939,6.6840912956222995,4.945677277609939,0.343013486503534,0.09847632917110839,-0.00012148437499999651,1.3550050278196715,-0.14416201161104863,5.757,1.1640468386530352,0.06989473684210526
3.0127390191638233,0,1.0245494468766534,5.077979324158788,7.2148949843456585,5.077979324158788,0.2961391431147526,0.05502982244067902,-0.018973828125,2.4028311348619082,-0.631882658492326,7.872,1.5502229326827883,0.06947368421052631
2.5007126271654228,0,1.0563562338551877,4.851284939376448,6.779145253521651,4.851284939376448,0.2527236325243825,0.07673204270131494,-0.013057812500000002,1.4459992747827148,-0.13394347990621286,5.834,1.2025679944393997,0.06905263157894737
1.975093378734896,0,1.0796394474951527,5.245976417348544,6.990146814153298,5.245976417348544,0.28830639233153377,0.07431162331740798,0.028213671874999992,2.1090816539537047,-0.4236480161988681,7.62,1.452541794660097,0.06863157894736842
4.502305989789266,0,1.0336282529391612,7.036130606738338,9.722683063951555,7.036130606738338,0.41838130393371664,0.06862906285221612,-0.0045820312500000114,1.9864985471771242,-0.9440144465594784,9.917,1.409439442540012,0.06821052631578947
1.0221678644502674,0,1.0453388035901001,4.104500800893699,5.381253382014521,4.104500800893699,0.38782717938120215,0.09824849639326066,0.0632484375,1.0641210906225587,-0.26859360509039326,4.242,1.0334996156113219,0.06778947368421052
5.4804184476622435,0,1.0817195810426576,6.382826760817521,9.176886951990108,6.382826760817521,0.40678506015391547,0.0543176935666728,-0.039412109375000004,1.9672487469627378,-0.6058301082779026,8.956,1.4031400718845304,0.06736842105263158
2.481826954133356,0,1.0761343734911026,5.4017799497816,7.300026812047546,5.4017799497816,0.28405140099806864,0.0698466205342609,0.05236875,1.7478045608984374,-0.5849211669506097,7.147,1.3230824036601048,0.06694736842105263
3.131777001075208,0,1.0305715562216826,6.180578193362651,8.451683781765825,6.180578193362651,0.2983419782657165,0.08909272656477421,-0.035323046875,1.7904627796250914,-0.8287437437671704,8.273,1.3385479062273509,0.06652631578947368
2.3256685298903568,0,1.140194836226802,4.800958231091342,6.597933318852377,4.800958231091342,0.36273829178888534,0.06055166253781381,-0.0007179687500000004,2.155141707958374,-0.5730609347086055,7.048,1.4680402662861465,0.06610526315789474
1.9214532348126525,0,1.0563607525137368,4.703693179963149,6.381430758396746,4.703693179963149,0.279125050100203,0.07363983371927688,0.009648828125000003,1.882018450506439,0.11537655054902904,6.453,1.371900707190803,0.06568421052631579
7.926067984213994,0,1.0320427184536636,7.377427421980107,10.636128031462727,7.377427421980107,0.32920000353638057,0.08213765205703606,0.013241406249999999,1.8990467675042724,-1.1710226332567861,10.167,1.3781226731839769,0.06526315789473684
6.2036040586780405,0,1.0640959708091253,7.164697726091976,10.215176353402857,7.164697726091976,0.3012790086376761,0.0607630154222388,0.007303124999999996,2.489637314365235,-1.0557438229421414,11.305,1.5778753594628443,0.0648421052631579
1.7999031734121456,0,1.0648858601096027,4.4369330679888925,5.998051664722487,4.4369330679888925,0.2915417228409124,0.05390072687167806,0.04655585937500001,2.1958036812547297,-0.04138836574780417,6.578,1.4825556074889314,0.06442105263157895
1.3594886625193725,0,1.0646156569139595,4.705889984199815,6.196243531307608,4.705889984199815,0.39028549627316045,0.0988610451465453,-0.014792578124999994,1.085750067523041,-0.30582962375867656,4.904,1.0420983100891321,0.064
2.0097916050076217,0,1.039034748898795,5.5060662525590445,7.261538924475572,5.5060662525590445,0.3289374102887872,0.08773668739422932,0.0319015625,1.1995420567163086,-0.3224940310856197,6.033,1.0957005824613995,0.06357894736842105
3.549522082923229,0,1.082893444351897,6.4843206744379485,8.813437299760201,6.4843206744379485,0.4015778471325446,0.06455949475137461,-0.023618359375000002,2.2362845977098083,-0.9124211168144221,9.698,1.4956077108016577,0.06315789473684211
5.039445391218324,0,1.096044961736836,6.123879502116275,8.9433434518341,6.123879502116275,0.3276865024778845,0.04323940253326769,0.013984374999999993,2.6143280638183595,-0.5894552790160746,9.902,1.6169488633109275,0.06273684210526316
1.1822439251933128,0,1.0070134859603297,4.527872583390444,5.932680721084541,4.527872583390444,0.3004861860110877,0.09507213969138786,-0.0032812499999999994,1.4265325771484376,-0.4232600922143392,5.408,1.194379899257351,0.06231578947368421
2.2572196594296736,0,1.0459774092861416,4.683067268490527,6.391220765044605,4.683067268490527,0.3486635110178702,0.06150042904598433,0.037248828125,1.7271448869126893,-0.37102990719273843,6.157,1.3147366132078986,0.061894736842105266
2.553253201600998,0,1.0801615278383574,6.0421287430379165,8.3456959586094,6.0421287430379165,0.27932168527430307,0.05440310110420759,-0.0453859375,2.163743154177246,-0.48469041455085454,8.892,1.4716667549075095,0.06147368421052631
3.763117490264653,0,1.0980367245057214,6.719456319424547,9.485773224945925,6.719456319424547,0.3420593276969348,0.06518309667709563,-0.044071874999999996,2.2070887667089845,-0.3399815892000328,9.987,1.4862809616203123,0.061052631578947365
1.9077780716922836,0,0.9526424511215713,5.163014153706065,7.000399489104075,5.163014153706065,0.3585473478636023,0.08023339087900105,0.006233203125000003,1.4974121186631777,-0.6165879391034258,6.318,1.2237037923796652,0.06063157894736842
1.653401403107778,0,1.071105860549532,4.65017023958304,6.23947155892078,4.65017023958304,0.307909474422291,0.08865989172215925,0.024551953125000005,1.261424159019623,-0.35342995115273185,5.224,1.1233997318060367,0.06021052631578947
4.665197613880615,0,1.0627185778584667,6.515879422555462,8.901757865142956,6.515879422555462,0.273617334841279,0.07153900788142009,-0.010124609374999993,1.6920356465818789,-0.8980331718169259,8.476,1.3008221070910793,0.059789473684210524
64.12917523107068,0,0.8593276838484323,13.682661399432712,27.598587573324657,13.682661399432712,0.2543389078191987,0.07146528933110993,-0.09695234374999999,6.932741914916383,-4.569644620132217,36.051,2.6347944268718577,0.05936842105263158
3.2525557611565024,0,1.0962945089469731,6.1179034224358855,8.426517571884984,6.1179034224358855,0.3039432689592782,0.06498926459805886,0.017681250000000003,1.9028664718359374,-0.4373103247822362,8.44,1.3795575734406667,0.05894736842105263
2.5949929554387676,0,1.0639889152749604,5.545862556648064,7.481811466894142,5.545862556648064,0.35897980808404756,0.0652685479090197,0.014585546874999994,1.961197355181732,0.02678882586076666,7.767,1.4005035142259996,0.05852631578947368
9.982385262687885,0,1.113154726629245,8.530593750958989,12.526359062794116,8.530593750958989,0.2967279423988402,0.055881038316768224,0.010529296874999998,2.133999981954193,-0.8304393084300001,12.462,1.4608596264004543,0.058105263157894736
27.085844280523528,0,1.0459115608055733,11.29747201706525,17.79185163733665,11.29747201706525,0.2629901133074039,0.04773674333736638,0.021271093749999997,3.0783102194769283,-2.5177997253336324,19.823,1.7546403275048281,0.05768421052631579
3.1434614847304507,0,1.0748049878432078,5.4109450667727765,7.463665051605932,5.4109450667727765,0.2579348617201259,0.06750270385146569,-0.0007921875000000009,1.8911074919702149,-0.6855613032733928,7.441,1.3751756686079237,0.05726315789473684
13.222759014713532,0,1.0486400030811716,9.100015085041505,13.414296605585777,9.100015085041505,0.28241553278570186,0.06784692923042215,0.001394921875000002,2.5807787866148373,-1.6867876497715704,14.619,1.6064808534252362,0.056842105263157895
1.6528233710687372,0,1.0408920187154231,5.226719402047305,6.968290371309628,5.226719402047305,0.33853389179038496,0.06751296266409004,-0.027588281250000003,1.6581756961126708,-0.38236263472490867,6.732,1.2879972086052824,0.05642105263157895
1.5321044707847875,0,1.062435173174617,5.5213022596260615,7.255826416611077,5.5213022596260615,0.26956067643287174,0.09180091948623523,-0.02320625,1.1835299004296875,-0.636245583316772,6.008,1.0881490846702715,0.056
0.3902686391578696,0,1.0737205581847058,4.056544056715534,5.211907815488959,4.056544056715534,0.36276639879583567,0.07931350607141262,-0.026785937500000006,1.342829488552246,-0.08595195396325211,4.702,1.1591147376338549,0.055578947368421054
6.501809237847805,0,1.0593407962467647,7.784130307788393,11.162139506314915,7.784130307788393,0.30104027953050033,0.07466482038742628,0.00030312499999999714,2.7064922338964843,-0.7770120948565433,12.806,1.645142038178239,0.05515789473684211
2.401311244021918,0,1.0682266626497683,4.942462484598314,6.716029342701878,4.942462484598314,0.346851979290339,0.07563422712364495,0.035964843749999996,1.6822941237640383,-0.3407479876622319,6.413,1.2975313459604743,0.05473684210526316
3.579812682405226,0,1.0757786423252804,6.010644047918594,8.15592841130295,6.010644047918594,0.33429066172791627,0.06525855354586346,0.02071562500000001,2.0634424128808595,-0.6465224536375526,8.635,1.4366180946932277,0.05431578947368421
5.931410979637645,0,0.9788364433172536,7.375446986247943,10.461531064343765,7.375446986247943,0.33267097755120234,0.07741097109497103,-0.011047265624999993,1.7867318473753357,-0.9079358940829491,9.859,1.3367325422286707,0.053894736842105266
7.540707061252311,0,1.0368306410486645,7.595762637586542,10.870266978156334,7.595762637586542,0.40260033399553835,0.06114631631600819,0.031060546875000004,2.362745131099701,-0.5275479391694148,11.678,1.5374361413313644,0.05347368421052632
2.1035157265501176,0,1.0842188832569781,5.442503499226542,7.238387372547018,5.442503499226542,0.3131473039646874,0.0932118526981234,0.010241406250000007,1.3926619276605225,-0.4598516230624863,6.423,1.180155419452243,0.053052631578947365
9.513762455175307,0,1.105470235319151,9.083725708150048,12.761169615577773,9.083725708150048,0.3583928674505002,0.08330473595165211,0.002456640625000002,1.6038660270262148,-0.9920709238711242,11.504,1.2664407061167036,0.05263157894736842
1.0094577385503936,0,1.056790039948736,4.181705439310372,5.545712443355722,4.181705439310372,0.29245724178936594,0.087297423056014,-0.030957812499999994,1.359786517751465,-0.25060592317036995,4.878,1.1665097101637216,0.05221052631578947
2.4855329096757375,0,1.0820133827595535,5.449853140617778,7.571467217471285,5.449853140617778,0.3717735906109658,0.08205184963051383,-0.008897656250000002,2.907571817650757,-0.2866975442023693,9.293,1.7051835637072918,0.051789473684210524
10.352969191941748,0,1.0916893739996625,7.582246893829751,11.251774492021921,7.582246893829751,0.3137342202407527,0.05842566221117381,-0.0014855468750000044,3.229539708384857,-1.8063038878614885,13.626,1.7970926284514037,0.05136842105263158
10.178357177489547,0,1.0229280205071338,9.153225785932996,13.148171441920187,9.153225785932996,0.29781564570401897,0.1083355191500356,0.020133984375000007,2.9491512105638122,-1.4611570979307387,15.72,1.7174273166252554,0.05094736842105263
3.8180693189866517,0,0.9633476758104521,6.071605999734551,8.38714916620954,6.071605999734551,0.3363302993614396,0.15209999272776936,0.013498046875000003,2.825927834371185,-0.9547911677389471,10.207,1.6811038134632332,0.05052631578947368
19.153562486944345,0,1.0371952443110632,8.32871308508876,14.395639907923659,8.32871308508876,0.2757705158513631,0.12525845583458645,-0.07526171874999998,5.969599451815796,-2.763588228289213,20.359,2.444435267730565,0.050105263157894736
28.78615475604038,0,0.9673069748397758,11.424361989929551,18.157877251049577,11.424361989929551,0.27613474698954393,0.11199107175372695,0.34042304687499997,5.8315442050157165,-3.0643504127569803,27.861,2.4387357494938593,0.04968421052631579
3.193875539194659,0,0.9653878978276385,5.7311479100475,7.764753281527713,5.7311479100475,0.3532340039421954,0.16308580962421457,-0.012568359375000001,2.2031217297019956,-0.6828155826863559,8.507,1.4843448700889477,0.04926315789473684
3.694803984646068,0,0.9793731013794824,5.419456156016564,7.785095320623917,5.419456156016564,0.30448281547373746,0.12118389597567036,-0.03607031249999999,3.4767272778686524,-0.5302227723163372,10.107,1.8649472768184359,0.048842105263157895
15.505478855433644,0,1.0088460744308516,9.156744445938468,14.429975474811645,9.156744445938468,0.286931661850341,0.1457793930719,-0.009431640625000012,4.516426330483246,-2.4280789642950302,19.46,2.1252094688119865,0.04842105263157895
2.4184121504771845,0,1.051097229620521,5.785035649037103,7.853865298392448,5.785035649037103,0.24799836538376205,0.1727096422030339,0.00495703125000001,2.4836336411224367,-0.48558299374939845,9.117,1.5759626306741066,0.048
7.066001153677782,0,0.9813194942381771,7.9802969586025725,11.290135476927484,7.9802969586025725,0.27365070837541733,0.18306026768901168,0.13974921875000001,2.7860962449212647,-0.6971419054243472,13.367,1.6750003250932521,0.047578947368421054
11.042490620604376,0,0.9299710850233125,8.894540071239682,13.07301457313555,8.894540071239682,0.29318553237805867,0.17928263600247094,-0.025761718750000002,3.896979093222046,-0.7231539051786281,17.56,1.9742448580090057,0.04715789473684211
7.628346573775106,0,0.8933315121234683,8.823671131643007,12.74563035563226,8.823671131643007,0.255005991144151,0.19306441374454916,-0.014019531250000003,3.09594307696228,-0.40498176933520885,15.526,1.7595850716060164,0.04673684210526316
8.015148493723165,0,0.9615274047449559,7.79785609077656,11.741769408092738,7.79785609077656,0.26747897511353286,0.18684019051617864,-0.01278828125,4.3158181840814205,-0.4511689946295277,16.2,2.077494097276512,0.04631578947368421
6.206885155229795,0,0.9865222389083184,8.965287997225868,12.462546294252627,8.965287997225868,0.2514957011416116,0.1705318077662367,0.023502734374999987,4.219416865617523,-0.3810216573508964,18.417,2.054256372544728,0.045894736842105266
10.906238081167317,0,0.8565283386454935,9.121326485407007,13.250364484349912,9.121326485407007,0.31027061031866143,0.23842295831659674,0.058318749999999996,3.4059468538671878,-1.027657929483809,16.842,1.8464419650963173,0.04547368421052632
9.550146547131355,0,0.9589721142487987,8.384881926208923,12.111528341965244,8.384881926208923,0.25583877839809543,0.1794340304610987,-0.015868359375000005,3.750554703373871,-0.8610580009282417,16.239,1.9366999014310724,0.045052631578947365
10.43439295438874,0,0.8603753258958169,8.477870297787096,13.183701787259636,8.477870297787096,0.36472974546347076,0.19444028426322169,0.034417578124999994,4.9718991564878845,-0.4301173252687842,18.906,2.2300411938284626,0.04463157894736842
12.150856722465992,0,0.9470274426442602,8.779726638808981,13.31643165561856,8.779726638808981,0.2842695001781224,0.15443209402647115,-0.013135156249999988,5.704010482514038,-1.514085174892408,20.969,2.388343152657036,0.04421052631578947
4.876089916404189,0,0.9145243113700895,7.062989836700562,9.897260542353578,7.062989836700562,0.3019011974355363,0.1505835784045083,0.013827343750000002,4.3906352186273185,-0.56229775325225,14.8,2.095429887651338,0.043789473684210524
9.246843412514714,0,0.8949420909096542,8.605621372682812,12.728198145941592,8.605621372682812,0.23598943551462706,0.17042347675554792,0.02728398437499998,5.10701089708725,-1.0334513050574956,19.449,2.2600343609977758,0.04336842105263158
6.997484024143919,0,0.8847908420035607,8.03196005640393,11.662022921160597,8.03196005640393,0.3421691899647068,0.14667978294527179,-0.01252304687500001,5.038330811968843,-0.467381562559136,18.029,2.2446575771533337,0.04294736842105263
6.191400528934528,0,0.9278388584174024,8.090861127226288,11.353675705002898,8.090861127226288,0.3231220344041588,0.19114546524759887,0.012618359374999995,3.459439996928558,-0.574039814027746,15.049,1.8599997903015675,0.04252631578947368
13.154596902864977,0,0.9395503566963617,10.33784238054924,14.887630606338464,10.33784238054924,0.2815161201181709,0.13392522310616717,-0.05085898437499999,4.722230306286468,-1.1772056042379377,22.471,2.173664404313169,0.042105263157894736
7.9829500348976925,0,0.9428786548487448,8.914516275590044,12.884667764768487,8.914516275590044,0.25995733988138336,0.1643732835035354,0.021790234375000005,4.2362400540452585,-0.5537809300287552,18.349,2.058328173144257,0.04168421052631579
4.75048748972724,0,0.9305436305400011,7.197151965663722,10.080820645335178,7.197151965663722,0.30665933843782733,0.1638644382157072,-0.03092734375000001,4.18608463925232,-0.34664737635273124,14.727,2.0462260725158767,0.04126315789473684
5.271620155674896,0,0.9353438960565256,7.737594412296317,10.721955653960125,7.737594412296317,0.30034789317635413,0.1891782962806818,0.014290624999999998,3.2162639194433593,-0.7389149424050145,13.877,1.7934514605659808,0.040842105263157895
13.671359248757188,0,0.9638137245872005,10.00822058048849,15.09241078258801,10.00822058048849,0.26674283474205435,0.1567045243747604,-0.066209375,5.36778830381836,-1.9519799993542941,23.197,2.3177946382620376,0.04042105263157895
5.961592002433582,0,0.9570047372044765,7.920491049291878,11.106667736289143,7.920491049291878,0.3105680522359526,0.15071345756500396,0.06672773437499999,3.9980819473558045,-0.5750631762198394,15.846,2.0006335341312824,0.04
6.5106560843618695,0,0.924154764280021,7.504473067097995,10.74234998658962,7.504473067097995,0.36724369662109246,0.20155503008596554,-0.00959140625,3.3658087721136476,-0.8353869858626496,13.768,1.8346391381379337,0.039578947368421054
10.398677015181901,0,0.9962452461717698,7.38177554202721,11.370174157436837,7.38177554202721,0.2692129397705585,0.1289212535304567,-0.15059140625,5.406514508832397,-1.5385286089370742,17.2,2.3300627202864628,0.03915789473684211
15.550187991402794,0,0.9739215533326822,8.875247814970866,14.152170581044974,8.875247814970866,0.3274665677498784,0.11026126844755359,-0.09874296875,8.599282151903688,-2.111116638810883,26.041,2.9341152543452087,0.03873684210526316
4.705790110310553,0,0.9420675107126192,6.320657772446172,8.951586574691632,6.320657772446172,0.3053500148535315,0.1636145910357336,0.019579296875000003,4.294503548399506,-0.1394786484704076,13.099,2.072410890066356,0.03831578947368421
6.569902747617718,0,0.9306918889117733,7.173607133502796,10.474910628619119,7.173607133502796,0.3074876280485608,0.1701414297940395,0.0006253906249999976,3.7674960608396915,-0.674098416257122,13.924,1.9410039804063062,0.037894736842105266
9.393778410972644,0,0.9234979816838604,9.376467175945178,13.332251663615333,9.376467175945178,0.3034438954554826,0.16404971301948618,-0.014128125000000005,4.106757362490233,-1.0010954747741778,19.002,2.0265628454124607,0.03747368421052632
7.119037561177274,0,0.8492653513537817,7.782877706673318,10.974473474697081,7.782877706673318,0.30950289608296355,0.1555091321156968,0.0006070312500000008,3.981131536981812,-1.0157832235922126,15.529,1.9952774006309875,0.03705263157894737
16.057409706847974,0,0.9004307209714136,10.478106846252677,16.233415625296608,10.478106846252677,0.29598534131511556,0.14852671575381607,0.005602343750000004,6.120249682494507,-0.9778215683365941,25.922,2.4739201823725034,0.03663157894736842
21.644865675944935,0,0.9542212668788665,9.929218541102003,16.734919618556205,9.929218541102003,0.26613358110039675,0.08540290040215164,-0.09866328124999998,11.419596124120483,-2.961969654519931,33.568,3.3807292951650982,0.03621052631578947
9.26806714656416,0,0.8833335490583386,8.354214583837773,12.257031941123635,8.354214583837773,0.2851899596563514,0.16951302071358842,0.05476679687500001,4.106218292100677,-1.1284487655335267,16.935,2.0271205425777286,0.035789473684210524
7.028775897841609,0,0.9600715323402808,8.104482287515731,11.673139045353299,8.104482287515731,0.2643688657694076,0.1379599378762502,0.050566406249999994,4.9225835284027095,-0.7859249062241659,17.986,2.2192657546683656,0.03536842105263158
8.330311267322662,0,0.9551602647242485,8.64711496451669,12.946902988490889,8.64711496451669,0.2618630818843655,0.17019982222139315,-0.011123437499999994,4.717192159763184,-0.6823211067147522,18.781,2.171938279653683,0.03494736842105263
16.967256051351665,0,0.912177668026323,10.187186353504408,16.72213837090413,10.187186353504408,0.29396559812416795,0.0699001559040321,0.03418828125,9.98907909892517,-1.5666230605207172,32.199,3.1607353475892284,0.03452631578947368
13.507264071849079,0,0.9198565435913612,9.487247333409139,14.238613419997199,9.487247333409139,0.32184910174375575,0.12284706873485754,-0.032591796875,5.038077679854584,-1.5807159108149695,21.297,2.2448028655269763,0.034105263157894736
4.686462429428619,0,0.9692507009639698,6.467268799062717,9.179706454456307,6.467268799062717,0.34668262290349644,0.127447979001073,0.033044921875,4.999424831966399,-0.6229587495139165,14.462,2.236183534244925,0.03368421052631579
11.320371904507883,0,0.9364397955553938,8.788008927772802,13.656211072245807,8.788008927772802,0.2830897181210763,0.10380045193147443,-0.0026617187499999974,7.0737141230657965,-1.6556075986016603,23.373,2.6596468201271573,0.03326315789473684
10.830983330706625,0,0.956035033550885,8.14438431162187,12.766105091143864,8.14438431162187,0.3174699369512594,0.11568637367246312,0.008391015624999987,7.290037240466157,-1.2371713508740203,21.99,2.7000199350392537,0.032842105263157895
6.933312132138088,0,0.947818979804442,7.931836191449707,11.546385436742973,7.931836191449707,0.3837319451703429,0.11519339999301988,-0.010485546874999996,6.3736774982286075,-0.6294090760737837,20.025,2.524636101485098,0.03242105263157895
11.99986230255729,0,0.9840705881343766,9.36944993603757,14.102840030219982,9.36944993603757,0.41783569418838784,0.10943425956059044,0.006818749999999989,7.6071398413671885,-1.030500076995199,25.842,2.7581128216080555,0.032
11.179307360154684,0,0.9390910114860823,8.445843741987778,12.572376681717616,8.445843741987778,0.31766040852233446,0.1731327143486206,-0.035832031250000014,4.079305319442748,-1.0316168200075164,17.061,2.02004684448313,0.031578947368421054
5.53031439632697,0,0.9254585791291541,8.463437844638236,12.034025515247627,8.463437844638236,0.3234368811366289,0.13627860614585088,0.012435546874999993,4.5896880638145445,-0.6230399025763922,18.132,2.1423918191219427,0.031157894736842107
5.884038103422512,0,0.9858496572471235,7.074827144240706,9.982836354080266,7.074827144240706,0.30387026412154705,0.1719181112985981,0.05481640624999999,4.609849510824585,-0.6114549344546781,15.195,2.1477556539836535,0.030736842105263156
4.125124179146377,0,0.886764792489803,6.28276048769789,8.788418543542619,6.28276048769789,0.3296465539782018,0.1300138820975123,0.015949218749999997,4.913507918515014,-0.41285450364762466,13.927,2.2167007682801367,0.03031578947368421
8.750267889677154,0,0.9286296451683067,8.534341513407814,12.922202621800414,8.534341513407814,0.3414567637676268,0.08758435723812887,-0.05424765625000001,8.615896399603882,-1.0753450829987845,25.055,2.9357859608310175,0.029894736842105262
3.679459179254379,0,0.9877027615022228,5.314887405806196,7.680902342712226,5.314887405806196,0.3117012294140468,0.12280166228625597,0.010039843749999994,5.6031774280999755,0.01430253660824352,12.581,2.3671244636821487,0.029473684210526315
4.158694711598547,0,0.9422120637455689,5.575799982478748,7.947173419826951,5.575799982478748,0.38471196576760813,0.11678868741616202,0.020314062500000007,5.820940028708497,-0.27085442504268886,13.453,2.4127479540647734,0.029052631578947368
3.5010445522684,0,0.9293117703293585,5.500059927172144,7.701424922135436,5.500059927172144,0.35071367250818347,0.14142508264334197,0.004058203125000011,5.466108414190521,-0.541615040534168,12.859,2.3379745257814775,0.02863157894736842
7.8412218831359155,0,1.0239242771846166,7.6856762639780145,11.4458966869755,7.6856762639780145,0.29538579066898246,0.13485814628924106,-0.0957375,6.4638557990625,-1.498846835727672,19.554,2.544213329885831,0.028210526315789474
3.0237273708776398,0,0.8832194323708334,4.800187615975519,6.785726045582239,4.800187615975519,0.36211018037675347,0.12225879595438466,0.07097968750000001,6.4927046183374015,-0.3989580032688411,12.236,2.5490670321462714,0.027789473684210527
5.811808492120292,0,0.8640953856746325,6.696008125506242,9.855442032186406,6.696008125506242,0.2689223283232882,0.1717619308690809,0.010687890624999991,6.769502398290863,-0.01585984259642723,17.422,2.6018486945433383,0.02736842105263158
4.744470994745128,0,0.7938723352152807,5.58770459670844,8.170421084672732,5.58770459670844,0.3085536181929158,0.16752445114261144,-0.006441406250000002,8.394039773910523,0.05028574822771046,16.189,2.8972540906218422,0.026947368421052633
3.364684794128615,0,0.9014580618524983,5.263406467890855,7.375840577533259,5.263406467890855,0.30133301352976,0.17035364875910328,0.006508984374999997,6.087149312419281,-0.06454703695616688,12.986,2.467223475751006,0.026526315789473683
1.9245285396695175,0,0.8897328694586069,5.621695681398368,7.633703545751417,5.621695681398368,0.344539662381798,0.17424270068095535,-0.004609765625000002,4.819079878576508,-0.05112177843244506,12.341,2.1952451180940193,0.026105263157894736
13.050883241036079,0,0.971385189379721,7.649008667042237,12.128300816274209,7.649008667042237,0.284161329358762,0.11745469473352158,-0.6747464843750001,9.622351690807951,-2.0701136125434734,24.282,3.174529021600587,0.02568421052631579
3.3799750727451654,0,0.7456382366289585,4.875718589421486,7.135946060219299,4.875718589421486,0.3242584100959518,0.13976834093067048,-0.012125781250000002,9.288668869335329,-0.12267395476120004,14.86,3.0477558799723856,0.02526315789473684
3.564462431371929,0,0.9068355949203633,6.102787255235693,8.461193216995474,6.102787255235693,0.3618037062531096,0.16083641401001184,-0.009324999999999995,5.964872547499999,-0.4521237776347683,14.905,2.442326657743595,0.024842105263157895
1.5151282361029965,0,0.8548089168378684,4.306449623802445,5.785606908705519,4.306449623802445,0.35719943866301546,0.19500534524814211,0.012198828124999997,5.390914029608002,-0.07836302586698445,9.999,2.3218662409828057,0.024421052631578948
2.888328709974516,0,0.916446486043155,5.502488219191447,7.47244810347639,5.502488219191447,0.34116450114564717,0.22146645034880222,-0.022151953124999995,4.764258988238373,-0.19684820257046384,12.011,2.1828306616102005,0.024
6.203429413559485,0,0.8206947334473051,6.766364096201902,9.71298677743308,6.766364096201902,0.3009877398256399,0.2729816098899415,-0.005195703124999995,5.361844472247162,-0.4956210618778228,15.668,2.3155715207218552,0.023578947368421053
6.9556946208813315,0,0.8956946614590756,7.678741058403684,10.938687574256978,7.678741058403684,0.2565169386823936,0.24459495486303212,-0.015749609375,6.37023431582016,-0.6946114949980746,19.381,2.5239814512027667,0.023157894736842106
9.531341242866059,0,0.8454765619593362,8.727943891591611,12.50191410728106,8.727943891591611,0.26883370283022623,0.24528598467795296,-0.029741015625,6.597647441130219,-0.8959839014860542,22.42,2.5687607847249274,0.02273684210526316
7.069543258403522,0,0.8901697517409092,6.990177670615396,10.466330525737895,6.990177670615396,0.3513548019504274,0.21574946300378134,0.07749453124999998,10.483090352313843,-0.4776810256128327,22.639,3.2386873505615665,0.02231578947368421
5.1017349636219915,0,0.8057447570398284,6.364966785494018,8.977446780926432,6.364966785494018,0.2485855888574265,0.2708998416602868,-0.030733203125000004,7.167053371397553,-0.3229514450397966,17.041,2.6773116929434786,0.021894736842105262
9.365664799036685,0,0.8148425538033078,8.067077822745002,11.704972557936168,8.067077822745002,0.3022718356035202,0.26825968863600086,0.011159765624999991,8.15478882174057,-1.1306370793545943,23.037,2.855680892906169,0.021473684210526315
8.342525202781307,0,0.8330921107787184,8.137047349338806,11.8935176074869,8.137047349338806,0.24106508898537504,0.2545349694808942,-0.021247265624999994,9.728130674406586,-0.6224335383155033,25.38,3.1190675081990653,0.021052631578947368
13.57250160567262,0,0.8356972381633395,9.608255153922075,14.663676361445557,9.608255153922075,0.28270115968205484,0.24675429760960704,0.08259804687499998,10.456580866168059,-1.2576469459444488,31.08,3.234718427238393,0.02063157894736842
7.157350138465544,0,0.8173350587938981,6.996465417243388,10.26122181674239,6.996465417243388,0.33923540756425596,0.27325624109444263,0.004235156250000002,8.992783080639038,-0.5143533666145916,20.981,2.9987999295030505,0.020210526315789474
6.813946212137308,0,0.8403749962193392,7.14982287828105,10.483592255492622,7.14982287828105,0.2673751532946297,0.2860506591905997,-0.075840625,8.98043332928711,-0.6849099304101706,21.433,2.9976966373680143,0.019789473684210527
3.0054419950955173,0,0.8931178535863802,5.771217470374464,8.030979523396729,5.771217470374464,0.3318911265121787,0.21666018284517347,0.03677656250000001,9.915324489919433,-0.2479778184634258,18.174,3.149075579510398,0.01936842105263158
3.072639352903076,0,0.8470403623217497,5.155749512867934,7.303916013829816,5.155749512867934,0.3412837431813024,0.18855882374364122,0.195843359375,13.918065801635588,-0.18564097337789173,19.261,3.7358292818391576,0.018947368421052633
2.216978492111826,0,0.8510941862901765,5.034537510328405,6.935387344179775,5.034537510328405,0.32563555388661347,0.19761754393180408,0.17326249999999999,13.100240966249999,-0.5048688232651801,18.243,3.6235701814862438,0.018526315789473686
3.9654636163176606,0,0.8315981767515521,5.916581914530193,8.488514880276714,5.916581914530193,0.3382906740302158,0.2190943067604361,-0.03154296875000001,19.307041735653687,-0.4253080685770235,25.998,4.39409111131429,0.018105263157894735
4.528683493878629,0,0.6319151980362571,6.841487107814096,9.874797442576176,6.841487107814096,0.3172960836637637,0.19525903687681886,0.04282343750000002,19.758257040700684,-0.7566977553756763,30.412,4.44523237722169,0.01768421052631579
3.393912860796501,0,0.8348183760728378,4.919864774423295,7.16246510855584,4.919864774423295,0.32600769166547305,0.17676360951218123,0.003942187500000011,17.514831990407714,-0.2886862298790267,20.59,4.185074375832525,0.01726315789473684
3.714909850340745,0,0.8265981082434578,5.990426316770864,8.442196787145562,5.990426316770864,0.26996055443271966,0.23721296213602835,0.06270117187500002,13.281967093123626,-0.6450440826782862,21.835,3.644982651546935,0.016842105263157894
4.782542412885205,0,0.8635848223485941,5.644199228306565,8.15421754738812,5.644199228306565,0.3256946305829049,0.1967633833274514,0.07829296874999998,18.10784067276306,-0.5625441380506985,24.022,4.2560510407793215,0.016421052631578947
3.166788422587886,0,0.9698007420486748,4.954679516878491,7.060650341481585,4.954679516878491,0.3315200395917952,0.1884572705690907,0.06496835937499999,17.354370832983246,-0.353603723830337,20.643,4.166364328848729,0.016
2.5673187496335776,0,0.8795075298092003,5.564163767999465,7.731706821242331,5.564163767999465,0.3348628448449559,0.2139728165139842,-0.08329179687500002,14.982047830088959,-0.35184452995031185,21.542,3.871561100320596,0.015578947368421053
2.7326382267137452,0,0.7105314732555515,5.5021503360666415,7.526736406378095,5.5021503360666415,0.3120007757853014,0.26287894167385195,-0.01273125,15.335718504335938,-0.4406776572570636,21.547,3.9161052831943244,0.015157894736842105
2.8193508548223134,0,0.6500622538622991,5.014188742110407,7.034287041690247,5.014188742110407,0.28339145311151764,0.2811814056428861,-0.012787890624999998,17.65224767415024,-0.41222589566110074,21.067,4.201477264522191,0.014736842105263158
5.745945865384446,0,0.8087284574885556,6.567429704677034,9.825535176402962,6.567429704677034,0.3140132665268666,0.24407302730371594,0.07823398437499998,22.220178151110684,-0.6401312652743575,30.962,4.71447756463236,0.01431578947368421
4.101096142029333,0,0.8063035369206277,5.764408174774999,8.268833032054197,5.764408174774999,0.27861888404355206,0.2803464425992504,0.027104296875000006,17.440895047325288,-0.3537990417140969,24.074,4.176317719024065,0.013894736842105264
5.081202792240758,0,0.8528164446812443,5.883074110277933,8.598859620720543,5.883074110277933,0.2752718527363415,0.2840893996038094,0.026018359375,18.49631314692856,-0.35322261626879314,25.302,4.300812725747672,0.013473684210526317
7.631872750021511,0,0.7535080178553857,7.04363351890469,10.958567112896834,7.04363351890469,0.30071994541682373,0.21364666602799284,0.067155859375,27.25905949328598,-0.47413424006323307,36.778,5.22145280575573,0.013052631578947368
5.720614534383621,0,0.8596935080048813,6.331116278877908,9.790303935747861,6.331116278877908,0.26672373723924053,0.20266618964686636,-1.332338671875,33.196119183348245,-0.7250327556545775,37.44,5.913649086640319,0.01263157894736842
12.46333075758323,0,0.7277862981776919,9.440964868977623,14.399482279588316,9.440964868977623,0.2716409757457989,0.26139764630535683,0.10314101562500003,22.608667292223966,-1.373373547043556,44.901,4.7559757528112065,0.012210526315789474
6.992395518149841,0,0.6358254938322287,6.721970904443158,10.589042277301965,6.721970904443158,0.2971559112603099,0.1979610390229023,-0.05587539062500001,28.862570498925628,-0.4394914599558203,36.115,5.372680202487686,0.011789473684210527
3.9434773583858576,0,0.8515489288266113,6.07702997596784,8.605162688577225,6.07702997596784,0.2910787723218186,0.24655372761360012,0.07055937500000001,19.86086401678711,-0.3272032326806618,27.086,4.457111468449886,0.01136842105263158
5.309098319110946,0,0.7316645906112873,6.43269239211083,9.566041791157582,6.43269239211083,0.25332879407409087,0.27490322517059446,0.042237500000000004,24.194144024843748,-0.2579035528110755,31.642,4.918935660409678,0.010947368421052631
5.637191372429754,0,0.8113683477307316,6.347712122036016,9.508220513003725,6.347712122036016,0.28816539966739774,0.23081411869982818,0.07930507812500001,22.39690634247421,-0.40496450374890297,30.045,4.733201415309793,0.010526315789473684
3.5513409102931153,0,0.7409862376227142,5.35023640690449,7.670081232248067,5.35023640690449,0.2807410863576465,0.2724233254736879,0.014883593749999985,24.06630411691834,-0.19247938797328928,26.247,4.905764531475318,0.010105263157894737
6.976507235410246,0,0.8782007764242882,7.388639844355655,11.099159517050161,7.388639844355655,0.2766546747918577,0.2689059366835202,0.255580078125,27.953292082649995,-0.4590082173106629,39.11,5.293261117589456,0.00968421052631579
7.072413048273946,0,0.8154355279904204,6.198235771900173,9.746460794483541,6.198235771900173,0.2738999467055459,0.21490830897812307,-0.02264609375000002,43.356649847406615,-0.7552590726901974,40.813,6.584615607077511,0.009263157894736843
4.5985479818378,0,0.8723703773381071,5.977973064586364,8.953239406582355,5.977973064586364,0.28620931088256407,0.21517434680521746,-0.6437371093750001,44.68336727893539,-0.8084503035687116,40.145,6.715486932823403,0.008842105263157894
6.441174856787471,0,0.8397777704111015,7.132767236703728,10.679930994136123,7.132767236703728,0.30122347313240827,0.21123846958665005,-0.023805078124999993,36.69318536395859,-0.5204382871472445,43.207,6.05753679689221,0.008421052631578947
4.241240960136508,0,0.9125918228351739,5.722903150607733,8.6574299763906,5.722903150607733,0.2669219242508096,0.2088942432706277,-0.5749625,45.027871465,-0.7445520374012498,38.543,6.734868472465238,0.008
3.0107393030141036,0,0.8014808479484664,5.5236552452913985,7.873306299560168,5.5236552452913985,0.23552353860088715,0.2546119072080101,-0.009018749999999982,39.36432813167969,-0.7140979511191707,34.656,6.2741062685876825,0.007578947368421052
7.45993691026203,0,0.7572413072193626,6.68967060833143,10.337656212500896,6.68967060833143,0.262255726881488,0.2261195404998898,0.165075,36.838884663125,-1.1913659343265135,40.618,6.071748876456436,0.007157894736842105
5.46532970857176,0,0.8258095760941071,6.196918647238339,9.36709615532955,6.196918647238339,0.294662262216795,0.19085548903137328,-0.299516796875,38.830225002842866,-0.5527337833985556,38.66,6.238584399882166,0.006736842105263158
3.4255940918865164,0,0.588777520437549,5.166385922094314,7.414957984522172,5.166385922094314,0.2946485753497307,0.20498974112824989,0.06247382812499998,32.981360092283786,-0.26246648140546686,29.672,5.743279818316741,0.00631578947368421
6.497196677451665,0,0.5915985937950689,7.112340486058323,10.719492634131447,7.112340486058323,0.2986811555353477,0.21113034721762097,-0.016760156249999974,36.24301436200623,-0.7194700824152723,42.818,6.020240465699335,0.005894736842105263
5.856726701235658,0,0.613308723649086,6.547234558559975,9.8176168550103,6.547234558559975,0.29417106152835554,0.20744658228933438,0.06003750000000001,35.695694527499995,-0.394988378485049,39.119,5.974889039045516,0.0054736842105263155
3.2682530899101616,0,0.5920508085507908,5.927946524908697,8.216128029312747,5.927946524908697,0.24876900567132876,0.3784281957108198,0.10442734374999998,50.76284775643982,-0.08851146007705105,42.24,7.1255703509657735,0.0050526315789473685
2.318815489973283,0,0.8200676363353501,5.208534392069603,7.0822176389490386,5.208534392069603,0.23144020812703736,0.4406569827831782,0.143586328125,45.96115724098495,0.09616344348754989,35.319,6.780986231707699,0.0046315789473684215
2.227594312186665,0,0.5708154471023136,4.935252865843034,6.729196338934936,4.935252865843034,0.21622448748524378,0.3770394519829833,0.032895703124999995,66.79412544732529,0.0017466089171659733,40.335,8.172833509536908,0.004210526315789474
3.018302546438214,0,0.6728255207699566,5.940036916887047,8.112813225115678,5.940036916887047,0.27327472682638976,0.35623854255843995,-0.05486210937500002,65.64436152747055,0.4297064885127595,48.128,8.102306546812187,0.003789473684210526
2.554008946778576,0,0.8446551896933898,5.876759276121515,8.071711110502568,5.876759276121515,0.2886656777908349,0.33680119112529694,0.0699234375,67.06380109179443,0.20831975573207295,48.128,8.189547629686652,0.003368421052631579
2.7008293745235914,0,1.016305641904761,5.359770216683763,7.3243856162789065,5.359770216683763,0.29012900552873355,0.28947333330988767,0.08420937499999998,80.6241391780371,0.25461775457375185,48.128,8.979489428518471,0.0029473684210526317
3.7196764376887037,0,0.5208750866280505,4.695881988551249,6.704199137083518,4.695881988551249,0.2713790172067482,0.29958624109323034,-0.15404648437500001,105.10517816776107,0.12570015635911183,48.148,10.253238926656756,0.0025263157894736842
1.5972098790666012,0,0.7020134407484688,4.630275726737649,6.213289552340446,4.630275726737649,0.2801709690498774,0.47567620264787874,-0.16584960937500004,91.07134834886703,-0.01479073533232396,44.194,9.54457198840246,0.002105263157894737
1.5598730215537868,0,0.7471853709514609,4.802460651879019,6.2918360363053365,4.802460651879019,0.21112633275226797,0.4918368307136533,-0.37315781249999996,100.37528949228272,-0.02375078494744687,48.148,10.025693803688226,0.0016842105263157896
2.235490771476891,0,0.7134170202168983,4.837460212816268,6.479351806610145,4.837460212816268,0.20589341128279087,0.5018869537907548,-1.559198046875,96.63423168694932,-0.02992631261198523,48.148,9.95315679753555,0.0012631578947368421
1.7126800570588951,0,0.8721646744554712,4.656622798804993,6.146467778473025,4.656622798804993,0.1788884855526452,0.4239931903344009,0.6028046875,106.54565510560303,-0.08578989567568684,48.148,10.33968222900854,0.0008421052631578948
1.051307345040751,0,0.7131448024652324,4.140635362646423,5.4018790462732165,4.140635362646423,0.27405064478481284,0.289732175150479,0.093508203125,90.24109127571396,0.04341429828583549,39.336,9.499991318931066,0.0004210526315789474
0.23354273109714718,0,0.7531881192183573,3.666797710991123,4.651648441229497,3.666797710991123,0.19796151365392095,0.30385415595732707,0.21502539062499998,85.44121278568343,0.06681154486151474,33.903,9.24594228320169,0.0
