Kurtosis,Entropy,Fractal Dimension,Peak factor,Pulse factor,Crest factor,Energy ratio,Spectral flatness,Mean,Variance,Skewness,Peak vibration,Rms vibration,rul
0.40635583989512014,0,0.6263380969350014,4.3251476349241225,5.513345238491373,4.3251476349241225,0.25338109411661563,0.1750377688387008,-0.00019140625000000147,0.29020835711364745,-0.2766800836770724,2.33,0.5387099347051251,0.9988518943742825
0.19419736333981819,0,0.5911858094874239,3.920271706763072,4.929476480177828,3.920271706763072,0.20820441907374754,0.18032657880474323,0.003091406250000001,0.2555987502386475,-0.08147658009801294,1.982,0.5055772018507658,0.9977037887485649
0.03449184888730317,0,0.5937496846184744,3.373639182846507,4.256680138400256,3.373639182846507,0.3010153625385225,0.17877853116608733,-0.0079875,0.29417837015625004,0.09193621532318146,1.83,0.5424409371650522,0.9965556831228473
0.08733884586853158,0,0.5515208924360722,3.6620803423809454,4.621283617575609,3.6620803423809454,0.22221647022571112,0.2030105161060522,0.022698437499999995,0.26471783171630864,-0.020359689824835877,1.886,0.5150078162331617,0.9954075774971297
-0.042692220494469524,0,0.5836572046344336,3.511110019931321,4.407277338993216,3.511110019931321,0.2807992351959977,0.23241970425380168,0.002740625,0.2358012249121094,0.014205755011511523,1.705,0.4856014167375338,0.9942594718714122
-0.26928227087272605,0,0.5218316883696277,3.7839020320223775,4.666965186350751,3.7839020320223775,0.16897209546858627,0.21557439893656474,0.004711328124999999,0.24814418112167358,-0.031119140821790386,1.885,0.4981630031770475,0.9931113662456946
-0.11827478247079792,0,0.5964516970650708,3.898607064841377,4.842668528936122,3.898607064841377,0.3477291641098147,0.21253217070246733,-0.008712109375000002,0.29062507688461303,0.0149700475588123,2.102,0.539166929377512,0.9919632606199771
0.3554643539586655,0,0.6765267866395388,4.509542895194497,5.740013992632796,4.509542895194497,0.22947098892945958,0.30199720546785663,-0.007680859375000003,0.17042919775863646,0.07392759526604367,1.862,0.4129021595479672,0.9908151549942594
0.19358771446941958,0,0.6763347307629648,3.690346157168991,4.680099171622,3.690346157168991,0.24875434071981475,0.36973304683353375,-0.0026992187500000015,0.12677439937438967,-0.08598888754388045,1.314,0.35606415876390873,0.9896670493685419
0.05780990744682457,0,0.6492173613127213,3.855249214297297,4.832612752407624,3.855249214297297,0.24938666224404507,0.4149775130023757,-0.007477343749999999,0.11522950729919432,-0.0035898713125616932,1.309,0.33953706420470503,0.9885189437428243
0.012714954722371719,0,0.6687010716163871,3.752952617737062,4.69502903504798,3.752952617737062,0.23213707196781824,0.3587740978953653,0.007894531250000001,0.14411055372009277,0.02450111627553135,1.425,0.379701036795727,0.9873708381171068
0.31993496396045806,0,0.5749816788178986,4.059003058411671,5.175535926524069,4.059003058411671,0.2588398635303546,0.24841932878008657,0.01407109375,0.2543801668206787,0.02266759157261445,2.048,0.5045573926720329,0.9862227324913893
0.3842571773199941,0,0.521086853448778,4.3398968541802265,5.491884666427238,4.3398968541802265,0.34565123028933104,0.2154452858596285,0.045195312499999994,0.26293398294677733,-0.015857157291515777,2.234,0.5147587776995648,0.9850746268656716
-0.03696750328546994,0,0.5496498832934523,3.4366247891221375,4.299274493172233,3.4366247891221375,0.2870870552355649,0.29123432022712165,-0.0027519531249999988,0.2108308505821228,-0.03995127800709323,1.578,0.45917145362938777,0.983926521239954
0.08809297176811226,0,0.6037377510277538,3.8003750195943407,4.806719357464783,3.8003750195943407,0.2721623704080902,0.2930111267481406,-0.012584765625,0.19665845297103882,-0.004336642016991927,1.686,0.4436404279333377,0.9827784156142365
0.1804883712448353,0,0.5866918525871059,4.025603587615947,5.084513380409046,4.025603587615947,0.21824180700895568,0.25340072211026854,-0.010293749999999999,0.2200862246484375,-0.11789474033864643,1.889,0.46924640215722485,0.981630309988519
0.19548376127542566,0,0.5670165361791502,3.7113512230727417,4.715646635348965,3.7113512230727417,0.3131262259276652,0.33182783243044206,0.008826171874999999,0.16392587564315794,-0.034452195572575055,1.503,0.4049737978599665,0.9804822043628014
0.28748747763632165,0,0.5538216593276738,3.968009747110631,5.0418100684402685,3.968009747110631,0.17881905486554106,0.40436681039223915,0.0006617187500000003,0.1438554160345459,0.14093288871018483,1.505,0.3792833425109123,0.9793340987370838
-0.03835227788321571,0,0.5824504645434228,3.930755928784271,4.9362190945191,3.930755928784271,0.2558067994098199,0.41270597811755283,-0.008360546875000001,0.12016749539657594,0.07373440324869825,1.363,0.34675264114441146,0.9781859931113662
0.07764982591460257,0,0.5331970085618762,3.7307321830966247,4.683032344557979,3.7307321830966247,0.2611959090001472,0.44776960202986377,0.011367968749999999,0.12110636616149903,0.0032463161210913236,1.299,0.3481890246331725,0.9770378874856487
-0.046007688917512723,0,0.5554006116811055,3.316820990125732,4.168265461483093,3.316820990125732,0.25069739627634435,0.42033168755702793,0.0005031250000000004,0.1346282726464844,-0.04503788551262168,1.217,0.36691760080602565,0.9758897818599311
0.1331201106917992,0,0.5693546390467212,3.6906579471970105,4.671342053980885,3.6906579471970105,0.2645096052293068,0.424657375224235,-0.011276562499999998,0.1147693992944336,-0.07612709218989107,1.251,0.338963951116118,0.9747416762342136
0.24559672586924464,0,0.5996498201707543,4.064584543867567,5.113503335925667,4.064584543867567,0.2812852821732815,0.4213976434653867,-0.005528906250000001,0.12970224291442872,-0.13714166208303952,1.464,0.3601844134866888,0.9735935706084959
4.178983076766892,0,0.6712357946063711,7.2113711075941,9.731993278062333,7.2113711075941,0.25079147115067896,0.35619466532192257,-0.002466796875000001,0.16451291061630252,-0.677226609054711,2.925,0.40560941273979945,0.9724454649827784
0.5328128220502961,0,0.644638153379762,4.228415752593525,5.381503116905379,4.228415752593525,0.2277383434255131,0.4387437621373989,-0.0036355468749999995,0.11709347068954465,-0.07234594474776569,1.447,0.3422085444442102,0.9712973593570609
0.09047637817669152,0,0.6370633403017805,3.570148876761962,4.492526073291445,3.570148876761962,0.1836354007921754,0.4444226820128259,-0.0331328125,0.12405313704833984,-0.0268160807922976,1.263,0.3537667597619935,0.9701492537313433
0.4578865158637133,0,0.5764694915639591,4.817281185697523,6.106682686220579,4.817281185697523,0.29087737213223025,0.3979943731321963,0.0035429687500000023,0.13514276221618654,-0.11157588397181732,1.771,0.36763475739346246,0.9690011481056258
0.24959061737175858,0,0.598232457484962,3.846329490641957,4.837646625031687,3.846329490641957,0.23996960304854617,0.49353319357074593,0.0005285156250000006,0.10226242028060914,0.08250404226966525,1.23,0.3197853961790235,0.9678530424799081
0.03772223680907283,0,0.5913301209721671,4.616811852833563,5.771141458825129,4.616811852833563,0.19414573687884132,0.48561679111999523,-0.011006250000000004,0.11863498433593751,-0.07803187043673869,1.591,0.3446101012376161,0.9667049368541906
0.11986221958695475,0,0.5736322591036601,4.747959396032456,5.942945124853231,4.747959396032456,0.22718291538771512,0.5001737545040936,-0.010550390625000001,0.10728891464828491,-0.18328925108314015,1.556,0.3277197360407594,0.965556831228473
0.12715163191515,0,0.5665982133302284,4.1774199525576545,5.244041184698449,4.1774199525576545,0.23749359234174702,0.4548681313864816,0.06667265624999999,0.11504105690856932,-0.05178524391924291,1.444,0.34566790420864935,0.9644087256027555
-0.060260562654541605,0,0.5774878858857584,3.5835081207535087,4.493421430623384,3.5835081207535087,0.19863102422489204,0.41684157308135494,0.01095625,0.11616547699218749,-0.09027566736573016,1.222,0.34100662223225225,0.9632606199770379
0.32534864758821946,0,0.5887652506013075,4.2347020633620565,5.329745639006077,4.2347020633620565,0.2286344986624624,0.4496212886119967,-0.016266015624999998,0.10934544915756225,0.031117211013864932,1.402,0.3310740588174721,0.9621125143513203
0.23907015166692025,0,0.570839687535269,4.0865475227535235,5.172502311715913,4.0865475227535235,0.2387914336485502,0.41532491473808514,0.015504687500000003,0.12810167654052734,-0.09207638435399733,1.464,0.35824861740835795,0.9609644087256027
-0.06585357389443747,0,0.5493562646586762,3.4725365305346663,4.321517173265419,3.4725365305346663,0.28696337123616633,0.4630263390707953,-0.004994140625000002,0.11003044723129274,0.01699790665930076,1.152,0.33174597009138634,0.9598163030998852
0.028035949466284293,0,0.5660919423872524,3.713398513054196,4.680597442987035,3.713398513054196,0.2979519689294097,0.4712632093307487,0.019261328124999998,0.10827649616073609,0.027791303655610656,1.224,0.3296171945179362,0.9586681974741676
0.1166713154005441,0,0.5741230106966122,3.449982819496169,4.357702261349125,3.449982819496169,0.27165607124699187,0.4475250575653245,0.0202109375,0.12158601175537109,-0.04219945369655191,1.205,0.3492771016685749,0.9575200918484501
27.22557314092768,0,0.5597665717247133,15.716884680024188,21.812058112027373,15.716884680024188,0.2079504625573921,0.5776228867028995,-0.0027039062500000023,0.1645160013909912,1.0717559624258164,6.375,0.40561473407656184,0.9563719862227325
-0.001667589678483239,0,0.5799792984263847,3.265193392869283,4.109238411314288,3.265193392869283,0.23426919495422446,0.45252110257539785,0.003465234375,0.11555347535385133,-0.09397353074724375,1.11,0.33994923621494577,0.9552238805970149
0.8594233743713051,0,0.5123583495393287,6.006650885685807,7.584796987946808,6.006650885685807,0.2659169756031783,0.5308789957013896,-0.029838281249999998,0.1262765965032959,-0.03581020052609596,2.142,0.3566047104726044,0.9540757749712974
0.06429142413781364,0,0.521587358557397,3.789591537660939,4.74874979303635,3.789591537660939,0.3078986469316904,0.4610216686494002,-0.010770703125000001,0.1114887235948181,0.10144758055218177,1.266,0.33407294359260076,0.9529276693455798
0.026070750857228653,0,0.5476526332102468,4.416226238930767,5.504829092376217,4.416226238930767,0.21690917538167306,0.4816597408518356,0.008204296875000001,0.11088151724716186,0.01401692554719084,1.471,0.33308981931961684,0.9517795637198623
-0.006456679708098267,0,0.5295118125759368,3.435368819347296,4.324268940520525,3.435368819347296,0.22338469418399015,0.4473527809069084,-0.009933984374999998,0.11928767259506226,-0.04734951635575574,1.187,0.3455233083897887,0.9506314580941446
-0.03401932521802298,0,0.572127150906434,3.2688765288601616,4.100441759133434,3.2688765288601616,0.26609927580165615,0.48981515001949744,-0.023559765625000006,0.10499342142807007,-0.018648243236741597,1.062,0.32488226172626755,0.9494833524684271
-0.1570283418527545,0,0.5682868808241432,3.5275438490176083,4.356035311919917,3.5275438490176083,0.32541375210083795,0.48449346962087936,0.0009664062500000008,0.09919258012145996,0.03700184324933184,1.111,0.3149500183560877,0.9483352468427095
0.45105964253302755,0,0.545129935164524,6.1467010942546745,7.749309641013328,6.1467010942546745,0.2713092078175947,0.5101666447363082,-0.011078906250000001,0.10755541330505372,-0.07198046233633737,2.017,0.3281434982880965,0.947187141216992
0.13936948731655763,0,0.5578573056719986,4.0924497603652945,5.141924887889313,4.0924497603652945,0.22814994222877769,0.46512338387344937,0.018513281249999996,0.1286805021673584,-0.09259823348605295,1.47,0.35919805643961944,0.9460390355912744
-0.024995004565478318,0,0.5256906822058443,3.878311476982976,4.872442705422024,3.878311476982976,0.23231724422470526,0.4450648055452583,0.004104687499999999,0.12331318357177734,-0.04010657038480683,1.362,0.3511837582110682,0.9448909299655568
0.16662161896439498,0,0.5218263007129355,3.9640908798033148,4.99065753573916,3.9640908798033148,0.2663411313402239,0.4706825164636346,0.0021566406250000006,0.11155027819808958,0.0313447132920298,1.324,0.33399839714716445,0.9437428243398392
0.22265222184044786,0,0.5623856680952948,3.5422141045962268,4.494752254080494,3.5422141045962268,0.23342714482078555,0.49973977946065484,-0.02551015625,0.10807589755310057,-0.05258591413382138,1.168,0.3297372675707131,0.9425947187141217
-0.010736706084974124,0,0.5828236061565198,3.3909919851360355,4.280474859104984,3.3909919851360355,0.2459232247758787,0.4889757758884556,0.015227734374999996,0.10518765477767944,0.03848995855535766,1.101,0.324683751782985,0.9414466130884042
0.05560795910077365,0,0.5562003537177783,3.995180661838555,5.028145915517929,3.995180661838555,0.23713516092312928,0.4660787827857364,-0.007528124999999999,0.12591694920898439,0.00715688753358333,1.418,0.35492762906682823,0.9402985074626866
-0.011427708761438726,0,0.5276438084039493,3.8013186025385552,4.779047384451877,3.8013186025385552,0.23849165027526964,0.46516715150269855,-0.029601171875,0.12506135460800172,0.007701429472344975,1.349,0.35487685749337755,0.939150401836969
-0.009889950467051545,0,0.5502620197394751,3.5805388786980843,4.480360659737756,3.5805388786980843,0.2805633051617563,0.49145541862454156,-0.002276562499999998,0.1132550125756836,0.022583093922946683,1.205,0.33654152093389605,0.9380022962112514
-0.1548641430625346,0,0.5304523024065759,3.78504163774783,4.68174919787823,3.78504163774783,0.2339257541387506,0.4939891646278007,0.01610859375,0.10810694211364746,0.06017532385949325,1.246,0.3291905662473486,0.9368541905855339
0.6893937232910354,0,0.5508750316752749,4.847006346455446,6.160230403140248,4.847006346455446,0.2759180415117811,0.49541259019495837,0.014680078125,0.1445198589781189,0.028257063376020495,1.844,0.3804410120792381,0.9357060849598163
0.3271451603541702,0,0.5246617579422956,4.087314391268319,5.1724877391253505,4.087314391268319,0.3206478712435269,0.43805291333421037,-0.0074828125,0.12596959657958984,0.033017366991356906,1.451,0.35500082966452345,0.9345579793340988
0.1769125239759055,0,0.5611563857048568,4.1836447812877555,5.268112340444926,4.1836447812877555,0.23689352152771723,0.46556282121725295,-0.0007597656250000015,0.11929547939682009,-0.10253136830679851,1.445,0.34539261231332813,0.9334098737083811
0.4392708654978841,0,0.5455302995908787,4.773861641885755,6.025506308966084,4.773861641885755,0.25481128182504686,0.51928313696373,0.005046874999999998,0.12249629389648438,-0.05565510887610146,1.671,0.3500310912529771,0.9322617680826636
-0.07694259929965597,0,0.5438459700740402,3.4408654004274135,4.296200146096005,3.4408654004274135,0.22549674075559872,0.4493484997927461,0.020900000000000002,0.12859642125,0.05188187286335562,1.236,0.35921195866785954,0.931113662456946
9.10216883492683,0,0.5551542355019373,11.058317607703794,14.717536941131753,11.058317607703794,0.21060477506435873,0.5485459455113464,0.014935546875,0.14644268061141968,0.04605780455724366,4.235,0.3829696478467648,0.9299655568312285
6.9364288440617585,0,0.5647788012470791,10.619590910107984,14.093690576327399,10.619590910107984,0.19209691905317236,0.49673553715940055,0.027766015625,0.15142892220443727,0.34927461814089156,4.143,0.3901280223569245,0.928817451205511
-0.0921265640767075,0,0.58705816705461,3.8105551591850224,4.740079295871267,3.8105551591850224,0.23339123211684995,0.524388091398779,-0.06556328125,0.1074810045892334,-0.018769093847522365,1.274,0.3343344858633342,0.9276693455797933
0.287013875257514,0,0.5700404438647058,5.353928534154701,6.771696425098224,5.353928534154701,0.22746273903520772,0.550719125352568,0.0021027343749999996,0.11759365389877319,-0.047676360029688274,1.836,0.34292575784070956,0.9265212399540758
0.6189623157077384,0,0.5638478779869538,4.701966362738572,5.964187059605707,4.701966362738572,0.2387994130862379,0.4883611182291979,0.0520203125,0.12419650661865234,-0.019235305163671713,1.675,0.3562339393309542,0.9253731343283582
-0.045118401156889476,0,0.5516505514089132,3.8108987369914655,4.778008060196261,3.8108987369914655,0.20785107545536158,0.4552419762235588,-0.02967109375,0.1211031832269287,-0.007151970927906603,1.331,0.3492614450970075,0.9242250287026407
5.18223778104657,0,0.5378136588459389,7.859783225930352,10.374989329571921,7.859783225930352,0.18707526528672522,0.5516003790341943,-0.020090234375,0.14441076256088256,-0.4261149614532439,2.991,0.38054484634287855,0.9230769230769231
27.758490286456485,0,0.5770833757386098,14.357417958419658,20.2573120242176,14.357417958419658,0.2269279087125109,0.6463228637233681,-0.03021796875,0.15603874233337403,0.41855617338840195,5.688,0.39617151332314393,0.9219288174512055
13.33785863360158,0,0.5234597043734116,11.137561202353409,15.266179500236516,11.137561202353409,0.21264818147670345,0.4816813845415662,-0.0158390625,0.1713719201928711,-0.054089464864713215,4.614,0.41427381777485045,0.9207807118254879
36.892263657550785,0,0.5390201097420846,15.052348802488813,21.629222404135202,15.052348802488813,0.1438724056119174,0.6219366287233775,0.028433593749999996,0.16732078543395995,-0.714610489579109,6.172,0.41003567489609977,0.9196326061997704
0.7402814848096013,0,0.575333252351252,5.402697339449552,6.894732604210917,5.402697339449552,0.2665763957517388,0.5680701270948918,0.029256249999999994,0.1280824437109375,0.045714541254206965,1.94,0.3590798962278451,0.9184845005740528
0.3072613240864639,0,0.5694438844749815,4.33089266773777,5.492657486618785,4.33089266773777,0.22173354084836028,0.514394988612836,-0.01016015625,0.10544072356872558,-0.034078627403611984,1.407,0.32487528737001525,0.9173363949483353
-0.08260795594835679,0,0.5552993853327868,3.4873626061720153,4.3317297453416685,3.4873626061720153,0.263406429276432,0.5075890698960811,0.029190625000000005,0.1097903527246094,-0.08234534458237674,1.16,0.3326295917571075,0.9161882893226176
0.7745148140378757,0,0.5399315451413446,4.976081029287029,6.362312239995227,4.976081029287029,0.21555571857951417,0.5124260206299696,0.012657421875000002,0.11765485959335327,0.08233137633775843,1.708,0.34324199906461766,0.9150401836969001
0.41335019500774006,0,0.5281059965798542,4.065266969671679,5.161124239079187,4.065266969671679,0.2166393701864262,0.4252734437125405,-0.0019246093750000005,0.12564262908187868,0.004005485517342329,1.441,0.3544662652540083,0.9138920780711826
0.21660086589895444,0,0.5686555407460192,4.161714391532943,5.248353829906337,4.161714391532943,0.23271112999432983,0.5203777655019836,0.02254765625,0.11607685397888183,-0.06176738349273186,1.421,0.3414458240793845,0.912743972445465
0.2386780932667789,0,0.5634065264400283,4.171725249453309,5.275736819960327,4.171725249453309,0.27800789838398604,0.4804929169730354,-0.034001562500000006,0.1179937679663086,-0.07657184953742395,1.44,0.3451809296857954,0.9115958668197475
0.04507765355015403,0,0.5727948248742618,3.760847611578873,4.755708879949387,3.760847611578873,0.2905274297512922,0.5020558112361991,-0.011217968750000001,0.10946322436462404,0.03006216956942523,1.245,0.3310423948492096,0.9104477611940298
2.6882300079859736,0,0.576839331482199,6.936092304305276,8.984494090454685,6.936092304305276,0.15916976376849354,0.586015941364295,-0.0060027343750000016,0.1272910175706482,-0.25385337621878123,2.475,0.35682916135123405,0.9092996555683123
0.36185140107506,0,0.5248250783952005,4.151177795794797,5.293244442346067,4.151177795794797,0.2845494237385491,0.46366186820091765,-0.010385546875000002,0.12855308221298217,-0.11365416349152545,1.489,0.3586933813117758,0.9081515499425947
0.1629800882462309,0,0.579662258367352,3.7399684767563146,4.727340827232381,3.7399684767563146,0.2851976593058125,0.5010039625009067,0.014354296875,0.11546864283309936,0.0485762108250715,1.272,0.3401098185467085,0.9070034443168772
0.019574660474842798,0,0.5738761777149652,3.713652615305644,4.6566039889291515,3.713652615305644,0.2605524310005567,0.5027184901125311,0.01518671875,0.11764330810485842,-0.026907369110608405,1.275,0.3433277508900934,0.9058553386911596
0.14349943006733268,0,0.538190233878957,4.10048359245322,5.129859701462305,4.10048359245322,0.15400620035144247,0.49641284860737994,-0.035153515625,0.11284945182357786,-0.019572035383174577,1.385,0.3377650388722536,0.904707233065442
-0.038188885541966755,0,0.5699606724279576,3.5685558224276215,4.4514507560870555,3.5685558224276215,0.2289764621906678,0.4961109476143993,-0.033179296875,0.11178858933700561,0.0288883269688578,1.199,0.33599026039176344,0.9035591274397244
0.25075817997286753,0,0.5786790999827871,4.260158630446948,5.364391245939207,4.260158630446948,0.17238982416965784,0.5082560607492617,-0.04743007812500001,0.1090097622984314,-0.07937908950285236,1.421,0.33355565444071694,0.9024110218140069
0.44841143356129987,0,0.5798899938170899,4.356487406496826,5.537324272822062,4.356487406496826,0.23421032184469953,0.4684389996346902,-0.0007050781249999995,0.11918481731796264,0.0006087524821658419,1.504,0.34523226160532133,0.9012629161882894
0.020237747253498917,0,0.49900729601651855,3.3825306373058326,4.263743446116977,3.3825306373058326,0.28186079392608593,0.4964604195263907,0.027249218750000005,0.11727018867126464,0.03974327401570985,1.162,0.34352977832169074,0.9001148105625718
0.18134199883990698,0,0.5587319782549961,4.455269010732493,5.629495520157925,4.455269010732493,0.271081107527762,0.5336080137672463,-0.022859375000000005,0.1305527520996094,-0.050535494219149824,1.613,0.362043233778785,0.8989667049368542
0.21509412337650335,0,0.542649467485675,4.895686716990486,6.153793697203208,4.895686716990486,0.23041307599304522,0.5670907721267927,0.028473437499999997,0.11863577741943358,0.054046096888280014,1.692,0.3456103500511812,0.8978185993111366
15.65714110059561,0,0.5311548584976229,13.667254279707894,18.344549896123958,13.667254279707894,0.19468375295249027,0.6318682146745139,0.006673828124999998,0.14078794712753295,0.8270963123561412,5.129,0.37527654750780126,0.8966704936854191
0.048575798932759096,0,0.5228041248483594,3.390301157232258,4.278105898074707,3.390301157232258,0.2748932668252327,0.5070681799878798,0.02188125,0.12438516402343751,-0.04183172975883032,1.198,0.35336093887836556,0.8955223880597015
0.10709265485938113,0,0.5669731084972577,3.847573896202175,4.828164291701593,3.847573896202175,0.25616495309416876,0.5120786825871494,-0.01790390625,0.10692200482849121,-0.09999956114809391,1.26,0.32747909045845963,0.894374282433984
-0.19430630972468999,0,0.5443350568473595,3.637667294419516,4.499077545841598,3.637667294419516,0.21246190439316384,0.467543067404636,0.010172265625,0.12101808634017944,0.10020613452776204,1.266,0.34802523087863185,0.8932261768082663
0.20063146045586322,0,0.570186087894585,4.58240984320939,5.764018344217111,4.58240984320939,0.21607728862408546,0.47689163530984446,0.007468750000000001,0.1180777685546875,-0.035213498677530736,1.575,0.3437056164528738,0.8920780711825488
3.3901324560730313,0,0.5520839659815832,7.78915342709004,10.208726787657527,7.78915342709004,0.2445974946295329,0.6504128787199328,0.011521484375,0.13280740500717161,0.33873224182163914,2.84,0.364609585185819,0.8909299655568312
0.6899750640747717,0,0.506730755954552,4.759370106778999,6.062086885699669,4.759370106778999,0.190086953802729,0.5173782837905577,-0.023806640625000004,0.11730374972152709,-0.010916444833915247,1.634,0.34332274299756926,0.8897818599311137
6.382857014624163,0,0.5752983331581305,8.685925816199466,11.450318109164497,8.685925816199466,0.24283292346497506,0.6110990295348814,-0.022480078125000004,0.1185478956968689,-0.1713437679937585,2.997,0.3450409390338703,0.8886337543053962
9.141953471043065,0,0.555828141715036,9.763332927928557,13.08283815865256,9.763332927928557,0.2323225988869867,0.6493889229456362,0.01065703125,0.13873109096618652,0.043231286754339585,3.638,0.37261865664677873,0.8874856486796785
-0.22366565888652268,0,0.5262205113742966,3.1602258697673764,3.9147699430560485,3.1602258697673764,0.16243872741399312,0.4974256924130051,-0.028906250000000005,0.1172572240234375,-0.01951023674907656,1.086,0.3436463230015709,0.886337543053961
-0.08624954772716009,0,0.5674387019967667,3.341771930433482,4.156958011849976,3.341771930433482,0.2812744414161395,0.5465130119056579,0.06461484375,0.11199488056091308,-0.0631464385837994,1.139,0.3408371438000119,0.8851894374282434
0.17022788941528955,0,0.5533053295498233,5.199087793962281,6.531168543537148,5.199087793962281,0.21649597903004056,0.50214534695747,0.018003125000000002,0.11914120780273438,0.1382104669800507,1.797,0.3456375562818659,0.8840413318025259
0.24556006032692812,0,0.5933872092334119,3.901365807514165,4.935417625865106,3.901365807514165,0.21240777445924955,0.5792754378805393,-0.083840234375,0.10727345064682008,-0.01224485205266994,1.319,0.33808672784786303,0.8828932261768083
0.6841920984576793,0,0.5466946652389222,4.480710597662977,5.698828283858828,4.480710597662977,0.19506657331629812,0.48643347542975346,0.009061328125,0.1228480903794861,-0.05990412002996014,1.571,0.35061403002001357,0.8817451205510907
-0.12124658703170477,0,0.5356786816427681,3.854822654875899,4.770310883178668,3.854822654875899,0.17193424351045405,0.4951822332930833,-0.020282421874999994,0.12332875500350952,-0.001143466775365691,1.356,0.35176715543186377,0.8805970149253731
0.2023361995786983,0,0.5507485462430372,3.779439717445037,4.778219770491662,3.779439717445037,0.2071238935270062,0.5401652665969423,-0.020465234374999995,0.11844069801010133,-0.14033957161108362,1.303,0.3447600960495936,0.8794489092996556
1.288898015358951,0,0.5692659700776304,6.371651171742106,8.167676794507974,6.371651171742106,0.2446079037790559,0.6347052451221213,0.016008984375,0.114878720622406,0.0036773895492391157,2.162,0.33931549950322787,0.878300803673938
-0.09181958346513586,0,0.5658368860268322,3.4915952046609458,4.354062609711557,3.4915952046609458,0.22092009314417269,0.5482679812491882,-0.0373375,0.107652186875,-0.0367274329171313,1.153,0.3302215555975261,0.8771526980482205
0.2897737193334935,0,0.5512501534496533,4.241642470574754,5.34141996401685,4.241642470574754,0.22161450817808498,0.5415118047735453,-0.0020558593750000013,0.1114402089891052,0.0773258024947187,1.416,0.33383294556840104,0.8760045924225028
0.6240289310768703,0,0.5223897810472086,5.5635253111554155,7.095477946291916,5.5635253111554155,0.28237029701907934,0.5597747357046927,0.02259921875,0.12768647296813965,0.11513763693399139,1.992,0.35804636243962873,0.8748564867967853
-0.0835656592503371,0,0.5372305600287148,3.5042782080216335,4.393987412069603,3.5042782080216335,0.2505778795935238,0.5359362123156438,-0.024540624999999996,0.10878576631835939,-0.024997573818946385,1.159,0.33073858044345233,0.8737083811710677
0.32568800415230115,0,0.5385437437064275,4.946606826946808,6.2198543894350795,4.946606826946808,0.20600857413671103,0.5275178875137454,0.027371484374999998,0.12341031160873413,-0.01804011882346538,1.743,0.35236275309065374,0.8725602755453502
0.38172016511640905,0,0.5472408228608769,4.123838194314478,5.205959579647473,4.123838194314478,0.22683933990188238,0.5112207998284956,-0.02031484375,0.10834865556091308,0.05043810187873191,1.36,0.329789854964491,0.8714121699196326
0.007649023783811604,0,0.5550354918137138,4.010162010570655,5.011131829349296,4.010162010570655,0.25603826241224237,0.5627243695673226,0.0002183593750000004,0.09300983083480835,0.012676076323954791,1.223,0.3049752096738766,0.870264064293915
0.4045385398322292,0,0.49214274065362595,4.449010729122162,5.665629005676616,4.449010729122162,0.18609299689625675,0.5529923087452333,-0.0285828125,0.12009065642333985,0.007393533710990751,1.547,0.34771774989745635,0.8691159586681975
0.42659715375580154,0,0.5324817600054563,4.345070676747114,5.508715569765704,4.345070676747114,0.26693139569589736,0.6054765493304338,-0.0089578125,0.10552262322021484,-0.020035003236239968,1.412,0.3249659453311993,0.8679678530424799
-0.09116088634826003,0,0.5416713099700896,3.6210521405981813,4.513874087642918,3.6210521405981813,0.26965536284874264,0.49945741946843125,0.0042167968750000005,0.10671551745223999,0.007697636264489058,1.183,0.32670062569288877,0.8668197474167624
23.952469845683403,0,0.5423368284788853,14.91021874164735,20.458579799029216,14.91021874164735,0.19678886443903842,0.6601751130826314,0.021246875,0.14687459217773435,-1.242282462909013,5.723,0.38383072033775517,0.8656716417910447
11.586160855822518,0,0.5495310959797693,12.254702641756682,16.42622765904217,12.254702641756682,0.2015077959009141,0.6179955542505104,-0.013977734375,0.13089575145736693,-0.7393043498180469,4.437,0.36206508878325316,0.8645235361653272
0.05963507378655297,0,0.524740411073429,4.107990488672902,5.161274721687378,4.107990488672902,0.21195579413246862,0.49060586455173755,-0.002874999999999999,0.10544324375,-0.0175850890753289,1.334,0.3247329816556982,0.8633754305396096
18.74070430854365,0,0.5554834221465814,12.935415657647894,17.58045928468865,12.935415657647894,0.20265165411701427,0.6282588608993231,-0.018716015624999995,0.13717376271224974,-1.4012645165040056,4.797,0.37084235458362225,0.8622273249138921
4.660359248950162,0,0.5401666941087044,7.704952893686813,10.154125950837892,7.704952893686813,0.27855204940165407,0.6490760063280665,-0.0048148437500000005,0.1271786829046631,-0.2873590955939622,2.748,0.356653705469325,0.8610792192881745
0.11090781616558987,0,0.5375569831196404,3.733377979473628,4.698239215709268,3.733377979473628,0.29915115650545915,0.5210309865949607,-0.017728125,0.11214743702148437,0.03492393308553152,1.252,0.3353531324402681,0.8599311136624569
4.517862039685935,0,0.5053188807679999,7.241380424834982,9.513045082068356,7.241380424834982,0.2285541730738411,0.6089659919634286,0.016270703124999997,0.15583170054794312,-0.1473131071296905,2.861,0.3950904153837764,0.8587830080367393
8.304287275198963,0,0.5009357682678143,11.029330085416627,14.679923251351825,11.029330085416627,0.1831176678646276,0.5324359570516136,0.005549218749999997,0.14553294210876463,-0.46371495377890043,4.208,0.3815281587740281,0.8576349024110218
0.3251890895456975,0,0.508102049001131,4.283491905432034,5.415814252787161,4.283491905432034,0.23006158840730945,0.5459882643321297,0.001618359374999999,0.12034616802230835,0.09402609164875987,1.486,0.34691322706027655,0.8564867967853043
0.09061224540262369,0,0.5477764116711816,3.8443007123425503,4.813049077121191,3.8443007123425503,0.22580300307609583,0.5147546170355954,-0.043778125,0.11491391952148437,0.005995837413763652,1.314,0.3418046865535931,0.8553386911595867
4.844891862664013,0,0.5132154007260352,8.384642769271046,11.011637741229755,8.384642769271046,0.25845015003830885,0.6340530226234629,0.0018488281249999996,0.1346712345689392,-0.3027675052569863,3.077,0.3669804527960243,0.8541905855338691
57.58154346250805,0,0.5400746368256024,17.998316599692224,27.693877003194377,17.998316599692224,0.18787667116150716,0.6827818278019316,0.036839843750000004,0.1991852727874756,-2.0207670240485536,8.06,0.44781965887508773,0.8530424799081515
-0.11756088646628449,0,0.5198186069948351,3.3228919268429395,4.149995156667559,3.3228919268429395,0.20354478549828756,0.5262204213597897,0.06999609375,0.11238814451599122,0.05897649074763742,1.138,0.3424727692185906,0.851894374282434
10.18084202128923,0,0.5097808508467705,12.31919490141514,16.271849852224594,12.31919490141514,0.2722671682590695,0.5892280057194352,-0.004063281249999999,0.1315835405267334,-0.5374421074820761,4.469,0.36276721293585784,0.8507462686567164
15.411413004836131,0,0.5491257763029843,12.67228795889532,17.260440933038858,12.67228795889532,0.24838630950679214,0.5567645411528142,0.036781640625,0.13503683161605834,-0.5943488147861165,4.68,0.3693097896118176,0.8495981630309989
0.6186817074947499,0,0.5077255324465142,5.4735779724689735,6.908606790513514,5.4735779724689735,0.25537385892838627,0.5915666259304482,0.011696484375000002,0.1077669965501404,-0.03503258766906694,1.798,0.32848714479698443,0.8484500574052812
0.10753327375406396,0,0.5384356982392472,3.778350181903467,4.740305037809562,3.778350181903467,0.24533737030614994,0.579466962026533,0.0011207031249999993,0.10580207800888061,-0.0009746286880397975,1.229,0.32527424426839424,0.8473019517795637
1.9981283663292606,0,0.5329739335702215,6.757052313039929,8.7598309635109,6.757052313039929,0.26838250566068395,0.5717794186610176,-0.034359765625000004,0.11967074674057007,-0.25808119234593857,2.349,0.3476367935566876,0.8461538461538461
26.933045404747357,0,0.530068365814812,13.39628485835902,19.983657212743044,13.39628485835902,0.1752226984100499,0.6763204941192551,-0.03849374999999999,0.1840348749609375,-0.9132406992973467,5.77,0.4307164307871247,0.8450057405281286
0.1347062063288429,0,0.5402567861827308,3.7775078131512347,4.738825663479858,3.7775078131512347,0.30416382793859376,0.5249925858378869,0.008737890625,0.10016608637680054,-0.005560998268005764,1.196,0.31661086069396766,0.8438576349024111
41.21458875075596,0,0.5245632827428541,16.154759161277525,23.77901613805342,16.154759161277525,0.2094885640202686,0.7128388136178537,0.002017968749999998,0.15421048561462403,-0.5330568655215019,6.344,0.39270161422191785,0.8427095292766934
0.018783645480501487,0,0.48254612013069276,3.2893968935644833,4.114980071491384,3.2893968935644833,0.26635081278225375,0.503952431513484,0.009390625,0.11708931538085939,-0.05428041750139558,1.126,0.3423119910531181,0.8415614236509759
0.18440450775477668,0,0.5329703738979311,4.4304564484164,5.598575329727652,4.4304564484164,0.2598899587194221,0.5216254435655976,0.091595703125,0.10993426740341188,-0.027413375196664362,1.524,0.34398261618049103,0.8404133180252583
0.5318302274751474,0,0.5563103761973925,6.017277836337339,7.612238861980467,6.017277836337339,0.19011444300122904,0.6247584735213755,-0.014253125,0.09637593280273438,-0.030797976253388395,1.87,0.31077175607670654,0.8392652123995408
0.265152495456789,0,0.5552517521826394,4.369452440248875,5.507315317952564,4.369452440248875,0.23125485078411998,0.6051860396503826,-0.08119765625,0.09768669374450685,-0.025232188729878306,1.411,0.32292375744903007,0.8381171067738232
0.06726408103897707,0,0.5217310053095225,3.578378202626643,4.488832770375502,3.578378202626643,0.2301756350597324,0.5403026921816169,0.011649609375,0.10386567527328491,-0.03653050972084153,1.154,0.32249246296909795,0.8369690011481056
-0.07087560622017053,0,0.5336857649765195,3.3391701023077154,4.1904469250633785,3.3391701023077154,0.2406862785037625,0.5405737531888145,0.015559374999999997,0.10986173788085937,0.010066182983160055,1.108,0.3318189747908489,0.835820895522388
13.519874703168568,0,0.516164060209868,10.597884032951933,14.490972133637934,10.597884032951933,0.24913863595894362,0.5902765094988721,0.002496874999999998,0.13576374452148438,-0.3105163765971884,3.905,0.3684697801804783,0.8346727898966705
16.520466560613766,0,0.5285908458427114,11.224033838337936,15.784999952641973,11.224033838337936,0.23963881951601118,0.6262045287406521,0.012944921875000005,0.16467148641952517,-0.7127809885202951,4.557,0.4060037652804158,0.8335246842709529
29.08437831891456,0,0.5044234867126121,11.131371530584033,17.71620344796535,11.131371530584033,0.24369084665512744,0.707792869581948,-0.026176171874999998,0.21328261076034546,-0.0889649374442174,5.149,0.46256653871024334,0.8323765786452354
0.15059800677035629,0,0.5513658125594153,3.5662498803291522,4.506710183709012,3.5662498803291522,0.18925556066355817,0.5678113516863148,0.011037109375000003,0.09903805760726929,0.01779106268347334,1.123,0.314896610636928,0.8312284730195177
38.88320693259891,0,0.4884589458741232,13.275210733831345,21.970967906401967,13.275210733831345,0.18184801795743047,0.7405056473358772,-0.03951484375,0.28207106852966307,-0.5145806795900101,7.07,0.532571583363448,0.8300803673938002
0.34359669932881376,0,0.5026979457558505,4.606225120165355,5.811872610847585,4.606225120165355,0.2864597402858595,0.5340069666450584,0.0030289062500000016,0.10589496791442872,-0.07185562897928122,1.499,0.3254291661598573,0.8289322617680827
71.28892408522009,0,0.5256202788257731,17.761595321875703,27.33009767040276,17.761595321875703,0.1876035399551327,0.7019855208118854,-0.09605273437499999,0.1936430327659607,-0.25481947113019027,8.0,0.4504099916152782,0.8277841561423651
0.2908511364100632,0,0.5406328462531137,4.041802928799493,5.1247405771155625,4.041802928799493,0.22322902153256355,0.5605643719864126,0.008344140625,0.10886385852035523,-0.042933020692875724,1.334,0.33005072822692727,0.8266360505166476
0.23856326976000375,0,0.541243664074307,4.233079712083739,5.349516449679377,4.233079712083739,0.27376595142173216,0.5806941034046799,0.027621874999999997,0.10830606170898438,-0.0203350168773244,1.398,0.3302560062852756,0.8254879448909299
45.87690533547401,0,0.5095156678811421,15.552160323228104,22.624404478575357,15.552160323228104,0.2315803682946177,0.6465621506669113,0.036219921875,0.16055233796249388,-1.7864335878109845,6.257,0.4023235274044074,0.8243398392652124
29.255173887386754,0,0.5273005434681988,13.657187965765184,20.02978043696023,13.657187965765184,0.19066761267676946,0.7161196891209084,0.011926562500000001,0.17897322976318358,0.13436685962964742,5.78,0.4232203594538547,0.8231917336394948
21.52672868800017,0,0.5370459494814458,12.482343357938918,17.13369179590293,12.482343357938918,0.21155246572999412,0.5432535313587621,-0.05374960937499999,0.1513987619139099,-0.7359703640316809,4.903,0.3927948350244374,0.8220436280137773
30.0208519423579,0,0.5291363504012612,14.986073156906327,20.960319522668513,14.986073156906327,0.24587227668238493,0.6304051942254081,-0.003625390625,0.14480769130844115,-0.6295229341772598,5.703,0.3805533270983516,0.8208955223880597
2.885433519675984,0,0.5590825511271406,8.662214166035193,11.150467820680799,8.662214166035193,0.22378394233611312,0.706758960754736,-0.021128515625,0.10621517762435913,-0.20171485918149462,2.829,0.32659086300274076,0.8197474167623421
16.91097467487201,0,0.5357714612587283,12.601565482771532,17.227627763820312,12.601565482771532,0.22122527910373477,0.6497977997618538,-0.051505078125000006,0.14651454841171266,-0.6051040752064228,4.867,0.3862218552650471,0.8185993111366245
21.11537770998224,0,0.5455329206045242,14.651385131386721,19.694930006328743,14.651385131386721,0.28181557475636126,0.6809791993984099,0.044759765625,0.14429473017807007,-0.9140761302796885,5.604,0.3824894335754584,0.817451205510907
0.00012126130354594977,0,0.5360616946041377,3.954254433829031,4.938940541428073,3.954254433829031,0.24034476159857973,0.5681647879762315,-0.0255296875,0.11010813583740234,-0.013674731039228716,1.316,0.3328061008774479,0.8163030998851895
5.770186965957045,0,0.507487770223941,9.446360255999318,12.465368091339002,9.446360255999318,0.25426985399988933,0.6847653143335671,0.029204296875,0.11846488209091185,-0.25962411452648004,3.263,0.34542404815946876,0.8151549942594719
0.24227694999542626,0,0.5085814889179248,3.9476891023310174,4.973643961535339,3.9476891023310174,0.24029229880771855,0.5774783591702007,-0.030307421875,0.10241406056991575,-0.036989271769398285,1.269,0.32145388532513497,0.8140068886337543
4.483388283451652,0,0.5349779093872662,7.9840790297197355,10.485618615278968,7.9840790297197355,0.26151827566266356,0.6941028872501859,0.003419531250000001,0.11401069196228027,-0.14574940582496274,2.696,0.33767200825098015,0.8128587830080367
5.473818646887382,0,0.5458426395804575,10.20630358482603,13.238518817319912,10.20630358482603,0.23077880978761336,0.5856380032387296,-0.034807421875,0.11551426252304076,-0.3583535307407,3.487,0.3416516049144581,0.8117106773823192
19.139785384647972,0,0.5265054069023424,12.178311756522648,16.828059495295243,12.178311756522648,0.23325665345619143,0.6336363204782317,0.00896328125,0.1477244955267334,-0.5955530030300598,4.682,0.38445394514492887,0.8105625717566016
123.97198280916805,0,0.5373785643807201,21.82188709747377,38.461339204766226,21.82188709747377,0.12446193066957034,0.5947458343210278,-0.019034375000000003,0.26005739334960937,-2.81231834834994,11.136,0.5103133358841898,0.8094144661308841
0.4848981228551805,0,0.5467512256775068,4.253385984055556,5.40917094535608,4.253385984055556,0.21372640112716004,0.596305637991359,-0.0616109375,0.10892041816162108,-0.05286435297613074,1.428,0.33573252118502017,0.8082663605051664
3.903505155265787,0,0.5409878075797286,7.733351094377459,10.049948364387426,7.733351094377459,0.23126816098676975,0.5963043524307269,0.030377343749999997,0.12088367479919433,-0.09226307779195334,2.699,0.3490078191280247,0.8071182548794489
0.4674128390843184,0,0.5571630274610738,4.8726835621485876,6.1659187045888695,4.8726835621485876,0.3045312560346392,0.6046042956640028,0.02270234375,0.11864050749450686,-0.041746537619926645,1.682,0.34518966367237885,0.8059701492537313
0.690249529232124,0,0.5563436219112959,4.892384426823369,6.248663413137708,4.892384426823369,0.2777919882843956,0.5711565557225776,-0.012535546874999998,0.11427679873641967,0.08202463158087027,1.655,0.3382808576787563,0.8048220436280138
0.3664150009909255,0,0.5138170212664357,4.2474691694136535,5.368232046974327,4.2474691694136535,0.23772897726458395,0.5658017726993327,0.014369921874999997,0.1181085471421814,-0.017774594145715583,1.461,0.34396953614655323,0.8036739380022963
25.86166420156063,0,0.5410044900248366,14.318051986623493,20.326676319126616,14.318051986623493,0.21056131616023335,0.6956369659309432,-0.024380078125,0.15534065983749393,-0.6038455613425892,5.654,0.39488612035227955,0.8025258323765786
-0.023695106513020203,0,0.5066698545274039,3.2795115675089606,4.1229752879989325,3.2795115675089606,0.23957437288730732,0.6020762685855279,-0.017767578125,0.11198361355819701,0.08686937967335362,1.099,0.3351108777563405,0.801377726750861
0.8903562603087454,0,0.5373357165756432,5.71738522799238,7.295965291386304,5.71738522799238,0.2592794056548968,0.5781483683880103,-0.010515625,0.12707548959960938,0.05425731045464643,2.039,0.3566315577297528,0.8002296211251435
2.060561904307229,0,0.4945592002178688,6.667322415588167,8.672721738708496,6.667322415588167,0.2741821341672611,0.6466340820727416,-0.023351171875,0.11887058956893921,0.011837152150579079,2.304,0.34556600931931225,0.799081515499426
27.376133757067898,0,0.5411840081215153,14.794397676345579,20.767888513613432,14.794397676345579,0.2348102998386807,0.7581510573883071,0.029421093750000005,0.1366389367425537,-0.4465091509070112,5.486,0.37081604266805934,0.7979334098737084
0.6224900907919415,0,0.5460136586710156,4.092175892637983,5.215774520621737,4.092175892637983,0.25399202198986864,0.6079521812297387,-0.0881578125,0.11044511181396485,0.10932455474032954,1.407,0.34382686299757037,0.7967853042479908
3.1884787952394174,0,0.5266077741539666,7.378709832799121,9.580292585526296,7.378709832799121,0.24605639586216246,0.6743953134333659,-0.02144140625,0.10924908484802247,0.07699095261858963,2.444,0.3312232158982821,0.7956371986222732
-0.05457722499872375,0,0.5403670953772842,3.7763308605350523,4.684623304035344,3.7763308605350523,0.22255619812881694,0.6055635867445037,-0.008297265625000003,0.10327801827377318,-0.042541296616328085,1.214,0.32147606892368363,0.7944890929965557
0.1556108046440623,0,0.532761069825819,4.176841648933654,5.2760255386600745,4.176841648933654,0.18063818417105418,0.5751662013421348,0.01068984375,0.1120719194281006,0.004643162904069726,1.399,0.3349420728835062,0.7933409873708381
0.12331718182200513,0,0.5553125726697425,3.817526881602913,4.838467411458577,3.817526881602913,0.2585370194735242,0.6169180437951272,0.0034117187500000007,0.10095023205017091,0.0627882960640753,1.213,0.3177449793073055,0.7921928817451206
34.76404879910883,0,0.521140378968853,14.796219220465384,21.431445559667885,14.796219220465384,0.20677370386373745,0.610681902711385,0.01079375,0.16251720199218753,-1.3504140322245173,5.967,0.40327869647583664,0.7910447761194029
0.02664909652517622,0,0.539428904540481,3.4991989384615443,4.367520240981341,3.4991989384615443,0.27115672503267624,0.5635671289404135,0.016530859375,0.10811135842269896,0.03527720943975186,1.152,0.32921820686950926,0.7898966704936854
0.240023847060304,0,0.5504978601657416,4.365510289146074,5.4827510693899,4.365510289146074,0.17908846904852868,0.5821296242715087,-0.0208625,0.11248978109375,0.06582446161426316,1.467,0.3360431891885327,0.7887485648679678
0.452499306202526,0,0.5450176635161074,4.792118089991753,6.094407845856655,4.792118089991753,0.22495572006259001,0.6337025014232578,0.00499296875,0.10297991401306153,-0.055096651454195116,1.538,0.32094367691232056,0.7876004592422503
9.269896094490289,0,0.5341779591210398,10.471453173766049,14.048733587717454,10.471453173766049,0.1968831687845625,0.7641968096750403,0.0015195312500000003,0.12169624961853028,-0.6259305327272429,3.653,0.3488532049354714,0.7864523536165328
2.1716563839628593,0,0.5335579722764213,7.661444056207232,9.77498771831251,7.661444056207232,0.2708256361105789,0.6209485752263665,-0.03610624999999999,0.11350855667968748,-0.21169357005518769,2.596,0.3388395165395412,0.7853042479908151
0.30264260819859645,0,0.5589874437129213,4.433552962831608,5.606007143697266,4.433552962831608,0.21600158360440153,0.6244826346682473,-0.0021210937499999997,0.10185676893005371,-0.05450817160252783,1.415,0.31915712113119143,0.7841561423650976
0.23965638577332138,0,0.5416014402150724,3.9020539822711835,4.931523227106161,3.9020539822711835,0.2888119541238272,0.594223296337966,0.03415859375000001,0.10795694203552246,-0.01485446732409955,1.289,0.3303388435568848,0.78300803673938
0.4052521427372118,0,0.5500024169279099,4.062665223386948,5.1807177076795945,4.062665223386948,0.2959745514763414,0.5477721981996779,0.04270976562500001,0.11089735209213256,0.022899502714864385,1.364,0.3357401914753058,0.7818599311136625
0.44094285433099056,0,0.5462377508788329,4.142448820086176,5.212474821547949,4.142448820086176,0.25122898269591043,0.5994716969739331,-0.034638671875000006,0.11269395108261107,0.04673664379341498,1.398,0.3374815382682066,0.7807118254879449
48.73685197948533,0,0.5211902677146205,16.458746292090268,24.52795100081731,16.458746292090268,0.24008557166887312,0.7065633941799077,-0.052251171875,0.1685188998033142,-1.2754126045074274,6.811,0.4138225281030807,0.7795637198622273
30.814403704664933,0,0.5310197747377997,13.33314410358774,19.48243848251254,13.33314410358774,0.20448292258492326,0.6999903638816162,0.052776171875,0.17691098622909546,-0.01012382511621116,5.652,0.4239060161720697,0.7784156142365097
19.49477989541043,0,0.548573734128132,12.084095221366624,16.46592774867188,12.084095221366624,0.21341415935414887,0.6969067501181802,0.101816796875,0.13178081604598998,-0.21324339010710655,4.556,0.3770245034104216,0.7772675086107922
0.5438506239005045,0,0.540612583138358,4.216952326658271,5.410377171805122,4.216952326658271,0.25025688405632274,0.61738983806767,-0.0015886718750000015,0.1002199569810486,0.0039509904358481125,1.335,0.31657934370292545,0.7761194029850746
0.10932238520219517,0,0.5247940439479307,3.440146576532104,4.332601727786604,3.440146576532104,0.2260339225323044,0.5484882608982313,0.009275781249999998,0.12281080128845215,0.02202539458547872,1.206,0.3505664579024211,0.7749712973593571
0.5504042668004523,0,0.5370900489295165,5.054760596057396,6.422939068100358,5.054760596057396,0.2369296644568157,0.6211978104298441,0.04030625,0.11068726871093748,0.08228683446899365,1.694,0.3351296204455822,0.7738231917336394
0.4260388926349994,0,0.5366810401363928,4.605936960674315,5.85810580269473,4.605936960674315,0.22118126952508807,0.5940380653933175,0.015999609375,0.10707929414047239,-0.06217919346418939,1.509,0.3276206367746467,0.7726750861079219
10.896990847032036,0,0.5145835563641565,10.507678588458182,14.174861101425014,10.507678588458182,0.19087175882790441,0.6648401296436363,0.014003906250000003,0.13134585935974122,-0.09048383998208628,3.811,0.36268714996536616,0.7715269804822044
0.5333445161973529,0,0.49772377261852124,4.637774696824665,5.898944323769123,4.637774696824665,0.21041587885150634,0.5940937712361637,-0.046110546875000005,0.12018957410751344,0.1027332777099011,1.622,0.34973669615958947,0.7703788748564868
-0.031606053067163575,0,0.5115676421754586,3.516437598015553,4.41438477193239,3.516437598015553,0.1899906515957063,0.6073260524047418,0.0233734375,0.10308404648193359,-0.018892086712388335,1.132,0.3219167036090237,0.7692307692307693
89.47468028451127,0,0.5510388912257564,21.10636539622723,31.738175736560965,21.10636539622723,0.1879239959337031,0.7682398494688761,-0.044246484375,0.16402730604232788,-2.8997741854472268,8.599,0.4074126377787942,0.7680826636050516
78.37564429913647,0,0.5393967230871963,18.45823009421058,28.684175332992336,18.45823009421058,0.3033002142205298,0.6920328557321346,-0.010916015624999996,0.19373735896224978,-2.2366870288136416,8.127,0.44029140164143,0.7669345579793341
0.3375389485790241,0,0.5400379626353428,4.827823405231699,6.1192608696314545,4.827823405231699,0.20590550625756793,0.5775141425486956,0.030084765625,0.10471417054916383,-0.07151554820826367,1.569,0.3249911747599848,0.7657864523536165
0.22068849727548745,0,0.538913371597574,3.812809560167229,4.821836835427322,3.812809560167229,0.24241964603497965,0.6226278497635591,-0.003050000000000001,0.10644189046875,-0.0501762996100808,1.244,0.3262685902270551,0.764638346727899
9.570908069067729,0,0.5416205288505757,10.853697137675494,14.523773487985983,10.853697137675494,0.2409272351325318,0.7057262070376615,-0.029285546875000002,0.11604558682235717,-0.26514929207461574,3.711,0.34191114354189306,0.7634902411021814
0.2319194640550033,0,0.5431371271290797,4.1975532953426065,5.321159768693968,4.1975532953426065,0.25508824535063546,0.6421888909028969,-0.025896093750000005,0.1004803720159912,0.008549655764803201,1.335,0.31804241806322,0.7623421354764638
0.20882019142246921,0,0.5350751437222946,3.521704640529287,4.4646999786110335,3.521704640529287,0.17383473778244685,0.5678925275983135,0.0011183593750000015,0.10961911372543336,-0.09654594549322562,1.166,0.3310896622565027,0.7611940298507462
10.209317712022283,0,0.5494943101104405,10.084620174245801,13.589686398715259,10.084620174245801,0.20004812381346995,0.684265463914279,0.001860546875,0.11710029500595094,-0.40112139903194255,3.451,0.3422042615757802,0.7600459242250287
0.1289603827945287,0,0.5513454343143659,3.4830405079121527,4.3523829798402485,3.4830405079121527,0.18736557672042592,0.6186092993462434,0.08554609375,0.10474946037536621,-0.1279066826119551,1.166,0.3347649840279745,0.7588978185993112
0.6527482427901199,0,0.5400598374434721,5.22475309267415,6.680304378823958,5.22475309267415,0.24410286419392951,0.659478030918288,-0.003224609374999997,0.10338162181625365,0.009675111097079303,1.68,0.32154629514562133,0.7577497129735936
0.18430364438742242,0,0.49516566593049005,3.587099280453785,4.5512737473589215,3.587099280453785,0.2657112813192092,0.5936375455825148,0.022957421875,0.11026838998397828,0.018839785184099733,1.194,0.33285947966540624,0.756601607347876
10.1530949095154,0,0.5118008818856006,11.140048043946804,15.096489920323345,11.140048043946804,0.2365297530298227,0.7295614402361208,-0.007087890625000001,0.12351924735336306,-0.7390996908345778,3.916,0.3515245162814039,0.7554535017221584
9.855586419149573,0,0.5571415661249128,10.994103923422761,14.636268239349508,10.994103923422761,0.21569039589761846,0.707705942992269,0.03221171874999999,0.12486428798767091,-0.30516360442474627,3.901,0.35482655313899497,0.7543053960964409
0.3646193435991347,0,0.5558120865626515,4.833115834728853,6.107411723760464,4.833115834728853,0.20010050520376005,0.5749314358502428,0.010582421875000001,0.11672105258163454,-0.02537645794841171,1.652,0.34180848473139896,0.7531572904707233
0.5350392145222642,0,0.5626391770918021,3.9555388320804106,5.053167536280614,3.9555388320804106,0.25433656483100914,0.607026907265264,0.0371453125,0.10914005388427735,-0.005539029256791708,1.315,0.3324452257515514,0.7520091848450058
0.4896047101085377,0,0.5341993436790065,4.1670986181525125,5.301639409550847,4.1670986181525125,0.18928498431977606,0.5621586379025187,0.0032648437500000017,0.12207234079528809,0.015586850854275863,1.456,0.3494037778845558,0.7508610792192881
0.18170571560063697,0,0.5622998756004736,4.131696175275808,5.229688955409245,4.131696175275808,0.23305731129723825,0.6619356944109666,0.026751171874999997,0.0957109087876892,-0.005994555374106082,1.283,0.31052622108990247,0.7497129735935706
37.97353863678614,0,0.49901042192907263,14.711768825696629,21.8035199791054,14.711768825696629,0.2077531438564575,0.6249036456813896,-0.049440625,0.17867196053710938,-0.7659304115569058,6.261,0.42557764971565415,0.748564867967853
0.30845306018046204,0,0.5416903109399966,4.127728058203242,5.216079176072489,4.127728058203242,0.21641518628062612,0.6162254920627104,0.055201953125,0.10439458460556031,-0.029637284422125716,1.353,0.3277832214045969,0.7474167623421355
0.5238239033637848,0,0.5627588322074486,4.292523789375632,5.465214009243709,4.292523789375632,0.18335414364071495,0.6294686602648447,0.028740234374999996,0.10014654775619507,-0.08325813960351194,1.364,0.31776177999898764,0.746268656716418
0.5373788391814802,0,0.5529452896050306,4.802755262576862,6.124681183519734,4.802755262576862,0.27966661504141077,0.6085209802360728,-0.030959375,0.10644751709960938,-0.08877969548539127,1.574,0.32772854620859626,0.7451205510907003
49.85444991805031,0,0.5415362925310869,17.16076057424525,25.133036105645864,17.16076057424525,0.19979501995015458,0.6938811762852559,0.049446484375,0.1602090026048279,-2.0557645430155507,6.921,0.40330380288546125,0.7439724454649828
0.3924020058957858,0,0.5568598296207767,3.833849094268034,4.874266908233692,3.833849094268034,0.20128426711138392,0.6620405573493624,0.015778515625,0.09723165602279664,0.009875389331811755,1.197,0.31221886166297674,0.7428243398392652
0.08329900816329383,0,0.5628087155377417,4.043059007410563,5.11776605450002,4.043059007410563,0.2404205289633395,0.6517169047393538,0.011831640624999999,0.09698275329574585,-0.005483964967930887,1.26,0.3116452165774809,0.7416762342135477
0.3530347214044256,0,0.5635543538705269,4.541577051014425,5.761145682380019,4.541577051014425,0.19757754668850133,0.5956007143438523,-0.026700390624999997,0.10150331921859741,-0.012651242066319013,1.452,0.3197127305537347,0.7405281285878301
1.5690870952388174,0,0.5405650435417111,6.019860389939463,7.844391153743673,6.019860389939463,0.22865670491806706,0.6234228492470918,-0.035560937499999994,0.1143633751928711,-0.13847538733816003,2.047,0.3400411084982961,0.7393800229621125
0.30973333715351403,0,0.5648330515099937,4.016853703119056,5.100211339013555,4.016853703119056,0.2611307293320685,0.63168818440146,0.019664453125000002,0.10163236123641968,-0.056848567062766676,1.283,0.319404214050355,0.7382319173363949
39.62448997286169,0,0.5047346550254662,14.866096930533471,23.275591843433308,14.866096930533471,0.17554007700100768,0.7114458723590643,-0.017824999999999997,0.19966297718749998,-0.6580125030769998,6.648,0.4471920256584413,0.7370838117106774
53.285125465028855,0,0.5391566561192379,17.893638633055673,26.717104932795475,17.893638633055673,0.15479143484404245,0.720103476438625,-0.02691796875,0.174114329989624,-2.064085877382704,7.482,0.418137426011174,0.7359357060849598
1.0824337665345558,0,0.5499249825677044,4.892443892403782,6.302185240242119,4.892443892403782,0.22151978864441937,0.615439448917988,-0.0086875,0.10862139453125001,-0.07541694791865404,1.613,0.32969207935208267,0.7347876004592423
59.40974713264547,0,0.527762092180798,17.52550471135491,27.253315502061746,17.52550471135491,0.17842098094267958,0.6481179190894679,0.002446875000000001,0.19013379795898439,-0.9424933107161796,7.642,0.4360502094441075,0.7336394948335246
0.47540412629548356,0,0.5457731651371833,4.842903288760002,6.158062441096833,4.842903288760002,0.2529674603445395,0.6098633384710019,-0.010081250000000002,0.11014377308593751,-0.05012318586880888,1.608,0.33203223441030544,0.7324913892078071
0.6406437667680813,0,0.5574329605039621,4.950135800271587,6.308607831954114,4.950135800271587,0.254217624499079,0.6155757878423361,-0.012565234375000001,0.10470765980697631,-0.166607724533909,1.603,0.3238294997709057,0.7313432835820896
8.5005958767478,0,0.5322990379701993,8.617323948295054,11.790733520718106,8.617323948295054,0.31275697911311556,0.6242387475400596,0.01790390625,0.14200704154724123,-0.2893518871945833,3.251,0.37726329188810565,0.730195177956372
28.778272076898006,0,0.5155683196941335,14.634243739847884,21.389292684841546,14.634243739847884,0.16822785295890058,0.7064411677837404,-0.058103125,0.1745551768652344,-1.511733571733866,6.173,0.42181885922751244,0.7290470723306545
0.5975680288155014,0,0.5381638440288872,4.81943580416145,6.146048938585641,4.81943580416145,0.2131782915116005,0.5732845229102603,0.021636718750000006,0.11016229380798341,-0.027909062550351197,1.603,0.33261154731345394,0.7278989667049368
15.874766448690433,0,0.5281066890623103,12.533867848360703,17.049821942589283,12.533867848360703,0.18188381826681152,0.6586653305306998,-0.022995312499999997,0.13906886091552734,-0.5571695636100168,4.683,0.37362768274379776,0.7267508610792193
9.443474850017259,0,0.5092104643619921,10.766365991109753,14.529986803500277,10.766365991109753,0.2259775496138029,0.6376845389591268,0.009336328125000001,0.13704969039901732,-0.32437033657807585,3.987,0.37031993927126716,0.7256027554535017
8.019999517583058,0,0.5412316199384906,9.202632668883837,12.367706681264679,9.202632668883837,0.25950499345401323,0.6523526010019384,-0.043431640625000004,0.13727658048324584,-0.35312623040172453,3.433,0.37304542336104995,0.7244546498277842
41.20820663219847,0,0.5201129856255362,14.15770178732214,22.148029445239835,14.15770178732214,0.21001013282569173,0.6469782950630896,0.015658984375,0.20950408253646852,-1.1573087283108303,6.484,0.4579839367577481,0.7233065442020666
154.51977044051606,0,0.5266209465846085,22.467887837005094,39.60021138248742,22.467887837005094,0.14033556777050432,0.7105205445434323,-0.01933203125,0.22948880928649906,-1.436131214784175,10.772,0.47943981553345144,0.722158438576349
0.33393273901004017,0,0.5554722338959206,4.132252023084519,5.2508555170602405,4.132252023084519,0.25987306461787674,0.6059472111027515,-0.032776562499999995,0.10581570163818359,-0.024229029053422856,1.351,0.32694036870276516,0.7210103329506314
0.9128340148774035,0,0.5559206014478795,5.198086374037135,6.710591011898908,5.198086374037135,0.22131506684267685,0.6038666665075395,0.027538281249999998,0.1069553743157959,-0.06629286115869626,1.706,0.32819770146970867,0.7198622273249139
13.358622241909757,0,0.5442633478389591,11.66310095724283,15.922081007245515,11.66310095724283,0.24074455133124423,0.7062554588089578,-0.04745703124999999,0.1267487036224365,-0.48681531731748123,4.189,0.35916691584484783,0.7187141216991964
0.39963307644666246,0,0.5529699556837017,3.7067797666548046,4.6768927337608766,3.7067797666548046,0.29040233958621814,0.6212875464783449,0.018144531249999995,0.09692805176696777,-0.024452424853649155,1.156,0.3118609879116816,0.7175660160734788
47.71970969275304,0,0.5343654101602608,17.09960590569098,24.74844696903288,17.09960590569098,0.26681668289967386,0.6856131437117087,-0.0037398437500000027,0.1497302330999756,-1.1764395813365414,6.617,0.3869679825660645,0.7164179104477612
1.1392476107513207,0,0.5428336635685064,5.200054046268434,6.717793521926692,5.200054046268434,0.2475841269160926,0.5969779072398854,-0.031364453125000004,0.10791400740829468,-0.039722798807981644,1.716,0.32999657017630496,0.7152698048220436
0.35724743964423133,0,0.5627289500619669,4.126525165628141,5.177293275932443,4.126525165628141,0.2229319947610256,0.6164942942205921,-0.004205859375,0.10122425020004273,-0.018692235685706462,1.313,0.3181853853543953,0.7141216991963261
0.5803154997333193,0,0.5544291133388748,4.4554650080660325,5.67156137186976,4.4554650080660325,0.23107501071094866,0.6302366640263558,-0.018458593749999995,0.09811212484802247,-0.00015463846134221526,1.398,0.3137719626277179,0.7129735935706085
0.06944018709710242,0,0.54965087561867,4.114290698493281,5.192946841365822,4.114290698493281,0.2230485902024168,0.5752930840711177,0.009996874999999999,0.10143498358398437,-0.07936820221705526,1.311,0.3186454473137032,0.711825487944891
0.15012373253990585,0,0.546832303623414,3.5882857822720258,4.525894323849729,3.5882857822720258,0.17410624297062713,0.5873233567133204,-0.0124375,0.10908873906250001,-0.042269408454481495,1.186,0.33051993959328685,0.7106773823191733
0.24281703940328336,0,0.5680705649818242,4.225824195528842,5.368277877523103,4.225824195528842,0.21805046978841733,0.5832581974131802,0.017053515625,0.10161548112045289,0.06886143776715022,1.349,0.31922766721514756,0.7095292766934558
1.1912183409462065,0,0.533732150915551,5.347536150652169,6.893319465156205,5.347536150652169,0.19613078926315633,0.5737578798754844,-0.0022375,0.10332924437499999,-0.24599989772001848,1.719,0.3214564523870224,0.7083811710677382
2.861485986648118,0,0.5489253427954703,6.469118304768214,8.637984831435595,6.469118304768214,0.15360374112545697,0.6189140714401864,-0.004524609374999997,0.11479248767562869,-0.23947303572610762,2.192,0.3388406111516519,0.7072330654420207
4.202349627161505,0,0.5494869775115088,8.202526018704697,10.949254426412331,8.202526018704697,0.21803850199869212,0.5962788139574716,-0.01706875,0.1155692101171875,-0.08509902237496234,2.792,0.34038294954910714,0.7060849598163031
0.816470126924973,0,0.5505106834732671,4.688006183843719,5.940639480241708,4.688006183843719,0.20775476943649387,0.5727934004236447,-0.040687890625,0.10879267329086303,-0.010327888092908629,1.558,0.33233744557960215,0.7049368541905855
0.6775562080675108,0,0.5721343161609604,4.764854676226685,6.093077851009108,4.764854676226685,0.19102199045538829,0.6327316339933985,-0.01015390625,0.09429925443786621,0.035438429292010354,1.464,0.307249664361086,0.703788748564868
16.97929352940422,0,0.5321370739653533,12.181534308773893,16.967260229151865,12.181534308773893,0.21731263586391533,0.6924297603415438,-0.01758671875,0.1359737401361084,0.1780702787836985,4.497,0.3691653190814381,0.7026406429391504
1.4904243474246472,0,0.5485113027593418,4.7644002709544075,6.235732183144926,4.7644002709544075,0.18670089615962074,0.6016157097398772,0.04887851562500001,0.11609803016342161,-0.0944747499184959,1.64,0.34421960933846435,0.7014925373134329
2.57070088908649,0,0.5500478313181657,5.977402810253202,7.850321388461875,5.977402810253202,0.23225245745243744,0.5738766241180937,0.006369921874999998,0.10367319401718138,-0.22608752004578472,1.925,0.32204622326907517,0.7003444316877153
2.074572641706533,0,0.5359933830902921,6.696041672067066,8.642163578206025,6.696041672067066,0.23436759448821498,0.66218616938254,4.218749999999882e-05,0.10156697712646486,-0.058364145344173606,2.134,0.3186957466083443,0.6991963260619977
80.50976823970105,0,0.5316187891564285,19.270595510294374,31.06548956201977,19.270595510294374,0.22310947336429662,0.665678746709788,0.031948437499999996,0.1926678059350586,-2.9046767926617805,8.481,0.44010056645470247,0.6980482204362801
2.014173599519565,0,0.5497600522657486,5.936543243368874,7.6655716203592,5.936543243368874,0.172020341991126,0.6342334125111079,0.028059374999999998,0.10556412616210938,-0.08346262931539114,1.936,0.32611570751421953,0.6969001148105626
98.66525053116693,0,0.5377363281361798,21.516007574513544,33.7563858013625,21.516007574513544,0.16868913512281947,0.7084328884797486,-0.021975,0.1821107290625,-2.5543335086226886,9.194,0.4273097584744584,0.695752009184845
1.3291009719972235,0,0.5638203049141762,5.749118045447696,7.481330506826277,5.749118045447696,0.24110631042791802,0.6630714222886336,-0.018611328125,0.09637724619979857,-0.08807791165262527,1.788,0.3110042246246424,0.6946039035591275
0.652285832047526,0,0.5599069038423059,4.522558358487452,5.769296623254824,4.522558358487452,0.24012658910253765,0.6521124037774554,0.093912890625,0.0955398888963318,-0.01996200825269381,1.461,0.3230472410064432,0.6934557979334098
0.7590770269092597,0,0.5395754970946297,5.089060057699574,6.4834493856496165,5.089060057699574,0.22335463690199917,0.6420257905931079,0.033753125,0.10835944139648437,-0.05081908852155341,1.684,0.330905900285489,0.6923076923076923
54.28474084186663,0,0.5313710819454454,17.382302858177106,27.04657831162087,17.382302858177106,0.11892150299369199,0.6358831383984002,0.0162578125,0.18526008587646484,-1.444461009654093,7.487,0.43072543730751495,0.6911595866819747
0.6508467646459386,0,0.5656164909092122,5.080343309624877,6.44817088287502,5.080343309624877,0.23395169932691573,0.6662165513056353,0.0561828125,0.08683132829833984,0.05165494756419225,1.524,0.2999797271796046,0.6900114810562572
0.7449484789952807,0,0.5614814256625618,5.121533989534322,6.555980658710906,5.121533989534322,0.27084598244724856,0.6112972310561423,-0.0075960937499999995,0.09427392670349122,0.018218336392036433,1.573,0.30713454273941576,0.6888633754305397
0.42185588693956566,0,0.5481450481909006,4.8232606933479,6.078399762092956,4.8232606933479,0.2602858781522514,0.6361169371377411,-0.040926953125,0.09724625599227905,0.03791728522638683,1.517,0.314517521744616,0.687715269804822
1.6291184592599413,0,0.5512286120056658,5.575456080639061,7.234252973821294,5.575456080639061,0.23589557617507662,0.6177033731571306,0.006510546874999998,0.09768898035751343,-0.044392963027372195,1.743,0.3126201650215881,0.6865671641791045
125.17673848910212,0,0.5360767659931619,17.665560633864903,34.39341995415541,17.665560633864903,0.21176835585968065,0.6221313053104742,0.008170312500000002,0.2810284639624024,-0.6167867496604325,9.366,0.5301841359082239,0.6854190585533869
0.20926332355623645,0,0.5471573309019603,4.119784041743442,5.20235608302821,4.119784041743442,0.21194422077048974,0.6459766700800725,0.034353125,0.09102725030273437,-0.016326663509540748,1.251,0.30365669348789265,0.6842709529276694
0.14599025172015967,0,0.5297322227115142,3.5545313010101993,4.506634484598764,3.5545313010101993,0.29941576107279705,0.5791308019418001,-0.013562109375000003,0.10412442270492553,-0.04330014923179277,1.148,0.32296803791648643,0.6831228473019518
0.5488427018172639,0,0.5540311961535236,3.7467244185616346,4.690409426845431,3.7467244185616346,0.22855011197223027,0.6239743322635539,0.15729296875,0.10759803213806154,-0.13945845946763466,1.363,0.3637844281387674,0.6819747416762342
1.1921902909832252,0,0.5526674933141138,5.3275335261975565,6.8665741238045,5.3275335261975565,0.18773505995441503,0.6078663976266354,-0.024526953125,0.09919505239852906,-0.21571116913249605,1.683,0.31590603639076764,0.6808266360505166
0.3086202794587112,0,0.5412058672476736,4.486527049013437,5.66830898528285,4.486527049013437,0.19884839504506815,0.6274018746058437,0.005824609374999998,0.09595232275375368,-0.024261664447632163,1.39,0.3098164760436814,0.6796785304247991
0.7726593072274359,0,0.5334997733012903,4.938764664170143,6.310104936780848,4.938764664170143,0.2171515681328186,0.6333376733127491,0.013016015624999999,0.10243741888412475,-0.09835825216794111,1.582,0.32032301751025477,0.6785304247990815
9.230601802464522,0,0.534827230499815,10.825334700750124,14.627711480806534,10.825334700750124,0.21722400517097387,0.7091946280262054,0.04023515625,0.1273752322015381,-0.7937246821245865,3.888,0.3591574863482592,0.677382319173364
0.5423820211572927,0,0.552265708905144,4.089810593324107,5.208386193416217,4.089810593324107,0.19537402240685142,0.6210335622565845,-0.026596875,0.10017419452148438,-0.18738829845137514,1.299,0.31761862080370856,0.6762342135476463
15.360435053665011,0,0.5220965081816908,11.431352024099082,15.724980173543226,11.431352024099082,0.23164140760448704,0.7086575909120826,0.007538281250000001,0.1368043204095459,-0.7659940488707855,4.229,0.3699474909953438,0.6750861079219288
0.5046389992280984,0,0.5479902195214502,4.480021500833431,5.666252275382506,4.480021500833431,0.20568657089660977,0.6381952583554575,-0.018333984375,0.09998780837631224,-0.024530780063428237,1.419,0.3167395513026041,0.6739380022962113
0.10519919901334873,0,0.5454498814716973,4.008507525632095,5.068735303579542,4.008507525632095,0.1804372766814169,0.6311695955423121,0.028866406250000004,0.08789116652770997,-0.01833431138554611,1.194,0.29786647333578853,0.6727898966704937
0.15440944110348598,0,0.5338029255716371,4.1935580707285105,5.272120906861065,4.1935580707285105,0.20032295474245934,0.583216235979919,0.03400625,0.1074488108984375,-0.039231786022190934,1.382,0.32955308515852194,0.6716417910447762
0.278800828350922,0,0.5213458346487692,4.11042406330133,5.2412864490928275,4.11042406330133,0.2340998164321048,0.6683675327166252,-0.0011863281249999981,0.09381487114120483,0.029576026173641926,1.259,0.3062944310881688,0.6704936854190585
0.16581552256577758,0,0.5372023606532494,4.163176082901476,5.237414781847824,4.163176082901476,0.22669857220823111,0.6350392618587792,-0.003929687500000001,0.09749186068115234,0.053988906400397545,1.3,0.31226159406017256,0.669345579793341
57.93246840953888,0,0.5416991032217294,13.82848751269317,22.25140000542444,13.82848751269317,0.2411957398757646,0.724870909315062,-0.023864453125000004,0.19331476170516967,-1.2857774295279785,6.089,0.4403229199441303,0.6681974741676234
0.2630338144053348,0,0.5505538584516604,4.464099545070491,5.645245814416005,4.464099545070491,0.2336150520820885,0.6132200430190865,0.007001171875000001,0.09496094179550171,-0.04874866825457408,1.376,0.3082368540637621,0.6670493685419059
2.6462941545786753,0,0.5397738061980516,6.78025536802453,8.76602614240037,6.78025536802453,0.24754689499441795,0.6172538001255935,0.034064062500000006,0.1030712435522461,-0.04046273293655273,2.189,0.3228491968493185,0.6659012629161883
0.3395883703446527,0,0.5634715522420071,4.144026836894605,5.2456792391504035,4.144026836894605,0.2935550973907685,0.6349665619949136,-0.087818359375,0.09145692911605834,0.002424350285039768,1.305,0.31491108802227813,0.6647531572904707
1.5121146634120475,0,0.5560497580696754,5.988268666977445,7.768426844507496,5.988268666977445,0.2647381022140397,0.6835854298533577,-0.0100609375,0.0933907095678711,-0.19838014416932787,1.831,0.30576450420421597,0.6636050516647531
0.5945095477912847,0,0.5532616319322241,4.2843957607945296,5.435872250068613,4.2843957607945296,0.2504559568431278,0.633676466306662,-0.14554765625,0.09653730397888184,-0.05862616826655204,1.47,0.34310555842007284,0.6624569460390356
-0.0008437662041944627,0,0.5602695513925404,3.5991392284653028,4.508122585037058,3.5991392284653028,0.2146536241752808,0.6066581663295199,-0.024324999999999996,0.09315713265625,-0.08052963706238249,1.102,0.3061843207632455,0.661308840413318
147.71479388469623,0,0.5322190880407619,21.474255750862714,39.21274027847281,21.474255750862714,0.1723481025172371,0.6494629272241986,-0.0187453125,0.23451175544677735,-4.129840649352275,10.407,0.4846268071284336,0.6601607347876005
0.087604374402384,0,0.5736664932697946,3.8470857435484334,4.840247599838258,3.8470857435484334,0.21204742666365356,0.6185590126456976,0.006723046874999999,0.09451442915634153,-0.01936118168254205,1.183,0.30750549347227113,0.6590126291618829
0.20978525904867684,0,0.547721742149794,4.655229191982586,5.890148805566448,4.655229191982586,0.25174246040360093,0.6552052203978371,-0.012849609374999998,0.08606419417953491,-0.094466154109069,1.367,0.29364827028372736,0.6578645235361653
-0.015978086960819482,0,0.5275667878409308,3.5460564817925766,4.452738037643698,3.5460564817925766,0.2152275092562571,0.6310343833406452,0.0299546875,0.08795297138427735,-0.00015787619597475229,1.057,0.29807759843285775,0.6567164179104478
0.5219811674810102,0,0.5552108177957714,5.821582071910699,7.398202111458808,5.821582071910699,0.22138043208138136,0.6231101064637723,0.003846875000000001,0.09548012342773438,-0.14770296631329277,1.799,0.30902252648472084,0.6555683122847302
0.12512597865677444,0,0.5688168723451007,3.9315044671899577,4.944398671676128,3.9315044671899577,0.20007988175189834,0.670445450590857,-0.028338671875,0.08490723647323609,-0.025589328921825815,1.151,0.2927632435892098,0.6544202066590127
0.0665014590267301,0,0.5564736183171745,3.6377602720664792,4.593857511704537,3.6377602720664792,0.22847643732740192,0.6181996308799708,0.008845312499999999,0.08920931669677734,-0.059312982084504286,1.087,0.2988102345134785,0.653272101033295
0.14164363701069105,0,0.5491856224731477,3.7934457472905976,4.771938206971126,3.7934457472905976,0.24499839400050138,0.6218914065386667,-0.015944921874999997,0.09749235126327514,0.01105157325315954,1.186,0.31264451346037564,0.6521239954075775
0.19610296785890258,0,0.5608370760635786,4.1880236126791806,5.284789340339683,4.1880236126791806,0.22569415233354617,0.6228741569272819,-0.07040625,0.0878718388671875,-0.07125485924830298,1.276,0.3046783203745386,0.6509758897818599
2.932911684743593,0,0.564244952055317,8.092428533899154,10.61934410526581,8.092428533899154,0.24022297244215396,0.710918473147768,-0.0348921875,0.10464548056396486,-0.31797054291649063,2.633,0.32536586377876214,0.6498277841561424
0.9338312301070757,0,0.5596356317618312,5.072224725794235,6.5012192718251285,5.072224725794235,0.2291390625990584,0.6428568154380309,-0.028748828124999997,0.09364379667831421,-0.18276677467236682,1.559,0.30736019878454496,0.6486796785304249
130.86413427226586,0,0.5266673174719761,20.543502000218876,37.248677248677254,20.543502000218876,0.1410940744855188,0.6529614133378834,0.0396765625,0.25391959148193355,-2.674586084694052,10.384,0.5054639661674707,0.6475315729047072
0.24396093662029195,0,0.5807778545653136,3.954478939373098,5.012886472291647,3.954478939373098,0.2465609929135544,0.6946009185069562,0.0536,0.08997995875,0.007279536287659315,1.205,0.3047177690092916,0.6463834672789897
0.22741472254325057,0,0.533026581526968,4.15942314387004,5.261544094820381,4.15942314387004,0.21834342834620568,0.6246021999528527,-0.072608203125,0.09106353126083375,-0.0052062981072044075,1.291,0.31037957797167487,0.6452353616532721
0.5420085789180749,0,0.5678918039101251,4.501633777660522,5.756273504161608,4.501633777660522,0.23111011512041055,0.6743160528806338,0.011665625000000002,0.09302469913085938,-0.0012432206744268147,1.374,0.30522251872609274,0.6440872560275546
37.65722999536469,0,0.5511832435967474,13.763632577283039,20.78589345812549,13.763632577283039,0.15198134969848806,0.6847649694184826,-0.03827265625,0.1690813842523193,0.42535979839691923,5.684,0.4129723725247852,0.642939150401837
0.5996029463591404,0,0.5507595287910108,4.56056018180471,5.8405379442843435,4.56056018180471,0.20565216384982143,0.5786517487698118,0.05304375,0.1000951027734375,-0.02151918752931402,1.463,0.3207939247983041,0.6417910447761194
0.22475228647761591,0,0.5712000436610751,3.5785588017730228,4.5215685112575015,3.5785588017730228,0.26918791161217065,0.6186014562368687,-0.00186953125,0.08990135641540528,-0.006839361271837469,1.073,0.2998413773355839,0.6406429391504018
0.24575663441792628,0,0.5297549139285251,4.40978993251142,5.563267567721912,4.40978993251142,0.25027771880306326,0.5803698398534791,0.008398828124999999,0.10187529913925171,-0.04935531283477788,1.408,0.31928958556947173,0.6394948335246843
0.447677476846958,0,0.5647956943728037,4.663311887489292,5.902354338622727,4.663311887489292,0.22375386170841377,0.6103974181473778,-0.0424703125,0.10360166396240236,-0.01908573688158094,1.514,0.3246619648284197,0.6383467278989667
15.321734777109167,0,0.5432182919131134,10.685504850214365,14.98910345567109,10.685504850214365,0.20263587276757805,0.6736057578229065,0.0014070312500000007,0.12074042104431153,-0.40633875383199897,3.713,0.34748007249517204,0.6371986222732492
0.14788306563980358,0,0.5348218800943074,4.545725859266896,5.716933878252276,4.545725859266896,0.2581465113616973,0.603354067631333,0.005776953125000002,0.09252972407821655,-0.036051155482968916,1.383,0.3042418400970271,0.6360505166475315
0.4123138463065903,0,0.5707528563983015,4.299285591713723,5.43557001044149,4.299285591713723,0.2661611818116119,0.6320577257711725,0.015444921875,0.08770982118515014,-0.12945262593283466,1.275,0.2965608989682811,0.634902411021814
2.0536595430114737,0,0.5505277947435329,7.637127164917965,9.825286363195247,7.637127164917965,0.261427863267884,0.6753555145296495,-0.03801171875,0.1016366467376709,-0.1849593061237986,2.452,0.32106313631433925,0.6337543053960965
0.20433274235872023,0,0.5520962407767407,3.4717000444292987,4.390916109864119,3.4717000444292987,0.24942687042215922,0.6426130124800348,-0.029406250000000002,0.09113199433593751,0.022891490049047173,1.053,0.30330961388488825,0.6326061997703789
-0.013446755694749957,0,0.5637142050626712,3.2859419029276022,4.115707227585882,3.2859419029276022,0.2162292333132943,0.633579517363811,-0.022383984375000002,0.08432009904037475,-0.0816050609342243,0.957,0.2912406939232136,0.6314580941446614
0.2144807530995969,0,0.5549285361414978,3.673537052358958,4.657478431019533,3.673537052358958,0.18303173240633985,0.6378132352473629,-0.052726953124999996,0.09556120552352906,-0.0010997515661376656,1.152,0.31359422365435086,0.6303099885189437
0.24397384132688016,0,0.5782248688514016,4.128862592214025,5.2060146895655075,4.128862592214025,0.18992150972907296,0.6579280773574607,-0.01566875,0.0835218738671875,-0.07541605433206561,1.195,0.28942595528692655,0.6291618828932262
47.27691378558685,0,0.5505361786938607,14.676681615421257,22.354119155575347,14.676681615421257,0.14549570181906332,0.6773320906616516,-0.0324515625,0.15744206406005862,-0.6151644903044404,5.843,0.3981145161492482,0.6280137772675086
0.006833905561296483,0,0.5606189531255097,3.3318140105958474,4.196542799462082,3.3318140105958474,0.20133000278327579,0.6284053979994828,-0.0034640625000000023,0.0904307885522461,0.0254131512498027,1.002,0.30073707500281704,0.6268656716417911
0.14036022471095322,0,0.5577916741157857,3.8673815509202947,4.846256224144475,3.8673815509202947,0.26078630191827934,0.6281879806907126,0.030096484375,0.09250582311264037,-0.03417678442866867,1.182,0.30563314853656665,0.6257175660160735
0.19272215058996922,0,0.552752620159259,4.061001904889875,5.09908524526881,4.061001904889875,0.2410420587640509,0.6201558429457509,0.033953125,0.09496083608398437,0.011322771375997359,1.259,0.31002201660728873,0.6245694603903559
0.14344760332095596,0,0.560946910366279,3.783290374874705,4.76370291551394,3.783290374874705,0.23069525694600618,0.6527601122958347,0.050183203125,0.08094598792098999,0.005032422157296652,1.093,0.28890195879722763,0.6234213547646383
0.43014465193884543,0,0.5368471189604079,5.321543523688214,6.771383711309311,5.321543523688214,0.2353933572234814,0.6269821644088582,-0.020306249999999998,0.09271920230468751,-0.14409308845165966,1.624,0.3051746157427744,0.6222732491389208
0.3980714397112166,0,0.5489521905258516,4.012365179850864,5.088824850953027,4.012365179850864,0.252086062537244,0.6313830718317572,0.042648046875,0.0955472390196228,0.005753126288932315,1.252,0.3120354065196368,0.6211251435132032
0.4728230101980966,0,0.5615660316323189,4.491560600760031,5.719177095357474,4.491560600760031,0.2914554039903241,0.6459956654766694,-0.029158203124999997,0.08525636989364624,-0.10003648087548239,1.318,0.293439211256991,0.6199770378874856
0.25253789492977985,0,0.5453400456796936,4.509813437565127,5.723129836629408,4.509813437565127,0.254644176297451,0.6267409996060604,0.016401953125,0.09486527163681031,-0.06332530652120358,1.391,0.30843847960837345,0.618828932261768
17.772899820405822,0,0.5474506350219783,11.136101657093802,15.485835841513081,11.136101657093802,0.22860275206512629,0.6979501439364472,-0.003554296874999999,0.12219615408309936,-0.42419627946377775,3.893,0.3495837340457576,0.6176808266360505
8.01753578764097,0,0.5560148313799655,10.797177658252041,14.308756392042019,10.797177658252041,0.2070542148468672,0.7273649493677089,0.023077734375000002,0.10251471934799194,-0.45248742340148246,3.466,0.3210098147594167,0.616532721010333
2.5842319815027945,0,0.5291523738682996,6.908907838612278,9.045332519538233,6.908907838612278,0.24037192954845815,0.6427692468986367,0.037037890625,0.10215674348617554,-0.09963302105583827,2.223,0.32175852564947677,0.6153846153846154
59.735301654541345,0,0.5704514783139539,16.314114711253914,24.95745433188808,16.314114711253914,0.20619850356503938,0.666638062286607,0.027668359374999996,0.15428884274887084,-0.9590385821027825,6.424,0.3937694514044671,0.6142365097588978
16.511654674581784,0,0.556295501718133,12.816942699962091,17.53527626992313,12.816942699962091,0.23856585287697796,0.6274491939092168,0.038836328125,0.12446053844589233,-0.9233063352803663,4.549,0.3549208345929061,0.6130884041331802
0.39333686438512183,0,0.5561700248124807,4.372821351823626,5.5452404901615076,4.372821351823626,0.2075835114193676,0.6139226714386857,0.009261328125,0.09284013912948608,-0.02139087666917155,1.333,0.304837516274039,0.6119402985074627
8.142239493930349,0,0.5455696607969182,9.038375388107184,12.319984769249599,9.038375388107184,0.2245414843750775,0.6835773084230377,-0.040691015625,0.12252037210678099,-0.5087343230496592,3.185,0.35238633750384674,0.6107921928817451
0.5551764785977928,0,0.565776988054954,4.8447165243549595,6.159279263170163,4.8447165243549595,0.17576881161291721,0.6193571238674823,0.06558632812500001,0.09245707535995484,0.015030009999418966,1.507,0.31106051147144187,0.6096440872560276
0.7535582884327328,0,0.5582461970021518,5.449623273988416,6.9967838429826825,5.449623273988416,0.17863366174893786,0.6502822598390536,0.012827734375000002,0.08135958868392944,-0.13982843673711187,1.556,0.2855243237504031,0.6084959816303099
0.13040056406432443,0,0.5703150036659266,4.008725876448387,5.063700815078622,4.008725876448387,0.27238320468003424,0.6667533377619068,-0.026468750000000003,0.08786563730468751,-0.06579451802953137,1.193,0.29760079306219933,0.6073478760045924
0.9226659365803007,0,0.5779027269048349,4.992940000948903,6.370150452410496,4.992940000948903,0.2371351614802751,0.6003342467267868,0.029914843749999996,0.09080965290466307,-0.25089429039991623,1.512,0.3028275925031436,0.6061997703788748
0.35526284468709335,0,0.5770939584898023,4.229804236537962,5.381049908375553,4.229804236537962,0.2417295678092742,0.6114135521765286,-0.09541640625,0.09503743441833495,-0.12954618262145576,1.365,0.3227099704068655,0.6050516647531573
0.16986667669483202,0,0.5522158637472355,3.743496352584875,4.718443105828246,3.743496352584875,0.20639901030426025,0.6211340732306926,0.0695265625,0.0923482922631836,-0.002992244659842389,1.167,0.3117406536790638,0.6039035591274398
0.37723831036854794,0,0.5821619717566067,4.291919118310948,5.419584802058991,4.291919118310948,0.23949233700000638,0.6449211802102798,-0.018876171875,0.08217582802597045,-0.0312435898097832,1.233,0.28728407176630066,0.6027554535017221
0.599045732502443,0,0.5446806729795753,6.090909018638374,7.676836840450796,6.090909018638374,0.1907364251021019,0.6329437160850051,-0.04023125,0.0984734090234375,-0.06811403214080321,1.927,0.31637313808223355,0.6016073478760046
0.2378139582817651,0,0.5752321327713769,3.5262959908431792,4.456385837035461,3.5262959908431792,0.2630070416111024,0.6420098454087754,0.022260156250000003,0.0876612893499756,-0.01603851148222793,1.047,0.29691211478525087,0.600459242250287
0.27556166557108197,0,0.5821197500830307,4.1115009612710915,5.209561036824746,4.1115009612710915,0.251475892073027,0.6598030346203265,0.010572265625,0.08507294712142945,-0.07949548467571892,1.2,0.29186421487033143,0.5993111366245695
-0.02719293192427097,0,0.5872016906590698,3.544318544821615,4.4406560421883565,3.544318544821615,0.24853690459901992,0.6143026562048145,0.0058859375000000005,0.0870612885522461,0.03633626061124882,1.046,0.29512020061747724,0.5981630309988519
0.13626729178660169,0,0.539582453576363,3.9230719208410045,4.942034058851388,3.9230719208410045,0.23860125139539393,0.6691984486613525,2.1093750000000452e-05,0.08223420580505372,-0.05147087698163115,1.125,0.2867650715306869,0.5970149253731343
2.252004918433369,0,0.5784750508710685,6.198856472806456,8.145691742444203,6.198856472806456,0.23787981817870865,0.6200551457184513,0.032858203125,0.09485582794052125,-0.04794042047816193,1.92,0.3097345467543538,0.5958668197474167
41.46817634401653,0,0.5624695360151798,14.92707385169625,21.96716168500443,14.92707385169625,0.24173877815248582,0.7265489652898144,-0.036253125000000004,0.1276716148339844,-1.661140200785652,5.361,0.35914607600007276,0.5947187141216992
0.2240136123042853,0,0.5817413463223379,3.591526860466304,4.560577552423119,3.591526860466304,0.22751217835787768,0.6134908492035962,-0.019070703125,0.09106898054794313,0.011611583938660177,1.086,0.30237835945322705,0.5935706084959816
0.11536958685505194,0,0.5918023561370027,3.8748248120842965,4.895145778456798,3.8748248120842965,0.25069475625887144,0.6012023687261439,-0.049811328125,0.09088709057479857,-0.03664539833303367,1.184,0.30556220149811564,0.5924225028702641
0.2177916191824414,0,0.606204432588653,4.1849527674198335,5.259166345389812,4.1849527674198335,0.282066362351009,0.7174641616260825,0.015623046875,0.07331064970321655,-0.05299973195474681,1.135,0.27120975147821474,0.5912743972445464
24.85378522807677,0,0.5465680785571041,11.754663968351846,16.845233576630545,11.754663968351846,0.24895515634384882,0.7174813519183517,0.013137109375,0.1199491558103943,-0.6355899603524644,4.074,0.34658583273573806,0.5901262916188289
0.1335314663241718,0,0.5674594636517704,3.6953868168790986,4.647240848333981,3.6953868168790986,0.22289130526137232,0.6266334444632549,-0.011360546875000002,0.08960874070907593,-0.06218808514552522,1.107,0.29956268581780177,0.5889781859931114
0.5672639917394897,0,0.5707390300934857,4.675910982351596,5.973128698368667,4.675910982351596,0.2597122614064533,0.6008783956727631,-0.035860156250000004,0.0935542609124756,-0.00526013520734543,1.44,0.30796138023906505,0.5878300803673938
0.26851793142183134,0,0.5670692695138155,4.057184270346452,5.141440902486967,4.057184270346452,0.23923560702382696,0.6320750143768034,0.036868750000000006,0.0825144851171875,-0.040408056649749204,1.175,0.28960971987098433,0.5866819747416763
0.25988387385459877,0,0.5228578137625077,4.536181962363287,5.699741594541284,4.536181962363287,0.24339452324866692,0.6224714749838534,0.036288671875,0.0906975608091736,-0.05004743975843693,1.376,0.30333880153324433,0.5855338691159586
0.5037221864293677,0,0.5583762476269821,4.015345142318292,5.160259556506345,4.015345142318292,0.16743756620093492,0.6412342571721946,0.007424999999999999,0.08792361390625,-0.16618571440989965,1.191,0.2966121112349427,0.5843857634902411
41.73334884621122,0,0.5635060534691039,15.51514948408112,21.88980022111948,15.51514948408112,0.24015890943484403,0.7309829444177668,0.0173421875,0.11731746493896485,-2.4381477952528154,5.321,0.3429551230208553,0.5832376578645235
0.17203540961132058,0,0.5713866399211083,3.734279610104166,4.739532753745079,3.734279610104166,0.21872003611995408,0.6923375555954279,0.020181640625000004,0.07700633067855836,0.017800286043008665,1.039,0.2782330485346322,0.582089552238806
0.516712876829386,0,0.5682533952255782,4.110261132041733,5.24599912490096,4.110261132041733,0.2073468046861246,0.6330988024122338,-0.056898828125,0.08385542765487672,-0.05551832318910499,1.213,0.2951150695862124,0.5809414466130884
32.54430853894023,0,0.5491646426799226,13.730688110862133,19.467836839250005,13.730688110862133,0.15250123661051646,0.6669096529787363,-0.053777343750000005,0.11617886214294434,-0.5573900624309013,4.738,0.3450664643858484,0.5797933409873708
84.58498882772535,0,0.5501923742158801,17.30790654922891,27.950747964695438,17.30790654922891,0.180076920077061,0.6902356330393432,0.02688828125,0.16350321876892088,-2.151547219098574,7.014,0.4052483170076096,0.5786452353616532
18.96410343622929,0,0.5647152461839982,12.244372197667326,17.137935170142942,12.244372197667326,0.2217639069298505,0.652913012627334,0.033108203125,0.12211776758895873,-0.9642156372893316,4.298,0.35101840507746174,0.5774971297359357
0.10787757976711854,0,0.5510332353336362,3.6610297878695643,4.627343302775468,3.6610297878695643,0.18680104105357132,0.592867640713212,-0.0007621093750000002,0.09060535786117555,-0.08360860287798108,1.102,0.3010082036620846,0.5763490241102182
0.582298286843002,0,0.5644574231237779,4.464187236674192,5.684754696238794,4.464187236674192,0.21368509382437062,0.6191376648308029,0.021882421874999995,0.08655471937850952,-0.09108949398827626,1.317,0.29501450772059495,0.5752009184845006
0.09869258560737526,0,0.5663948777782442,3.5867233461051793,4.513126095738694,3.5867233461051793,0.18407712274394475,0.6129569644221656,-0.01040703125,0.09123207182556152,-0.07926575594270442,1.084,0.30222570725370135,0.574052812858783
-0.06042871416562434,0,0.577312252286215,3.2064776784294593,4.019533906163072,3.2064776784294593,0.24470064336080347,0.6947714726708085,-0.0023722656250000002,0.07686263759017944,-0.029200347791377545,0.889,0.2772512673269051,0.5729047072330654
0.12559331069672597,0,0.5555666498822255,3.8066679394739404,4.7817786847475485,3.8066679394739404,0.24199938553525263,0.6578720667532092,0.0020687500000000003,0.0888957148046875,-0.11434413698206151,1.135,0.29816102114671195,0.5717566016073479
16.097696963689238,0,0.5642413413651901,12.314000773593888,16.754771003086248,12.314000773593888,0.20808395935485624,0.6876007493995786,0.015713671874999998,0.10942516293807984,-0.3640965084677364,4.078,0.33116775570981394,0.5706084959816303
91.43947612275984,0,0.5658732131727358,17.78931031225964,28.979287663133523,17.78931031225964,0.18654171687319884,0.6746140308204391,0.0336328125,0.16967076439208983,-2.8690093663143386,7.352,0.41328190193710396,0.5694603903559128
0.2815824179221411,0,0.5770197472396074,4.400393212929874,5.556889523383615,4.400393212929874,0.2465443490393093,0.6530475101151209,0.012657812499999995,0.08208974775146485,-0.08279451110057579,1.262,0.2867925521500689,0.5683122847301951
0.5178235903071373,0,0.5479262528806687,4.964977566131433,6.320058780308596,4.964977566131433,0.23057723661960544,0.5902649570471378,0.008232031249999999,0.09267264147399903,-0.035297942762360646,1.512,0.3045330980575018,0.5671641791044776
0.46451414937073165,0,0.5518684500736196,4.471277582517221,5.711329802257646,4.471277582517221,0.26204834315009007,0.6261656910640969,0.014792968750000001,0.09866092198181153,0.040174899597527826,1.406,0.31445151280642614,0.56601607347876
0.18063082984851597,0,0.5490913472445808,4.334262408371834,5.450158286340326,4.334262408371834,0.23928317231104654,0.6506487369864717,-0.01139296875,0.08532231745056151,-0.030513607919177264,1.267,0.29232194099571107,0.5648679678530425
0.14464380948529154,0,0.5679217418237434,4.118598567489877,5.1680062073203805,4.118598567489877,0.22619891942986503,0.6581888772287625,-0.014799218749999999,0.08131065890563964,-0.007226796661938085,1.176,0.28553401860592725,0.563719862227325
65.58003443433178,0,0.5298298011425084,16.908525351027258,25.70659313823983,16.908525351027258,0.23768858082897343,0.695019148204364,-0.0206875,0.14721550546875,-0.8959814233266609,6.497,0.3842440345991073,0.5625717566016073
0.22189304619855488,0,0.5823727896087003,3.8975976595234556,4.920088131569793,3.8975976595234556,0.24556466265300017,0.6613479734880859,0.0014671874999999967,0.08360699970458985,-0.049211750429962745,1.127,0.2891524724842415,0.5614236509758898
41.78860897268209,0,0.540791719987441,13.02023537133067,21.18863459072098,13.02023537133067,0.16839686349106517,0.694648541672697,-0.04396601562500001,0.18530586095443727,-1.950787820881092,5.634,0.4327110715990232,0.5602755453501722
0.12316141452470841,0,0.5555330499157923,3.8890874908846644,4.862044757472745,3.8890874908846644,0.2223362178576225,0.6195894946851653,0.007593359375,0.0898303319090271,-0.07060236377154105,1.166,0.29981326023981164,0.5591274397244547
0.17416550252120988,0,0.5715767166745865,4.502808856754582,5.667384928992736,4.502808856754582,0.24345478590867434,0.6877605867269481,0.018721484375,0.07982716031967163,0.007224023046430311,1.275,0.2831565897111967,0.5579793340987371
-0.04352167565713083,0,0.5739407027508369,3.467564318978156,4.325921428752118,3.467564318978156,0.211054763491162,0.6316788749531085,-0.004410546875,0.08348053106063842,-0.11294112358209629,1.002,0.28896363782381856,0.5568312284730195
0.2914923800084326,0,0.5839315516775069,4.445990150463737,5.627130037307163,4.445990150463737,0.18933326156290392,0.6419444849814894,-0.011166406249999998,0.08642758793395997,-0.09946625765159108,1.308,0.2941976827959391,0.5556831228473019
58.43494211347356,0,0.5565383275628106,18.712942831592127,27.81889367782326,18.712942831592127,0.17740406419221663,0.743269842859506,-0.004131640624999998,0.13736624321762086,-1.9048693465756534,6.936,0.3706525511471289,0.5545350172215844
0.7905308974268519,0,0.5761144968598967,4.933570497110197,6.300118278561642,4.933570497110197,0.24539325075838855,0.6391073803198548,0.03390898437499999,0.090797804606781,-0.05143838692957689,1.496,0.3032286659076365,0.5533869115958668
4.181814120225773,0,0.542366585357946,8.783898642830808,11.5483635796387,8.783898642830808,0.21234032695776453,0.7123163502335,-0.006301953125,0.10405413265243531,-0.16441104478826116,2.834,0.3226357811304025,0.5522388059701493
0.5048643705562035,0,0.5631400891525766,4.416699865699684,5.645536742544902,4.416699865699684,0.23252921620097972,0.6582327105286659,0.013424999999999998,0.08120494671875,-0.006134783006031594,1.26,0.28528087447943296,0.5510907003444316
0.3867071503219446,0,0.5863450552420497,4.396543719676497,5.585424764464065,4.396543719676497,0.21051517087811775,0.6095082358372381,-0.039983593750000004,0.09465246691833497,-0.043825834256913755,1.364,0.3102437020915977,0.5499425947187141
1.0001971951776607,0,0.5693673029948647,5.399778446015978,6.951440138176804,5.399778446015978,0.20846621450513533,0.6672235127562327,-0.0005820312500000001,0.08681340342712403,-0.0845458598090833,1.591,0.29464171834195513,0.5487944890929966
0.33398488303993545,0,0.5702306325280769,4.377643417154926,5.5379118168606585,4.377643417154926,0.21524065257723982,0.6668085990589563,0.007404687499999998,0.08786131200927735,0.052314671808703896,1.298,0.2965065621638921,0.547646383467279
0.2481946325287554,0,0.5838337073706676,4.428254018961037,5.570592259030368,4.428254018961037,0.22902537385470426,0.6790272763521923,0.013187890624999999,0.08363900493148804,-0.06162613799429203,1.282,0.2895046206723219,0.5464982778415615
0.9215315336043179,0,0.5724489835065633,5.484713729407812,6.9867210101599175,5.484713729407812,0.22903146987831288,0.675442820353762,0.029460937499999996,0.09139813206787109,0.011428459188174004,1.666,0.303753319169108,0.5453501722158438
0.17394284437025842,0,0.5871662879469326,3.8531572797566436,4.874600643004677,3.8531572797566436,0.22907194548241552,0.6385214127534293,-0.019873046875,0.08606727489852906,-0.008893328407098831,1.133,0.29404457636661996,0.5442020665901263
65.03018690924085,0,0.5761087986020832,17.35123614514966,26.891151895307,17.35123614514966,0.21068272494326792,0.7044292284599198,-0.038299609375,0.1481715395310974,-0.6421754448743661,6.712,0.3868312288445376,0.5430539609644087
4.256743135191838,0,0.5650846896345797,9.864068191671633,12.778428117261962,9.864068191671633,0.20908416426937013,0.6149009861047234,-0.0093203125,0.10390878958740235,-0.3238107591955988,3.181,0.32248357758574314,0.5419058553386912
7.74852254912002,0,0.5654571828885235,9.942731394400898,13.29286460490446,9.942731394400898,0.26305452982558575,0.7203906104949982,-0.0199125,0.113803765,-0.690209330752871,3.36,0.33793530838941643,0.5407577497129736
0.13943876871626593,0,0.5566052634522808,3.669293698298605,4.626031520700416,3.669293698298605,0.20845595254268817,0.6304146629923402,-0.048046484375,0.08920415916732788,-0.03801782293805903,1.11,0.3025105350696484,0.539609644087256
0.7584566637217791,0,0.5955646768203233,5.414202924593054,6.90817890017862,5.414202924593054,0.21773764356863723,0.6200647785604398,0.034385546875,0.08779427283798218,-0.039950665186263425,1.615,0.29828952155896293,0.5384615384615384
1.9082956415165224,0,0.5487200900034889,7.16698776253847,9.247718168263555,7.16698776253847,0.22140789047087808,0.6997637931279276,-0.018208984374999997,0.09492543718490601,0.11996621621121342,2.212,0.30863733458036957,0.5373134328358209
0.7858023692892107,0,0.5638114493321686,5.893326364132109,7.489871831424838,5.893326364132109,0.2089404969099595,0.6545341484918681,0.016690625,0.08941646444335938,-0.01670707167919639,1.765,0.2994913043917135,0.5361653272101033
2.526627907331318,0,0.5582191286665792,8.06558280060125,10.35355512067841,8.06558280060125,0.2419635479421366,0.7144923890337309,-0.022140234375,0.09643170963119506,-0.19562771108290664,2.511,0.31132282217880364,0.5350172215843858
1.0763452964172586,0,0.5791424264410956,5.077508523032885,6.584037403285201,5.077508523032885,0.23230496570288695,0.6494052124502212,0.017830078125000003,0.0933521285484314,-0.2035865617601049,1.554,0.3060556162438046,0.5338691159586682
0.03133139137354979,0,0.5634698540997555,4.228766103664776,5.275390519431382,4.228766103664776,0.18311107542315086,0.6427836364367738,-0.01289296875,0.08306615495056152,-0.05772707569024986,1.22,0.2885002315315362,0.5327210103329506
0.5790721296802515,0,0.5619348509270895,4.611490128752448,5.9021089835709,4.611490128752448,0.23306289540232758,0.633450052120123,-0.06323398437500001,0.09955984017318727,-0.18600342240246348,1.484,0.32180487403568797,0.5315729047072331
0.5942148250825943,0,0.5725070747365741,4.728783614433833,6.03136427221636,4.728783614433833,0.2206495741842172,0.6388634963957212,0.017455859375,0.09242654023910522,-0.0842286332371686,1.44,0.30451805737201365,0.5304247990815155
43.75897647251004,0,0.5508146745300068,16.630213659029874,24.451525349273215,16.630213659029874,0.2092612115864529,0.7264907398711447,-0.010980078125,0.13389450546249387,-2.0036567112166566,6.088,0.36608068451930786,0.529276693455798
0.44589296370030906,0,0.5931316973204543,4.9659343386003085,6.323329088556514,4.9659343386003085,0.2328286889332884,0.6442742354407225,-0.0447140625,0.08290601433349609,-0.0818002356884412,1.447,0.2913852462269667,0.5281285878300803
0.43532079134718105,0,0.5880491781436497,4.092903581837242,5.221314069556568,4.092903581837242,0.18103083119184166,0.6315967134565591,0.020826171875,0.08812503501815797,-0.07018868139070263,1.218,0.2975882464969425,0.5269804822043628
0.3660023193705344,0,0.560295445257555,4.501368947007465,5.754959769105445,4.501368947007465,0.17428377507000892,0.6518664176191864,-0.013311328124999999,0.0958643659654236,-0.09884284419886767,1.395,0.30990572344162187,0.5258323765786452
3.7427156845787986,0,0.5636397208365445,6.848344491592504,9.054231628610113,6.848344491592504,0.2260296353251459,0.709555778329998,-0.008529296875,0.09657241476669312,0.027330305105802536,2.129,0.3108780527343077,0.5246842709529277
1.255665342576326,0,0.5928191413956935,5.301008207560227,6.829635452819616,5.301008207560227,0.23202020445598345,0.6408584035435961,-0.0033191406250000005,0.09052146416488648,-0.175713656214252,1.595,0.30088615930177814,0.5235361653272101
0.33166306258505696,0,0.5844740022800157,4.525759927655078,5.717906617701117,4.525759927655078,0.27771454243618027,0.6438968500429595,-0.023431249999999997,0.0789420429296875,-0.16386136105022506,1.276,0.2819416010564067,0.5223880597014925
25.631251638515327,0,0.5136529003986473,13.300100192202153,19.126684496480447,13.300100192202153,0.20025568573700842,0.7342072444554589,0.014671875000000001,0.12018670405273439,-0.6730848420822013,4.615,0.34698986724218617,0.521239954075775
108.58984855597394,0,0.5513606331139912,20.324785475875085,33.491205910799145,20.324785475875085,0.2785455742388449,0.6613542027517889,-0.025358203125,0.1701643416123962,-3.0239658529182223,8.4,0.41328849497430364,0.5200918484500574
1.4324977615748624,0,0.5615231386592131,7.159938249427635,9.22252696318175,7.159938249427635,0.21980907040156003,0.6554953642511415,-0.02240390625,0.09860162826599121,-0.057776046803995305,2.254,0.31480718429103555,0.5189437428243399
0.32968457274844143,0,0.5681154226264352,3.936111335114012,4.999204344968347,3.936111335114012,0.23649371143369072,0.6616404164794559,-0.011238281250000001,0.0821459057220459,-0.10725994703723228,1.129,0.28683131748032675,0.5177956371986223
1.0028800865833185,0,0.5698131495118106,5.789026603293999,7.404578155657291,5.789026603293999,0.24004492168979596,0.613891454767737,-0.0052335937499999995,0.09335061105895996,-0.17551364977453032,1.769,0.30557814313608883,0.5166475315729047
0.7550634334138242,0,0.5671039480035586,6.002235319604893,7.674617079162861,6.002235319604893,0.23695419747970772,0.6441561631362482,0.023834765624999997,0.08886594808822632,-0.06114537055214703,1.795,0.2990552526551323,0.5154994259471871
0.6095370334977273,0,0.5777007212274595,4.038291506537965,5.139696589699614,4.038291506537965,0.25426471201397394,0.6073524194114422,-0.020186328124999996,0.09206262817245484,0.10543728087079399,1.228,0.3040889935785658,0.5143513203214696
0.4876776284921953,0,0.5782431318095339,3.8731199208640237,4.927980756794165,3.8731199208640237,0.21057330354041182,0.6241965755526474,-0.052605859374999994,0.08478084895004272,0.02997439210922096,1.146,0.2958854937144182,0.513203214695752
43.50900938657136,0,0.5623314953156291,15.089824347394318,21.825653995099977,15.089824347394318,0.2235757918344991,0.7052463610776805,0.004534374999999999,0.11772803163085936,-2.352898806593176,5.178,0.34314514740485547,0.5120551090700345
0.1623830815297338,0,0.5871713990184149,4.8448284978318545,6.091714623435115,4.8448284978318545,0.22235854042113679,0.64660346848636,-0.025382421875000005,0.08037190414413452,-0.07689468325657625,1.379,0.2846333983993709,0.5109070034443168
0.7886474867565316,0,0.5760021963571869,5.303526278266734,6.818800218988392,5.303526278266734,0.2344415010803675,0.661356992731058,0.04361406250000001,0.0919787213647461,-0.08366830258250127,1.625,0.3063999148376187,0.5097588978185993
21.391484592659545,0,0.5755186923282848,13.651458057752809,19.37120113541699,13.651458057752809,0.19570449191987907,0.7200535614250972,0.004845312499999999,0.12907465107177735,-1.6782609319616932,4.905,0.35930227959894717,0.5086107921928817
0.4139445604921894,0,0.5609235309033728,4.465441246723347,5.708353309212818,4.465441246723347,0.20591927046473957,0.6440212298271171,0.023565625,0.08328794725585938,-0.005098821118656516,1.293,0.28955705126537673,0.5074626865671642
0.21015352187015068,0,0.5773515378375197,3.9310192242748236,4.917241125723801,3.9310192242748236,0.2530177976819906,0.6627720611208738,-0.009623828125000001,0.07778325341659546,-0.1074513019515967,1.097,0.27906248670212735,0.5063145809414467
70.16429381258584,0,0.5342875743276908,17.47234988834372,27.524283374033995,17.47234988834372,0.185041757915835,0.7183265162373218,0.0040445312499999995,0.16334629957946778,-0.43165055131437335,7.062,0.404181466438653,0.505166475315729
0.2981215999791762,0,0.563051873173058,4.720064361851542,5.966267499843862,4.720064361851542,0.26166345441619787,0.6524171820484026,0.013508593749999997,0.09006947336364746,-0.06332535136030536,1.418,0.30041963229581053,0.5040183696900115
0.28208831076260354,0,0.5423475174169575,4.637164817917137,5.851039798020065,4.637164817917137,0.2363963849227508,0.6412222544717825,0.0379875,0.08660744515625,-0.02514732265349099,1.376,0.2967330371099585,0.5028702640642939
2.0601219976031073,0,0.5520608908466554,6.657549485997423,8.690637578658073,6.657549485997423,0.2020067772280024,0.6752677743558868,0.011030859375000002,0.10042035256332398,-0.24189069741176322,2.111,0.31708363631993847,0.5017221584385764
0.3141211042381036,0,0.5729292010822937,4.267078146109659,5.417229686663437,4.267078146109659,0.2393052895599244,0.673410692116128,0.023123828125000002,0.08459428427597046,-0.11798992615366384,1.245,0.2917687366787693,0.5005740528128588
0.41477976065986555,0,0.5931046914569154,4.230274144855796,5.393739945168648,4.230274144855796,0.24107105615252886,0.6483714783957167,-0.007634765624999998,0.08517257402572631,-0.17251516953196058,1.235,0.29194325419826883,0.49942594718714123
0.07314728929124081,0,0.5433103254086159,4.3353037259432154,5.418348626932961,4.3353037259432154,0.22402686327559948,0.6493362073375243,0.0031347656250000017,0.08459421582260132,0.028249516086780644,1.261,0.29086774069691024,0.49827784156142363
4.03567251830485,0,0.5573968893144209,6.700214719830315,8.840017288896531,6.700214719830315,0.22733644248391283,0.6718539107507432,-0.007241015625000001,0.11062082589584352,-0.04120219324969461,2.229,0.33267590565462507,0.4971297359357061
0.9994867017295488,0,0.5507156439686561,5.709892498969041,7.32280744044032,5.709892498969041,0.24314399710533002,0.6434242263085679,0.013656640624999999,0.0969951176512146,-0.0965190441801349,1.78,0.3117396694108323,0.49598163030998854
0.2237957936410937,0,0.571089202723157,4.176625614943606,5.287054815840739,4.176625614943606,0.19556712709502713,0.6681471157527642,-0.00484765625,0.07993206585388184,-0.038392156447779505,1.181,0.28276415194469046,0.49483352468427094
2.9864833966345463,0,0.5838476509177726,8.082130736012065,10.549201310078937,8.082130736012065,0.22251904340305087,0.6289573213918349,0.025190234375000002,0.09504701810775758,-0.263373845610912,2.5,0.3093243702258602,0.4936854190585534
27.797792452219767,0,0.5631037117755725,15.267565907570075,20.648205551019117,15.267565907570075,0.26452647361521897,0.6512049408880897,0.06328632812500001,0.10701040434432985,-1.702904727584688,5.087,0.3331899813497924,0.4925373134328358
0.3727311374608284,0,0.5667122149190857,4.582162020604324,5.814554985001429,4.582162020604324,0.2687428203512584,0.6451043551547158,-0.007678124999999999,0.08280176749023438,0.005877834078594297,1.319,0.2878553822560037,0.49138920780711826
0.517042058270659,0,0.5645947315405278,4.32777071830871,5.518184652414842,4.32777071830871,0.20488975968629858,0.6356105676972384,0.012496875,0.08814235311523437,-0.16629860442866568,1.286,0.29715067726660155,0.4902411021814007
0.6743412955614803,0,0.565761968572148,4.752191606662534,6.050189807504956,4.752191606662534,0.23896549172238446,0.5802772980700415,-0.014746874999999998,0.08744229608398438,0.019092709968325353,1.407,0.2960739205101489,0.4890929965556831
0.6198267839573282,0,0.575800519824237,6.198237377235556,7.854004545141521,6.198237377235556,0.2088228237258451,0.6715792657779714,0.034160156250000004,0.0814899602874756,0.06195371715333984,1.782,0.28750108967184806,0.48794489092996557
0.2127998447852768,0,0.5587661339947709,4.188254681466317,5.258140730001789,4.188254681466317,0.2655672968909571,0.6200914888703777,-0.010240234375,0.08911230986557007,-0.0648128347205284,1.251,0.2986924375768911,0.48679678530424797
0.9807469594909555,0,0.5844958588158105,6.430803690085788,8.192868601547238,6.430803690085788,0.21508523454217182,0.6378652642969761,-0.078600390625,0.0883330821092224,-0.1375799131317268,1.977,0.3074265823178357,0.4856486796785304
2.2524234361794147,0,0.5686472121331279,6.350554962807823,8.259671850588035,6.350554962807823,0.2505736253640616,0.7218342014655365,0.0006011718750000003,0.0839480124205017,-0.18780100714923084,1.84,0.28973845762708994,0.4845005740528129
0.054007473081464585,0,0.5271505765801856,3.88352643334522,4.86576999945984,3.88352643334522,0.2127666708371751,0.6292672408615599,0.03842265625,0.08259044792419434,-0.07889821244039688,1.126,0.2899426640518777,0.4833524684270953
0.31750041014903774,0,0.5879024636686596,3.6206557844954568,4.5894524870112505,3.6206557844954568,0.21291759356219095,0.6429202201102254,0.052518359375000004,0.08605315981918335,-0.11773890145380585,1.079,0.29801231164269876,0.48220436280137774
0.7420855123662533,0,0.5318815894387047,5.231657221888289,6.728144972347513,5.231657221888289,0.21155693228985414,0.6434236906396911,0.024102343749999998,0.09876790515075684,0.14760026743453458,1.649,0.3151964912955092,0.48105625717566014
0.1546023262537446,0,0.5791727351809876,3.8399199614015656,4.857566620941293,3.8399199614015656,0.21943889875375602,0.6628899422451419,-0.02735625,0.07982818246093751,-0.07565728167163485,1.09,0.283860083271671,0.4799081515499426
0.17201432017606288,0,0.5778563728937315,4.3946901743431965,5.55818710828939,4.3946901743431965,0.2233409418861868,0.6085867114244478,0.007659765624999998,0.09180671822494506,-0.05333230693465898,1.332,0.3030930389078162,0.47876004592422505
41.94130920402856,0,0.55692776382802,12.980234184339531,19.986889787639296,12.980234184339531,0.1988190886874129,0.7262315839491144,0.03634921875,0.15004102804626465,-1.1237565024820728,5.05,0.38905307317896876,0.47761194029850745
0.5817476478432972,0,0.565830021734297,4.135070216743747,5.29468492546772,4.135070216743747,0.2643745927847455,0.629887917644737,-0.02784453125,0.08358150942321778,-0.08097721519581577,1.201,0.2904424682165988,0.4764638346727899
100.31779659089008,0,0.5488927587716178,18.468767887628108,30.09105457756195,18.468767887628108,0.2348873571445982,0.6722066197374509,0.025959765625,0.18141638939682006,-1.8645154555366112,7.881,0.42672039888916136,0.4753157290470723
0.4664164786093936,0,0.5869854424822624,4.377711009222963,5.5734075014176545,4.377711009222963,0.199992239439087,0.650670650150687,-0.022659375,0.08631964022460939,-0.13479859617972736,1.29,0.29467454504927976,0.47416762342135477
40.46519180464558,0,0.5505107119582594,13.803510298105339,22.020802102988572,13.803510298105339,0.2044424983537369,0.6949414263140679,-1.875000000000071e-05,0.16394158558593752,-1.5487084209793274,5.589,0.4048970065800685,0.4730195177956372
56.323706290632515,0,0.5402521516709498,15.013748031969385,24.150470785696545,15.013748031969385,0.22391130637210796,0.686475469958177,0.010168359375000002,0.17413390876449583,-1.6690938905346842,6.267,0.41741742212906613,0.4718714121699196
63.71713690983222,0,0.5876316514609821,17.119932862551842,26.779021903208786,17.119932862551842,0.24863737868872218,0.6434912056570512,-0.0011132812500000012,0.1625333488861084,-2.5562325814469915,6.902,0.40315578661511237,0.4707233065442021
17.224917199700762,0,0.5645213031946299,10.756553907615839,15.102852621191339,10.756553907615839,0.1918551308319759,0.6281111616262404,0.01471171875,0.1286910762689209,-0.3430972776027016,3.862,0.35903692141268706,0.4695752009184845
1.0654976852502411,0,0.5589295392964713,6.160754181950001,7.838834107653097,6.160754181950001,0.2758766532442549,0.6913663076907508,0.033569921875,0.0866252529234314,-0.10598272358660837,1.825,0.29622996569915916,0.46842709529276694
85.07895205684962,0,0.5611853495063509,19.43450338937399,30.04614900699043,19.43450338937399,0.1511874940959588,0.7233974958860644,-0.032506640625,0.14787106948715212,-3.3751419862884187,7.5,0.3859115846562202,0.4672789896670494
0.6895169209242145,0,0.5630928217472198,4.501331868875399,5.702352194093655,4.501331868875399,0.22086533229601155,0.6379265961157126,-0.008200000000000002,0.09135127953125,-0.15265274409266533,1.361,0.30235495618767355,0.4661308840413318
85.13340729551412,0,0.552508787181989,17.47218254688414,29.526530326780897,17.47218254688414,0.19522526766329723,0.6910131927944976,0.010088671875000002,0.18840690190292358,-2.9157139305468567,7.586,0.4341758666751585,0.46498277841561425
3.758193034856186,0,0.5872513248386235,8.672626026249281,11.270294512149963,8.672626026249281,0.2576266280193218,0.6922014090466553,0.049900390625,0.0926462678123474,-0.28879083460883964,2.675,0.30844175592301865,0.46383467278989665
0.9608843042214925,0,0.5736050456987594,4.945767250599463,6.306071754637825,4.945767250599463,0.20569820725873353,0.6909608394572974,0.040937890624999994,0.09603692778305054,-0.17282840797463078,1.546,0.3125905287622691,0.4626865671641791
1.085943065308026,0,0.5839433461494031,5.2890616033818585,6.776085330814342,5.2890616033818585,0.2526100355447752,0.6340293060093297,-0.026599218750000004,0.09241394874938966,-0.10087928185204825,1.614,0.3051581019529057,0.46153846153846156
1.4525751194929235,0,0.5929953467898619,6.31750704425157,8.137325370605392,6.31750704425157,0.24766265989411185,0.7167441345760198,0.031564453125,0.09002735131454467,-0.16422817979461224,1.906,0.3017012860688946,0.46039035591274396
10.492185171453297,0,0.5954166486767164,12.086885255496403,16.0254335073549,12.086885255496403,0.20116610760598447,0.6663015636231647,0.017321484375,0.10269369000717163,-0.8544839418763399,3.879,0.32092635265450703,0.4592422502870264
0.7456025223250657,0,0.5988482935806025,5.1936524374060955,6.600591261547807,5.1936524374060955,0.21820499372630714,0.6923185415557837,-0.033973046875,0.08159343638290405,-0.022918877280225444,1.494,0.2876588331633065,0.4580941446613088
1.0993699461789728,0,0.5781070635727196,4.954913018217419,6.419661040350697,4.954913018217419,0.22210392128303,0.6840075230449137,-0.025572656250000003,0.08533825878356933,0.005689357501890295,1.453,0.29324430008313884,0.4569460390355913
16.344301034179594,0,0.5485360565726348,10.499557056056243,14.988253381204794,10.499557056056243,0.17554544757620627,0.7191183680577272,-0.0089515625,0.13042384140380858,-1.084598363333942,3.793,0.3612533347596947,0.45579793340987373
13.07801559000524,0,0.5260163601578726,11.596493052508837,15.804869158452684,11.596493052508837,0.24073963243131943,0.6980793959894481,-0.053459374999999996,0.12001829053710937,-0.709089383106569,4.065,0.3505370099040899,0.45464982778415614
0.42387546875644766,0,0.5816557126181582,3.8606956222127478,4.913131727385013,3.8606956222127478,0.1891087686911911,0.5897710103782985,-0.021416015625,0.09583164763412476,-0.009454588262645766,1.198,0.31030677298340587,0.4535017221584386
0.44417399386202705,0,0.5871028901727231,5.279443507799911,6.678357207772536,5.279443507799911,0.2525563880393188,0.6892570521910634,-0.012934765625,0.08131253988510131,-0.1858294708865245,1.507,0.2854467516838736,0.452353616532721
0.29001552298652733,0,0.5901256273198404,3.9408789877709496,5.023184723900403,3.9408789877709496,0.27242467033120926,0.6678166209861002,0.027080468750000003,0.08294700133728027,-0.016241620398909133,1.14,0.28927556606979443,0.45120551090700345
0.22189061355972317,0,0.5848919377472958,3.788463308956839,4.803364879074657,3.788463308956839,0.23281082671992823,0.6331122285094818,0.0175515625,0.09055891062255858,-0.05763190308236184,1.142,0.30144148349016264,0.4500574052812859
51.817771998578586,0,0.5628669884823735,13.469112825649333,21.1543835742122,13.469112825649333,0.2345591925920311,0.6449900679633338,0.039386328125,0.16482803082870484,-0.7466004343605397,5.494,0.40789620453232334,0.4489092996555683
0.24198519241391736,0,0.5471786798799287,4.454833533727901,5.616974069217678,4.454833533727901,0.21811481251872392,0.600385548209759,0.009722265625,0.08997956153549194,0.038577145575935695,1.337,0.3001234479083149,0.44776119402985076
23.516544615670337,0,0.5487256392241484,14.449626376852432,20.476196323538446,14.449626376852432,0.261682621980905,0.7585514710373548,0.004639062499999999,0.1300340353491211,-0.7520163345161677,5.211,0.36063216197394266,0.44661308840413316
0.25893600401385,0,0.5614077733100523,3.7688141545957725,4.778664273595355,3.7688141545957725,0.28722518703841304,0.6418967303172904,-0.02421796875,0.07926622045837403,-0.09853078228127587,1.065,0.28258225434154566,0.4454649827784156
67.07306741317403,0,0.5422347551215754,16.954118833244745,27.752337693415626,16.954118833244745,0.23049286670416827,0.7225806978431851,0.006120703125000001,0.1804621951963806,-2.161570366136539,7.203,0.42485251347158703,0.4443168771526981
0.5544322232632051,0,0.601351196455603,4.810629176868289,6.098468110778662,4.810629176868289,0.23152132649252136,0.6241965254221811,0.015051171875000002,0.09200865714706422,-0.11113123373111586,1.461,0.30370247763539077,0.4431687715269805
0.36894324504780895,0,0.5956671105262824,4.002222039212313,5.063256306712254,4.002222039212313,0.16319138704171002,0.6383116514959085,0.008389062499999999,0.08249411738037109,-0.11328716439173848,1.15,0.2873403796023107,0.44202066590126293
0.10513119898265577,0,0.5808714868942743,4.311033822557592,5.394760289369355,4.311033822557592,0.2057984559128053,0.6155653639093578,-0.026270703125000006,0.08871097320419312,-0.14653393337808124,1.289,0.2990002057639342,0.44087256027554533
35.855437662473435,0,0.58150450443174,14.787807368798623,21.97305432935599,14.787807368798623,0.2321271902377458,0.731357740381662,-0.03858828125,0.13815234376892088,0.007353874182482141,5.526,0.3736862309729247,0.4397244546498278
0.9978220386791716,0,0.5677557236169734,6.084264268093564,7.820544499994921,6.084264268093564,0.20655741573310327,0.6370290434996869,-0.01256640625,0.08785335262145996,-0.13186356426011434,1.805,0.29666692971664366,0.43857634902411025
9.19176661785401,0,0.5723184958511613,9.533999693916732,12.864725650931247,9.533999693916732,0.22568902892331413,0.6681080436536015,-0.030642578124999997,0.10073198670272827,-0.18554247461141657,3.04,0.318858831298233,0.43742824339839265
2.0785849869347244,0,0.5848352843396518,7.6829674533720365,9.888539949273444,7.6829674533720365,0.24817653527110314,0.6948162323178606,0.0006652343749999984,0.08876288988510131,-0.33184687718922745,2.289,0.2979317579948049,0.4362801377726751
0.7371298785651472,0,0.5934803495181149,5.18174040794683,6.601512464074338,5.18174040794683,0.22828576284739713,0.6189853180112492,0.0024496093750000004,0.08694916855453491,-0.0987045612149571,1.528,0.294881618858526,0.4351320321469575
0.528001763274045,0,0.5838030232077827,4.492197402134656,5.714402915176832,4.492197402134656,0.28798828586286795,0.6595742496070458,0.0017453124999999993,0.08451874450927735,-0.08752259654375778,1.306,0.2907263156733494,0.43398392652123996
31.46758691976136,0,0.5532071848849244,14.693999060531103,21.39489503955419,14.693999060531103,0.24790950786096635,0.6833387980508059,0.057998828125,0.1349610207017517,-0.7185085775529576,5.465,0.3719205355524551,0.43283582089552236
0.44802477093676263,0,0.5860755521138722,4.1015523172869415,5.214602819430298,4.1015523172869415,0.23270930736009443,0.6128555466932704,0.027698046875000003,0.0845461935899353,-0.0598193484662057,1.198,0.29208453466526607,0.4316877152698048
19.225151339414804,0,0.5599672847556466,13.429262339268389,18.31784740158232,13.429262339268389,0.1656050427154598,0.72364909352443,0.008926953125000001,0.11960927005477906,-1.215895371876673,4.646,0.3459609234391581,0.4305396096440873
0.19340686829148535,0,0.5776861366216677,4.1068265705789555,5.182614793766519,4.1068265705789555,0.235484345193761,0.6289492620766604,0.005202343750000001,0.08880098171325683,-0.09215948262201214,1.224,0.29804034306407245,0.4293915040183697
0.5907384535602072,0,0.5847731103003041,4.94153959855864,6.319185043548184,4.94153959855864,0.24101032873053999,0.6345306911306885,0.060035546875,0.09914667100204468,-0.020416239558994506,1.584,0.320547871449219,0.42824339839265213
0.6491697996398056,0,0.6051256138900221,5.408278322109254,6.855105289994069,5.408278322109254,0.24325219419449293,0.6831527474065223,0.014236718750000002,0.0813008658392334,-0.19644564435342962,1.544,0.2854882659585154,0.42709529276693453
0.24260729372669054,0,0.5722999396303403,3.8418388507338257,4.857792771808039,3.8418388507338257,0.20964349483196318,0.6230148377706275,-0.024629296875,0.08317164812606812,-0.05472891270245213,1.112,0.2894447276953322,0.425947187141217
0.8621403812243247,0,0.596593700983358,6.00827338739485,7.6383938060061105,6.00827338739485,0.2489921404671438,0.6071472444193015,0.009756640625000002,0.0935885192918396,-0.0537110854479003,1.839,0.30607794975810493,0.42479908151549944
0.991345183484639,0,0.5663970378390651,5.342163377544395,6.846258949899497,5.342163377544395,0.24074131304640337,0.6504669422104336,0.020752343749999996,0.10024050038513184,-0.11676356536382428,1.695,0.31728718876792045,0.42365097588978184
0.4032327014075543,0,0.5889327440500851,3.7719518046636695,4.803057306358781,3.7719518046636695,0.1911705961274909,0.628270916404686,-0.027080859375,0.09028985947738648,-0.10522270478059292,1.138,0.30170056748682955,0.4225028702640643
0.44346036971027125,0,0.5698353035698862,4.641558136600202,5.908692041569026,4.641558136600202,0.23590785720928573,0.6562516167757174,-0.0320765625,0.0864721886694336,-0.07644015639861998,1.373,0.2958058392446809,0.4213547646383467
5.094698150072073,0,0.5880852069793461,9.018884697064038,11.810549082423346,9.018884697064038,0.22739386256483923,0.6931538126494816,-0.022908984375000004,0.09842454132553101,-0.09749411329455768,2.837,0.3145621765098674,0.42020665901262916
0.144260642914118,0,0.5846072442421002,4.254116469796761,5.354916610795175,4.254116469796761,0.22749161054268896,0.5959460571133122,0.017193359375,0.09323113800277709,-0.07455556440927671,1.301,0.30582143418893154,0.4190585533869116
1.606772684827125,0,0.5981761425324315,6.646293346917617,8.660234457666789,6.646293346917617,0.2746561687663528,0.6629725583523592,0.026987890625,0.08508856743148804,-0.14498513148398678,1.947,0.2929452400566956,0.417910447761194
77.21805826237785,0,0.5644786665571956,17.46127151302732,27.28278009418039,17.46127151302732,0.2828037317073356,0.7228033913735104,-0.026565234375000003,0.15608019418197633,-2.223733704192121,6.914,0.3959620005245137,0.41676234213547647
40.7227435393237,0,0.5674759339475521,14.14171191115563,21.471193192218085,14.14171191115563,0.1961303531053978,0.7450244924732451,0.00940625,0.1460985271484375,-1.3141561902096859,5.407,0.3823440920002557,0.41561423650975887
60.04346591113725,0,0.5400888716956843,14.900030588608733,26.145278938699594,14.900030588608733,0.23374674155241132,0.6236317112685734,-0.00508203125,0.239481608114624,-1.5350273794787346,7.292,0.48939496846233516,0.41446613088404133
0.6931002250228984,0,0.6019844728668531,4.8013376073705105,6.144704637325258,4.8013376073705105,0.19459371434696118,0.6288166545908895,0.04457226562500001,0.09200536509017945,-0.024810314402512246,1.472,0.3065812322258572,0.4133180252583238
2.1021754984981325,0,0.5831798826786913,6.464476988266668,8.419709518141266,6.464476988266668,0.23570343708773214,0.7056678202310835,-0.026059765625,0.09115458900619508,0.026937670851761727,1.959,0.30304075697936245,0.4121699196326062
0.4161261491758901,0,0.5669496382098418,3.850331747005937,4.9107558286655575,3.850331747005937,0.19330860778268244,0.6146399792369344,-0.034966015625,0.09190519689193724,0.04495114479001896,1.175,0.30516850941836215,0.41102181400688864
0.9347661489615287,0,0.6047984077614329,6.564150592643784,8.324266297290277,6.564150592643784,0.19569885788893718,0.6997671829526544,-0.004531250000000001,0.0818323740234375,0.10870509409589503,1.878,0.2860994691536494,0.40987370838117104
0.4502949441124908,0,0.6136446410622101,4.291889561378126,5.4534647627470845,4.291889561378126,0.24504572231807972,0.6080900340791265,-0.042988671875,0.09621413541854859,-0.11435201926803026,1.344,0.3131487846505635,0.4087256027554535
0.35699488050011485,0,0.5762924044094969,4.2431437401336485,5.392385498662983,4.2431437401336485,0.239971320770199,0.6419881099038082,-0.005012500000000001,0.08427843734375,-0.0386342875193838,1.232,0.290350757705228,0.40757749712973596
0.1788202799862888,0,0.5725768331427904,3.856253782859108,4.856859454433443,3.856253782859108,0.25105858622967747,0.6217578104557583,0.040394921874999996,0.08901103192733764,0.009187663712207458,1.161,0.30106939671880467,0.40642939150401836
0.6158108630987891,0,0.5756948317950522,5.473536536992057,6.933945203372051,5.473536536992057,0.2260665850792429,0.6566466680796413,0.032992578125,0.09033543392929078,-0.12673786737773357,1.655,0.30236392665234557,0.4052812858783008
0.29555068640467264,0,0.5816243693879546,4.073721291633729,5.153720298653733,4.073721291633729,0.1576850039456162,0.6209864700625858,0.025299609374999997,0.08787609968734741,-0.03800477297055155,1.212,0.29751667167047124,0.4041331802525832
0.8402510566822561,0,0.5767770501887953,4.5537323676439545,5.857698185121774,4.5537323676439545,0.23597899415757687,0.6127866091521292,0.019762890624999998,0.09657497620101929,-0.005323410628317992,1.418,0.3113929158585259,0.40298507462686567
43.94784659765573,0,0.5631929882597454,16.597683061590914,24.086221344594986,16.597683061590914,0.21401766054429716,0.7287107312670371,0.008387890625000002,0.11662973118148803,-2.1643522153455574,5.67,0.34161394569107534,0.4018369690011481
59.98829765673022,0,0.5719968848234902,16.524940391848432,26.209923252216647,16.524940391848432,0.22143747684896972,0.7167097888871298,-0.024125390624999996,0.15633576123031617,-2.648061919576081,6.546,0.3961285090764423,0.4006888633754305
36.32048761331007,0,0.5703828641276916,16.139265970009884,23.2853540995117,16.139265970009884,0.22525079695877737,0.7591929572648813,-0.006045312499999999,0.12469667997802733,-0.810314372343862,5.7,0.353175913365068,0.399540757749713
0.5023051154082583,0,0.573286750607942,4.754001064141631,6.0211558600260355,4.754001064141631,0.20353494637077454,0.6586982553040308,0.10148710937500001,0.09381988967758179,0.013240477345792555,1.534,0.3226755693368728,0.3983926521239954
25.74453804919204,0,0.5795264339416584,14.158378831958148,19.90952147538066,14.158378831958148,0.23833883680169898,0.6941431990484039,0.055989843750000004,0.12068216942810059,-1.375189337443755,4.982,0.35187644426879444,0.39724454649827784
25.856236722887992,0,0.5748950388834063,15.132727496862222,20.693813715455477,15.132727496862222,0.21581773882150745,0.7490691312135057,0.004129296875000002,0.1063766407041931,-1.4511867809550867,4.936,0.3261804589439334,0.3960964408725603
123.72706242022096,0,0.5689362401072786,20.13193602294177,34.606618833635395,20.13193602294177,0.1973942176704937,0.6813054838312638,-0.012491406249999998,0.18711242961364746,-3.382979949077769,8.712,0.4327452655359156,0.3949483352468427
39.46714657237536,0,0.5588440887406917,15.062365870821754,22.65909585822659,15.062365870821754,0.21292079014596066,0.6941729615125627,0.003328515624999998,0.15734714090560914,-1.5310476117417857,5.975,0.3966840303338099,0.39380022962112515
0.4674547576424799,0,0.589446420130168,4.555163577690307,5.819329257533139,4.555163577690307,0.2878164335184943,0.6686396249403302,0.013422656250000001,0.08303122214294434,-0.11315924022980449,1.314,0.28846384495071475,0.39265212399540755
53.97401179653145,0,0.5468573068526195,16.4355392234466,24.8205331242053,16.4355392234466,0.23834132788651974,0.6154570491924427,-0.013989453124999999,0.1498770260606384,-0.4490615466904105,6.367,0.3873922183774153,0.39150401836969
18.551035663002164,0,0.5762479267551944,11.502676564505311,16.323651061801698,11.502676564505311,0.2055440166252795,0.7131139070076652,-0.00028632812500000023,0.13338508793807985,-0.3728119925285747,4.201,0.3652193449447537,0.39035591274397247
0.6267706215477262,0,0.5892946129750515,4.904946206304032,6.278213891341858,4.904946206304032,0.23730566406487832,0.6296799344990718,-0.022194140625,0.09402969941879273,0.01046645151875971,1.508,0.3074447581222926,0.38920780711825487
0.30562341330442555,0,0.5800893585723178,4.354819172688731,5.528065733840108,4.354819172688731,0.22662932862432797,0.6163478577989241,0.01716953125,0.09354162204040527,0.029569677666047157,1.334,0.3063273001933553,0.3880597014925373
54.0052432565372,0,0.5662658472233352,16.752946981588966,25.569237769131604,16.752946981588966,0.27862430579687236,0.5791444644067403,-0.0026468749999999978,0.16712972530273434,-1.669090448958415,6.849,0.40882359429220816,0.3869115958668197
17.906106750272052,0,0.5601986217076265,11.648340631269164,15.95914946493695,11.648340631269164,0.21550423436829644,0.7350985544938624,0.0117109375,0.1092760976928711,-0.8273656287331012,3.853,0.3307767279449992,0.3857634902411022
1.1070355577659425,0,0.5653866203305103,5.105827296739855,6.582751400618237,5.105827296739855,0.23324034271498786,0.5971698249947366,-0.019005078125,0.09576230973983765,-0.21880011691684392,1.583,0.3100379053186481,0.38461538461538464
0.7983028230801534,0,0.5955008410907765,4.558640576902261,5.841862016543132,4.558640576902261,0.2153484976208641,0.6052196059108211,0.04131953125,0.09573310493103028,-0.05505156898058433,1.423,0.312154462716377,0.38346727898966704
41.05183048892584,0,0.5743226877860167,13.978971883530953,21.768721096390706,13.978971883530953,0.14174931503180824,0.7425445368042759,0.005569531250000001,0.15135565688415525,-1.7833888676064016,5.439,0.3890844080177205,0.3823191733639495
43.47329221617453,0,0.558326556445244,16.407014133396547,24.220266866207904,16.407014133396547,0.25111929407815814,0.6894277564816772,0.0008253906249999984,0.14492483474594114,-1.6215947580445071,6.246,0.3806908404672024,0.3811710677382319
0.5509491811521023,0,0.5784379542982425,4.16375620175145,5.322401293349765,4.16375620175145,0.2514223838542404,0.6324591502265777,-0.029487890625000002,0.09319181469711305,-0.0028039929133263863,1.277,0.30669422947069774,0.38002296211251435
1.0086557518847545,0,0.5689226451802335,5.04910415748382,6.517053668156982,5.04910415748382,0.22709712009638927,0.6443217594052886,-0.004987499999999998,0.09036397953125,-0.00843508417827181,1.518,0.3006473926171654,0.3788748564867968
45.57989832220633,0,0.5789972261120774,13.467536419559888,21.221228258258787,13.467536419559888,0.20541740683753007,0.7208459408357953,0.053634375,0.17375013116210938,-1.543683400364933,5.66,0.42026988631562695,0.3777267508610792
0.44938107865194565,0,0.5847509779514456,4.9568238525353046,6.278297780643351,4.9568238525353046,0.2361448709495187,0.6737340177608176,-0.036480078124999996,0.0823626269468689,-0.07024803087525677,1.434,0.2892981559686736,0.37657864523536166
21.683723342257448,0,0.5472998416506419,13.686241125278814,19.450894426143577,13.686241125278814,0.1903311518682436,0.7249555861493483,0.014329687500000002,0.13876193271240234,-1.1859700835274507,5.102,0.37278314427593157,0.37543053960964407
66.8101723492517,0,0.5754302273637769,18.4351075401489,28.98540532017175,18.4351075401489,0.26315907855246545,0.708130772051945,-0.037912109375,0.19228454344711304,-1.0497918386500595,8.114,0.44013846853504524,0.3742824339839265
0.3645746214100827,0,0.601480302629006,3.8145226228667672,4.821322533244818,3.8145226228667672,0.19352161739112456,0.6076115181603262,-0.030862890625000007,0.0952284401853943,0.08315712983064437,1.183,0.3101305502576697,0.373134328358209
0.5507395227037546,0,0.5867128003697404,4.9292919319568576,6.2733804981378665,4.9292919319568576,0.19862232985997705,0.6350138043065682,-0.004875390625,0.10441517470687867,-0.16626695496112978,1.593,0.32317014735371985,0.3719862227324914
35.80395318836231,0,0.5627188500955941,15.641542483453458,23.038477633636543,15.641542483453458,0.1993146200020734,0.6738271295359749,-0.011020703125,0.15341803121200562,-1.3336323840920765,6.129,0.3918411503522505,0.37083811710677383
48.52099268096947,0,0.5703550985042201,17.71949747786236,26.223686187338355,17.71949747786236,0.22496573153302166,0.663902443357085,-0.008114453125,0.12799392166610718,-1.637168914339657,6.341,0.3578543921983144,0.36969001148105624
79.89859325739867,0,0.5690745319786795,18.68796904099033,30.07502747009769,18.68796904099033,0.21315415938571183,0.7401606151886246,-0.010645703125,0.17575007564559936,-0.6500911842847159,7.837,0.41936071184676443,0.3685419058553387
57.3727411273365,0,0.6051176992279252,18.69523870258241,27.404005911710442,18.69523870258241,0.21338534425613376,0.7159420015559018,0.013096875000000003,0.13076884452148438,-2.4136832488734186,6.765,0.36185684000202345,0.36739380022962115
0.5014541123489189,0,0.5668092980172922,4.477270525444168,5.696093471609036,4.477270525444168,0.22904249617518382,0.6585013751868158,-0.028359765624999998,0.08743798111557008,0.053796991675808176,1.33,0.2970559836493367,0.36624569460390355
19.56849586727337,0,0.5735777757693574,13.331387388523577,18.463815784422568,13.331387388523577,0.27668986008650237,0.7066844320004572,-0.0020863281250000005,0.12412955387557985,-1.1555231806884174,4.697,0.35232642058271046,0.365097588978186
0.2516796144440865,0,0.596315942554071,4.270624467618165,5.378663305862742,4.270624467618165,0.24379082800074867,0.6739313720514819,0.095401171875,0.08384643476425171,-0.0014900262988357795,1.302,0.30487344646488157,0.3639494833524684
0.440203342375443,0,0.5930739290912909,4.607493300577279,5.830544984316073,4.607493300577279,0.18143214704231242,0.6813725158221401,0.006833203125000001,0.0830276139756775,0.023662271128814888,1.328,0.2882261380246854,0.36280137772675086
0.8364291862453115,0,0.5862154413637528,4.885382258085151,6.270625610794607,4.885382258085151,0.1873355877862179,0.5752592229380621,0.030950781249999997,0.10087659445251465,-0.11425912667314453,1.559,0.3191152539639871,0.3616532721010333
0.31365739582589125,0,0.5654397158916065,4.60838960726025,5.811756850458409,4.60838960726025,0.25874698675083163,0.6529283899095905,-0.010841015625,0.08267452902084352,-0.005326141161228677,1.326,0.2877360885266654,0.3605051664753157
0.009882842736356423,0,0.612318490754732,3.5136182553693645,4.401339749100235,3.5136182553693645,0.25169080100652585,0.6782471426482708,0.0008531249999999991,0.07527325889648437,-0.04767379143651515,0.964,0.2743610517525219,0.3593570608495982
0.20070962633239464,0,0.6069801697832894,3.9364202967308644,4.988089919868651,3.9364202967308644,0.23656349168009302,0.6495770710077742,0.028515234374999997,0.08935064429916381,-0.021783193632442372,1.182,0.3002728141051484,0.3582089552238806
13.0316621787073,0,0.5794118563246824,11.177366761274973,15.347455923430088,11.177366761274973,0.2479595001292974,0.7273909469206052,-0.04047070312499999,0.10605318195419314,-0.4516270261158661,3.668,0.32816316028101783,0.35706084959816303
0.7216730966155045,0,0.5879290998439567,4.785645608660858,6.123739649313669,4.785645608660858,0.1876901775040553,0.6184633588291238,-0.0319765625,0.09205069866943359,-0.22283996214926807,1.46,0.30507900488029327,0.3559127439724455
19.064318102444744,0,0.590534871672769,12.345800355886213,17.394720326789766,12.345800355886213,0.23051511876957761,0.7159167163121778,0.0031019531250000027,0.11877511187118531,-1.3409373684690442,4.255,0.34465161247900034,0.3547646383467279
0.1499456411571698,0,0.5920961517873139,4.105203451393683,5.194563106796116,4.105203451393683,0.2373145193593123,0.6502715001483208,-0.011816406250000001,0.09316983816833496,-0.04259615581511546,1.254,0.3054659811255584,0.35361653272101035
42.82744788725157,0,0.5939032612790367,14.803137205576052,22.21265538497549,14.803137205576052,0.24934062108249572,0.7095691131886037,0.077554296875,0.15053167127059935,-1.6923295814175336,5.857,0.39565937400038304,0.35246842709529275
0.9843670177530908,0,0.5929272690958384,5.0603055821972465,6.464552042000374,5.0603055821972465,0.27760343350511946,0.6242866492530231,0.019676171875,0.09416375490097047,0.0834320379104783,1.556,0.307491311488024,0.3513203214695752
0.5118999879639059,0,0.567524386706286,5.20721345898238,6.57583156468214,5.20721345898238,0.276204834170441,0.6543282814367289,-0.012541796875,0.09156029122177124,-0.1355380220865193,1.577,0.30284911736807985,0.35017221584385766
191.50608166202136,0,0.5981561771867158,23.214450188533394,43.8522446875115,23.214450188533394,0.2420447538992679,0.705908843437509,0.027130468750000004,0.23049439860290527,-6.49617500898031,11.163,0.4808642853628246,0.34902411021814006
4.226165544775113,0,0.5969192876602805,7.733826794650731,10.296227804040166,7.733826794650731,0.26382385015461013,0.7147922787046814,-0.007551953124999999,0.1023574855821228,-0.4701254485396921,2.475,0.3200226829118914,0.3478760045924225
36.635138062795086,0,0.5772467972556998,14.810159712482907,21.9703214178432,14.810159712482907,0.21962704246199316,0.7846889515684362,-0.0397828125,0.14727149189208982,-1.5178652198231055,5.714,0.3858162309474551,0.3467278989667049
0.43816673200014655,0,0.5726657025209723,4.514854069769888,5.734859476597347,4.514854069769888,0.21894927837826456,0.6323792698121582,-0.018253125,0.08696882967773438,-0.14064886457109463,1.334,0.29546912909811746,0.3455797933409874
39.050543515684794,0,0.586798824377448,16.4942491243211,23.895172164622544,16.4942491243211,0.23636988599283562,0.7740955297244653,-0.01326484375,0.1229194556390381,-1.297048632600171,5.787,0.35084955710211463,0.34443168771526983
0.7286780013095799,0,0.6166492540178997,5.724064566235901,7.323455664463186,5.724064566235901,0.1667750209489731,0.6123169918214069,0.001303124999999999,0.09421643077148437,-0.07552575026032093,1.757,0.3069497172278385,0.34328358208955223
71.47988133292549,0,0.5840191046295478,17.781179239637833,29.038737089449953,17.781179239637833,0.22882018650877434,0.7787128416742988,-0.031760937499999996,0.1674934553491211,-2.87217193575404,7.299,0.4104902099928816,0.3421354764638347
44.23697698454528,0,0.5596819537055095,17.194494924972886,25.59626041579254,17.194494924972886,0.23685482720251047,0.7209428730993106,-0.006096093750000001,0.13998064310974123,-1.3235385519348322,6.434,0.37418953147936945,0.3409873708381171
0.8894406362571976,0,0.6128283738336461,5.13347171411683,6.645726599642801,5.13347171411683,0.21735017317268276,0.6210883742492673,0.026293359375,0.0902412502684021,0.036943890170370856,1.548,0.30155031257756143,0.33983926521239954
0.3456337121761055,0,0.5792406091913637,5.4077069074649655,6.799881347248066,5.4077069074649655,0.27008852549610557,0.6517321719855115,0.0268,0.08421665140624998,-0.06343296320893,1.576,0.29143591303449545,0.338691159586682
0.27734397909223674,0,0.6005439063264749,4.682274922318048,5.929439257990413,4.682274922318048,0.2651703156472662,0.6808603011774126,-0.016646484375,0.08162513401107788,-0.05057343907316569,1.34,0.2861856730395933,0.3375430539609644
0.3760900893670569,0,0.58755742693548,4.248486502038827,5.3953683495562625,4.248486502038827,0.2126399960984535,0.6495515514077198,0.023762890625,0.0882324543260193,-0.07600432867176794,1.266,0.29798847175163506,0.33639494833524686
0.2733657811860706,0,0.5971520254416982,3.859614143044158,4.897998653105628,3.859614143044158,0.2315712263037577,0.6843417131313703,-0.005079687500000002,0.08238644130615233,0.03553326704803417,1.108,0.287075329018796,0.33524684270952926
55.02158954753301,0,0.5571434863753975,14.840673989398166,23.84775061521892,14.840673989398166,0.2021998145741621,0.7500046579122043,-0.0130546875,0.17396811966552733,-3.025039072992533,6.193,0.4172991067942154,0.3340987370838117
0.03942804670824129,0,0.590454618385684,3.304630379386853,4.150178534282536,3.304630379386853,0.19017702031110817,0.6598857573538572,-0.035448046875,0.0801721551133728,-0.03182612561342472,0.943,0.2853571781831062,0.33295063145809417
0.08329009806893861,0,0.5839542084021897,4.0202737667685575,5.027604100790007,4.0202737667685575,0.20508109634367566,0.6925317141176976,0.05049921875,0.07913228749938965,-0.08727346284008641,1.149,0.28580143210584164,0.33180252583237657
0.7148594621071291,0,0.574364428045912,4.4004932431972525,5.6308189849982755,4.4004932431972525,0.2696469134221838,0.6504497043948859,-0.0308375,0.08821273453125,0.07167773370621411,1.314,0.2986028900354114,0.330654420206659
0.11780010655122508,0,0.593526108783388,3.6866981626241997,4.652960199088859,3.6866981626241997,0.22593911773219683,0.6464402463480113,0.01127421875,0.08537215214782715,0.029109826936603283,1.078,0.2924025652354131,0.32950631458094143
0.2485632667910922,0,0.5881192116430594,3.693316706499346,4.667675038672383,3.693316706499346,0.2169042478585424,0.6453391454986934,0.016957421875,0.08239538998397827,-0.08084177827798865,1.062,0.28754642084474813,0.3283582089552239
0.6794923237720272,0,0.6010047152759009,4.962456369619688,6.327773581088468,4.962456369619688,0.21493399013054285,0.674666683601553,0.010201171874999998,0.0930993591392517,-0.04637190863403807,1.515,0.3052923566794213,0.32721010332950634
9.350857459486441,0,0.5683002309257044,11.432010879963212,15.045767066268663,11.432010879963212,0.1494044976210542,0.6986647317261939,-0.013774218750000001,0.10309427011657717,-0.7373102484094219,3.674,0.321378280564742,0.32606199770378874
-0.07719886907745899,0,0.6253460264912152,3.713521055555393,4.641790965257958,3.713521055555393,0.1831374541475118,0.6619965268673145,0.020380859374999998,0.07517729361801148,0.07098206004971279,1.021,0.2749412174390646,0.3249138920780712
0.6039102727252059,0,0.608681397139542,4.235778663097218,5.4630888459365625,4.235778663097218,0.1737913055998119,0.6180424191570657,-0.008432421875000002,0.09025021730819702,-0.1044017118995276,1.273,0.3005350612605375,0.3237657864523536
26.253879735081487,0,0.5863014018528953,14.676334988126058,20.989466301255987,14.676334988126058,0.19781258247268763,0.7725370939539339,-0.003993749999999999,0.11838291089843751,-0.7997911590521456,5.05,0.3440913555111491,0.32261768082663606
6.253648386039394,0,0.5931525193107091,10.353957089710276,13.628584632273325,10.353957089710276,0.20338524852320036,0.6980937586272496,-0.014216796875000003,0.09477979010848998,-0.47942782915322235,3.191,0.3081913487135468,0.3214695752009185
56.474226331740965,0,0.5951503370574983,18.086438221155404,27.23925441114556,18.086438221155404,0.24296787577422577,0.7118866557611337,0.005983593749999999,0.13604785519958495,-2.1752894642068505,6.672,0.3688951864605311,0.3203214695752009
0.6699276930499871,0,0.6237673662722768,4.842147928031913,6.194032941696235,4.842147928031913,0.25628293003345237,0.6472692613109118,-0.0071335937499999984,0.08378306027770996,-0.07269826411065794,1.402,0.28954092705090934,0.31917336394948337
2.084676694655042,0,0.5938258069893789,7.387538152319068,9.582735105584772,7.387538152319068,0.24566122548523556,0.6406072780628405,0.002430859375000001,0.09275512100082398,-0.21582901814118416,2.25,0.30456695500025116,0.31802525832376577
0.5242277019088668,0,0.5970939115274058,3.916305214026871,5.016715187487441,3.916305214026871,0.18539934536632618,0.6507971417005618,0.018637890624999997,0.09043697161117555,-0.03386017094162036,1.18,0.3013044018565361,0.3168771526980482
0.18543247595181933,0,0.588503916189531,5.149911329468382,6.46328634546602,5.149911329468382,0.2566980595154282,0.6531048669920836,0.017109765625000002,0.08728029693588257,-0.08452124613131587,1.524,0.2959274252508966,0.3157290470723307
0.5037595540299229,0,0.5764968860922197,4.263688368824158,5.435278711867424,4.263688368824158,0.19448645512690804,0.6000016171757464,0.0029078124999999976,0.09817583525146485,0.13327164764212385,1.336,0.3133437260022929,0.3145809414466131
0.3008234610770515,0,0.6055228464209719,4.312032957331575,5.434434312098936,4.312032957331575,0.2253309358755601,0.6411404338183213,-0.024268359375,0.08588281978012084,-0.04846479235467981,1.268,0.2940608322216255,0.31343283582089554
0.2810391880024077,0,0.568997679063181,3.920986547722121,4.990054049375194,3.920986547722121,0.22337678410767403,0.6385256774550343,-0.042654296875,0.08737203244247436,-0.08999612405315793,1.171,0.29864932861865773,0.31228473019517794
0.6851382034624898,0,0.6037711975358242,4.1666010657773755,5.329300625005981,4.1666010657773755,0.1986179209412556,0.6126801785716678,0.021250781249999996,0.09764573320251466,-0.09741995372201218,1.305,0.31320493116528353,0.3111366245694604
0.13080680011493584,0,0.5917421520591195,4.225061010535832,5.328376992247959,4.225061010535832,0.26254310089777594,0.642259344131884,-0.017679296875,0.0874971819151306,0.05328301558653681,1.252,0.29632708187596524,0.3099885189437428
0.18282176262474703,0,0.6074204006965851,4.130187202568452,5.209612295033195,4.130187202568452,0.2090970971884487,0.6203967183559987,0.012760546875,0.08383127742782592,0.02412046713939668,1.197,0.2898173717781165,0.30884041331802525
5.191852449250735,0,0.5831199162685808,9.924087366525512,12.788980614925572,9.924087366525512,0.21466061048293042,0.7083649071756034,0.050225390625,0.09829020349594117,-0.6007049516685352,3.151,0.3175103043357412,0.3076923076923077
0.5858811067590048,0,0.6148807159844206,5.241245321553807,6.65013927484833,5.241245321553807,0.27190535955018197,0.655826904735098,0.015442578125,0.09029192092147827,-0.07737752592883401,1.577,0.300882691660097,0.3065442020665901
0.03847703355435117,0,0.5917166157480928,3.9474644226245603,4.923533228288071,3.9474644226245603,0.25475617746975265,0.6743148715703196,0.014803125000000004,0.08643231202148437,-0.11868839470970109,1.162,0.29436617423075295,0.30539609644087257
0.18057576034973533,0,0.5767211100631141,4.054654651341525,5.099766243494208,4.054654651341525,0.22163544222911466,0.6634204702605004,-0.0478328125,0.09033581892333985,-0.004233533326469824,1.234,0.30434157927401245,0.30424799081515497
2.172462934226978,0,0.6080392060709324,7.119493446554743,9.218937385530177,7.119493446554743,0.22898451136094497,0.69654187207323,0.028485546875,0.09063987088485717,0.020177143798227284,2.153,0.3024091553931941,0.3030998851894374
109.89133571825263,0,0.5896981001761301,20.183476981551507,33.470615925642186,20.183476981551507,0.22158571234071758,0.7532185114637054,-0.020361718749999997,0.1768996715032959,-3.1818364245597532,8.499,0.4210870113097174,0.3019517795637199
0.5408995598400392,0,0.6130927365960054,4.494075714757735,5.712688096794057,4.494075714757735,0.18974405422378138,0.6789814710069431,0.027119921874999998,0.0830702610093689,-0.026784249287178704,1.301,0.2894922298989646,0.3008036739380023
0.2983141118313304,0,0.6119511455679829,4.601530040405839,5.8228940211599625,4.601530040405839,0.2545444101290394,0.633109037028281,0.021680078125000002,0.0835740558531189,-0.10347429328414569,1.334,0.2899035730042405,0.29965556831228474
67.86312116545292,0,0.5730376201725422,17.635161954085582,27.440952742074025,17.635161954085582,0.21946164242230828,0.7514884345464746,0.010587890624999999,0.15413111180648803,-0.43974672666970777,6.926,0.3927381000544447,0.29850746268656714
0.3117519496694334,0,0.6032564723176806,3.547877896385021,4.500719750864452,3.547877896385021,0.20906399348872245,0.6010835833292035,0.025694921875,0.08759570028671264,-0.05799539929761581,1.054,0.2970789950448786,0.2973593570608496
0.24568641455049578,0,0.594829638974094,4.41724585406868,5.5423001407398385,4.41724585406868,0.24894579111608453,0.6648107898322347,-0.02712890625,0.07883101463317871,-0.09216460382352629,1.246,0.2820762169831055,0.29621125143513205
0.43299519188078994,0,0.6155015767054516,4.639231993904506,5.821174417771874,4.639231993904506,0.2537519082789101,0.6176795054434416,0.016259375000000003,0.09041336084960938,-0.1354365037612455,1.397,0.3011274283837326,0.29506314580941445
1.0171390865010332,0,0.6281572261857045,5.810627873415785,7.4457640112439645,5.810627873415785,0.18488643067855096,0.5976621718292732,0.004485156249999998,0.08862321696716309,-0.11476638994573994,1.73,0.29773030345221835,0.2939150401836969
33.090058227132104,0,0.5969681411315835,14.047444148413833,20.785879896575583,14.047444148413833,0.20454763712084006,0.7176622409511707,0.029540624999999997,0.14422997803710935,-1.4667938672564647,5.351,0.3809233867360995,0.2927669345579793
2.310538157138118,0,0.6102995353402046,6.505882112936339,8.493158403224177,6.505882112936339,0.24213508171504805,0.7177407009973582,0.010766796875000002,0.09457661631942749,-0.06449374351011944,2.002,0.3077215303393232,0.29161882893226176
0.36673762428926704,0,0.6077826020240001,4.834877481244192,6.126430792271564,4.834877481244192,0.23041463622708402,0.6799861840873783,-0.04241171875,0.0804978617376709,-0.1464043505451778,1.387,0.2868738671001595,0.2904707233065442
0.3870196132707546,0,0.6027035673868266,4.688109209498517,5.908459292091089,4.688109209498517,0.1907261957614505,0.64894433849646,-0.010911328125,0.08366555346542358,-0.16530846028075463,1.357,0.289455714310281,0.2893226176808266
104.97334835987738,0,0.5623087277668677,19.07594876655951,31.649176318929552,19.07594876655951,0.22868901720052276,0.7192433622042986,-0.06347382812499999,0.18904472822128296,-3.8543338541244165,8.382,0.4394014736867925,0.2881745120551091
0.679705214813723,0,0.6158812205771854,4.713724661282137,6.04674614481356,4.713724661282137,0.20674348370229037,0.6522756706812103,0.0564328125,0.08452398532958985,-0.01085566624436605,1.396,0.29615645806946367,0.2870264064293915
2.114546915261805,0,0.6288844679098418,6.3055129342945895,8.25690928609938,6.3055129342945895,0.20261044513335918,0.6006513569009458,-0.0036597656250000007,0.10589097369369507,0.06180201058538044,2.052,0.325429512457191,0.28587830080367393
1.4373768243675027,0,0.6039128149280069,6.083136320713166,7.838696874374727,6.083136320713166,0.19339698558462268,0.6730843393735891,-0.0038414062500000054,0.09418147719177247,-0.1259696217817234,1.867,0.3069140491957805,0.2847301951779564
0.18447125742291082,0,0.617907171756527,4.6834099272261716,5.8927225662701925,4.6834099272261716,0.19834249428199946,0.6508906318091846,-0.0380796875,0.08854699364990234,-0.1309823517242169,1.405,0.29999509370988053,0.2835820895522388
68.46439084962508,0,0.5877289258408246,17.258573213881938,27.050153218169736,17.258573213881938,0.2184725849033136,0.7806895645547753,0.05558828125,0.1702762297064209,-2.858376507681075,7.186,0.4163727737481763,0.28243398392652125
0.2515495965719752,0,0.5788380878442567,3.9129772711625272,4.96772421825112,3.9129772711625272,0.25272608257972606,0.6173511459121143,0.0035953124999999987,0.08985016904052735,-0.14415951550050726,1.173,0.2997717386821179,0.28128587830080365
0.20563283380024844,0,0.6057701812069008,4.069837643313295,5.150070713948981,4.069837643313295,0.24437554305490575,0.6305429506938874,-0.030316406250000004,0.09027141551208495,-0.053676335165501146,1.229,0.30197764817946376,0.2801377726750861
42.63933143581392,0,0.5818967335640943,15.838082443723623,23.37085710661202,15.838082443723623,0.19712224485821248,0.7514130767426375,0.038024999999999996,0.14422989937500003,-1.3397834773496031,6.045,0.38167499263116517,0.27898966704936856
2.557626658317944,0,0.5991078328396342,6.970294575375251,9.051047207079959,6.970294575375251,0.19771319500098322,0.6608701065595725,-0.013856640625,0.1186596603074646,-0.28119790112941967,2.403,0.34474870093573234,0.27784156142365096
0.8863168003190212,0,0.61869700541371,5.208501877649161,6.596711891139786,5.208501877649161,0.2089082154276191,0.6679430597016838,0.008059765624999998,0.08724254759994507,-0.03862917778985704,1.539,0.295478438167449,0.2766934557979334
51.60504357930647,0,0.5874573911126479,16.38756450166991,24.701034077196837,16.38756450166991,0.24133955504133459,0.6845284634930779,0.026806249999999997,0.1478725687109375,-1.2427334466070818,6.317,0.3854752180750404,0.2755453501722158
9.725085166370578,0,0.6001389038889321,11.8539596564968,15.766050083038353,11.8539596564968,0.20503808653695976,0.6814962224287775,0.027673046874999996,0.11190749583602906,-0.6351973129710422,3.979,0.33566842770712735,0.2743972445464983
70.42825098072181,0,0.5970262764753045,17.388734402490755,26.764651355039494,17.388734402490755,0.23776056319677688,0.7123501382418421,0.011670312499999998,0.15640942646240236,-1.4787335376139392,6.88,0.39565846718634745,0.27324913892078073
0.6551557309653204,0,0.6394512161212843,5.46258693459432,6.941828934279913,5.46258693459432,0.23655873716366782,0.6215039677277537,-0.01620390625,0.0846729638909912,-0.06832548596019289,1.592,0.29143700943557255,0.27210103329506313
0.5416562998131327,0,0.5957576047539038,4.141447773536934,5.26352209274799,4.141447773536934,0.24499460586103355,0.6481317830271343,0.024857421874999997,0.08931919490585327,-0.14592002687321787,1.242,0.29989512554912423,0.2709529276693456
49.05066230716854,0,0.6045920287794782,17.226219276517103,25.681338246245545,17.226219276517103,0.2483210679834886,0.7032907974405037,-0.0017214843750000014,0.15226799235092164,-2.1807761492027695,6.722,0.3902191126269637,0.269804822043628
1.6445701475445231,0,0.582162279893844,5.5241090290194235,7.16636033675495,5.5241090290194235,0.23060401664868757,0.5736839266562803,-0.008691796875000003,0.10028236399520876,-0.1972558762916256,1.75,0.31679316805784336,0.26865671641791045
0.23893397269822625,0,0.6023249305152472,4.092558410568015,5.193052930450899,4.092558410568015,0.25622576864976804,0.6379726183859331,-0.038647265625,0.08678944862533569,-0.09901556182297104,1.216,0.2971246535809928,0.2675086107921929
13.272123568348825,0,0.6196556006260447,11.350075680617516,15.421786374148867,11.350075680617516,0.21199078647280625,0.7237223396884835,-0.006153906249999999,0.1079612325628662,-1.0613833191789799,3.73,0.32863216994840905,0.2663605051664753
2.1637559478079194,0,0.636520097629509,6.369440982736861,8.288170287938554,6.369440982736861,0.1903525060925492,0.6218713260645766,-0.020814453125,0.09119121752548218,0.06751178089939652,1.928,0.3026953236909599,0.26521239954075776
6.665856007959338,0,0.5938537456544145,9.813960914723154,13.233570262488424,9.813960914723154,0.22442138001135334,0.7132279717753627,0.018537890625,0.10438664465805055,-0.31059902526552563,3.176,0.3236206081924867,0.26406429391504016
35.32900384412572,0,0.5989431718883889,16.56906799215407,23.603145421681162,16.56906799215407,0.23583803642444065,0.6349279213820623,-0.013714062500000002,0.1295482127709961,-1.021988890481694,5.968,0.3601892395411751,0.2629161882893226
0.3400239536501486,0,0.6298819682962546,4.621080218312362,5.848079188106496,4.621080218312362,0.22390609222715366,0.6966257453663809,0.026165624999999998,0.08029288350585938,-0.12733747322124492,1.315,0.28456549938019543,0.2617680826636051
61.70028559625152,0,0.5893384063387158,15.510968348005177,24.945243937484804,15.510968348005177,0.22699399862743053,0.7563986479027578,-0.013255078125,0.18153808454452516,-1.3910540441882908,6.612,0.42627899507320904,0.2606199770378875
12.474525457204544,0,0.6002924725128786,10.822069426523141,14.687453937298033,10.822069426523141,0.21251185470365103,0.6620512610948533,0.010789453125000003,0.10700504746688844,-1.1446425405485563,3.542,0.32729414868833967,0.25947187141216993
0.6223077077311263,0,0.6125363782770381,5.315545334356071,6.7807802118993825,5.315545334356071,0.19881882866056808,0.6862104102197347,-0.0331765625,0.0856929477319336,-0.16375862001465036,1.566,0.2946075899077449,0.25832376578645233
0.358217548406234,0,0.6360016025980086,5.221353025565711,6.607202675706028,5.221353025565711,0.2311123873480425,0.6629287796675034,-0.016112109375,0.08084693000961304,-0.11955876684919689,1.487,0.2847920821900163,0.2571756601607348
63.76201429553305,0,0.6172392880037858,18.481706488827705,28.08585783997964,18.481706488827705,0.18564234538663502,0.7267465926664805,0.0014453125000000026,0.14275574388427734,-1.975305523538332,6.983,0.37783307532890764,0.25602755453501724
0.6613366541727066,0,0.6109233901755862,5.300900752748427,6.775390467594009,5.300900752748427,0.18355160932649453,0.6212701843764171,-0.0230796875,0.09541776552490236,-0.09440276103901644,1.642,0.3097586762303842,0.25487944890929964
0.529708311990329,0,0.6225523012174549,3.865653298733044,4.928029358034428,3.865653298733044,0.23094961896898109,0.5912246852460485,0.062794140625,0.09177995254379273,-0.12765736492321023,1.196,0.30939142948799503,0.2537313432835821
54.21117835287088,0,0.5832190110000659,14.231288972668793,23.83503261974232,14.231288972668793,0.21760355828080102,0.7197958712525682,0.05876250000000001,0.22593496546875,-2.6301995537511105,6.816,0.4789446699515508,0.2525832376578645
0.30807127295766534,0,0.6194401285762507,3.7752010497111903,4.8149762476955775,3.7752010497111903,0.23402901305640475,0.6705213484288958,-0.013877734374999997,0.08610186981674195,-0.055136078234091,1.109,0.2937591893509461,0.25143513203214696
2.9596553839835194,0,0.6149380452900656,6.409475842592654,8.3699418969951,6.409475842592654,0.2260974061294645,0.592447042435558,0.026428906249999995,0.09852799807067872,-0.204434058754728,2.019,0.315002357382052,0.2502870264064294
41.827287100347625,0,0.6011539555827211,16.53686198034999,25.04811885126761,16.53686198034999,0.21121641093247065,0.7304977874560475,-0.017396875,0.14924338077148439,-1.4458159401363857,6.395,0.38671182039245966,0.24913892078071181
45.304976093975824,0,0.5904740251887073,14.326351131271178,22.89447166336565,14.326351131271178,0.1780318377434888,0.6869850213031055,-0.0286859375,0.18507909902099612,-1.980054318084816,6.177,0.4311635212204878,0.24799081515499427
0.4551157189275328,0,0.6246502895081771,4.398566686969913,5.564306410812435,4.398566686969913,0.2004586748477893,0.6567232521867049,-0.004732421874999998,0.08572271473007202,-0.04464125535383816,1.288,0.2928226605761156,0.2468427095292767
38.6344794549987,0,0.6058223911135381,14.643953552541923,22.042488469485782,14.643953552541923,0.25218659187607706,0.6959339714848107,0.013328515624999999,0.15469707762435914,-1.5594728082924274,5.763,0.3935412646129056,0.24569460390355913
7.002692515994932,0,0.6181196145935219,10.556772792559132,14.075771493030377,10.556772792559132,0.21088297380053356,0.6678470396750655,0.024069531249999998,0.10388202250915528,-0.38949448764394506,3.412,0.3232048341899453,0.24454649827784156
0.7281065821357133,0,0.6176282380057914,4.324680179143008,5.544399354485851,4.324680179143008,0.2620147035381038,0.6327070057150277,-0.004814843749999999,0.08798951259216307,-0.10682697203263546,1.283,0.2966693366569926,0.24339839265212398
2.5630643979212655,0,0.6146867895959703,6.837383283494004,8.92182010679889,6.837383283494004,0.2438121799110184,0.6424639809202946,-0.024083203125,0.09465247159286498,-0.4168022777955491,2.11,0.30859758953307626,0.24225028702640644
18.38188199416138,0,0.6082434782398809,12.245708289907991,17.012723883621042,12.245708289907991,0.23855621343399924,0.7048118552681425,0.023812109375,0.11606028774398805,-1.3278036125914185,4.182,0.34150740006166047,0.24110218140068887
2.164259987915721,0,0.57784317909851,5.357670254587772,7.07649706448485,5.357670254587772,0.2845372797677802,0.5659881606022954,0.004452734374999998,0.1029238774534607,-0.027088216346653076,1.719,0.320848413268439,0.2399540757749713
20.252957433201033,0,0.6293251410272297,11.219894158449893,16.095724829589543,11.219894158449893,0.27491177808196515,0.7448514584678676,-0.005261718750000001,0.1221628752532959,-1.465798559041602,3.922,0.34955766468137983,0.23880597014925373
2.4096031897372603,0,0.6127470061831208,6.526143791679143,8.590088257072907,6.526143791679143,0.2239082636045219,0.604526655784604,-0.004232031249999999,0.09503002272399903,-0.33227959601611756,2.012,0.30829844763232267,0.23765786452353616
74.66570454835455,0,0.5968363475935036,18.133778457511294,30.511515116522443,18.133778457511294,0.16261367401570867,0.7087046130760652,0.0029582031250000008,0.20732402286239626,-3.1198232507147914,8.257,0.45533808739015563,0.2365097588978186
1.1636009326662977,0,0.6229636168808927,6.841492750204143,8.742466854158298,6.841492750204143,0.19656933833511037,0.6824176111324869,-0.009600000000000001,0.0948457071875,-0.10043784003991678,2.108,0.3081198909312737,0.23536165327210104
1.3578531797183873,0,0.6116463765388865,5.1786257633884905,6.662827638415301,5.1786257633884905,0.20796802408507342,0.6180754401325923,0.036675,0.09518955140625,-0.20149259757949944,1.609,0.31070018833475144,0.23421354764638347
1.379606478766246,0,0.6288339300852392,5.4269654553191655,7.002629301626984,5.4269654553191655,0.20209050419695665,0.6177317451424733,0.04510546875,0.09040418497009277,-0.12258817175553006,1.65,0.3040373139620366,0.2330654420206659
0.7919368504934181,0,0.636991444886122,5.106874853034643,6.498480311919816,5.106874853034643,0.23846857727603699,0.6306691559067218,-0.004528515625,0.09461234684310912,-0.1252858984386107,1.571,0.3076245346146419,0.23191733639494833
0.6463510453833021,0,0.6506489401749235,4.171658010914503,5.343382600919131,4.171658010914503,0.2007927389020728,0.617663112063069,-0.028530078124999997,0.0881109303453064,-0.1488628778768733,1.244,0.2982027761492589,0.23076923076923078
1.5204494898165999,0,0.6056761412133602,5.513148915925964,7.170823735809793,5.513148915925964,0.16390860102717747,0.6120241798345395,0.014353515624999999,0.10650959338607788,-0.035541584996980013,1.801,0.32667356305167244,0.2296211251435132
95.82057033231253,0,0.6394197441968219,21.239290985690783,33.2640313485671,21.239290985690783,0.2433097279598298,0.6484531152540536,0.015578515625000003,0.1803543500852966,-3.516724174100611,9.026,0.42496710488504286,0.22847301951779564
1.0581421974297882,0,0.6269692180872188,4.9149775418312505,6.32216196824441,4.9149775418312505,0.19935531315011995,0.5684728506927172,-0.01123203125,0.09830343053649904,-0.16084658266635016,1.542,0.3137349025252052,0.22732491389207807
0.6970304568758516,0,0.6404888546634413,4.327665245954176,5.53805588752139,4.327665245954176,0.2528896954369046,0.6246052990983276,0.038676953125,0.09097486009384156,-0.053607709046977786,1.316,0.3040900636273323,0.2261768082663605
1.2378367927601968,0,0.6301666935720791,5.643291951081974,7.273223271094108,5.643291951081974,0.24337687262292668,0.6424018932733758,-0.019430859374999998,0.09122565225082398,-0.0650866633313064,1.708,0.3026602229346879,0.22502870264064295
1.4460843637313472,0,0.6140024296249228,4.7006747659101356,6.103786816269286,4.7006747659101356,0.25405990092144703,0.5668008363410003,-0.02619609375,0.0983093756097412,-0.13193529696560266,1.479,0.31463567969558065,0.22388059701492538
1.5830443527006812,0,0.6266823037773759,4.993036844878579,6.534410474769038,4.993036844878579,0.24646189559971912,0.5756431687919983,-0.007474609374999999,0.09730968998031617,-0.09215394096752734,1.558,0.312034548993577,0.2227324913892078
59.34160974192212,0,0.608366311435567,16.370728377589202,25.35998258369701,16.370728377589202,0.19746077020878094,0.7283335406869881,-0.028033203125,0.17537275631942753,-1.869436718256982,6.871,0.41971254067143976,0.22158438576349024
1.569909621047639,0,0.616532373647321,5.467223337543562,7.1403191192818305,5.467223337543562,0.1716377063839911,0.6034700018718147,0.0167125,0.09202152828125001,-0.13316494754604852,1.661,0.3038105263770497,0.22043628013777267
128.8849357893108,0,0.5851736801674708,20.327472528801653,36.75541903200947,20.327472528801653,0.18933937812829807,0.6650263265732288,-0.0100859375,0.27089793558349606,-2.6074647971686993,10.582,0.5205762784825582,0.21928817451205512
0.4155242363334102,0,0.6291694771308414,5.058596499528664,6.414504067460477,5.058596499528664,0.2735982811257818,0.6368690761086523,0.021306640625,0.0933114587059021,-0.18689300956501878,1.549,0.30621141657460293,0.21814006888633755
3.036399339423145,0,0.607202397524041,8.021106885746605,10.534394947872991,8.021106885746605,0.22757698078930885,0.6486345755206925,-0.005551171874999998,0.10471598566268922,-0.2882169665020505,2.596,0.3236461048303765,0.21699196326061998
51.19676133476922,0,0.6075824625527108,14.82146299322512,25.66572114904283,14.82146299322512,0.251387132274244,0.7499584950486573,-0.004748828125000002,0.21821625136581427,-1.360000333913594,6.924,0.4671603608338094,0.2158438576349024
1.2492996660320665,0,0.6082423975695842,5.382441616182754,6.936513574596629,5.382441616182754,0.21877798940154364,0.6137364127309355,-0.011944531250000001,0.10244988832946778,-0.23503141797785776,1.724,0.3203007339302394,0.21469575200918484
1.3570627476660055,0,0.6486340288053644,5.721406098642887,7.413944145121282,5.721406098642887,0.2004039326717068,0.6304750640393276,0.00682890625,0.09948218791442873,-0.16158772380834785,1.805,0.31548188834701746,0.21354764638346727
0.757863476673645,0,0.6394207625420222,4.374801924262246,5.630557996594959,4.374801924262246,0.21936461636048796,0.6412982905406697,0.0055628906250000006,0.09087092104476929,-0.13572792057280544,1.319,0.30149936450492726,0.21239954075774972
42.10409003062604,0,0.6311179418592826,16.187122964757574,24.350885429925505,16.187122964757574,0.2228403418882664,0.6634878095403265,0.019328515625,0.14823018543685912,-2.14968594733898,6.24,0.3854916042576349,0.21125143513203215
83.81224226324096,0,0.5948940692398553,17.55362213735148,30.38586450455361,17.55362213735148,0.18041923789729652,0.6675630298060882,-0.0006242187499999989,0.22692695722595219,-2.5292985310906344,8.362,0.4763689188801049,0.21010332950631458
1.8499367351966374,0,0.609459439604931,5.454214220310455,7.107454218889731,5.454214220310455,0.20079642566709172,0.5054606614259287,-0.037448046874999995,0.1125289808946228,-0.2931009336699504,1.841,0.3375371640417911,0.208955223880597
33.48226443310784,0,0.649107627666369,15.958880428471058,22.785303469488117,15.958880428471058,0.18107095085725428,0.674347518422699,-0.02223984375,0.1328680479437256,-1.4012074714593883,5.828,0.365188524729009,0.20780711825487944
1.556245991799294,0,0.6175446576098421,6.284867974726716,8.133293020747363,6.284867974726716,0.2267339198290927,0.6224742717407262,0.013933203124999998,0.09548124749130249,-0.08785513905060871,1.944,0.3093143734788686,0.2066590126291619
1.6421578960720788,0,0.6175511674410799,5.616137958854979,7.324948688274072,5.616137958854979,0.27237246139933446,0.6087155504164544,-0.0136578125,0.10139868447021486,0.059598563241267964,1.79,0.3187243641651827,0.20551090700344432
2.3511884824388076,0,0.597940817915657,5.5791961974970885,7.351838873823089,5.5791961974970885,0.2279671200234933,0.5487323015766604,0.02121953125,0.11370065805603027,-0.23228972175674145,1.885,0.33786228934656204,0.20436280137772675
1.89684019064173,0,0.6339658546119186,5.449453075842922,7.110529514682371,5.449453075842922,0.21785107669334244,0.5695735051025306,0.029808203125,0.10012741829208374,-0.12295918907526811,1.732,0.31783006035556954,0.20321469575200918
0.11139997551132375,0,0.6414826318577445,4.169548887555425,5.2019529809744744,4.169548887555425,0.21628989377346025,0.6684195757751412,0.035895703125,0.08559266138778687,-0.08672147203282421,1.229,0.29475610746959086,0.2020665901262916
1.3249647474303883,0,0.6188788535479604,5.418544053910838,7.041366433283214,5.418544053910838,0.25212491929118597,0.573814641032452,0.0021605468749999997,0.10134281836532591,-0.14668688575735453,1.725,0.31835119966496905,0.20091848450057406
0.8227626187813755,0,0.6224477658653434,5.002894831602636,6.407487917194899,5.002894831602636,0.2715581057445014,0.6512611954375884,-0.0169375,0.0939757796875,-0.09939850824859277,1.536,0.3070222444608045,0.1997703788748565
1.2134654909667555,0,0.6075258253577178,6.182266026865833,7.911678512797114,6.182266026865833,0.2066410855387394,0.631786871484581,0.024593359375000002,0.1010382592527771,-0.11077261257639381,1.971,0.3188151385648508,0.19862227324913892
3.0647478030072044,0,0.5929251384101217,7.344468706599578,9.655431633929323,7.344468706599578,0.24303423985003925,0.5834825263272795,-0.026333593750000002,0.09977857309020996,-0.27700717071913833,2.328,0.31697323428012025,0.19747416762342135
0.4418585236180128,0,0.6099452382946154,4.58883833851528,5.834674021297786,4.58883833851528,0.21419224342679932,0.6359480271154858,-0.0237,0.096277444375,-0.14735193922997414,1.428,0.31118986868951887,0.19632606199770378
1.5292501076493705,0,0.6173344632437245,6.716574976481706,8.791156905289611,6.716574976481706,0.2535916365003731,0.5704162399746822,-0.047448828124999995,0.1061117911314392,-0.3349401475154804,2.211,0.3291856351997684,0.19517795637198623
35.94391246106062,0,0.6098441383943694,16.243012388551154,23.69321293172124,16.243012388551154,0.17636201587954053,0.7112910653556768,0.0062988281249999984,0.1442038704673767,-1.4800405666453367,6.169,0.3797940832913606,0.19402985074626866
0.7286703075994638,0,0.6103235381200058,4.410757367490464,5.629046160040768,4.410757367490464,0.2359307436309363,0.605488048375,0.04099296874999999,0.09877838120056152,-0.08133057195399858,1.398,0.3169523697458342,0.1928817451205511
0.7810547552567471,0,0.6040965615296027,4.460884490138809,5.743124654269304,4.460884490138809,0.24560049617998916,0.6664213205949339,-0.018975781249999997,0.08640575956970216,-0.14906380491173946,1.314,0.2945604179854279,0.19173363949483352
2.347741393162182,0,0.6125195392976118,6.416708051486473,8.411555647673449,6.416708051486473,0.25355424954384315,0.6173133148161567,0.05117890624999999,0.1102752633050537,-0.18786168518991422,2.156,0.3359978329543213,0.19058553386911595
1.3216573506227123,0,0.6095915313802271,6.028981115498268,7.693651255722868,6.028981115498268,0.19188335467158013,0.6549024276275982,-0.006121874999999999,0.09079099452148438,-0.23927084554987021,1.817,0.3013776233813652,0.1894374282433984
4.481035645347935,0,0.6231774467919678,8.281334334722903,11.012633934213666,8.281334334722903,0.2124668458423826,0.5451683956916653,-0.000868359375000001,0.11083321743637084,-0.46195581903494,2.757,0.33291736434793395,0.18828932261768083
0.33004948853481597,0,0.625315849072947,3.8683233766644434,4.910879451853535,3.8683233766644434,0.22137406791323472,0.6397184708702625,0.0237359375,0.08766218339599609,-0.036420027895960654,1.149,0.29702790799014156,0.18714121699196326
1.6599092815000347,0,0.6249573797979623,5.867803081640686,7.610488977207644,5.867803081640686,0.2570897214261534,0.5739179283287177,-0.006904687499999998,0.10249449404052732,-0.29528680354847386,1.879,0.32022206162286826,0.1859931113662457
0.8887178274753946,0,0.6290163496452168,4.747889538602825,6.081547500099917,4.747889538602825,0.26915273228220454,0.6015543885141021,0.033155859375,0.0968578987547302,-0.1536488044754021,1.486,0.3129811651930911,0.18484500574052812
0.30696024054073145,0,0.6269056747420689,3.8816853610149535,4.927945597851432,3.8816853610149535,0.21333101430318654,0.6722743544671599,0.007098437500000001,0.0898714762475586,-0.13802149235124486,1.164,0.2998697451602945,0.18369690011481057
0.44816503450463907,0,0.6370368191655781,4.185127687050238,5.309412989583559,4.185127687050238,0.23359482735419948,0.673904149739005,0.030302734375,0.08814682202377319,-0.023338481911107947,1.249,0.29843772840305394,0.182548794489093
-0.04380728848964344,0,0.6332807163621403,3.544521923155988,4.445300308775192,3.544521923155988,0.20396321362642825,0.602493262538256,0.0072703125000000025,0.08703308083740234,-0.006838191439847824,1.046,0.2951032671477054,0.18140068886337543
105.98337938634768,0,0.6103235153789222,18.607201228041305,30.63938937142584,18.607201228041305,0.24642150760121628,0.7579511786076899,-0.006823046874999998,0.16254866985946656,-0.7866376621576512,7.503,0.4032309807394826,0.18025258323765786
1.8580531102015216,0,0.6169857034962165,4.733127669080177,6.262886233472389,4.733127669080177,0.20246163673997808,0.6032364768693529,-0.010354296875,0.10810612486434938,-0.18818608260506517,1.557,0.32895795525891297,0.1791044776119403
1.4941044347464318,0,0.6326044174440747,6.9317059722737335,8.854381373787765,6.9317059722737335,0.21056844612090064,0.6206258748688342,0.034284765625000005,0.09201063883041383,-0.23660368466994933,2.116,0.3052639578862447,0.17795637198622274
4.385444683685116,0,0.6133561517830377,6.786214799492441,9.115384556808957,6.786214799492441,0.20447021442385688,0.47805195768562186,0.009151171875,0.1186116345689392,-0.4293690866768938,2.338,0.34452195650731027,0.17680826636050517
1.8113426589106165,0,0.6234995124324776,5.158077744411428,6.731025974045609,5.158077744411428,0.21019437497951515,0.5373072615495387,-0.024900390625,0.11304409124984742,-0.16524813970277843,1.739,0.33714109910114043,0.1756601607347876
3.8660587090259027,0,0.6001925203097837,6.203276567046689,8.447729176845865,6.203276567046689,0.2652068481692422,0.5203561212936413,-0.007966796874999998,0.1313792758506775,-0.339950441756046,2.249,0.3625503354061681,0.17451205510907003
2.59480769735093,0,0.6242839078017729,6.570762024223502,8.625961913736026,6.570762024223502,0.21695068867648698,0.6374674173424442,0.017669921875,0.10845206800155638,-0.24853620659770628,2.167,0.3297943209647871,0.17336394948335246
3.669603819494994,0,0.6376531468960966,6.7974579034937985,8.908828653895803,6.7974579034937985,0.22232059777754773,0.5416664918432345,0.006649609375000002,0.10961823074203489,-0.3630922360564271,2.251,0.3311532093259478,0.17221584385763491
3.5899697174685965,0,0.6356333820446203,6.735081773495927,9.055965165563936,6.735081773495927,0.21619596338358893,0.5296158910739152,-0.0017957031250000015,0.11570505396591187,-0.354542933747032,2.291,0.3401591958416309,0.17106773823191734
9.346131165129563,0,0.6331508723230748,9.413343242130985,12.934089917066784,9.413343242130985,0.21278328194279178,0.6408409795005304,-0.013000000000000001,0.11837246015625,-0.7128180045309898,3.241,0.34429850443510496,0.16991963260619977
1.9681979831413958,0,0.6455931838554582,5.622091865892471,7.329367318665538,5.622091865892471,0.20233948567518,0.5519028303333884,0.002414453125,0.10968327158798219,-0.18807963638079223,1.862,0.33119344977199505,0.1687715269804822
1.243750808446591,0,0.6331176983143431,4.7423702951671,6.128304815348223,4.7423702951671,0.23288756295984564,0.5329144089922905,-0.017340234375000003,0.11409715103744507,-0.1910210900129812,1.604,0.3382274896657943,0.16762342135476463
2.89587499972498,0,0.6256527018649114,6.770965141990189,8.938544797833453,6.770965141990189,0.23675249653091002,0.5440464829677895,-0.011753515625000006,0.11746617479232788,-0.2357786289443586,2.322,0.34293486250580446,0.16647531572904709
1.1691038714939355,0,0.633987194727422,6.075809431018363,7.833280722339026,6.075809431018363,0.2400260774850056,0.574819188534006,-0.013967187499999995,0.11420210986083985,-0.15074176360582905,2.055,0.33822653974444405,0.1653272101033295
1.0773397587194324,0,0.625985177620068,4.613110920371525,6.0283336290123275,4.613110920371525,0.1972347092717486,0.5440998069589725,0.015411328125000002,0.11309516010604859,-0.1344390040524312,1.553,0.33664917813745665,0.16417910447761194
0.643290099230204,0,0.6599906670104037,4.487118860467591,5.715899186073634,4.487118860467591,0.23318279426787974,0.6342241251412756,0.017759375,0.10483014053710937,-0.14811663497273253,1.455,0.3242615239856557,0.16303099885189437
1.324396715434145,0,0.6273901847301858,5.908710125282137,7.649088340705576,5.908710125282137,0.19490263451169865,0.5762859271455484,-0.033465234375,0.1094761597288513,-0.1786027464081974,1.965,0.33255989180991896,0.1618828932261768
9.045270732417304,0,0.6235773720093275,6.834794043286486,9.825224598019538,6.834794043286486,0.21394943602296715,0.43842431739123006,0.023088671875,0.1431759112779236,-0.5816755228640644,2.591,0.37908969657176783,0.16073478760045926
0.9566843995075738,0,0.6280884288070353,4.506320258794937,5.832665618711505,4.506320258794937,0.1890213450243887,0.5981149610343968,0.013675781249999996,0.10914022456970214,-0.1410698573560972,1.49,0.33064671715064703,0.15958668197474168
2.076535948248625,0,0.6323792013178425,5.571010261854267,7.359086615133017,5.571010261854267,0.16555102760717616,0.537996798489446,-0.0015503906250000001,0.12644241386703492,-0.4045969595229201,1.981,0.35559080075013894,0.1584385763490241
2.175211515412906,0,0.6113802013054898,6.707317590178831,8.761936464945263,6.707317590178831,0.22355096579046013,0.5612390281063552,0.035833203125000004,0.1124492342881775,-0.22429175757255265,2.262,0.33724361036849165,0.15729047072330654
1.7084381884871158,0,0.6194261365639699,5.228460639106857,6.767707065182232,5.228460639106857,0.22103918815700355,0.6181020706041769,0.08614765625000001,0.11083689694763184,-0.21937294702540525,1.798,0.34388706812702335,0.15614236509758897
7.124938436285046,0,0.6006128459088663,9.82579432265904,13.506836303055142,9.82579432265904,0.21938907719608755,0.5528317354373411,-0.009187109375000002,0.13162820209945678,-0.28257368292903123,3.566,0.3629223127311477,0.1549942594718714
2.089994405386367,0,0.6428895042739329,5.505943726625547,7.270540533299197,5.505943726625547,0.26302710143951935,0.5715596705808171,0.00855703125,0.12001300534118653,-0.3339508841034299,1.908,0.34653459874159753,0.15384615384615385
1.3808848973812573,0,0.6387317962268351,5.414332769682656,7.034491625640803,5.414332769682656,0.295010965999749,0.5959498798064417,0.009445703125,0.11515021502059937,-0.013261621435170972,1.838,0.3394693451964772,0.15269804822043628
8.074159220765877,0,0.5931941840789068,9.443643971477401,13.283523727439887,9.443643971477401,0.1858242115649247,0.6126715811613778,-0.013200390624999997,0.1647374711717224,-0.49199765079795826,3.835,0.40609324235251076,0.1515499425947187
1.5019656717322407,0,0.6456920421345977,4.66341746862906,6.156473126831066,4.66341746862906,0.2638056571574201,0.49401096924393306,0.0006390625000000014,0.12442905097412109,-0.0303352420464075,1.645,0.35274560149631917,0.15040183696900114
16.7745002974929,0,0.6092426431837198,12.052437761642805,17.492389793943193,12.052437761642805,0.2211239117355473,0.6301717054897398,-0.025221874999999994,0.17527466561523436,-1.01088516284974,5.055,0.4194172249607186,0.14925373134328357
1.1607396584432417,0,0.6103884756176045,4.804471438773631,6.233858340899829,4.804471438773631,0.237528679875321,0.4919098731500914,-0.025329296874999997,0.1250013591416931,-0.24812357981501812,1.703,0.35446146817654944,0.14810562571756603
2.9431693534744836,0,0.6141186473309551,5.756482209877955,7.743703187989174,5.756482209877955,0.23838295245794508,0.53545078168947,-0.05184375,0.1374580669921875,-0.29457489738638587,2.155,0.3743605767255014,0.14695752009184845
2.0520897742733917,0,0.6341014135278297,5.986530726432794,7.894950101298118,5.986530726432794,0.16443633012203568,0.5685546356507273,-0.016490625000000002,0.11756276475585939,-0.35765865650198714,2.055,0.34327060093860357,0.14580941446613088
1.5959344243029392,0,0.6503859767024825,5.905958396870648,7.7137577691920045,5.905958396870648,0.25481634228589917,0.5987725412257487,-0.04946796875,0.11326510834899901,-0.13015849213646388,2.009,0.34016494275755405,0.1446613088404133
1.487653911159435,0,0.6359827580195307,4.753723719184506,6.217876334637999,4.753723719184506,0.17846581073585183,0.5959841678112221,0.027658984374999994,0.11594393409896848,-0.3537374272868926,1.624,0.3416269215322835,0.14351320321469574
1.9589752824633955,0,0.6116529295197608,5.538734740873816,7.339637344871303,5.538734740873816,0.26555757120324747,0.5140194151666693,-0.020215625000000004,0.12635438084960937,-0.12271402969234543,1.972,0.356037992837492,0.1423650975889782
2.687005002609652,0,0.6196140262321923,7.037549562024218,9.382191337155456,7.037549562024218,0.2349342660393007,0.5131789191401259,-0.004861718749999998,0.1343755004095459,-0.38383456234915775,2.58,0.3666048781982449,0.14121699196326062
7.1588210615872985,0,0.6441124376203773,7.080642887784642,9.97601141735073,7.080642887784642,0.2095022487920923,0.5127952882340694,-0.023303515625,0.14432484342514038,-0.2601023765120401,2.695,0.3806151563792816,0.14006888633754305
3.404646217856339,0,0.6233364260522443,6.7359674168020485,9.058350710353336,6.7359674168020485,0.20984970478495238,0.571705788829607,-0.029248828125000004,0.1316521634751892,-0.502601146576182,2.452,0.36401601258993405,0.13892078071182548
5.727292761887737,0,0.6185675023119532,7.199622165639918,10.032631202367659,7.199622165639918,0.1939704175775697,0.5532849744524952,0.0032164062499999966,0.16134270004333495,-0.2506499638994528,2.892,0.40168774603228813,0.1377726750861079
1.7919660213333213,0,0.6231567641007492,4.694352305220277,6.214229546309274,4.694352305220277,0.2162789586935773,0.6018950334621028,-0.0050738281250000015,0.12098418634628297,-0.25857421016139637,1.633,0.34786481580942474,0.13662456946039037
11.31181830717533,0,0.6178947794969026,11.34798227784959,15.748698569820196,11.34798227784959,0.28932731397128236,0.5929409486808994,0.0405265625,0.1497221282006836,-0.7226044226551617,4.415,0.3890559477359908,0.1354764638346728
1.9219374236123326,0,0.615171247179929,5.737015973487008,7.514655349600651,5.737015973487008,0.16873349615920305,0.5698826108351377,0.008307031250000001,0.12488891198181151,-0.2450691833477329,2.028,0.35349387370929075,0.13432835820895522
1.1139241762967815,0,0.6183149505596005,4.86662824613384,6.276071015616996,4.86662824613384,0.2578969233625877,0.5947695094745991,0.020653125,0.11803387108398437,-0.2786074364109092,1.675,0.3441807993718563,0.13318025258323765
15.14241016732371,0,0.620224384099663,10.60994332309846,15.824400177325723,10.60994332309846,0.17808400065935082,0.5770064992759072,-0.021503515625,0.19568599530014036,-0.8129308749675783,4.699,0.4428864374581536,0.13203214695752008
2.898721827792545,0,0.6294639750513955,6.625330745603626,8.847321611621481,6.625330745603626,0.2404779438000023,0.5505592518343625,-0.027121484374999998,0.1391546848509216,-0.22394118563268733,2.478,0.3740190633719423,0.13088404133180254
9.875721116399836,0,0.6167759957653953,9.146121527474246,12.95009101299581,9.146121527474246,0.22995173251868317,0.4577807942288926,-0.046465624999999997,0.15148097616210937,-0.8316878220302918,3.585,0.3919694254259508,0.12973593570608496
2.461290544549022,0,0.6263182178684202,6.3028759273999615,8.310722454713275,6.3028759273999615,0.18097587321277395,0.5807697620433724,-0.0029316406250000002,0.12260176056137087,-0.13042922728677103,2.207,0.3501576146225082,0.1285878300803674
3.579630269737156,0,0.6280508032576317,6.2899765372197365,8.489590633407131,6.2899765372197365,0.2584543058941839,0.470861972462844,0.03498085937499999,0.14888750861801145,-0.2987617580055118,2.437,0.38744182678258293,0.12743972445464982
2.5862180334732736,0,0.6289497159182439,5.901871508166921,7.811309664444226,5.901871508166921,0.22219029106033183,0.6015483002354379,-0.016338281250000003,0.12852017462829587,-0.1953688309845371,2.118,0.3588692158189387,0.12629161882893225
7.015235910542611,0,0.616440302784625,8.080387812161641,11.311977492300999,8.080387812161641,0.20258319778154624,0.43920891796630906,-0.0029691406250000013,0.15080511818832396,-0.8585119982672961,3.138,0.3883476972821842,0.1251435132032147
1.863292660736552,0,0.6113109140000669,5.5671952475024336,7.367410323944191,5.5671952475024336,0.28356873505261204,0.5607442666363027,0.032853125,0.14750962764648437,-0.259025384114069,2.146,0.38547237964444353,0.12399540757749714
6.084714169520991,0,0.6277780955297259,7.865451428170218,10.85217803170468,7.865451428170218,0.20870670455684456,0.5618798411394876,-0.03168984375,0.1315820748968506,-0.5182063933865197,2.864,0.3641240462998152,0.12284730195177956
2.3750517981508263,0,0.6228604609759781,6.595308054809434,8.785430517505132,6.595308054809434,0.20708422811923785,0.5872509611955327,0.006814062500000001,0.12799597714599611,-0.2985660533409692,2.36,0.3578301393032035,0.12169919632606199
2.0176718253403987,0,0.6251629985062326,5.330492260548597,6.989735847966312,5.330492260548597,0.22189883860986886,0.5361499289815896,0.005708203125000004,0.12568295899520876,-0.24825421233671943,1.89,0.35456387658378985,0.12055109070034443
6.349393225100995,0,0.6286658998888269,7.597640337395996,10.451138902457002,7.597640337395996,0.24199234455545732,0.46022158075221514,0.034258593749999997,0.13708090187927247,-0.548669042352792,2.825,0.37182597155793196,0.11940298507462686
1.249471791901767,0,0.6274749925246137,4.855341153375205,6.31270765954596,4.855341153375205,0.2097894550880935,0.5799313271595324,-0.010818359375000001,0.12683880958480837,-0.10925231196876806,1.73,0.3563086393625266,0.1182548794489093
8.018411111088223,0,0.62796806828228,7.367366609818392,10.449068816231032,7.367366609818392,0.1751021429993423,0.45562334528614534,0.00648984375,0.15150013192810058,-0.5261084957506659,2.868,0.38928427915856045,0.11710677382319173
2.9913789049125805,0,0.6198614039624188,6.260361158815256,8.344673247010942,6.260361158815256,0.3028828759541605,0.5333238602548832,0.0072007812500000015,0.13645438390563966,-0.19277090379040776,2.313,0.3694675021652784,0.11595866819747416
5.705970500906011,0,0.6147246099483569,6.494417019978322,9.097382870780713,6.494417019978322,0.1533246584192557,0.4668686468542941,-0.010691015625,0.15648359085678099,-0.4305068565188552,2.57,0.3957245110829945,0.1148105625717566
1.9424833280306082,0,0.6233610457291816,5.534918629708017,7.326713290391198,5.534918629708017,0.25352953330474587,0.5715746171883646,-0.006883984374999999,0.12522241271224976,-0.2395051982572105,1.959,0.35393474250647533,0.11366245694603903
7.486318176201566,0,0.6136152048646086,8.554866677907615,12.111336160772717,8.554866677907615,0.2934359470487414,0.520974033826787,-0.025138671875,0.16732474678573608,-0.43134873312440325,3.506,0.4098252061664521,0.11251435132032148
5.047704274388279,0,0.6256223052177085,6.503200050583793,8.982813436716,6.503200050583793,0.19123885873827903,0.4869783366314653,0.04889296875,0.1418674018255615,-0.4645961011020328,2.47,0.3798130121767157,0.1113662456946039
1.9077650352170856,0,0.6320889440102961,5.104759812405959,6.750211836061187,5.104759812405959,0.20905898696207753,0.5241178548893898,0.02847109375,0.1365593147894287,-0.23066476416512782,1.892,0.3706344802750413,0.11021814006888633
3.6714697323279326,0,0.6104068275854027,7.132892067562929,9.791602674969761,7.132892067562929,0.30086059992546954,0.4024023667569499,0.011969921875000001,0.17686789636093142,-0.547662813647732,3.001,0.4207269606177206,0.10907003444316878
1.6586570724228205,0,0.6423078580493272,5.0455624701034765,6.660159128768601,5.0455624701034765,0.24927881903949664,0.5484156859582433,0.038221875,0.13604722577148437,-0.16906237907494714,1.871,0.37082089679520486,0.1079219288174512
2.433136697446499,0,0.6385999931874063,5.41886320859035,7.227838166999761,5.41886320859035,0.21606684855483213,0.5076661017942089,0.004779296874999997,0.1426756258995056,-0.343747699012576,2.047,0.3777545070255615,0.10677382319173363
1.9720068343726114,0,0.6182558798673399,5.575333163173834,7.378142925318387,5.575333163173834,0.23181989527363567,0.5468528459840493,-0.004735546874999999,0.1495170538926697,-0.36569628953793853,2.156,0.3867033479256095,0.10562571756601608
2.939844712676014,0,0.6099528358223616,6.5125476550746,8.70390461474395,6.5125476550746,0.2026738260718381,0.46815382031625336,-0.006296875000000003,0.1452055282714844,-0.39226843647961046,2.482,0.3811104549946774,0.1044776119402985
1.8563726526405278,0,0.6429166552647808,6.06500242148863,7.9366895389984276,6.06500242148863,0.261888928681079,0.5460943362994904,0.01031875,0.1263783218359375,-0.23802520101548189,2.157,0.3556470138177741,0.10332950631458095
5.526500907003689,0,0.6335378164312446,6.792996253514572,9.350673686211994,6.792996253514572,0.21211181154410352,0.46291435937732495,-0.005144921875,0.15227240829452515,-0.5979330088465042,2.651,0.3902548891629995,0.10218140068886337
4.205991486139059,0,0.6183438858481077,6.992961794730011,9.529674629553462,6.992961794730011,0.2057395322629636,0.5038312157552779,-0.01163359375,0.14662986809020997,-0.3259491742902052,2.679,0.38309947610738126,0.1010332950631458
1.6647875852084804,0,0.6450505289473079,5.271484795174121,6.924942478701571,5.271484795174121,0.2569145956585409,0.5648842662394512,-0.0040484375,0.1318147328100586,-0.3229138476318036,1.914,0.3630855583140839,0.09988518943742825
1.7917294759565365,0,0.6343523519941882,6.324215382863478,8.231581741658426,6.324215382863478,0.2465573125606182,0.5397582343819013,0.015005859375,0.12668869176254272,-0.20453694897172003,2.253,0.35624972642533353,0.09873708381171067
2.581307596837008,0,0.6173076032928194,6.555044079965734,8.733663172193502,6.555044079965734,0.25827042303625963,0.499469058318468,0.00803515625,0.1340985370452881,-0.030755999502467532,2.401,0.36628281529611784,0.09758897818599312
2.9289090998726905,0,0.6437618376624762,6.156415103895678,8.175462248541809,6.156415103895678,0.1578337886096402,0.503174710078709,-0.0029109374999999986,0.13871575534912112,-0.2361854540978968,2.293,0.3724570161860963,0.09644087256027555
5.300326825637521,0,0.6296652335083776,6.915561516769724,9.538351363749445,6.915561516769724,0.2727595840464966,0.46805235198641854,-0.034668359375,0.13916992399887085,-0.3727693094130891,2.591,0.37466227344186254,0.09529276693455797
13.175242661368014,0,0.5844123064738066,10.733535231790066,15.613005422310675,10.733535231790066,0.25957980883521914,0.5906780684320415,-0.007852343749999999,0.20033995319763184,-1.077714451972424,4.805,0.44766238673804165,0.09414466130884042
4.631280336934577,0,0.6260125947390314,7.138028881084911,9.865517246361943,7.138028881084911,0.2292913731163848,0.5154102174371674,-0.018688671875,0.13925202299667358,-0.5718912219075754,2.667,0.37363255941248613,0.09299655568312284
4.717384813477264,0,0.6216949807380281,7.788008768172707,10.763390028207242,7.788008768172707,0.2351119971880705,0.449261326333695,-0.02307265625,0.14775362440856932,-0.5031621732725058,2.999,0.3850791761118744,0.09184845005740529
4.137350176294921,0,0.6373049777004872,7.325122231183004,9.926023016761485,7.325122231183004,0.2744294357935798,0.44486719781965145,-0.0351265625,0.17111287070068362,-0.47658375618907683,3.041,0.4151466561273859,0.09070034443168772
4.736259105326063,0,0.6327454513487685,6.830353037704669,9.369489883584826,6.830353037704669,0.2195219814489177,0.4791011034373763,0.010389062499999999,0.1380701298803711,-0.31752898876383245,2.539,0.3717230992284445,0.08955223880597014
5.433244290039909,0,0.628563354227082,7.564893597808139,10.31137916066982,7.564893597808139,0.225479944865459,0.5508879248170393,-0.02030390625,0.13864720685974122,-0.29238022026183536,2.821,0.3729067651152899,0.08840413318025259
3.7509593406534547,0,0.628483275791173,7.002356631529629,9.496737126323277,7.002356631529629,0.23512786105284794,0.5009750665039381,-0.011440234375,0.14700668627182006,-0.3792454689011694,2.686,0.38358514730679416,0.08725602755453502
4.420999360129162,0,0.6421456367831263,7.103016016745858,9.655241879074453,7.103016016745858,0.2863560509050285,0.5692179128682628,-0.006106250000000002,0.1440262887109375,-0.22528191900123407,2.696,0.37955707739416483,0.08610792192881746
4.582062805502575,0,0.638704239161111,6.323389684456105,8.744103014820839,6.323389684456105,0.22932023217210915,0.45791562954461196,0.025003906249999996,0.15505781014099124,-0.27506152798076194,2.495,0.39456685804658,0.08495981630309989
4.170305920335425,0,0.6267886742105643,6.040489704589156,8.23924612270613,6.040489704589156,0.2648817292888592,0.48855242807711385,0.0020593749999999996,0.1579895511621094,-0.35047687131242594,2.401,0.3974843294867107,0.08381171067738231
3.131188707881001,0,0.6359956332417973,5.379317827899581,7.284059830314007,5.379317827899581,0.28300146328040704,0.505596209843405,-0.042478515625000005,0.14144772219467164,-0.20070647938495,2.036,0.3784866529804915,0.08266360505166476
5.548735706250646,0,0.6272501610360969,6.6129911482796935,9.320162727954104,6.6129911482796935,0.2362684811311615,0.4445471958933388,0.010680859375000002,0.16131702666488648,-0.2388624397824594,2.657,0.4017849019337026,0.08151549942594719
2.226802570395491,0,0.643138647536651,5.652479048433216,7.4754238713326915,5.652479048433216,0.3066105481748562,0.49763988669506704,0.033641796875,0.13702563926864625,-0.18533618976060692,2.101,0.37169531846073206,0.08036739380022963
4.734768115951742,0,0.6132909847647935,6.1408570043566435,8.424734382983655,6.1408570043566435,0.24353822733486447,0.5205054798523203,0.011651562500000002,0.16546965984130863,-0.4877320555605205,2.499,0.4069464568588846,0.07921928817451206
2.364530024975875,0,0.6455346987708999,7.108440543372288,9.445785009255692,7.108440543372288,0.24157740345209353,0.5105389229237722,0.014546484375000002,0.13908028924545288,-0.29627294158817785,2.653,0.37321828660065015,0.07807118254879448
3.7626694177103985,0,0.6199410644263424,5.872847308417004,7.966673324069628,5.872847308417004,0.21241404585117976,0.4801187611651944,0.024658203125,0.13933868356552123,-0.3053131484870403,2.197,0.37409452087256634,0.07692307692307693
4.303599362727576,0,0.6319371877591957,6.576977161794783,9.046706389521953,6.576977161794783,0.2526936211318192,0.4630026570405204,-0.009932812499999997,0.15306806111083984,-0.15281917971383235,2.574,0.3913652026879753,0.07577497129735936
1.7417111334146975,0,0.6425663669595703,5.279565655598725,6.911196748583823,5.279565655598725,0.20046785265527547,0.47642363826620043,0.026255078125000005,0.13197744782577514,-0.191211473300768,1.923,0.3642345081854889,0.07462686567164178
4.0242223051837005,0,0.63625284306102,6.3288156613194015,8.570629828377392,6.3288156613194015,0.27561698449947303,0.47307326358181284,0.042342578125,0.14867994006210328,-0.4131207061211176,2.455,0.3879082803761412,0.07347876004592423
4.9818580354718796,0,0.6403697965176248,7.677368690631549,10.52250340386484,7.677368690631549,0.29382642869502223,0.4380583489301459,-0.007919531249999995,0.15641942555603028,-0.2966660536620455,3.037,0.39557824072015135,0.07233065442020666
3.0718793480347353,0,0.6249730146197107,5.409647329233644,7.374563813200682,5.409647329233644,0.22633929775527467,0.45751721105834064,0.009034765625,0.15553318199447633,-0.38817583197893146,2.134,0.39448042915254367,0.0711825487944891
2.5109133903499714,0,0.6533295742768819,6.161985471349886,8.336774928254519,6.161985471349886,0.21491399046120532,0.5113428115485388,-0.003566796875,0.1371354236631775,-0.24159070616669656,2.282,0.37033518021263523,0.07003444316877153
1.6461388320875017,0,0.641816862766512,5.008111275030869,6.582639714625446,5.008111275030869,0.25122094882382395,0.5233839724432341,-0.024742187500000002,0.14377533743896484,-0.19641113783322162,1.903,0.37998356975170655,0.06888633754305395
5.434241565318493,0,0.6566156865057801,7.087025694244189,9.721884562774104,7.087025694244189,0.18542717105702386,0.5259483232195632,0.06209140625,0.14053717601989746,-0.519316744708923,2.693,0.3799901561224974,0.0677382319173364
3.6637920576383545,0,0.6244406040457401,6.401984662173683,8.661782147488834,6.401984662173683,0.19359277796646548,0.4842943963351188,0.010845312500000004,0.14538206669677733,-0.2798617960176282,2.442,0.381444212828036,0.06659012629161883
2.299325797129579,0,0.6315958742088944,5.2987779107453985,7.0207639185122845,5.2987779107453985,0.2454514643174975,0.5098540502754884,-0.010642187500000002,0.12886786337646486,-0.11868054060220126,1.903,0.3591394151736203,0.06544202066590127
2.7956535596742693,0,0.6286490177741137,6.263724286523435,8.355361081720854,6.263724286523435,0.21862664556552475,0.5169071199138703,0.046421484375,0.14052541180404662,-0.2165631952162964,2.366,0.37773054683944346,0.0642939150401837
2.284586012072336,0,0.622737963021274,5.44669528433025,7.350165577231898,5.44669528433025,0.2389562748607282,0.4635652674948096,-0.034425390625,0.15579214443344117,-0.3360585768518463,2.158,0.3962035486377236,0.06314580941446613
4.7744074070888365,0,0.6313048900273059,8.225947059598463,11.207724356854706,8.225947059598463,0.1978197541889015,0.5057664423706568,-0.0025843749999999977,0.1619072335058594,-0.17913669307301178,3.31,0.40238527868201146,0.06199770378874857
5.950081609045371,0,0.6211815661213969,7.646531622771781,10.536017595797594,7.646531622771781,0.20810061071882915,0.47264690734945725,0.027226953124999998,0.15390440357040405,-0.4210681067189349,3.007,0.39325018823501534,0.060849598163030996
3.37280188158529,0,0.6284963845807521,6.045470658498481,8.162006989857451,6.045470658498481,0.2704194638039986,0.4586849552931917,-0.00045585937500000026,0.14841511523910522,-0.41094828725528193,2.329,0.38524709349568753,0.05970149253731343
2.4717061148552775,0,0.6131173076104095,5.616830990106374,7.634456865551055,5.616830990106374,0.29247240427541826,0.5027212259820022,0.003281249999999998,0.1617412669921875,-0.12471026053956709,2.259,0.4021840792395318,0.05855338691159587
2.6287182586743514,0,0.6151091269214635,6.59730115698228,8.846195640362506,6.59730115698228,0.26257369660396135,0.5064776734658117,0.0004953124999999981,0.14869654529052734,-0.3352571810565662,2.544,0.385612228313626,0.0574052812858783
3.350474815712343,0,0.6060950911828447,5.956432961612114,8.225720715836577,5.956432961612114,0.21811375292988663,0.4539068515720539,-0.01986953125,0.16603842750915526,-0.5696099174583694,2.43,0.40796228475344387,0.05625717566016074
1.8296346301026727,0,0.6226032508968065,5.498342182421398,7.276550243982492,5.498342182421398,0.22557335205781787,0.4890391188045765,-0.0124734375,0.16242468991943362,-0.20246584297377573,2.217,0.4032124459419625,0.05510907003444317
2.7641880360559234,0,0.6240796679141979,5.125998890915575,6.908521975900567,5.125998890915575,0.20058900683977612,0.5176325709291855,0.032923046875,0.15206178509384155,-0.35394983101826116,2.006,0.39133836013017553,0.0539609644087256
3.7159277875724204,0,0.5954226848944397,6.652115723370616,9.295448994545307,6.652115723370616,0.2879292878249974,0.4771353017229666,-0.005913671875000002,0.18988771246932984,-0.2003043949511503,2.899,0.43580119777758186,0.05281285878300804
4.817123481272625,0,0.5869648487246858,7.5668003523781815,10.683568321508229,7.5668003523781815,0.271815781948217,0.5766346958608486,-0.00671875,0.1910749966796875,-0.3091130684271186,3.308,0.4371728928939328,0.05166475315729047
11.879262723192536,0,0.5229438624080688,9.773839906347849,14.46550893210087,9.773839906347849,0.24865503317549997,0.490808292534269,0.020104687499999996,0.4099481898217773,-0.6949314046165557,6.261,0.640587533660506,0.0505166475315729
8.794912404284212,0,0.5325761699917619,8.940500227606782,12.760020436879639,8.940500227606782,0.21089898080875263,0.54989347968523,0.0017093750000000013,0.45474102881835937,-0.553184125271785,6.029,0.6743470551438999,0.04936854190585534
4.986354115794486,0,0.5354803202060177,5.542905373974623,8.01362670997917,5.542905373974623,0.28898841619755355,0.42417061409608675,-0.013037499999999999,0.99842137671875,0.039628425488017684,5.539,0.9992954283518964,0.04822043628013777
3.0911007252004588,0,0.5541694439626502,5.38106988735402,7.456016754366992,5.38106988735402,0.2320986169021468,0.4386100591477557,0.007137500000000007,1.1469399607812498,-0.08501286041870515,5.763,1.0709766125772775,0.04707233065442021
2.832247923354233,0,0.5158418960845728,5.199420442999719,7.172208643401436,5.199420442999719,0.21141780145397138,0.4754434155595961,-0.024938281250000006,1.1806251399407959,0.047467892278155156,5.651,1.0868519024285233,0.045924225028702644
2.771359581198369,0,0.44492190047278707,5.424828093045458,7.442786777388551,5.424828093045458,0.24689223375493957,0.44987830778774796,-0.005967968749999993,1.311652990380249,-0.01988724988427569,6.213,1.1452897480686928,0.04477611940298507
3.387923011077886,0,0.46761523614764944,5.757545313168933,8.007835226579472,5.757545313168933,0.21369123631916656,0.49525449172642316,0.015404296875000001,1.3297926845909118,-0.07814610614251918,6.64,1.1532692560513027,0.04362801377726751
2.3538196990610114,0,0.5004633346628582,4.872279948150601,6.640422029810187,4.872279948150601,0.2659034156778866,0.4716708910330963,-0.06501328125,1.3591233912298584,-0.06895825602455011,5.689,1.1676258467371945,0.04247990815154994
2.726641630043832,0,0.5379143464127183,5.043995213382249,6.9642205601188065,5.043995213382249,0.22819549194530475,0.46088727688647274,-0.013745703125000003,1.3394225021299744,-0.00904065116446863,5.838,1.1574158485541723,0.04133180252583238
2.8862891115158833,0,0.5956770525224979,5.197117114071093,7.177773338386772,5.197117114071093,0.23720630776981494,0.4748463484865281,-0.025042968749999995,1.3353230114349366,-0.06136134740288944,6.007,1.1558331028823972,0.040183696900114814
2.184020050996323,0,0.53837671377823,4.673741310141004,6.311432408192601,4.673741310141004,0.2139296502366297,0.48748456311702193,-0.002377734374999999,1.410116140519867,0.03068029328980236,5.55,1.187485492181115,0.03903559127439724
3.0302642978974115,0,0.37821533088479553,5.300976095448217,7.301085753180496,5.300976095448217,0.24222735117138414,0.5086801612778892,0.018721875000000002,1.4545509265527343,0.08571463043080668,6.394,1.206192951047323,0.03788748564867968
2.596215653709187,0,0.5020919465767577,5.144572224520014,7.045774258884185,5.144572224520014,0.2127468129705264,0.5047757004246255,0.017721874999999998,1.3503849078027343,0.01551623633173831,5.979,1.1621957548779165,0.03673938002296211
2.788719134607777,0,0.4626579221369194,5.47788771891186,7.489309679942111,5.47788771891186,0.21662672945049766,0.49969919462540796,0.003924218749999998,1.411879244257202,-0.14246648156398026,6.509,1.1882317298195668,0.03559127439724455
2.01663703478072,0,0.523284497721351,4.565646035009337,6.1388759517800855,4.565646035009337,0.28833853925693126,0.5285708546758876,-0.013775390625000003,1.4695172749412537,-0.06351927733232846,5.535,1.2123147430960843,0.03444316877152698
2.431568458407421,0,0.5352538226611891,5.2908657998203825,7.222982599719955,5.2908657998203825,0.22013620924913205,0.5053553377855791,0.04314453125000001,1.4796951330169676,-0.015786518303677444,6.44,1.2171920898501394,0.03329506314580941
1.696201945538383,0,0.4692777470719234,5.015429524362897,6.7490608369543015,5.015429524362897,0.2614645460476608,0.509257195924278,0.029030859375000002,1.518450909594574,0.015292720704218173,6.182,1.2325963249947751,0.03214695752009185
1.5273838637448067,0,0.4847311023179586,4.393691768909074,5.829789040281846,4.393691768909074,0.3244445489629602,0.4988628114602552,0.0177953125,1.4906923768530274,0.03227591735847652,5.365,1.2210688146046478,0.030998851894374284
2.1421371643895277,0,0.4942610082279385,5.247930714077742,7.130312125011313,5.247930714077742,0.25043537371731606,0.5439831030448838,0.031444531250000005,1.4019729773919678,0.0755531406505858,6.216,1.1844668572558288,0.029850746268656716
2.5353826789925575,0,0.5185560263122625,5.900439262318348,7.943988757297959,5.900439262318348,0.23136669173998883,0.4852502270999701,-0.0017972656250000024,1.5576072881956482,-0.01609405242636241,7.364,1.2480426748951234,0.02870264064293915
2.669090035973775,0,0.4112324725280497,6.004598933443912,8.192783525660639,6.004598933443912,0.20958681414514851,0.4821550959916885,0.009214453125000008,1.5859229583067322,0.06125749611309928,7.562,1.2593680416991393,0.027554535017221583
1.8961855432972818,0,0.5846019647543722,4.821160711298327,6.461005823016128,4.821160711298327,0.2859613485359274,0.5072317077732991,0.009062890624999993,1.5214903956541443,0.06643932179143444,5.947,1.2335203815262337,0.02640642939150402
1.9569729687448518,0,0.5307942725565639,4.852225771092268,6.558801562918446,4.852225771092268,0.25506090148935306,0.4849725179101215,0.045165625,1.6101656366308592,0.08428201302476089,6.161,1.2697265730512612,0.02525832376578645
2.3604359276644846,0,0.4969771136324844,5.402939402100664,7.3926287166000675,5.402939402100664,0.2793067914902149,0.5202455415673307,0.003885156249999998,1.577478183685913,0.032041101244822866,6.786,1.2559829927690105,0.024110218140068886
2.3162944621318555,0,0.5702190093120527,5.34619444166138,7.26631428980889,5.34619444166138,0.22516075747225603,0.4871059492225753,0.0046453125,1.5865392366967772,-0.019371680916932466,6.734,1.2595875577445976,0.022962112514351322
4.212403436583285,0,0.5121412676577624,6.839160254694265,9.414642465886027,6.839160254694265,0.2500166119661345,0.5296139218815027,0.017682812500000006,1.9593498353295895,-0.04056137099725146,9.574,1.3998794652353108,0.021814006888633754
3.0698275993548823,0,0.49561379733297806,6.28491427073148,8.543260406054676,6.28491427073148,0.21607698831896208,0.5601429920794748,0.0144375,2.03041527265625,-0.03937367647620523,8.956,1.4249995487937883,0.02066590126291619
2.6644618711230343,0,0.47949432464188774,6.502730161863243,8.714461188172205,6.502730161863243,0.26253641451530707,0.5829224760372382,-0.04527734375,1.9520027902679444,0.1507179062060718,9.09,1.3978743964051277,0.01951779563719862
2.6213305040609702,0,0.48165224651285166,6.347929518650022,8.49590025927905,6.347929518650022,0.25996976277104883,0.5625104125670363,-0.013896874999999998,1.8919904237402343,-0.010059967830705951,8.732,1.3755666275666185,0.018369690011481057
2.5207714218078827,0,0.5025858863211201,5.482025193255961,7.334190870178338,5.482025193255961,0.3085892697214006,0.5947612684652472,0.009263281249999993,1.9148032720892334,0.05989596747297717,7.586,1.383795172873771,0.01722158438576349
1.8858834508341493,0,0.4856904992459066,5.004995110177551,6.624389600392569,5.004995110177551,0.24953176399935004,0.5846691216314717,0.004842187499999992,2.0350922711889647,-0.007482877169471839,7.14,1.426574820319197,0.016073478760045924
1.9112780900866957,0,0.5139751746219539,5.318973101175834,7.01192132041153,5.318973101175834,0.20003228598648187,0.5786270112824355,0.014669921875000009,1.8813274234703061,-0.03259845687476928,7.296,1.3716933440379906,0.014925373134328358
2.0510839683714623,0,0.4918133305292799,5.545696655138325,7.394598256789207,5.545696655138325,0.2662190581642093,0.6019579135653647,0.025975390625,1.880375633378754,-0.020715986255033826,7.606,1.3715138913977047,0.013777267508610792
1.967672189393074,0,0.4897257294339294,5.647631295271898,7.453506923723343,5.647631295271898,0.2476417906714131,0.6067307470203044,-0.008066406249999991,1.83474112918396,0.03249978366576125,7.65,1.3545501821984116,0.012629161882893225
2.3919379081035554,0,0.4923346953648621,5.389765070438951,7.202677110838089,5.389765070438951,0.22889834695339026,0.5892512299649536,-0.017111718750000005,1.9159670773626707,0.0021088561415646607,7.461,1.384290391601867,0.011481056257175661
2.2641250626312566,0,0.49362580155217084,5.290172004014963,7.11837946297787,5.290172004014963,0.24025550632184076,0.598355847030745,0.008174609375000003,1.9035833441209413,0.0011666636948528958,7.299,1.379728295121679,0.010332950631458095
2.357681921972036,0,0.47643996205584044,6.024686613441394,8.065949807481388,6.024686613441394,0.18326078906151755,0.6207884728832483,0.003831250000000004,1.8286181426171875,0.059336690894504135,8.147,1.3522695075663542,0.009184845005740528
2.7583800164750825,0,0.47564568863898793,5.2135497841800955,7.106611859012841,5.2135497841800955,0.2071251459777774,0.5764072495838692,0.020499218749999992,2.49209692187439,-0.22661611719972818,8.231,1.5787707686183419,0.008036739380022962
2.897613207738165,0,0.4943150637728096,5.579440227225512,7.579493155438007,5.579440227225512,0.24566996106453204,0.6052500204158753,0.040610156249999994,2.6264144917718504,0.055157558337246865,9.045,1.6211303700080693,0.006888633754305396
3.3141345409321046,0,0.5116584296428863,5.581647892974454,7.638639282775171,5.581647892974454,0.2513819214258455,0.586282817288726,-0.0141625,2.78250834546875,0.023493688008126776,9.311,1.6681453539410167,0.0057405281285878304
3.071155184765952,0,0.42972772596650555,6.3074202751489326,8.61889165346323,6.3074202751489326,0.22334015182179046,0.6059346584018935,-0.0007378906250000095,2.6884715145018006,0.01584880137268048,10.342,1.639656079482638,0.004592422502870264
2.540758454313,0,0.4941298416716864,5.282150388117114,7.191166852117123,5.282150388117114,0.18897184976714176,0.5762133378509228,0.010360546875000001,2.7108171211778256,-0.04122080295339263,8.697,1.6464885247426946,0.003444316877152698
4.6163474614089814,0,0.4898620706596327,6.310728303590842,8.788282127605768,6.310728303590842,0.25301920623271623,0.5943964902810117,0.005826562499999995,3.172261708981934,0.06447270308618987,11.24,1.7810939497433873,0.002296211251435132
11.877210142270707,0,0.5190391044608798,8.263980862042086,12.355096807219873,8.263980862042086,0.26051392570756765,0.5546970458019062,-0.012269921875000001,4.560865500970307,0.15466310354646706,17.649,2.135653542116119,0.001148105625717566
7.329843011465188,0,0.5341277384779551,7.874223833934509,11.429366049682525,7.874223833934509,0.26206169818766,0.6040412609522456,-0.019160937499999996,4.992082160817871,-0.2575419110914913,17.594,2.234378952269232,0.0
