Kurtosis,Entropy,Fractal Dimension,Peak factor,Pulse factor,Crest factor,Energy ratio,Spectral flatness,Mean,Variance,Skewness,Peak vibration,Rms vibration,rul
-0.13146502800822502,0,0.3897563636945889,3.5781317974110936,4.4580099234386,3.5781317974110936,0.24788178785822015,0.1853670673013594,0.0034652343749999996,0.31554617613510133,-0.00471106707861808,2.01,0.56174565773522,0.9996432393863718
-0.08464601425819573,0,0.4493519910693189,3.5786867501402924,4.465805036419485,3.5786867501402924,0.3545794134195877,0.20355373207502658,0.005609374999999999,0.28631391850585935,-0.025790578706309842,1.915,0.5351124962040692,0.9992864787727435
0.033388410188488926,0,0.41649406837397995,3.578971037027058,4.5081904190207815,3.578971037027058,0.23652909415520598,0.18837990335538,0.004195703124999995,0.28211148474716186,-0.0050161123740306915,1.901,0.5311582520039343,0.9989297181591152
0.043419077254756466,0,0.42193794924319233,3.4424761462756264,4.34798846844027,3.4424761462756264,0.28793801920031326,0.20207559826216248,-0.0018242187500000008,0.3078365339447021,-0.08016503228531406,1.91,0.5548331836856462,0.998572957545487
-0.1854766545515223,0,0.4952894081043669,3.1183172005443756,3.892261373639091,3.1183172005443756,0.2911184135327353,0.20316109862428958,-0.002581640625000002,0.32108757770980834,-0.03418650780164901,1.767,0.5666517824714973,0.9982161969318587
0.1077758419984054,0,0.4463782036004752,3.4179678233568787,4.327535233476598,3.4179678233568787,0.2355845097827265,0.2160328144011915,-0.0007488281249999999,0.29613458183456426,0.02618944444350269,1.86,0.5441830046759316,0.9978594363182305
-0.0016158081089243659,0,0.5148575742861918,3.5445411818933046,4.467925990290113,3.5445411818933046,0.39077594425289297,0.23184688011198495,0.015531640625,0.2792827794676208,0.03624490713702037,1.874,0.5287003038850319,0.9975026757046022
0.1100947076589569,0,0.42279460758570153,3.5807193122939225,4.511409669804447,3.5807193122939225,0.29020470988500474,0.22831371338840487,-0.001179687499999999,0.29202451536865237,0.031212405881159252,1.935,0.5403942144687062,0.9971459150909739
0.21793491959247557,0,0.37462472823280807,3.7095294690761276,4.6757686005016055,3.7095294690761276,0.24918552936927738,0.1978228671828346,0.008843359374999998,0.3207070914793396,0.01954459033135131,2.101,0.5663791102118572,0.9967891544773457
0.15173869985431088,0,0.44043318132283305,3.257399904467101,4.135875743764739,3.257399904467101,0.28630633020918456,0.2393656848264402,-0.00010117187500000013,0.2846802706236267,0.0010962782067856093,1.738,0.5335543841628283,0.9964323938637174
0.4007770330897049,0,0.49745296825976665,4.693220271662727,5.968148572738737,4.693220271662727,0.2997534526244138,0.2215385569126938,0.0010511718749999996,0.29336451495956417,0.028559522982095433,2.542,0.5416323660213401,0.9960756332500892
0.20389453735639274,0,0.4223664461059246,3.663496299137049,4.637383000850902,3.663496299137049,0.30222315125943816,0.2404801539560942,0.002069531249999995,0.2735222717279052,0.0854562375706456,1.916,0.5229976622199185,0.995718872636461
0.005362844055808669,0,0.3837676235600082,3.708796141685413,4.678923355200993,3.708796141685413,0.18484791633732334,0.1972815024359609,-0.0005148437500000002,0.2998841677484131,-0.045474464037895936,2.031,0.5476170494172913,0.9953621120228326
0.026387905155565328,0,0.43646072118260304,3.64752529614522,4.584774886005535,3.64752529614522,0.3099935064364313,0.2231339519037421,0.003094921875,0.30335386716171264,-0.0396324929528676,2.009,0.5507843913030988,0.9950053514092044
-0.08275778480873486,0,0.439900914127634,3.513476923573222,4.369781368686079,3.513476923573222,0.3120608387538718,0.2275289083351527,-0.004675,0.2986045771875,-0.02346315355383246,1.92,0.5464672294040147,0.9946485907955762
0.05696838632093737,0,0.44270712563408204,4.290699596532201,5.366562963086531,4.290699596532201,0.3115928010131075,0.24625018192269849,0.005320703125000003,0.2778975655088806,-0.051494330362859796,2.262,0.5271867557048687,0.9942918301819479
-0.08160788234722327,0,0.3860161259619302,3.665153951884257,4.572304857874048,3.665153951884257,0.39216934194823627,0.24486031787250015,0.0012691406250000003,0.28772669201644896,0.040424660922092376,1.966,0.5364031158880185,0.9939350695683197
0.042473661233831894,0,0.3187623479322841,3.476930143200568,4.352011090997794,3.476930143200568,0.27621382557244906,0.24961989579076446,-0.0022382812500000007,0.2694972940032959,-0.013225755782940244,1.805,0.5191361130823495,0.9935783089546913
0.17362306198781008,0,0.37357626711527503,3.4459465395241256,4.366636133928752,3.4459465395241256,0.29291321890449984,0.23567899019554614,-0.002152343749999999,0.2885285502288818,-0.00457442761160331,1.851,0.5371528486497116,0.9932215483410631
0.05929717238488097,0,0.42629471423893445,3.302394692227047,4.176101697889945,3.302394692227047,0.31574709367116927,0.24084137896861116,0.005312109374999997,0.2859437357908631,0.006531259146055282,1.766,0.5347634563962603,0.9928647877274349
0.12663747756174715,0,0.44637304185603455,4.047442299728124,5.097518117307334,4.047442299728124,0.3384633252013896,0.2639105933580175,0.0025031249999999993,0.24612460311523437,-0.07239461816965043,2.008,0.4961157815974009,0.9925080271138066
0.11516635061581937,0,0.3946285863333408,3.790215659168353,4.773947630640229,3.790215659168353,0.25681646688204623,0.207384124319456,0.010842187500000001,0.3592085860327149,0.03643370175954942,2.272,0.5994381861897855,0.9921512665001784
0.19749874782427757,0,0.3760885103916039,3.481467187228713,4.424221872923258,3.481467187228713,0.3117931740125262,0.23294567473587888,0.0037613281249999964,0.2981391528013611,-0.02481168117816431,1.901,0.5460341567984782,0.9917945058865502
0.07439996117128178,0,0.38564503825269814,3.6254421501925562,4.541840601296705,3.6254421501925562,0.22518745958175043,0.2445261934692361,0.0003105468749999993,0.27668096098251344,0.06282931344871018,1.907,0.5260048074132736,0.9914377452729218
-0.04602630754458348,0,0.3383391527810857,3.505867684689335,4.403197392453765,3.505867684689335,0.31383105882698975,0.19728542334924043,-5.8203125000002785e-05,0.4042305110655212,0.046945625162240906,2.229,0.6357912506893477,0.9910809846592936
-0.022447293240000832,0,0.4118953710884729,3.246886772571331,4.076136115252634,3.246886772571331,0.28207838639107935,0.24186717026315305,-0.0015773437499999993,0.30460580495544437,0.043151780963476036,1.792,0.5519133020400487,0.9907242240456654
0.12207560992791855,0,0.378638435811209,3.8442094428706883,4.82473815191334,3.8442094428706883,0.2043885574255155,0.22562613815660645,-0.0028984375,0.3358964615600586,0.0058071940978636155,2.228,0.5795730001475223,0.9903674634320371
0.2505427152993578,0,0.35999227646855936,4.003301943757844,5.074890810351831,4.003301943757844,0.2110626762606129,0.20692069623661513,0.005457031250000001,0.35103937627868653,-0.03500275896413662,2.372,0.5925108905908397,0.9900107028184089
0.26930071366447583,0,0.3675066932574539,4.43759415524236,5.558299529557228,4.43759415524236,0.33818403792040586,0.19399857318197813,0.0021468750000000003,0.3504445190527344,0.05682399648938152,2.627,0.5919874391615079,0.9896539422047806
-0.03550816289327674,0,0.33922580840767086,3.587341954214752,4.498955290187577,3.587341954214752,0.240990094822508,0.21047049469767984,-0.004163281250000005,0.3895321514642334,-0.055535726788961765,2.239,0.6241389944355343,0.9892971815911523
-0.1247337172945624,0,0.32108065764885146,3.353068034210437,4.182434841894097,3.353068034210437,0.3195184761225461,0.20440672677874083,-0.004820312499999998,0.38478285677490237,-0.036283341942328504,2.08,0.6203274072516061,0.9889404209775241
0.21968191315018748,0,0.347419666776314,4.009852525223017,5.088950851137394,4.009852525223017,0.35667033792954567,0.2158889367446192,-0.007308203125000001,0.3608714522764587,-0.08063537977320705,2.409,0.6007702240535686,0.9885836603638958
0.07687274740138461,0,0.37701989534276653,4.136605489398691,5.1711612548156305,4.136605489398691,0.18105739568327095,0.23228992085552458,-0.01037421875,0.32235384277282714,0.029644192024790787,2.349,0.5678569073168874,0.9882268997502676
-0.07032455538318239,0,0.2997939503000619,3.3119357219676466,4.130180917037909,3.3119357219676466,0.30111881636255894,0.18351495528438955,-0.0031332031249999997,0.39517263499130256,0.03542146381851532,2.082,0.6286353887215744,0.9878701391366393
-0.004235569145142559,0,0.27020099150453175,3.3134736004882273,4.153261064231009,3.3134736004882273,0.23848278954354982,0.22451366073442092,0.0017976562500000002,0.31105156608825685,-0.02353902319217345,1.848,0.5577228681489131,0.987513378523011
0.07711413624596863,0,0.3999058697162766,3.9023700618733095,4.894180635638096,3.9023700618733095,0.29208238223229227,0.2223856855993173,3.7890624999998605e-05,0.33273162864242556,-0.009665770234952102,2.251,0.576828943516295,0.9871566179093828
0.17970182538857182,0,0.39941628551736885,3.425992325511137,4.335288614808407,3.425992325511137,0.3464516518015371,0.21385232263787413,0.000860546874999998,0.3323230465684509,0.014041073052530858,1.975,0.5764753135298814,0.9867998572957546
-0.09187453394558798,0,0.3504989404173437,3.6268964645076807,4.536736927645316,3.6268964645076807,0.2608942543309487,0.22351014209359624,-0.0037753906250000005,0.3310974882225036,0.0051631595627498065,2.087,0.5754230980738216,0.9864430966821263
-0.06928347075596175,0,0.35466241302986257,3.2810896367561977,4.12858301072929,3.2810896367561977,0.3166450058963349,0.23393577186718698,0.004304687499999999,0.31378283138427737,-0.022549370420596394,1.838,0.5601797583979182,0.986086336068498
-0.07513833992021324,0,0.3955857596029844,3.379864728560047,4.2257036006029915,3.379864728560047,0.26635246371344995,0.237464735006412,-0.0042152343750000015,0.30153082437728884,-0.014900287926774931,1.856,0.5491344030181728,0.9857295754548698
0.08912651769934898,0,0.3631697740072307,4.027536400273357,5.079848607696323,4.027536400273357,0.25826942669346364,0.21306825369310267,0.002445312500000001,0.36043457122802736,0.047769153409886175,2.418,0.6003670134020106,0.9853728148412415
-0.01902285897739997,0,0.40631651135962915,3.710848581854615,4.634985967868554,3.710848581854615,0.24208144721270677,0.2413030209462794,-0.0033496093749999997,0.3135660820701599,0.006944485259619681,2.078,0.5599797335199953,0.9850160542276133
-0.2614504711431622,0,0.36935120930897986,3.271442073491845,4.0577263478825065,3.271442073491845,0.23362078923721116,0.1972016545230777,-0.002299218750000003,0.3786195339056396,-0.032664312890558676,2.013,0.6153249713058133,0.984659293613985
0.18811915594938533,0,0.3037438600520626,3.682299884264928,4.682516683746791,3.682299884264928,0.32712686887394093,0.2005766482102916,-0.000502734375000001,0.3456823257737732,-0.026515880500841645,2.165,0.5879477685267842,0.9843025330003567
-0.214218112433457,0,0.3154528569058363,3.679889198273351,4.56262276910036,3.679889198273351,0.286672076325013,0.2238650886792749,-0.0054222656250000004,0.28598026036361696,0.09871751654721027,1.968,0.5347987110382045,0.9839457723867285
-0.23954304234552026,0,0.27567649084353035,3.1747615727524137,3.9241001244930716,3.1747615727524137,0.21226564867642606,0.19851718644335584,0.0010820312500000005,0.348429954208374,0.0017311664070548368,1.874,0.5902805477059192,0.9835890117731002
0.1715217635362314,0,0.3365447322713156,3.5143749445635026,4.450183428356748,3.5143749445635026,0.26686558159179935,0.2213373356557075,-0.0025589843750000014,0.3072362535520935,-0.0048597057852166085,1.948,0.554294869138372,0.983232251159472
0.32497885035901186,0,0.39696557113673325,3.9900119369284943,5.09252455354331,3.9900119369284943,0.24969547692074195,0.287444519208012,-0.00017656249999999964,0.22556409929443358,-0.09051577084808721,1.895,0.4749359224871814,0.9828754905458438
0.21153792371317515,0,0.41643359868714225,3.9528036134557993,5.007523322299128,3.9528036134557993,0.34097765601240043,0.32009445739141107,-0.002548437500000001,0.2059779390600586,-0.05219804857034523,1.794,0.4538550799470576,0.9825187299322155
0.20794586435868911,0,0.4549028788029364,3.6592641465135367,4.654288327328304,3.6592641465135367,0.3005467795284158,0.37009967356285484,0.0032746093750000036,0.16379255779281615,0.03868785774670361,1.481,0.4047261801012816,0.9821619693185872
-0.0076408138738726095,0,0.5259105742716039,3.658626581341303,4.587660165697525,3.658626581341303,0.20540607834172708,0.39155106865406103,-0.00045468749999999817,0.14496576200927733,0.011710803027085813,1.393,0.3807439674505691,0.981805208704959
-0.07349274766768454,0,0.4319606434298922,3.4976476332517312,4.368134477748291,3.4976476332517312,0.30115767502860813,0.3473208057306482,-0.001787109375,0.1730477120994568,0.12866901253272026,1.455,0.41599387718976705,0.9814484480913307
0.11198847511321164,0,0.4673709485123694,4.086599956161215,5.127550593594863,4.086599956161215,0.27327305131983015,0.3531167429857508,-0.0006015624999999983,0.16819878031005858,0.0664898052632028,1.676,0.4101208872850784,0.9810916874777025
-0.07650475173115012,0,0.5434343639758269,3.744282120068348,4.665791634098742,3.744282120068348,0.32646938323064156,0.381692561846807,0.00908046875,0.15678945133728028,-0.0059107688785756144,1.483,0.39607058240924686,0.9807349268640742
-0.013251728965860021,0,0.46334652683440236,3.5076811063123476,4.381048855625934,3.5076811063123476,0.33814967616919955,0.3462240617649414,-0.0005511718750000009,0.16759763488143922,0.0004997831583217602,1.436,0.4093872722397156,0.9803781662504459
0.01845490221689783,0,0.4806914272993579,3.599697067111535,4.545528611943444,3.599697067111535,0.23077615798397133,0.3880249978928924,0.0004167968749999973,0.14548179385848997,-0.015504095906305335,1.373,0.3814209847112833,0.9800214056368177
-0.08257526470658005,0,0.406552348048628,3.3253534859600413,4.126372916101828,3.3253534859600413,0.3229976982540557,0.33673372135951113,0.003808203125000001,0.17951935032333374,-0.050113104372715774,1.409,0.4237143527594681,0.9796646450231894
-0.03551210980131714,0,0.46924584721354196,3.6798512339669043,4.609433527156274,3.6798512339669043,0.326940971104435,0.39483024224841873,0.004948046875,0.1410198242539978,-0.027899684254565127,1.382,0.3755586604272028,0.9793078844095612
-0.12140772705823277,0,0.45209359425965573,3.848580786315027,4.8066488118451325,3.848580786315027,0.2823841364830179,0.4033180356085453,0.0009992187499999988,0.14273305468688963,-0.06586600457918175,1.454,0.37780160550876435,0.978951123795933
-0.10429996873011671,0,0.43500871235813415,3.680202653573926,4.585061113854789,3.680202653573926,0.25944158116170635,0.35798451978183793,0.002440234374999998,0.14845388705307008,-0.02040814815136312,1.418,0.3853048686389454,0.9785943631823046
-0.004083308560157484,0,0.46491854183575726,3.653758740172625,4.574958198896552,3.653758740172625,0.23208330463688825,0.394212081426192,9.99999999999987e-05,0.14639780953124998,0.01900287558436856,1.398,0.38261968001038577,0.9782376025686764
-0.019989828102073393,0,0.36270923104864183,4.015460037497519,5.023397184404521,4.015460037497519,0.3218796454899067,0.36778617333445873,0.0056214843749999984,0.15538278367904662,0.019869912695686713,1.583,0.3942263116100002,0.9778808419550482
0.021375461017915764,0,0.4084359315414981,3.773608440875465,4.744432281419789,3.773608440875465,0.23418988688706305,0.3633186618371795,-0.0032722656250000004,0.15339276766830445,-0.04719665063763975,1.478,0.3916675572352464,0.9775240813414199
0.21585861915971227,0,0.4632033048469025,3.956727283457271,4.987463852729238,3.956727283457271,0.2395412226143669,0.3727649509747456,-0.0016402343750000028,0.14952121314682004,-0.033000621393219895,1.53,0.3866832082152327,0.9771673207277917
-0.018456287543775485,0,0.4433619095624597,4.093511146214982,5.112781168173816,4.093511146214982,0.26256687498286163,0.37376836904627025,-0.012286718750000003,0.13899996857360838,-0.012500049340235794,1.527,0.3730293983471678,0.9768105601141635
0.02615759663179107,0,0.4057294064704514,3.5689259754364886,4.463051405139287,3.5689259754364886,0.22527559889057902,0.3588704795166034,-0.00608515625,0.1582705138421631,-0.005988384309597425,1.42,0.3978788043723239,0.9764537995005351
0.030474660234970585,0,0.5057036259313362,3.9713970535323826,4.980153535184273,3.9713970535323826,0.3132838146280109,0.39929020281188715,0.00024374999999999674,0.14000734371093748,-0.022947176076687305,1.486,0.3741756313885232,0.9760970388869069
-0.19791702870083716,0,0.43590468787048736,3.460920530842691,4.295291399483548,3.460920530842691,0.2610465826388815,0.36717883242201604,-0.004697656249999997,0.15394090390075682,-0.014468788584164104,1.358,0.39238115637094506,0.9757402782732786
-0.08554821632967258,0,0.4162170203172307,3.4600872288923528,4.319505149474501,3.4600872288923528,0.2904030305686478,0.34589664299510187,0.0046121093749999995,0.17680707727523803,0.04202071814999973,1.455,0.4205096298875033,0.9753835176596504
0.07104928120458265,0,0.4423927619663713,3.481122106673773,4.391306585244523,3.481122106673773,0.2850219111690536,0.3925093570304173,0.002314453124999996,0.1394541710411072,-0.029412771944039587,1.3,0.37344280383262846,0.9750267570460222
0.13092336172737618,0,0.4855599080715554,3.743267638625652,4.706369178267443,3.743267638625652,0.32951986634342684,0.37174899894208063,0.004205859375,0.15525042598129274,-0.06947344118230922,1.475,0.39404075326592175,0.9746699964323938
-0.07115946994605649,0,0.36240300414312493,3.2355966834543355,4.06710066771228,3.2355966834543355,0.2614648056130447,0.33975687882596073,0.0052929687500000025,0.16919029229431154,-0.0534042597411598,1.331,0.41136152932973685,0.9743132358187656
0.2226835806200893,0,0.42227465526837626,4.73775266073137,5.966617902287869,4.73775266073137,0.30560889368555766,0.37669722901682584,0.0009054687500000047,0.1633768840325928,0.04715733817320771,1.915,0.4042000790527508,0.9739564752051374
0.12218208092593175,0,0.5123217732567696,3.62571520558095,4.609170172944769,3.62571520558095,0.270641963471802,0.37002637515060266,0.0036347656250000004,0.14738462011947634,-0.0003094364668049047,1.392,0.38392425247778367,0.9735997145915091
0.22815206849634873,0,0.44448654034942703,3.813310004112034,4.812569293662752,3.813310004112034,0.23565644838310554,0.37246964539074934,0.002581640625,0.13983443317855834,0.017550594911768,1.426,0.37395333672381503,0.9732429539778809
0.14170101897405196,0,0.3905796650967987,3.5236880220007936,4.460593763869854,3.5236880220007936,0.23759050200987933,0.37407143079253313,0.0008296875000000011,0.16446282255615235,0.012879767662458403,1.429,0.4055410101796118,0.9728861933642526
0.2506405261277904,0,0.4147024420708097,3.8130724625402057,4.831371899571831,3.8130724625402057,0.29716765137949597,0.32537931075960846,0.0042957031250000005,0.18519266138778684,-0.016882870295323735,1.641,0.43036160894429815,0.9725294327506243
0.2009918917313085,0,0.4535430287521264,4.816549733206482,6.030379587397632,4.816549733206482,0.3223115051954198,0.35053872214449067,0.0017421874999999996,0.16306435228271485,0.049017502622903046,1.945,0.40381603175208386,0.9721726721369961
0.5442497961826853,0,0.4156722993908041,5.6559996314420005,7.194745158819432,5.6559996314420005,0.2294912320482889,0.32172668927090736,0.004766015624999997,0.19628772142318723,-0.0665053404087968,2.506,0.4430693358021124,0.9718159115233678
0.16133934178996023,0,0.4279527845471161,3.7220187660461916,4.703255813953489,3.7220187660461916,0.31903476503432193,0.2921775955381674,-0.0028710937500000004,0.21803489666442868,0.02556591344727159,1.738,0.46695089660878697,0.9714591509097396
0.1446954513996257,0,0.41914043517354105,3.6846801228687474,4.663528763022629,3.6846801228687474,0.27861653874873055,0.296775932300728,-0.0010703124999999994,0.20418623255615237,0.02125535057642277,1.665,0.4518709750858092,0.9711023902961113
0.2595750842952773,0,0.4222350568286228,3.946086382401389,5.000841522280144,3.946086382401389,0.27255866414021274,0.2984704854552344,0.0019000000000000017,0.19465085328125,-0.04034115950926646,1.741,0.44119662655243636,0.970745629682483
0.916754218222593,0,0.34145756364515395,4.510994650514972,5.835834855413997,4.510994650514972,0.3099570072079631,0.26460111548155724,-4.414062500000121e-05,0.22044856875473023,0.015605000754990675,2.118,0.46951951046056123,0.9703888690688548
0.37267432999890193,0,0.3696669761216401,4.411100686294505,5.613157599279687,4.411100686294505,0.30301208022384524,0.3179150115759783,0.003639843749999999,0.2039184452874756,0.1310470176463926,1.992,0.4515879690049326,0.9700321084552266
0.5818376337680942,0,0.39531762081552607,4.071947300104407,5.244132124471857,4.071947300104407,0.2501012788192865,0.25709882036708076,-0.0036144531249999974,0.24074823065048218,0.04871685160719392,1.998,0.49067432674012507,0.9696753478415983
0.3824491578939564,0,0.39595806281192103,4.228783990019408,5.388885746377808,4.228783990019408,0.28627334724063175,0.27269179633476137,0.0030539062499999976,0.24285539084411623,-0.031012965582605592,2.084,0.49281306515503426,0.96931858722797
0.44827892360573074,0,0.3696054118567707,4.023048943127073,5.154477546058209,4.023048943127073,0.2677777345520616,0.2583990951358151,1.0546874999999359e-05,0.22140661668563846,-0.031702978157976645,1.893,0.4705386453808815,0.9689618266143418
0.18310765492319936,0,0.30748715859078285,3.835103198001077,4.84160118137229,3.835103198001077,0.320292567249987,0.27033834928855804,-0.000380468749999999,0.21857786618103026,0.0629858546762436,1.793,0.4675232731506529,0.9686050660007135
0.14530211787963987,0,0.4165115438586114,3.7256967580626794,4.683653485610271,3.7256967580626794,0.2620247786619066,0.30818446297775187,-0.002078515624999999,0.17893155360092164,0.016908394138309243,1.576,0.4230081250143134,0.9682483053870853
-0.013193085270984728,0,0.4180846262297122,3.3760131145548415,4.240603232498471,3.3760131145548415,0.3378147620178053,0.2757941352689858,0.003395703124999999,0.2204081063096619,0.012409207365373725,1.585,0.4694886975310215,0.967891544773457
-0.12590497589921146,0,0.4921009228174766,3.336417909555814,4.161625438485557,3.336417909555814,0.2589708856446746,0.37205149042313196,-0.002877734375000002,0.15746797528549195,0.000316102649406373,1.324,0.39683278171116987,0.9675347841598287
-0.04657791873700168,0,0.41935262710567267,3.3668201643327906,4.240301816842875,3.3668201643327906,0.34188436133237593,0.33161459086677664,-0.0037738281250000007,0.183933536736908,0.015948930858819866,1.444,0.42889133648935485,0.9671780235462005
-0.05498380475042142,0,0.3533316157878567,3.5484041830602604,4.460785384404433,3.5484041830602604,0.28694817396427097,0.32612913579302844,-0.00537890625,0.1637442220550537,0.08919287320815066,1.436,0.40468896042207525,0.9668212629325722
0.07296312275973182,0,0.4723936061115267,3.5721249280004055,4.493763591307221,3.5721249280004055,0.293929738322429,0.3837908017575268,-0.009820703125000003,0.14592344636825563,0.07643408606941318,1.365,0.3821254932324262,0.966464502318944
0.1903462184505007,0,0.3545750676422005,3.804521258072066,4.8059413201671255,3.804521258072066,0.2979556475896013,0.36993937246205694,0.0004937499999999987,0.1460589108984375,0.09734000640996827,1.454,0.38217686309809495,0.9661077417053158
-0.08971064602315071,0,0.4284670345164192,3.509701214362592,4.375755109627475,3.509701214362592,0.2542150304330208,0.3495957606717817,0.005819531250000001,0.1503412432122803,-0.00934960908579471,1.361,0.38778229737347475,0.9657509810916874
0.0777470683222341,0,0.5208355198530285,3.3563039081268036,4.251373439538219,3.3563039081268036,0.25333553987742274,0.3609242241764458,0.0028746093749999987,0.14589113232406617,-0.001232420142248831,1.282,0.3819677940653177,0.9653942204780592
-0.07565694210748486,0,0.4113566376635949,3.4426471002299164,4.31190763488453,3.4426471002299164,0.28843224684539615,0.36741707922267736,0.0038984374999999987,0.1397413232788086,0.047436712002564385,1.287,0.37384023471765315,0.965037459864431
-0.07801153655275828,0,0.43443955014678937,3.6056315053294083,4.506319434554625,3.6056315053294083,0.30272330314659374,0.36875741227251246,-0.0019597656249999984,0.14478848470932007,-0.03452021595882907,1.372,0.3805158674623504,0.9646806992508027
0.16142488536078758,0,0.457028681075982,3.650127626799842,4.605296310076305,3.650127626799842,0.24327919915379365,0.36929971479924384,0.0032769531250000017,0.14251140181259156,-0.0005153698831754239,1.378,0.3775210460813741,0.9643239386371745
0.050003128655642826,0,0.46031708115127035,3.9378381838326804,4.922763035411433,3.9378381838326804,0.274416341109319,0.36531538665873675,0.004450000000000001,0.14663184671875001,-0.067673530420373,1.508,0.3829512360846352,0.9639671780235461
0.12224408881014615,0,0.4278354484939314,3.808147075281376,4.796470139162952,3.808147075281376,0.27619025453013124,0.35538184106417986,-0.0010800781249999992,0.1445793252281189,-0.01600148684059058,1.448,0.3802374150407545,0.9636104174099179
-0.08798477598622956,0,0.4643341960829073,3.7865364684890124,4.712930704887894,3.7865364684890124,0.27856266345764275,0.3508032604740962,-0.00032695312500000096,0.14846564974227905,-0.0799063737929484,1.459,0.3853125440997542,0.9632536567962897
-0.03690583396347513,0,0.38781235456501595,3.4566705256920867,4.324369449749033,3.4566705256920867,0.24113770265088044,0.365704947537249,-0.00019921875000000132,0.14035356265563964,0.06122212634593187,1.295,0.3746379616960219,0.9628968961826614
0.07782754212201493,0,0.4600545781192125,3.6353352740523532,4.574508502737999,3.6353352740523532,0.2511116006857976,0.3490753178150241,-0.00036171874999999936,0.15064846447204588,0.0017829766893431944,1.411,0.3881347643699286,0.9625401355690332
-0.11668979905988319,0,0.4124219327479133,3.238480692944501,4.059717178541602,3.238480692944501,0.25947001194401975,0.31670236539064656,0.0009390625000000024,0.17428843144287112,-0.07826317110700573,1.352,0.4174797160117483,0.962183374955405
0.25957456501434084,0,0.45320382874464155,5.2825527007737465,6.686078891621293,5.2825527007737465,0.2844903164389062,0.3349222348115951,-0.004308593749999997,0.15116800164489747,0.05746905872523147,2.054,0.3888271667785058,0.9618266143417766
-0.012790235894679647,0,0.4180775132019408,3.558941811452121,4.462009030441327,3.558941811452121,0.2636842835910635,0.3184723141544811,-0.004261718749999999,0.1627866002532959,0.008330312013380643,1.436,0.40349072170249467,0.9614698537281484
-0.10733870386038502,0,0.48855960154862454,3.9982620738851393,5.021220360054011,3.9982620738851393,0.25539785131161247,0.34557637865241525,-0.0046046874999999985,0.14110165075927733,-0.04173883625356686,1.502,0.37566321872955566,0.9611130931145202
0.058841067318852414,0,0.47431197345107423,3.6536199589200047,4.586832545232994,3.6536199589200047,0.28622739851464796,0.3393520688369551,0.002833203125000001,0.15019537335067748,0.06115995173213354,1.416,0.3875608344384466,0.9607563325008919
0.1550189210806705,0,0.4550776400908171,4.20908567390897,5.296790066314569,4.20908567390897,0.2555570825369686,0.3705455419198144,0.0031335937499999992,0.12733003059020995,0.10504937857397487,1.502,0.3568470961070021,0.9603995718872637
0.06421059456040101,0,0.43838913467727586,3.9028986872760343,4.910472769191588,3.9028986872760343,0.2345007297231815,0.3638842407944281,0.0006195312500000001,0.13443225133728026,0.037912622245673426,1.431,0.3666505627382154,0.9600428112736354
0.10808941912188352,0,0.5498741517182941,4.125573517974021,5.173254491820148,4.125573517974021,0.253904420678338,0.351706683234171,0.0029066406249999986,0.13502138776840208,-0.006856352811647136,1.516,0.3674640612741945,0.9596860506600071
-0.1263697023289474,0,0.43751613745423606,3.398597360892064,4.225949974059459,3.398597360892064,0.2488511345999034,0.35930855147842233,0.007853124999999999,0.13738735186523438,-0.052895899801085194,1.26,0.37074118119990396,0.9593292900463789
0.003010765772605506,0,0.5055192119721872,3.645318417175814,4.56951638828893,3.645318417175814,0.26875315006605893,0.35788671972088754,-0.004353906250000001,0.1385572778753662,-0.03183407522229342,1.357,0.3722582898673984,0.9589725294327506
0.12464851261374266,0,0.4862560475594842,3.739899750717833,4.725169117430539,3.739899750717833,0.22666932329947398,0.3594846472514786,-0.002960156249999999,0.13595044059997557,0.0025459203719836467,1.379,0.36872646111311297,0.9586157688191224
0.17819658973812036,0,0.48346706058372496,3.6988271587458943,4.674214769305519,3.6988271587458943,0.28898131160694845,0.3361868102013966,-0.0007355468750000003,0.14904820936141966,-0.012071361859752138,1.428,0.38606832347477693,0.9582590082054941
0.1301185492125394,0,0.5427509076779098,3.6660171658886966,4.605203517360167,3.6660171658886966,0.23187538071037772,0.4079290039210005,-0.005767968750000001,0.11997701178649903,0.013283464333616211,1.27,0.3464250009020711,0.9579022475918658
-0.12893868595446278,0,0.4957142076937845,3.173063272854233,3.964991641262661,3.173063272854233,0.23589344905790735,0.35933490724412254,-0.005516406250000001,0.14227806769958495,-0.02078211875182376,1.197,0.37723798647206774,0.9575454869782376
0.18209202812058933,0,0.4736378804566416,3.8562251931184686,4.8833450569984915,3.8562251931184686,0.22745011667648243,0.37760090896609605,-0.0020414062499999985,0.13578445453552246,0.03775761705962862,1.421,0.36849507713808066,0.9571887263646094
0.06600648884366755,0,0.391372707364576,3.5639292933597675,4.496659755816633,3.5639292933597675,0.24586334870912668,0.3326098062217925,-0.0017132812500000028,0.1417874795111084,0.025791101098362187,1.342,0.3765506803124249,0.9568319657509811
0.10944332310043237,0,0.4736595027137215,3.447675446542866,4.345809445772954,3.447675446542866,0.2896601852327625,0.35987334565908086,0.0008652343750000003,0.13569139082260132,0.016355968729398825,1.27,0.36836413974914145,0.9564752051373528
0.12200175307942773,0,0.4415956312747024,3.7024675819675097,4.671252855268679,3.7024675819675097,0.2825870794102436,0.37375804413145886,0.002484765624999999,0.13691121383041382,0.017342752290291343,1.37,0.37002349640343785,0.9561184445237246
-0.054136218291514826,0,0.4208506500734397,3.509263284007997,4.374789499687444,3.509263284007997,0.29473854212122946,0.3590941768197558,-0.0025394531249999996,0.1380711664122009,-0.053747059485410045,1.304,0.3715879643292756,0.9557616839100963
-0.05917871593249746,0,0.5256889008931258,3.575695456837363,4.485221807964554,3.575695456837363,0.2926128169174271,0.37575850131613914,0.00224765625,0.13156556366638184,0.038225766611441774,1.297,0.36272664035744606,0.9554049232964681
0.013477960081334395,0,0.4579521552108507,3.6091825510336744,4.527705286075693,3.6091825510336744,0.28357217572893173,0.3607030522646295,-0.002273828125000001,0.13558626681503294,0.03493188733785142,1.329,0.3682274257973936,0.9550481626828398
-0.019328223487500296,0,0.4337197374040351,3.6651883592151155,4.581164738682015,3.6651883592151155,0.23426888998161038,0.3329489974049133,0.0008089843750000014,0.154572960778656,-0.037908218524416164,1.441,0.3931585115883605,0.9546914020692115
-0.14890412999162805,0,0.5450625903413471,3.517730061964193,4.371618659726885,3.517730061964193,0.28626726946207226,0.3978924280546521,0.005415625000000001,0.12242977725585938,-0.013854449814240567,1.231,0.3499415754808222,0.9543346414555833
0.22793101813881256,0,0.42044058487609604,3.773918135130446,4.789158636076143,3.773918135130446,0.29595089094796134,0.34720141014051853,0.004187500000000001,0.13799263046875,-0.009085770107566274,1.402,0.371497194639475,0.953977880841955
0.09510693998494046,0,0.4718935350668908,3.6325185835985017,4.589777261277067,3.6325185835985017,0.24823936128600402,0.3664230423958515,0.0006488281249999999,0.1387326192564392,-0.014564976348307558,1.353,0.3724688446492874,0.9536211202283268
0.046171474679829405,0,0.43707368989155193,3.845901763316586,4.826377469470396,3.845901763316586,0.22387871893073047,0.3677797631425996,-0.0011855468750000017,0.13119014330673218,-0.00912711513203558,1.393,0.36220373939003586,0.9532643596146986
-0.15826839150827965,0,0.4256968296080563,3.1538845315005055,3.9122634524112985,3.1538845315005055,0.25207679941594957,0.31884246782794007,0.004453906250000002,0.15933302990661619,-0.021179905676580287,1.259,0.39919026439468686,0.9529075990010702
0.00588815005433041,0,0.4823870781635947,3.475655690888666,4.353415853670585,3.475655690888666,0.2894422435141614,0.40121595120553893,0.0006535156250000012,0.12019850221420288,-0.0703343682427951,1.205,0.34669717232316016,0.952550838387442
-0.05111946566710435,0,0.4722675847281463,4.177232549307587,5.188736814575886,4.177232549307587,0.2870042812378293,0.3479693823928628,-0.0027656250000000016,0.14323964741210937,0.037964048667550494,1.581,0.37848024531506264,0.9521940777738138
0.04069778982277272,0,0.4858153507258463,3.5833906333495045,4.498104789151338,3.5833906333495045,0.25564651921095144,0.3520661142268611,-0.0025765624999999986,0.14424738710693358,0.011337223809880939,1.361,0.3798078800936731,0.9518373171601855
-0.04989088526913443,0,0.510350836922723,3.925276243470969,4.92495087600177,3.925276243470969,0.23433714044792867,0.3688657176992864,0.006954687499999998,0.1452038377905273,0.008157017613427615,1.496,0.38111967342128905,0.9514805565465573
-0.09338300569491409,0,0.4144771278022105,3.370666327404518,4.218622187041195,3.370666327404518,0.252551831291006,0.35176749653602246,0.001325390625000002,0.13686607341781615,0.0838467684177817,1.247,0.3699565245783956,0.951123795932929
-0.015683062685569737,0,0.4992276887862796,4.051219998205255,5.098355780260866,4.051219998205255,0.320557838198237,0.3905837869241237,0.002910156250000001,0.1370831364593506,0.02152039614657203,1.5,0.3702588357740434,0.9507670353193007
0.16442849947146332,0,0.3917394762388778,3.909267594048073,4.921555837824848,3.909267594048073,0.2554617483799581,0.3503279158777078,0.0014871093750000015,0.14959130920883176,-0.04588202631867425,1.512,0.3867732161139458,0.9504102747056725
-0.03640950968158663,0,0.46139930081501807,3.445514285823545,4.338400560376739,3.445514285823545,0.2647664736539914,0.3703031676396382,0.0018175781249999997,0.13693100070663453,0.02359104510067138,1.275,0.37004635425426774,0.9500535140920442
0.05860492395084993,0,0.5139840615217117,3.6948209085159656,4.642924198541896,3.6948209085159656,0.2767016412364042,0.3618090547894156,0.002211328125,0.1358788307310486,-0.06648930494447944,1.362,0.36862409132220997,0.949696753478416
0.041524903182836415,0,0.513279869098794,3.756220283357271,4.743774812861288,3.756220283357271,0.3011812734227388,0.34675569254823563,-0.007316015625000001,0.14671045599349977,0.031021428083828847,1.439,0.3830978727141734,0.9493399928647878
0.1869280793310022,0,0.4636603726756708,3.4337905639596893,4.321651053307338,3.4337905639596893,0.22798182845210851,0.36039012739869325,0.0004375000000000004,0.138520325,-0.014842817676001437,1.278,0.3721834445622884,0.9489832322511594
0.252897658788656,0,0.42983910974783507,3.901146256477521,4.906491979138616,3.901146256477521,0.22352159317935769,0.36310289234506005,0.005157031250000001,0.1278420167474365,-0.05027016868541854,1.395,0.35758720855023607,0.9486264716375312
0.10912418411518843,0,0.4203205163274744,3.3709387676559848,4.2693939609161475,3.3709387676559848,0.24645870462349076,0.3664236314696045,0.0007203124999999994,0.14149307568115232,-0.022344606261190694,1.268,0.3761563432021983,0.948269711023903
-0.11679554540994941,0,0.4504955167984794,3.874344926493802,4.817188565525757,3.874344926493802,0.2669217860952655,0.3720308266616986,-0.0022074218750000015,0.1303834995542908,-0.06002373017101345,1.399,0.3610933013303141,0.9479129504102747
-0.026404038589250778,0,0.36252137506644017,3.3517741860074834,4.184352092306807,3.3517741860074834,0.301480471194746,0.3490133211651292,-0.0005867187499999999,0.1390815260736084,-0.04623534138835834,1.25,0.3729368181240624,0.9475561897966465
-0.05883284525933252,0,0.4941315062116893,3.7426910563849276,4.6749252799102985,3.7426910563849276,0.26665515087780195,0.3491175140900731,-9.179687500000081e-05,0.15134036149520874,0.05194384303489469,1.456,0.38902489627512915,0.9471994291830182
0.03521300080178946,0,0.4375570907984252,3.7543403077513817,4.733434040711149,3.7543403077513817,0.20420770466780613,0.33456302796097126,0.0006582031250000019,0.14875397731552123,0.008037207339784056,1.448,0.38568693333696824,0.9468426685693899
-0.07588990590326317,0,0.4379000393051722,3.2256083829254627,4.047580200296793,3.2256083829254627,0.23483515534543375,0.35327346245957775,0.0017812499999999994,0.1432842427734375,-0.03074112205868408,1.221,0.3785332424305691,0.9464859079557617
-0.04338767963036094,0,0.46987213271618244,4.360150533837755,5.416918489731649,4.360150533837755,0.2589080692097693,0.3860781810754446,-0.0012308593750000028,0.13114637053207398,0.03282497748144985,1.579,0.3621434598979733,0.9461291473421334
0.06425541760837739,0,0.3740882171883067,3.657256762413613,4.5846621853687255,3.657256762413613,0.20983970538268154,0.3683744824403941,-0.004341406250000001,0.14380868109802245,-0.09527593657687546,1.387,0.37924600051450774,0.9457723867285052
0.18494382669521325,0,0.3866163252203297,4.513501114314216,5.695914397136654,4.513501114314216,0.28472935574183245,0.3441110519176569,-0.002292578124999998,0.14775983666366577,0.022565562533060173,1.735,0.38440225360698005,0.945415626114877
0.022007522197605045,0,0.4551069220063932,3.531740077975433,4.450313299855934,3.531740077975433,0.23808568483465098,0.3757095969222222,-0.006348046874999999,0.13586753941024782,-0.06108428969696205,1.302,0.3686568012520249,0.9450588655012486
-0.10291914686271886,0,0.4164666076687293,3.2694239591373226,4.09444594192364,3.2694239591373226,0.25927053413940904,0.3618314151227867,-0.0021292968750000005,0.14664010007919312,-0.05500082098644803,1.252,0.38294207653948786,0.9447021048876204
-0.2531423626240925,0,0.42084316157905743,3.607349126139984,4.455101194187955,3.607349126139984,0.2192990052592244,0.3658141966317772,0.004413281250000002,0.1367330331048584,0.012447249020173618,1.334,0.36980063568935356,0.9443453442739922
-0.10055466637531474,0,0.5043528069768574,3.469133489409394,4.328893042478525,3.469133489409394,0.21088145296849414,0.3967996529712588,0.00026679687500000027,0.1265284104600525,-0.06496907876439141,1.234,0.3557084222233499,0.9439885836603639
0.08388554963620454,0,0.45036270959745844,3.8489043438884454,4.839345294554749,3.8489043438884454,0.2840595046974084,0.39049931411522437,-0.0070136718749999995,0.13549017910995484,0.011806870681835915,1.417,0.3681567203014567,0.9436318230467357
-0.11239600854824827,0,0.3540992890691472,3.446136900750281,4.317639247211,3.446136900750281,0.25100644362274105,0.3669779358447306,0.0039171875000000005,0.14915794236083985,-0.009029151509066465,1.331,0.3862295777368041,0.9432750624331074
1.5042217927858106,0,0.387896607026146,5.560360952085918,7.136718861218774,5.560360952085918,0.310540193177194,0.3325092246950365,-0.00032226562499999936,0.16403273559799195,-0.09977218904015481,2.252,0.4050096782215519,0.9429183018194791
-0.14142869568895122,0,0.44447930634932686,3.6801584814535895,4.561040015291566,3.6801584814535895,0.32015802739175014,0.3111035645853468,-0.0019328125000000016,0.16834926111083987,-0.036539079535279975,1.51,0.4103084167732853,0.9425615412058509
-0.05397116149093728,0,0.43434968047103495,3.31488546479826,4.128880430193148,3.31488546479826,0.22881488069645411,0.35080578355772685,-0.005905859374999999,0.1472089719969177,0.03141921687224751,1.272,0.38372366511837,0.9422047805922226
0.12770104383601621,0,0.4084867329615587,3.553638750215811,4.526872690847496,3.553638750215811,0.26213154910576125,0.37112467565870916,-0.003392578124999999,0.1451631361167908,-0.16613931317362718,1.354,0.3810179073260534,0.9418480199785944
-0.035877777946571765,0,0.4334368060493022,3.503887635776568,4.409673372645809,3.503887635776568,0.2714005587226075,0.40153803733178794,-0.0016187499999999993,0.13054443199218752,-0.060654828323879625,1.266,0.36131295623565735,0.9414912593649661
0.09450058087240265,0,0.46643874691074794,3.9590136424410294,5.013612432335089,3.9590136424410294,0.25928264997024064,0.3625139791978924,0.0023367187500000024,0.1395549866204834,-0.02141205219840152,1.479,0.37357789933961566,0.9411344987513378
0.06133534725583045,0,0.45958382671878056,3.6980058609407034,4.620500965138941,3.6980058609407034,0.26379342123020244,0.41027192739529517,0.004557421874999999,0.13384218342147827,-0.04044034815081595,1.353,0.36587286523548723,0.9407777381377096
0.06730519432176951,0,0.3649037941212879,3.7858455231945873,4.748148349920388,3.7858455231945873,0.3136055064529725,0.35374778032228316,-0.00013671875000000332,0.1565661227142334,0.08933068700817431,1.498,0.39568439621275187,0.9404209775240814
0.03281937506263377,0,0.4409415082585531,3.480329931609347,4.385735539425634,3.480329931609347,0.24462910629138446,0.3873194902891628,-0.0015167968750000017,0.12982147628036497,-0.01959820992744193,1.254,0.36031066727634503,0.940064216910453
0.09075010723023569,0,0.41142801063815826,3.925663542198326,4.94446525612147,3.925663542198326,0.21668411550686933,0.34410027318292347,0.0003773437500000004,0.16363434745544433,-0.059412590259502025,1.588,0.4045176014016572,0.9397074562968248
-0.0010955795418245984,0,0.505131854715913,3.493808737304413,4.381376891321316,3.493808737304413,0.2271511225391404,0.37944329941117305,-0.004184765624999999,0.1329484873460388,0.03330681909272704,1.274,0.3646450323388144,0.9393506956831966
-0.02961416894170199,0,0.5051079823242262,4.395829792692868,5.4947316754370386,4.395829792692868,0.2618891522097446,0.38572822014349545,-0.003762890624999999,0.1296679582322693,-0.051032019211268445,1.583,0.3601140341310305,0.9389939350695683
-0.05114792233337129,0,0.4302202332658813,3.5459428053428304,4.440878340293868,3.5459428053428304,0.2810310711658009,0.40460961792717776,0.0003589843749999995,0.1360666285520935,0.056488891262540204,1.308,0.36887227792540195,0.9386371744559401
0.024619593211102853,0,0.5030642591371794,3.282980293292368,4.143091636708947,3.282980293292368,0.31523201998023576,0.40314227303862615,-0.01036796875,0.131944308348999,-0.0165714674714439,1.193,0.36338932720293265,0.9382804138423118
0.0255421467621173,0,0.3896878438696964,4.049387660600726,5.071361181925848,4.049387660600726,0.25728676157216906,0.3741507267419768,-0.005925,0.152014588125,0.008039840473695667,1.579,0.38993549947395145,0.9379236532286835
-0.14156513552445915,0,0.39076800918913773,3.044626786106099,3.796372497675364,3.044626786106099,0.2338738394601645,0.4044724773315105,0.002558593749999999,0.13290962703552248,0.046207548414940965,1.11,0.36457670446354634,0.9375668926150553
0.027736228000021068,0,0.5186747282347131,3.6344633402786535,4.5457840384729815,3.6344633402786535,0.25801161255478755,0.4077828012755678,0.004758593750000002,0.13048888156677246,-0.04773262049081321,1.313,0.3612637897454573,0.937210132001427
-0.0223880111590824,0,0.43128130145437615,3.549692756914176,4.460931672525066,3.549692756914176,0.26706320651173404,0.3556785807050141,-0.0059015625000000006,0.1548508574975586,0.012040943213601255,1.397,0.39355518791841637,0.9368533713877988
-0.032181411582707486,0,0.432802006967539,3.543681868481921,4.439253871144456,3.543681868481921,0.276687992867171,0.41027520875850637,0.008088671875000003,0.13868630424667358,-0.05636069803360087,1.32,0.3724939339900383,0.9364966107741706
-0.018180461939447223,0,0.5139026873176439,3.8153093732430614,4.764670651296468,3.8153093732430614,0.2854232485677408,0.41246225518283053,-0.0036003906250000016,0.12667636179672243,-0.11058874150218027,1.358,0.35593443863916147,0.9361398501605422
0.03235149443248009,0,0.45422609912364315,3.485487875145355,4.3807659520727436,3.485487875145355,0.30595146456751804,0.358850632527568,0.005498828125000002,0.1511000257798767,-0.09059031947145108,1.355,0.38875475931572206,0.935783089546914
0.029533033892819915,0,0.3989135371924202,4.096649307824667,5.1243075717803395,4.096649307824667,0.2541066140228492,0.34922336717240227,-0.003386328125,0.15733215895370484,-0.04057320018375366,1.625,0.39666563522931375,0.9354263289332858
-0.057523288655621396,0,0.4708310969601466,3.981647774329804,4.990935583233576,3.981647774329804,0.24552463098182445,0.38421892698760934,-0.0035894531249999985,0.14687412559188842,-0.08506822571742469,1.526,0.38325841121314613,0.9350695683196575
0.07095984108438769,0,0.4687702685849437,3.628955026712175,4.570794791827278,3.628955026712175,0.23658854335785132,0.3896272945547745,0.0011050781249999989,0.14418881903671266,-0.0006148730939950816,1.378,0.37972363665483744,0.9347128077060293
-0.037123961771106995,0,0.4515140068076926,3.621284447715171,4.547277919662857,3.621284447715171,0.30886957661432973,0.3583040221976902,0.00038085937500000056,0.16500598033676148,-0.0677779138361494,1.471,0.4062094599964715,0.934356047092401
-0.11054641448080282,0,0.46372386637662694,3.485642129569214,4.3362021607764145,3.485642129569214,0.23739530793812708,0.4150071384023355,0.0046421875,0.13023383603271485,-0.014777712240638247,1.258,0.3609091103553636,0.9339992864787727
0.22998653465319663,0,0.5013304142759824,4.1997897686223356,5.293212514959823,4.1997897686223356,0.2732221488855591,0.3956512541291688,0.0023406250000000003,0.13585301991210938,-0.021132608961572034,1.548,0.3685898783709341,0.9336425258651445
-0.03518887060683884,0,0.5210043426310107,3.6785422133201346,4.6010296010296,3.6785422133201346,0.2815220087774568,0.3732558987955541,-0.005521093750000001,0.1510890448675537,-0.06768017394907487,1.43,0.3887409514622173,0.9332857652515162
-0.07659607125225021,0,0.39991149096361084,3.17474925453328,3.968399779533346,3.17474925453328,0.25308691889643065,0.3644763368312852,0.0051218750000000006,0.14643871249023438,0.042509795910625654,1.215,0.3827073896513497,0.932929004637888
0.06198365096017033,0,0.40604100019721373,3.524320800543805,4.429515200639189,3.524320800543805,0.21843388791211651,0.385296919704791,-0.0005714843749999995,0.14607750895248411,-0.04851802210745967,1.347,0.3822013023877273,0.9325722440242598
-0.09976050054779773,0,0.445735135423465,3.333101049899965,4.180265771207437,3.333101049899965,0.21640910713394085,0.38838200032420583,0.004513281249999999,0.14653589513610837,0.07504816626627894,1.276,0.3828266772884957,0.9322154834106314
-0.05210713494495911,0,0.3607625661870927,3.241577169019003,4.085176203988679,3.241577169019003,0.2745859392935629,0.35216237454630517,-0.0010058593750000011,0.15494793160629272,-0.05258352746065189,1.276,0.3936355463615741,0.9318587227970032
0.11585711629042006,0,0.38591413857958784,3.9049484467149562,4.893872740037486,3.9049484467149562,0.2634751928137933,0.3679026283965415,-0.0022488281250000004,0.14441821894393922,-0.05924906723335458,1.484,0.38003062530784937,0.931501962183375
0.47659100785045627,0,0.43437283576478386,4.687386267913966,5.943421503008145,4.687386267913966,0.2500245656361945,0.37275895974676954,-0.0074386718749999995,0.14921565639511108,-0.14353500323757173,1.811,0.38635604076340646,0.9311452015697467
0.1354527942487347,0,0.4116099399141952,3.973803429231377,5.005445925589514,3.973803429231377,0.27824174942202967,0.38075906168862617,-0.002876171874999999,0.13889016396347048,-0.05824718419967048,1.481,0.3726908052637266,0.9307884409561185
-0.009437638763177159,0,0.45989518448873734,4.078896988904433,5.101899997208037,4.078896988904433,0.2410189880884062,0.39665492948793474,0.0017535156250000025,0.13505414041732786,0.07961693111661182,1.499,0.36750131324170127,0.9304316803424902
0.040441086938245,0,0.4537256353057246,4.078276625921954,5.098184812230229,4.078276625921954,0.2855153505970114,0.36781451101900065,0.0018374999999999995,0.14952032046875002,-0.004299129702103733,1.577,0.38668294101886624,0.9300749197288619
-0.04611555159862846,0,0.39928124976640617,3.530917177347104,4.411208477843,3.530917177347104,0.2923283637207781,0.4075110767050788,0.0048628906250000005,0.1424994448728943,-0.013982521555312565,1.333,0.37752230739139775,0.9297181591152337
-0.02452325865025884,0,0.42365409504284646,3.7427769949679806,4.666178406282565,3.7427769949679806,0.2906793621890663,0.3796872540189184,0.0017558593750000022,0.14720137984848022,0.024475178045777875,1.436,0.3836723379273322,0.9293613985016054
-0.1034564814100718,0,0.40465782259203065,3.6671005318841434,4.577443296723613,3.6671005318841434,0.31934940067428824,0.37340308956217505,-0.0030753906249999996,0.14825046189437865,0.017765972535907185,1.412,0.3850453478772013,0.9290046378879772
-0.06545271088438209,0,0.4721219151311788,3.7910973849378613,4.717564832142994,3.7910973849378613,0.28204981852516336,0.41806058529668844,-0.0002242187500000003,0.12699325206970216,-0.027381390371728157,1.351,0.35636119646189035,0.9286478772743489
-0.040639880869639544,0,0.5161016591664124,3.8083007060891823,4.770558305465024,3.8083007060891823,0.2503692511170684,0.38702018296398716,0.0007289062499999997,0.1355288827581787,0.06944096944384572,1.402,0.3681431977675263,0.9282911166607206
-0.02525910520069008,0,0.41211221874400367,3.6186288060452307,4.52422123748564,3.6186288060452307,0.2716623901569796,0.3745179107885273,0.0012441406250000009,0.13835574234848025,-0.04559119374320743,1.346,0.37196409804492553,0.9279343560470924
-0.05421042361718209,0,0.3408675399414853,3.7136852234846183,4.633125893278917,3.7136852234846183,0.2210700453139495,0.3293370993837151,0.006240234374999999,0.16267076064682007,-0.06679706762997814,1.498,0.40337290584752344,0.9275775954334642
0.07861460789481711,0,0.46484423384184603,3.2602129689109525,4.114869282741586,3.2602129689109525,0.2989061238638268,0.38795464873996705,0.0029507812500000016,0.14441905148376466,-0.0021844509911773204,1.239,0.3800365227103179,0.9272208348198359
-0.018577996414139708,0,0.41952584567461293,3.955133748111126,4.963473099939364,3.955133748111126,0.23164679621861364,0.38607386927074616,0.001755859374999999,0.15121033219223023,0.0009287332509560439,1.538,0.38886169165189693,0.9268640742062076
0.1096134786210019,0,0.42054239400045773,4.244822147634365,5.361304821556981,4.244822147634365,0.2045855112190066,0.3831568146598266,0.004405859375000003,0.14707284270004273,-0.03188078697692912,1.628,0.38352608033466906,0.9265073135925794
-0.0035274545956616166,0,0.3849836764671459,3.527392208146763,4.448199128546111,3.527392208146763,0.2783024170735568,0.38295546234038697,0.002025781250000001,0.13665786730407714,0.021463290298118432,1.304,0.369678199375822,0.9261505529789511
0.1584539145679691,0,0.38135134418149486,3.889739251870903,4.928594287287986,3.889739251870903,0.24229271247116563,0.372525169754179,0.006876953124999996,0.15065259071884157,-0.022375641445561718,1.51,0.38820082844209003,0.9257937923653229
0.05303218051035241,0,0.4504506600625078,3.714772117163242,4.666915811911833,3.714772117163242,0.2337423094430463,0.39446889885807324,0.005047265624999998,0.1420083286253357,-0.032996366045735796,1.4,0.37687372356749016,0.9254370317516946
-0.06449425465104675,0,0.4644872139056839,3.4065695397405804,4.239144625533877,3.4065695397405804,0.24383202044148894,0.41412030382860504,-0.0012601562500000017,0.13313816278747556,-0.02710387052697801,1.243,0.36488320156078713,0.9250802711380663
0.0921960984051422,0,0.3802070297578789,4.17090302980832,5.2415187036286595,4.17090302980832,0.2209657953632985,0.3686092695229485,0.006006250000000001,0.15400522417968748,0.022911032914178543,1.637,0.39248095395668564,0.9247235105244381
0.06564112331883099,0,0.47445366847761294,3.96720836990893,4.987548941754138,3.96720836990893,0.2923965872049717,0.3640281856294709,-0.0023542968750000005,0.1532347201768494,-0.043616194555215405,1.553,0.3914591458768399,0.9243667499108098
-0.1366222594401787,0,0.43271322739298107,3.1317520677386583,3.9158803799670174,3.1317520677386583,0.31561920565577595,0.4198982816654093,0.004033593750000002,0.13529382934020995,0.003795172328617173,1.152,0.3678452109498641,0.9240099892971816
-0.005911151790519931,0,0.4353944860959116,3.466091756476464,4.340308437891451,3.466091756476464,0.2696363550328642,0.37854528017260897,0.00660859375,0.14520946476989746,-0.04749738778698116,1.321,0.3811208971983168,0.9236532286835534
0.13150120711070867,0,0.3978114683267088,4.451904163940651,5.591154618669682,4.451904163940651,0.2947728559249643,0.36905201399389737,-0.00047617187500000014,0.14240533458847046,0.02115318434359594,1.68,0.37736661395534843,0.923296468069925
0.09063538689660211,0,0.42758370175518945,3.711384138614745,4.677957468483382,3.711384138614745,0.2592801172319001,0.37067958919628247,-0.0018507812499999996,0.14949340585876464,-0.010250352999589528,1.435,0.38664820088809415,0.9229397074562968
0.20678245160293862,0,0.41154108842034814,3.9776754175064015,5.039318813009288,3.9776754175064015,0.23100025561474408,0.37349721052272994,-0.0009289062500000011,0.15145400275817872,0.05388502569234789,1.548,0.38917202574825444,0.9225829468426686
0.17258286141126922,0,0.39765922099209566,4.160165805891627,5.221844196850057,4.160165805891627,0.30909240532254884,0.3884477036385518,0.007108203125000001,0.14328037618270875,0.026664752156997394,1.575,0.37859067967182575,0.9222261862290403
-0.1475471353334985,0,0.3812077895931625,3.1877158497291145,3.958739921785848,3.1877158497291145,0.23913525137953223,0.37782417657248263,0.003439062499999998,0.15228173925537108,-0.07484965216278033,1.244,0.3902480831551258,0.9218694256154121
0.031474338240433664,0,0.46870314860715173,3.727790947222357,4.663589992713141,3.727790947222357,0.23662497697188872,0.3905099415338064,-0.007267187499999999,0.14916541845458986,-0.15157923113066255,1.44,0.38628775604301774,0.9215126650017837
0.05114128377144089,0,0.38942351000882625,3.4844530354770504,4.39898669719237,3.4844530354770504,0.276769009294474,0.37580321699031455,0.005514062499999997,0.14763947558349608,0.08164550411099036,1.339,0.3842783892814557,0.9211559043881555
-0.06166644880151528,0,0.43100668167501516,3.2123804226420805,4.046250480707601,3.2123804226420805,0.21719512410794542,0.3764841517669695,0.0028304687499999992,0.14731555094665527,-0.06225595307340489,1.233,0.38382751660088155,0.9207991437745273
-0.147651363988611,0,0.4194077721706029,3.6511109015923577,4.560963634160806,3.6511109015923577,0.2871214131753225,0.3910931031576394,-0.001475390624999998,0.14639839158187865,-0.015502212520193327,1.397,0.3826232721089701,0.920442383160899
0.014395379347355686,0,0.40048045664995,3.5014689614431105,4.408446750330113,3.5014689614431105,0.3233358533179888,0.3855259040481221,-0.0079984375,0.1431321265600586,0.016411923454492185,1.325,0.3784126075628295,0.9200856225472708
0.16247792648742587,0,0.40439223082927256,4.0627913154630475,5.123929680445029,4.0627913154630475,0.3045435350477766,0.3942070795831196,0.000308203124999998,0.14293319837020874,0.057846758439482365,1.536,0.3780651972337245,0.9197288619336426
0.10032216220117496,0,0.36134468102014644,3.8079343456002794,4.7856105468993055,3.8079343456002794,0.2723389034442947,0.391934743192548,-0.0036355468749999986,0.13748291756454467,-0.0497576926133468,1.412,0.3708047124371871,0.9193721013200142
-0.11540436214778182,0,0.34415695575526284,3.1111444948164326,3.8934050343993296,3.1111444948164326,0.2774796508582576,0.31962336587490103,0.0022835937500000005,0.17729212816833495,0.07596995412470144,1.31,0.42106691032275384,0.919015340706386
-0.07389035232505137,0,0.5205483049704125,3.6222586392460374,4.543824336688015,3.6222586392460374,0.283217845897296,0.4338865821874353,-0.0038703124999999996,0.12117626911865234,-0.02345454393109193,1.261,0.3481253343804498,0.9186585800927578
0.14717469676174444,0,0.4230680979673388,3.9222714772820795,4.960057431361402,3.9222714772820795,0.28714963730772064,0.40092817601890757,0.006825000000000002,0.14214079828124998,-0.07356214668546081,1.479,0.37707741765617575,0.9183018194791295
0.08283034429337466,0,0.46734098572901334,4.188701994920854,5.257202136161789,4.188701994920854,0.24738401101535654,0.4288578361987647,0.0038007812500000003,0.13727100249938964,-0.05613114426016649,1.552,0.3705205101441754,0.9179450588655013
-0.021753356356623677,0,0.3758581461551604,3.735117638663332,4.66702069835875,3.735117638663332,0.25536793345344944,0.38522210992086314,-0.003244921875,0.15257101774765014,0.02794278016842457,1.459,0.3906168804156126,0.917588298251873
0.13758831671456173,0,0.3584721823434885,3.973766821204304,5.006546273544036,3.973766821204304,0.2360856167837981,0.3971029385029938,0.0006578124999999992,0.12968001728271483,0.009394961088210908,1.431,0.36011171877627085,0.9172315376382447
0.1465069950423885,0,0.38568853336493275,3.642112061735479,4.613219155014243,3.642112061735479,0.2594418757231273,0.42249777803327365,-0.002303515624999998,0.1359654199876404,-0.0009541665371297679,1.343,0.3687420862498272,0.9168747770246165
0.04800233470224535,0,0.4556264328100285,3.6913511246209163,4.629959428842404,3.6913511246209163,0.33143054366087327,0.37425796367813374,0.00010078124999999757,0.13834718515563965,-0.028679204032537427,1.373,0.3719505280443893,0.9165180164109882
0.019303073048411168,0,0.36638926692327606,3.7869932585711577,4.753087675748264,3.7869932585711577,0.25483733801833625,0.3830061560897319,0.005069531249999998,0.14860778032165528,-0.14809162645797616,1.46,0.38553012913227674,0.91616125579736
-0.08017584292253943,0,0.4552209063310575,3.4941144598312732,4.373340188958159,3.4941144598312732,0.3066103452525184,0.3957993639371528,0.008941406250000002,0.14458912703552246,0.020171416698502698,1.329,0.38035388230074635,0.9158044951837317
0.07391702227835673,0,0.5204964873890329,3.880029776357914,4.896513534697458,3.880029776357914,0.227535482182404,0.41711971005830123,-0.0030703124999999997,0.13582253021240234,-0.06931111374264624,1.43,0.36855387263092215,0.9154477345701034
-0.019131739580040108,0,0.45647442858126275,3.347808994024734,4.179103702886656,3.347808994024734,0.2913542095636298,0.39279249337496747,-0.003946484375000002,0.1411861295579529,-0.011438254896821173,1.258,0.37576815231852073,0.9150909739564752
-0.06782007232023846,0,0.4217220067896506,3.695435066699706,4.604997289438668,3.695435066699706,0.27686200168590813,0.42234814765063894,-0.0025609375,0.14086449784912108,-0.015585347002430559,1.387,0.375327931614475,0.914734213342847
0.06820317252987929,0,0.4391959437549347,3.606024518809996,4.524423175262699,3.606024518809996,0.23135851556851483,0.3707044094635053,0.0015496093750000013,0.1462392834764099,-0.00292099300682215,1.379,0.38241559168740097,0.9143774527292187
-0.048503243858851075,0,0.46003841301773957,3.520072029307796,4.4284000263695695,3.520072029307796,0.2147840001555073,0.4182150473598239,-0.00650078125,0.13887767421813965,-0.05218130459819522,1.312,0.3727196458130427,0.9140206921155904
-0.13474065749201447,0,0.5292153050380001,3.3606106122656003,4.182523036163042,3.3606106122656003,0.26566583926129983,0.4178506947976383,0.009505078125000002,0.14003764372421265,-0.027373821495889013,1.258,0.3743367337496749,0.9136639315019622
-0.06499449046511296,0,0.5007144962587884,3.5815117080441166,4.471877228825444,3.5815117080441166,0.24250917130455488,0.38482615812114374,0.003082421875,0.1471677592222595,-0.06790174891629697,1.374,0.38363688632204673,0.9133071708883339
-0.04753043076386865,0,0.40178874305965456,3.4666775897211157,4.356713990240768,3.4666775897211157,0.2772741271241386,0.4140593940883555,0.008139843750000004,0.15293411013122557,-0.06371656949712147,1.356,0.39115261367847204,0.9129504102747057
-0.02687623871340694,0,0.4668423802807946,3.490178200726289,4.37107523355494,3.490178200726289,0.2583796398308669,0.4441027033169025,0.006679687500000002,0.13028582943115236,-0.06169792526209414,1.26,0.3610130851593194,0.9125936496610774
-0.20279465990242018,0,0.5225964289682269,3.307663429329662,4.114991237019018,3.307663429329662,0.2706966110938293,0.4252877055206374,0.0015101562499999991,0.1380555811468506,-0.040365998581663,1.229,0.37156138351388185,0.9122368890474492
0.17408618849223734,0,0.49048375936125344,3.6618990464722843,4.6432635289501505,3.6618990464722843,0.23780589591985316,0.3947030337982152,0.0008417968750000013,0.15313611911239625,-0.010265549224791103,1.433,0.3913270086952535,0.9118801284338209
-0.10326919220410735,0,0.3814202557523124,3.44582891072327,4.306488309340773,3.44582891072327,0.2739645810435054,0.3903336667955022,0.0010687499999999985,0.13971426636718748,0.006489407507468352,1.288,0.3737852439486476,0.9115233678201926
0.10700827525900225,0,0.5276386139754446,4.002883061656217,5.043874851774149,4.002883061656217,0.23547362445021555,0.3956197294220972,-0.00848125,0.1426063191796875,0.023750344722811265,1.512,0.3777277469041029,0.9111666072065644
-0.16849401224446448,0,0.49155513458719186,3.450917572186934,4.290015972349506,3.450917572186934,0.3240003349963722,0.4096086992767685,0.00021171875000000132,0.13757851767517087,-0.04524418713455071,1.28,0.3709158428808346,0.9108098465929362
0.13882516336860107,0,0.43701743492167877,3.7051382680690446,4.6834873655761555,3.7051382680690446,0.2868076361556804,0.387581907901554,-5.507812500000295e-05,0.15357636532577518,0.01864051076098023,1.452,0.3918882090078432,0.9104530859793079
0.11918230280963993,0,0.4705647519951536,3.7655443967954425,4.7265971683710175,3.7655443967954425,0.2690336665215813,0.4097935047274831,-0.0029816406249999995,0.14827038677230836,-0.006825899825078027,1.45,0.3850704830977376,0.9100963253656796
-0.15218051882657324,0,0.4564963915187683,3.1649879576398936,3.9407375419923922,3.1649879576398936,0.31576415547951886,0.3892117254857769,0.0011988281249999998,0.1466414882017517,-0.06310768965746044,1.212,0.3829398456554567,0.9097395647520514
0.14188868021621515,0,0.4242181848650106,4.081596151492058,5.1552273871454934,4.081596151492058,0.22340322448816824,0.3602449173306525,0.0021535156250000005,0.1622299924485779,-0.04351619875740939,1.644,0.4027836020472097,0.9093828041384231
-0.17121779738578669,0,0.4301837871854633,3.225434062432556,4.009035670957374,3.225434062432556,0.2933893459243889,0.39982388459042745,0.004155078125,0.14422609899765015,-0.03696640289604813,1.225,0.37979384364662233,0.9090260435247949
-0.03205671957892786,0,0.5095257784512157,3.506294005486705,4.39362632283802,3.506294005486705,0.25016610459307564,0.43313832642752115,0.0050613281249999986,0.13116741928573608,-0.03919862689581555,1.27,0.36220579278653864,0.9086692829111666
-0.020913863051838177,0,0.43452240579758067,3.7324742651668266,4.6698571434042275,3.7324742651668266,0.24014207343285465,0.40166549159173653,-0.0009277343749999993,0.14657782173080444,-0.0344189387582177,1.429,0.3828559551866407,0.9083125222975383
0.13307075893519338,0,0.5261373527764847,3.8128356463347175,4.796346255147808,3.8128356463347175,0.2481555918894607,0.4294822950881557,0.002562109375000001,0.12498583754867557,0.033845138079062184,1.348,0.35354264516904466,0.9079557616839101
-0.062284297815337286,0,0.5290895598194149,3.792857836088297,4.744833623115692,3.792857836088297,0.25167501999092895,0.4326930467498043,-0.0030050781249999986,0.13410411911483763,0.012988683915892545,1.389,0.3662146223314615,0.9075990010702818
0.0642402403257325,0,0.4326249586867868,3.5620132914402265,4.469427060616605,3.5620132914402265,0.2937436324327733,0.37942864555578065,-0.005665624999999999,0.1600116280371094,0.03951300070924879,1.425,0.4000546554456653,0.9072422404566536
-0.015091558852260434,0,0.452192496585757,3.739068333778442,4.686184022950514,3.739068333778442,0.3264407793223157,0.37445145089709597,-0.004006250000000001,0.1505780718359375,-0.0931047740263469,1.451,0.38806458466987165,0.9068854798430254
-0.004720384808539535,0,0.4508754535052934,3.420752470729061,4.301970706602538,3.420752470729061,0.23077955139022605,0.39779006655250787,0.0007929687499999983,0.1504862196380615,-0.033352486098825906,1.327,0.387926344088024,0.906528719229397
-0.019617348057977324,0,0.4111673430452841,3.9713340811416242,4.987395462366452,3.9713340811416242,0.22162883048706647,0.38929899978609683,-0.001830468749999998,0.15390495641540528,-0.009760884801691582,1.558,0.39231149235174084,0.9061719586157688
-0.19990706130681968,0,0.5368987617179313,3.1903671188922673,3.968047860226384,3.1903671188922673,0.26039748026320886,0.42967824330714616,-0.0039910156249999985,0.127665690934906,-0.046719861050219455,1.14,0.3573256485905049,0.9058151980021406
-0.11951450122110563,0,0.42328396222079523,3.1091108934835843,3.901502767732945,3.1091108934835843,0.2693612528367448,0.3927308566079708,0.0015777343750000006,0.15548967755111692,0.05164385691036969,1.226,0.39432495076633817,0.9054584373885123
-0.06235013583118176,0,0.37767868619686795,3.561318120651553,4.451334089474563,3.561318120651553,0.25533287933161625,0.3527394560742735,-0.0006718749999999991,0.16304032436523438,-0.03908708394150371,1.438,0.40378308010768604,0.9051016767748841
-0.10290101840315868,0,0.5154453731661949,3.8949426498423025,4.848807182066213,3.8949426498423025,0.21089098436714104,0.41298487310568205,0.0015855468749999997,0.1391621879942322,-0.11232874380816667,1.453,0.3730478547762003,0.9047449161612559
0.11132263309522505,0,0.40246429804054723,3.964161784979101,4.999539207979835,3.964161784979101,0.25665911765182164,0.4322335801605505,-3.4375000000000205e-05,0.13213723553710938,-0.11678348728348112,1.441,0.3635068592458057,0.9043881555476275
0.05305575758082037,0,0.42694247553556475,4.000659626214862,5.016018168587296,4.000659626214862,0.28161756278399414,0.3644601124384371,-0.0076222656249999975,0.15179687567611694,-0.10597597807860308,1.559,0.3896857382678702,0.9040313949339993
0.08389947416110166,0,0.47171562287913094,3.9673540011971737,5.016143490643122,3.9673540011971737,0.1849417282782413,0.40642590458416844,-0.00697109375,0.13949004838317872,-0.024206582023947303,1.482,0.37354871774810045,0.903674634320371
0.010231073428261794,0,0.41725276940570455,3.6630537812950923,4.599006387508872,3.6630537812950923,0.2925372773648696,0.40216091856882646,0.005128124999999999,0.14128643358398438,-0.06180641678986901,1.377,0.3759158566088959,0.9033178737067428
0.020704796055071917,0,0.4741674114340375,3.4246057377571963,4.330299226882956,3.4246057377571963,0.27775463432530506,0.4042150027339025,-0.004782031249999999,0.14033351030212401,0.021676148661866,1.283,0.37464166629594203,0.9029611130931146
-0.22571993099576648,0,0.4187753650824443,3.2946974742014725,4.082996042792013,3.2946974742014725,0.2921980577492989,0.38820379785627473,0.002603124999999999,0.14904705264648438,-0.07882253560770121,1.272,0.38607490064267325,0.9026043524794862
0.14343599512096583,0,0.4440526211494246,3.932060675243025,4.947736158056044,3.932060675243025,0.26774805924608175,0.41888889163141074,0.004568359375000002,0.15197923517074585,-0.06517679455146735,1.533,0.3898719085521872,0.902247591865858
-0.052125908898137396,0,0.4559104005272424,3.911378152432803,4.84896271642191,3.911378152432803,0.2312711253964013,0.38785072628585476,-0.0003406249999999986,0.1468734550683594,0.006509298863501285,1.499,0.38324087868304185,0.9018908312522298
-0.055738672747189355,0,0.52300664095933,3.7860785569726336,4.721358790690287,3.7860785569726336,0.2199810483366153,0.4490612877050533,-0.002555859374999998,0.1309303187547302,-0.11972912981141624,1.37,0.3618519741163159,0.9015340706386015
0.05497720532852357,0,0.5374619084952695,4.2640610269541535,5.3139664687628265,4.2640610269541535,0.3287601517032091,0.40066192463545586,-0.0034007812499999984,0.13868131671813963,0.029418018154431017,1.588,0.37241493261045533,0.9011773100249733
-0.04615987237069952,0,0.42183928345175437,3.3347673822508526,4.19970874346114,3.3347673822508526,0.3190824644576488,0.4038762909660422,0.003554687499999998,0.15406805013427735,0.06042788004271874,1.309,0.39253112734851997,0.900820549411345
0.13998364542032915,0,0.4461242210243558,3.904370395305132,4.946429614835039,3.904370395305132,0.23195579144615686,0.41268301042359484,-0.00011718749999999559,0.13887495189208984,-0.0032518534826947885,1.455,0.37265931576307065,0.9004637887977167
0.11904866334697406,0,0.44136251869537463,3.7103272158574248,4.676074902466509,3.7103272158574248,0.2744177914353823,0.43251645947576184,-0.0025464843749999997,0.13179210643295286,-0.10023743568195803,1.347,0.36304075668666325,0.9001070281840885
0.029615079251366083,0,0.5154595097921413,3.82150830177406,4.808438200587128,3.82150830177406,0.27442997903049193,0.40239768294661893,0.003855859375000004,0.14634605227035524,0.049926049101972035,1.462,0.3825714572754677,0.8997502675704602
-0.017681470288855028,0,0.3987174819429584,3.3339085126910755,4.198354827827802,3.3339085126910755,0.2624809494012496,0.4189298856444513,-0.002917187500000001,0.14373451892333983,0.04122023841786041,1.264,0.37913457888492574,0.899393506956832
-0.13721704718872152,0,0.4585893404757631,3.6259403404524124,4.514387380902747,3.6259403404524124,0.22501231010258885,0.3899513435416205,0.00040898437499999887,0.137595025309906,-0.05154773064174552,1.345,0.37093825979281914,0.8990367463432037
-0.06529460073998772,0,0.4422555181370723,3.5784451492295988,4.499150464486301,3.5784451492295988,0.2641566994214757,0.4140942096701188,0.007673828124999999,0.14310998306503295,0.0179393700937278,1.354,0.37837662547140116,0.8986799857295754
0.14087192431012996,0,0.4592069474402873,4.106414642553351,5.172232406152864,4.106414642553351,0.2803644851345332,0.4222053738588509,0.0029039062500000002,0.1371848438909912,-0.025453407226176086,1.521,0.37039610765030995,0.8983232251159472
-0.10751166552275748,0,0.48217474345017847,3.348304444384849,4.172822703677408,3.348304444384849,0.26089663411749775,0.3991698599683461,3.51562499999996e-05,0.1570695370452881,0.060106860534519614,1.327,0.396319994803757,0.897966464502319
0.035346439672945706,0,0.4611597212019903,3.712222923360726,4.667533530723529,3.712222923360726,0.3009135018759872,0.3905191832932013,-0.005750390624999999,0.14464453339828492,-0.04691981868460253,1.412,0.3803650882910063,0.8976097038886907
-0.07058822577335144,0,0.4849546211489713,3.1967097418451735,4.020051133787885,3.1967097418451735,0.25940068875554023,0.4212531929578727,0.0005511718749999969,0.14138443253768923,0.021905698441515884,1.202,0.3760116172781434,0.8972529432750624
-0.2584700928351089,0,0.465753288783718,3.394140176157088,4.1840981197379445,3.394140176157088,0.25051958730517276,0.38523713014858735,0.004551171875,0.14871653566268922,-0.1124441293784021,1.309,0.38566468444508245,0.8968961826614342
-0.022982663164602624,0,0.4451298897786785,3.94669707782723,4.9260855363671805,3.94669707782723,0.2878320562857766,0.4245740621669952,-0.0015960937500000005,0.13703287514099122,0.0008298579655985532,1.461,0.3701829583547168,0.8965394220478059
0.0451034047523331,0,0.53084792942124,4.118370947676568,5.16648052152167,4.118370947676568,0.2729143485127085,0.4610537141760419,0.0003761718749999973,0.12413190107284547,-0.061764128179023686,1.451,0.3523237752098558,0.8961826614341777
-0.025592018471832123,0,0.4350630108219834,3.3762677048480483,4.2369282893958475,3.3762677048480483,0.3022739505825836,0.42415857201477375,0.0018261718749999986,0.14215851236190796,-0.03782209383321798,1.273,0.3770435614960492,0.8958259008205494
0.3252790333961251,0,0.42878382769705475,3.8395302988341706,4.892598483155667,3.8395302988341706,0.2934664419204431,0.39697389226840757,-0.001846874999999999,0.1434043367089844,-0.03663887355204732,1.454,0.3786921542047709,0.8954691402069211
-0.09399599455859997,0,0.4333876734298555,3.2163213174803635,4.022087259471493,3.2163213174803635,0.21983624005575556,0.4203094358964769,0.006767578125,0.13183052215194702,0.031419626026030066,1.168,0.36314779672417813,0.8951123795932929
0.011935395629985024,0,0.49158630922928925,4.083642801408241,5.1197764604644025,4.083642801408241,0.27308112225361386,0.4505108356894972,-0.002709765625000001,0.12090793959213256,-0.13566897395695038,1.42,0.3477287483396721,0.8947556189796646
0.021329349851328505,0,0.5129778069428247,3.312864521151862,4.151089899214734,3.312864521151862,0.25088521733281105,0.41503749876748885,-0.005214843749999998,0.14302508743591308,0.008927087211185104,1.253,0.37822252977744464,0.8943988583660364
0.29449639667255934,0,0.47474812214651474,3.897386119799928,4.938009989581168,3.897386119799928,0.2500527219151076,0.4193597418313806,-0.0046042968749999994,0.1327273609971619,0.12908579245344876,1.42,0.36434675866113453,0.8940420977524082
-0.07828339383678706,0,0.4917958667082007,3.3826481820567644,4.211898194552567,3.3826481820567644,0.3259213010303011,0.40151517575038415,0.01018828125,0.1528661145501709,-0.00938391452895816,1.323,0.3911136863176741,0.8936853371387798
0.23472521763809429,0,0.49552302681581306,4.075936380358584,5.163279248728657,4.075936380358584,0.228878167369009,0.4305436580854434,-0.008737890625000001,0.14341965043930055,0.05366818981318555,1.544,0.37880866037074046,0.8933285765251516
-0.055054144167609564,0,0.4443923843646506,3.437858942302104,4.297888070062221,3.437858942302104,0.28153466212240125,0.3642540821679745,-0.0025785156250000014,0.15602885711654663,0.03504577764854195,1.358,0.39501329833231563,0.8929718159115234
-0.020591358899010093,0,0.4913854594107277,3.3586479809279974,4.229552643470402,3.3586479809279974,0.25310271564097536,0.40182521622447753,-0.0006031250000000019,0.14683413936523437,-0.08680067794671475,1.287,0.3831899047796014,0.8926150552978951
0.02409987963981397,0,0.5081240417810522,3.8326596519867344,4.7987587244370875,3.8326596519867344,0.28793169932015084,0.4266642976360309,0.0001777343750000002,0.13882120395736694,-0.11078116588727759,1.428,0.3725872187111026,0.8922582946842669
0.039001622328981966,0,0.4749454335334517,3.5646133913809095,4.484902022041001,3.5646133913809095,0.22009181863790672,0.41591731494662393,-0.0058453125,0.13317365341552737,-0.06295878854376204,1.301,0.36497646649304666,0.8919015340706385
0.07883961348585178,0,0.4599959619721396,4.240188224710544,5.321886368775812,4.240188224710544,0.26905473499456384,0.4310572720466843,-0.00016679687499999914,0.1374468288194275,-0.06772753711585457,1.572,0.37073825893833107,0.8915447734570103
0.18796632525470702,0,0.5095618291331134,3.7707462707609767,4.772503398813061,3.7707462707609767,0.2496291918009714,0.43065746965058166,-0.0007289062500000007,0.1327752436956787,0.05136311384765855,1.374,0.3643841036598605,0.8911880128433821
-0.08003059179535699,0,0.5503521805667214,3.362539708809516,4.186677433611975,3.362539708809516,0.24559869429823514,0.4084077768009856,-0.000548828124999998,0.1458123491783142,-0.03406759635453627,1.284,0.3818542266240155,0.8908312522297538
0.14608064536854926,0,0.49780216603715055,3.8461015466303143,4.853235028755196,3.8461015466303143,0.2862040828713782,0.4496923902861286,-0.0039585937499999994,0.12686622016052246,0.011448543987418337,1.37,0.3562048436293364,0.8904744916161256
0.03098133989622731,0,0.49445870950182497,3.7605934793996108,4.702069769958119,3.7605934793996108,0.26854473680604785,0.4188420710974743,0.0027375000000000012,0.13700674203125002,-0.008172079902884257,1.392,0.37015434069790404,0.8901177310024974
-0.07788690591137959,0,0.4951053503536686,3.815483935117611,4.776325475034616,3.815483935117611,0.2597861824365858,0.40755865561622007,0.0046253906250000015,0.13985637177719118,-0.012648777180315554,1.427,0.37400236097600376,0.889760970388869
-0.06204978708564646,0,0.48772794003524583,3.5844966472098183,4.497362904341854,3.5844966472098183,0.2941976241671249,0.4067822752593167,0.002692968749999999,0.14628406588806153,0.09615227542717476,1.371,0.38248048050684885,0.8894042097752408
0.0732163345823893,0,0.49999261363468883,3.8269231223487923,4.8080501162371805,3.8269231223487923,0.27952942464871794,0.46307628881283586,0.0031535156250000014,0.1322958893235779,-0.07185403577491584,1.392,0.3637386891497453,0.8890474491616126
0.06535962266183182,0,0.44854282164479914,3.5186095172388003,4.443817164233245,3.5186095172388003,0.28356299696935144,0.4181952838553903,0.0017644531250000026,0.13988139881454467,-0.03586582036152446,1.316,0.374011379652244,0.8886906885479843
0.10052714921016914,0,0.5196537409190378,3.9032488485326726,4.901206522287849,3.9032488485326726,0.25556216457459946,0.41077282266857396,-0.009077343749999998,0.15096688933044433,-0.06939015281674721,1.517,0.3886505982241633,0.8883339279343561
-0.18311208559147518,0,0.49316171201475284,3.584961400589923,4.439103228212672,3.584961400589923,0.28819297658534265,0.41267299030344434,0.008757031249999997,0.13942908940368653,-0.013916899624760877,1.339,0.37350471884569275,0.8879771673207278
-0.009696551747258475,0,0.5275017350923137,3.6186319209195483,4.536062740927822,3.6186319209195483,0.25809286348911453,0.40992750377669546,-0.00567421875,0.13566518839782715,-0.1311561538961751,1.333,0.3683712599487778,0.8876204067070995
-0.19326679489175946,0,0.5331131888398264,3.6837148498238266,4.558184451955577,3.6837148498238266,0.29144527553621374,0.45250803340250256,-0.0005812499999999995,0.12415842464843752,-0.0714875520004314,1.298,0.35236169272496126,0.8872636460934713
-0.10922784936848018,0,0.480364745375522,3.424887185423137,4.275995701133482,3.424887185423137,0.25500985181372315,0.44226440232940395,-0.0019460937499999995,0.13577320021911624,-0.020455063723673412,1.262,0.3684792904628427,0.886906885479843
0.05963446673778794,0,0.468927185814956,3.8923996661384397,4.890506282174887,3.8923996661384397,0.32529096906916594,0.38916825635445706,0.0013093750000000045,0.1473198566308594,0.11691327434094961,1.494,0.38382492245000194,0.8865501248662148
0.20705561326200783,0,0.5619220045961115,3.778168792870629,4.764749468074259,3.778168792870629,0.27274764481332064,0.43320439811343076,-0.0014183593749999986,0.13129177770980832,-0.018546464228460062,1.369,0.3623448488016975,0.8861933642525865
-0.02742533297550498,0,0.5438637559035454,3.3763971700832145,4.224979304308394,3.3763971700832145,0.2811264764020559,0.4510598506063972,0.005327343750000002,0.13747127253356933,0.006494839964051252,1.252,0.3708094566283336,0.8858366036389582
-0.014909296185952048,0,0.4969355099331206,3.721248225124931,4.676536058074293,3.721248225124931,0.24531830370350274,0.406708645671559,0.00031132812500000024,0.1443847237779236,0.06345126537355764,1.414,0.3799800267160433,0.88547984302533
0.041272726044821795,0,0.39702480996304523,4.0607044222832185,5.098183449203858,4.0607044222832185,0.30590111735791076,0.3909653931527202,0.001551171874999997,0.1464509309751892,-0.00986554813775312,1.554,0.3826922224312574,0.8851230824117018
-0.029615709801297907,0,0.547176598993692,3.8967700421243383,4.902205922836344,3.8967700421243383,0.29483933650603183,0.4251069393141223,0.009271484374999998,0.13382912278060913,-0.0011333629067380043,1.426,0.3659440984674094,0.8847663217980735
-0.028998541363598473,0,0.529039740379657,3.66825821374773,4.557545984410839,3.66825821374773,0.2853034520477491,0.3903918839702796,-0.000460937500000002,0.1415264859741211,0.0021872999716805283,1.38,0.37620034348402714,0.8844095611844452
-0.03747257192938935,0,0.47986038894230515,4.127735413806186,5.167549440765316,4.127735413806186,0.32410120457916036,0.40339545955542433,-0.0011675781250000002,0.14155167933944704,0.03163166085379458,1.553,0.3762353553005419,0.884052800570817
0.1290610999062265,0,0.5187366865291108,4.155471244229075,5.227086407607805,4.155471244229075,0.2691196460985421,0.4200275094114885,0.005427343749999998,0.14711234628356934,-0.050622808867760404,1.594,0.38359067030331956,0.8836960399571887
0.39548213320097236,0,0.5373417624979964,3.9773318957641095,5.071479251698291,3.9773318957641095,0.2442496126746147,0.44320687649918,-0.001584765625000002,0.12567412797103883,0.16772186355809432,1.41,0.3545090118080569,0.8833392793435605
0.33154291861497986,0,0.5328697044378858,4.0235991608783435,5.157081545064378,4.0235991608783435,0.29307007980402805,0.4101284942804153,0.00024218749999999832,0.13935105618896484,-0.002028163805712784,1.502,0.37329762233873126,0.8829825187299322
0.09230725579211674,0,0.5006840031199893,3.4759912782526343,4.374594445971955,3.4759912782526343,0.24400652718274385,0.4351540679570889,-0.0014726562499999985,0.12787261175231932,-0.032205590535938085,1.243,0.35759583396447725,0.882625758116304
-0.06780010175025497,0,0.5595328115403563,3.3887509753022798,4.221612436110211,3.3887509753022798,0.25386702283218493,0.42346982602413763,-0.0008605468749999984,0.1354101504747009,-0.011070801116302488,1.247,0.36798218844887726,0.8822689975026757
-0.06432958133327427,0,0.46946533363225385,3.285660909275126,4.129886808072554,3.285660909275126,0.2098632915736757,0.42114024348041673,0.0018210937500000002,0.1369654890863037,0.012159631813170342,1.216,0.370092968683208,0.8819122368890474
-0.09454777054623298,0,0.489029807998143,3.7004524732472794,4.594935799402641,3.7004524732472794,0.3068259590685358,0.4172089794412465,0.0022820312499999963,0.14292557358337404,-0.06210928803126473,1.399,0.37806187489616033,0.8815554762754192
0.023942200236509947,0,0.4521083420183353,3.5331551060656565,4.439103355557385,3.5331551060656565,0.25823604979175846,0.43885589741353664,0.0026468749999999995,0.12798084327148437,0.024528967128089798,1.264,0.3577538947639145,0.881198715661791
-0.03376818761756084,0,0.4620257988701655,3.5005919588913468,4.374764238643518,3.5005919588913468,0.2755995340148118,0.419463930194894,-0.0035863281250000023,0.13223048317245484,0.011416849533318462,1.273,0.3636527807151693,0.8808419550481627
-0.04104801576524242,0,0.4356148296575826,3.5311594443585195,4.429451181743258,3.5311594443585195,0.2308429865348229,0.39298628983542433,-0.0034757812499999993,0.14658277363220215,-0.047701441404146463,1.352,0.38287707516577696,0.8804851944345344
-0.10213515805987727,0,0.4905295163254037,3.27376775821761,4.083444296493564,3.27376775821761,0.2972811999506191,0.4306903568827508,-0.00590234375,0.12336083968200684,-0.07631786686142088,1.15,0.351277208688167,0.8801284338209062
-0.0813751504163771,0,0.5073088759483044,3.910819650246986,4.899217428634974,3.910819650246986,0.27301356943755234,0.40835086376423707,0.007959375000000001,0.14315143272460937,-0.03481336903542125,1.48,0.3784372925267805,0.8797716732072779
-0.0446943329097258,0,0.4884253070580476,3.2269515626560197,4.043353689309241,3.2269515626560197,0.2572156201642327,0.40501667215948434,-0.0052203125,0.13436820771240235,-0.018295941127463782,1.183,0.3665998627591124,0.8794149125936497
-0.1253317273463468,0,0.5551839612863436,3.6963406975704336,4.592081678005011,3.6963406975704336,0.2549110387150892,0.4193243773244728,0.00396796875,0.13715544584899902,0.0024580971741573945,1.369,0.37036629250648606,0.8790581519800214
0.08480560940091397,0,0.5470564888514127,4.242869978837593,5.302080705073109,4.242869978837593,0.24360260866898814,0.4504150248397014,-0.005480859374999998,0.13085720119613647,0.021792488303672905,1.535,0.3617834172756195,0.8787013913663931
-0.21221593553825757,0,0.5587279360267309,3.8404277913961793,4.7523810038885665,3.8404277913961793,0.2848171459731078,0.4318132880009413,-0.002887500000000002,0.12780667484375,0.05197885941272754,1.373,0.3575122550347051,0.8783446307527649
-0.09330462831970765,0,0.5335781051142827,3.813891978788,4.749487393803531,3.813891978788,0.2888673205734193,0.4089451544513862,-0.001544140625000005,0.14354620117660521,4.710562550905252e-05,1.445,0.3788780615803388,0.8779878701391366
0.24495652099038168,0,0.4983251766692261,3.5601967216287216,4.548642122771721,3.5601967216287216,0.2812275175840099,0.4146265860560514,-0.0027871093749999984,0.13642023241195678,0.013859341648039423,1.315,0.3693616119612662,0.8776311095255084
-0.06637405008611141,0,0.5309054907789456,3.5626007160407784,4.443454658584615,3.5626007160407784,0.2408022221825614,0.44156849120413777,-0.004402734375,0.1302815819456482,0.07504681828938016,1.286,0.3609722510327144,0.8772743489118802
-0.05241660904156564,0,0.5588059331466614,3.799908663444144,4.736003227548828,3.799908663444144,0.25476095575258184,0.4395839429483748,-0.0002550781249999988,0.13457953454452515,-0.03854207778803554,1.394,0.36685092286837034,0.8769175882982518
0.06904696349731454,0,0.42366173138090085,3.6272851391850622,4.5724628189709575,3.6272851391850622,0.1928571914245471,0.4076814620259999,0.003687890625,0.13850373969711302,-0.016608840086685075,1.35,0.37217917759377,0.8765608276846236
0.039155985104851077,0,0.46528742580284455,4.339498976782882,5.418617018475909,4.339498976782882,0.22656869205233898,0.4242749610695899,0.0008562500000000032,0.13730633949218748,0.0126024169713854,1.608,0.370549689861225,0.8762040670709954
-0.08013474676151455,0,0.5331921417555773,3.4458846186829057,4.296475945094688,3.4458846186829057,0.2402184521445659,0.3931331276838007,0.001404687500000001,0.13476379404052735,0.04174779545835881,1.265,0.36710457255052004,0.8758473064573671
0.12347937050557034,0,0.49676677626165,3.8448966931761808,4.844013071803952,3.8448966931761808,0.24634338027359548,0.43866491211497105,0.006205859375000001,0.12360861504379272,0.06958554546177381,1.352,0.3516349353155556,0.8754905458437389
-0.2223524650392794,0,0.4011261881270799,3.368787194621068,4.186456822603322,3.368787194621068,0.2992070040903402,0.41130882719932393,-0.0017246093749999976,0.13878131205062866,-0.01815900484185574,1.255,0.3725376307544313,0.8751337852301107
-0.03130911085683952,0,0.5150149992161489,3.370625552165674,4.213572258171561,3.370625552165674,0.333202187054736,0.4398130930155316,-0.0009355468749999995,0.13533793451766968,-0.01655156068510269,1.24,0.3678842341900846,0.8747770246164823
0.04142712366659751,0,0.4868925465132467,5.019704454778086,6.290543510551495,5.019704454778086,0.2662354612390191,0.4404479003397215,-0.0039433593749999985,0.1326004995262146,0.04541701973513035,1.828,0.36416486597333214,0.8744202640028541
0.09059012795491883,0,0.553849801373001,3.600850118190348,4.5190560638865005,3.600850118190348,0.33997953694826255,0.4315185848093627,0.0044617187499999995,0.1299190258782959,0.021110524641758818,1.298,0.36047043264670126,0.8740635033892258
0.02676024824420198,0,0.5189853292482923,3.7203022076518533,4.686883371735219,3.7203022076518533,0.22346657583920856,0.4101503852740542,0.002212890625000001,0.13167245897445679,-0.03904084493130006,1.35,0.36287374644547515,0.8737067427755976
0.01614449311898536,0,0.458099275595027,3.571630531791254,4.494496795117342,3.571630531791254,0.26847493846429793,0.40410562945615536,0.0034757812500000014,0.14819615644470216,0.0004441061861106855,1.375,0.38497822990397784,0.8733499821619694
0.03439087363168003,0,0.5887251528412103,3.396762429258478,4.293643876960151,3.396762429258478,0.3222666305387391,0.4786137163389491,0.010353906249999998,0.11391685365661622,0.03622125545831814,1.147,0.3376744838320627,0.872993221548341
-0.08312034600471474,0,0.5678741468071175,3.616208761610697,4.509611971126435,3.616208761610697,0.2796456589072108,0.43110144839809955,0.00030937499999999856,0.13123065194335937,0.06120845983354533,1.31,0.36225784692156776,0.8726364609347128
0.06041468128158467,0,0.5323139106257946,4.107151122912127,5.143157195148865,4.107151122912127,0.34480806157776817,0.3853616855722475,-0.00282890625,0.14873241213317873,0.016054998019681042,1.584,0.3856687890454062,0.8722797003210846
-0.030843595272490365,0,0.6143632527502708,3.5364311304236824,4.428233128696648,3.5364311304236824,0.28547880641494616,0.46191758321320614,0.005317968750000001,0.12153313327087403,0.07613435279145905,1.233,0.3486565847112313,0.8719229397074563
0.03880253034088055,0,0.5737319218450151,3.9727013520918213,4.999630064452544,3.9727013520918213,0.2694537925504413,0.44718214068242856,0.005111328124999997,0.12398584034042356,-0.12023943689273396,1.399,0.3521533274237587,0.871566179093828
0.0441868099345708,0,0.5827973563072729,4.287535272304736,5.386067385227508,4.287535272304736,0.2427021192883996,0.4509611982357893,-1.914062500000015e-05,0.12044546408676149,-0.17570335826029246,1.488,0.3470525384622983,0.8712094184801998
0.21346466918157603,0,0.5842740271672237,3.7535765220425055,4.728247876733756,3.7535765220425055,0.26000750330028977,0.45295745644103913,-0.007255078124999997,0.12968406032577512,-0.07119644345559707,1.352,0.3601898061916453,0.8708526578665715
-0.013150256982964237,0,0.5775749350244093,3.5917627869127453,4.5169656603336295,3.5917627869127453,0.3010048358967182,0.44318154611062766,0.002909374999999999,0.12679344569335937,-0.023687916905559693,1.279,0.3560925584117843,0.8704958972529433
-0.007306509849086318,0,0.4839774994366519,4.120663137845937,5.141097491455539,4.120663137845937,0.23712085967090887,0.4062834850391975,5.781250000000092e-05,0.14021601384521482,-0.11838195118102314,1.543,0.37445429252113005,0.870139136639315
0.054451191781243136,0,0.5198671233377712,4.051571687917467,5.081669292291111,4.051571687917467,0.23655569777305505,0.43308437628420476,6.406250000000057e-05,0.12702444823974607,0.11030192326196506,1.444,0.3564048994384757,0.8697823760256868
0.40456686220488614,0,0.5118968394906522,4.160113372510686,5.277608416645091,4.160113372510686,0.2784316975568002,0.4646482877637799,-0.0011695312499999996,0.12673457047790526,0.0403493943974772,1.481,0.3559999133163518,0.8694256154120585
0.12994849180901724,0,0.5764907863957979,4.467734933724246,5.625552383350027,4.467734933724246,0.2790039818010524,0.4163831205992853,0.0044078124999999985,0.13489001884521484,-0.1695665511661441,1.641,0.367300214615034,0.8690688547984302
0.1233441412102465,0,0.5692359274276311,4.603473621055213,5.814582749598322,4.603473621055213,0.2677075212083227,0.4105879971507265,0.001457421875000003,0.13286348881210328,-0.008535125639720895,1.678,0.3645073564286803,0.868712094184802
-0.08283236535291527,0,0.5864625027347395,3.2647456112231796,4.062536147780576,3.2647456112231796,0.2672756716579222,0.40863572395253617,-0.003459765625000001,0.13986062572494506,-0.024526000148480075,1.221,0.3739954487732772,0.8683553335711738
0.05156556422128844,0,0.5696178891808888,4.005961717511616,5.044637442576393,4.005961717511616,0.29213612678845186,0.4152863893452251,0.005362890625,0.1302648132322693,0.1357845033133821,1.446,0.3609620116135838,0.8679985729575455
-0.018469747642344547,0,0.5398519004692901,3.483171806622321,4.35750064173751,3.483171806622321,0.18076142923004435,0.43026246475678037,0.0007917968750000001,0.12673350001083375,-0.12309674356399758,1.24,0.3559973693064669,0.8676418123439172
0.042792342024190244,0,0.5670838645485289,3.4939024391093043,4.380186218590235,3.4939024391093043,0.2717228135500304,0.39424701938368345,0.0013183593750000012,0.14512069903793334,-0.07669990065411424,1.331,0.38094938917049725,0.867285051730289
-0.04781037918903275,0,0.5752271031531914,3.5921831215415554,4.47371764287388,3.5921831215415554,0.25177164874277635,0.4380005973887631,0.02200546875,0.11829057184509277,-0.046788424730060764,1.238,0.3446372186807455,0.8669282911166607
-0.1840089218991663,0,0.5153288798367258,3.302086252333919,4.095018728741444,3.302086252333919,0.3418818185906432,0.3680854731922979,0.0005398437500000006,0.1507295437249756,0.05760382513494386,1.282,0.38823940443526594,0.8665715305030325
0.06935382346145236,0,0.6135465021933939,3.6731404385512634,4.629530752368509,3.6731404385512634,0.2568043464152105,0.3951735745277438,0.01193046875,0.1345381631341553,-0.05300892891597922,1.348,0.3669884183714113,0.8662147698894042
0.060642309644737935,0,0.595667236794232,3.9646895536645594,4.99459719053908,3.9646895536645594,0.244315918103372,0.41691245750534606,0.0036835937500000007,0.13007936316833496,-0.004446517815568594,1.43,0.36068397806286046,0.8658580092757759
-0.07145628964873918,0,0.604038450222982,3.4147405331185134,4.27401484834114,3.4147405331185134,0.22035893022404832,0.43739463403195394,0.0087140625,0.12424307839599609,0.049155832952652814,1.204,0.35258901469168036,0.8655012486621477
0.21905262636932266,0,0.6115145032808631,4.250608392649653,5.364353163995863,4.250608392649653,0.25235321014594825,0.42626324975359897,0.0035281250000000013,0.13468116639648436,-0.05967119217312705,1.56,0.36700628613485625,0.8651444880485194
-0.07015386494663423,0,0.6003370379641454,3.478079163772996,4.355258498958216,3.478079163772996,0.2388629910884969,0.43828664350646757,-0.0016160156249999992,0.12022817560287477,-0.025003445886922538,1.206,0.3467431140042654,0.8647877274348912
0.03453111762469474,0,0.6098907017184886,3.878537982143769,4.882065895342002,3.878537982143769,0.2850002393646613,0.4463080193674502,0.0026988281250000003,0.1125098073423767,-0.0008463293889423879,1.301,0.3354356734392229,0.864430966821263
-0.01422187007865583,0,0.6359701784631303,3.459458044069393,4.32954306402861,3.459458044069393,0.28904950289203124,0.4193674310720891,-0.0034343749999999986,0.12476283084960937,0.009878312892278848,1.222,0.35323451952102586,0.8640742062076346
-0.020300350850638083,0,0.5989562623695672,3.7138695184540023,4.669963035860016,3.7138695184540023,0.2613468394679496,0.42994466909887274,-0.0008753906249999993,0.12824705595687863,0.01737496936150691,1.33,0.35811705106797836,0.8637174455940064
0.012743889218145732,0,0.5421780182644168,3.9173669058404905,4.9132775843963765,3.9173669058404905,0.30882429218959695,0.4156051252520103,0.006433203125,0.11819378694442748,-0.008271419915139983,1.347,0.34385341796596264,0.8633606849803782
0.0670069404519662,0,0.6136192968540182,3.6321870132605283,4.566234819348978,3.6321870132605283,0.2988348783352196,0.4341329698248976,0.002931640624999998,0.11336619962387084,-0.1265250574042377,1.223,0.33671173745598026,0.8630039243667499
0.04257925857479261,0,0.5413754318339472,4.0843185648117615,5.12478068827063,4.0843185648117615,0.35071166881680765,0.4226601543621451,0.0038121093749999974,0.11747978305648803,-0.07164419803109141,1.4,0.3427744378368594,0.8626471637531217
-0.056821887549558525,0,0.61086273475824,3.2254661836144902,4.0160136745985335,3.2254661836144902,0.2881132262220542,0.4212703071005272,0.0011343749999999997,0.11971228897460937,0.03337860115827534,1.116,0.34599649677597893,0.8622904031394935
-0.0802333373251587,0,0.5739030663453815,3.4129866931431216,4.28029748526782,3.4129866931431216,0.26334011160395204,0.42711809645042853,-0.0002523437500000017,0.11651515663513183,0.10343165438842249,1.165,0.34134325877699706,0.8619336425258651
0.09104045438053854,0,0.6359275631669142,3.7501639420469766,4.740869749542037,3.7501639420469766,0.2927787221266838,0.4408960522442424,-0.008048828124999999,0.1188118620689392,-0.0510104590297942,1.293,0.34478492673422517,0.8615768819122369
3.823995602315928,0,0.5575478283585098,6.99246096526558,9.470784009280644,6.99246096526558,0.2810426783417621,0.4217500768152297,0.014247265624999996,0.2011906673753357,-0.0598075071589155,3.138,0.4487690407694419,0.8612201212986086
-0.09473638914466687,0,0.6206218506251118,3.0871048804632686,3.844974794813812,3.0871048804632686,0.3241995284837846,0.4152610173221473,0.0093859375,0.12049510339599609,0.06314949308563486,1.072,0.3472509168004456,0.8608633606849804
0.0850417273554318,0,0.6131127642806045,3.215863373399205,3.957110648331412,3.215863373399205,0.32828444338087426,0.4318961620149162,-0.2798875,0.12133553421875001,0.043655262842786195,1.437,0.44684734180142555,0.8605066000713522
0.10721881038543435,0,0.5876787362050658,3.7783651927154347,4.748883030549517,3.7783651927154347,0.2564712579273043,0.44335229808102955,-0.07937890625000002,0.1063229103363037,0.002020509227815538,1.268,0.3355948764414469,0.8601498394577238
0.09032901411952965,0,0.6489974795675493,3.487111900349277,4.384148435272001,3.487111900349277,0.2699990618366056,0.43278093904685494,-0.064821875,0.10972368077148438,0.08168875625596214,1.177,0.337528600640005,0.8597930788440956
-0.05543249019250451,0,0.6789520262921468,3.8227071110854283,4.793939169372056,3.8227071110854283,0.26775865314354946,0.42777568260363735,0.1411953125,0.09821795247802735,0.009812413291951908,1.314,0.3437354633289967,0.8594363182304674
0.12019527129377972,0,0.6533478668664714,4.2624795662161885,5.370756415829113,4.2624795662161885,0.23066543449487967,0.40494937495887495,0.021775,0.11035146968750001,-0.024975026665646907,1.419,0.3329048217020895,0.8590795576168391
0.13537995244757095,0,0.6507439249642955,4.024833338250418,5.081476964394058,4.024833338250418,0.25985867595647083,0.42946321894047174,-0.002991406250000001,0.10255861320739745,0.10408424213135285,1.289,0.3202617081681012,0.8587227970032109
0.12235224842665815,0,0.6767919017149396,3.7207879998308853,4.677935130196437,3.7207879998308853,0.23378448271316313,0.44560232821112766,0.080252734375,0.1082351560472107,-0.04780954560087462,1.26,0.3386379444508176,0.8583660363895826
0.06281027122875216,0,0.6438703725058499,3.3933298716177593,4.2797900651621035,3.3933298716177593,0.2890715348791933,0.4366445030678475,-0.019029296874999997,0.10567853937606811,0.02860793622781201,1.105,0.32563883907732044,0.8580092757759543
-0.05808913137241234,0,0.5979029147948497,3.742321785884605,4.681187258500557,3.742321785884605,0.22412807185538386,0.4569748310672075,0.006398046874999999,0.10780940288681029,-0.010882721749897383,1.229,0.3284057519146475,0.8576525151623261
0.09750486461603058,0,0.6223908925994179,3.92744889633163,4.930500120373537,3.92744889633163,0.27721842173623873,0.4693112559772309,-0.017307812500000002,0.09556234665771483,-0.02485274918910245,1.216,0.3096157409293817,0.8572957545486978
0.0068713065008223495,0,0.6391186636826324,3.1229106854352198,3.9309330273277743,3.1229106854352198,0.2705098851659548,0.45546272778691704,0.0360671875,0.10642715954833985,-0.018550517641777745,1.025,0.3282194411708423,0.8569389939350696
0.06574529392929529,0,0.6513170962102891,4.629422932833604,5.819781681449317,4.629422932833604,0.29391279274830395,0.48059364984433356,-0.0013171875,0.09434904079833983,0.05384180504456579,1.422,0.30716571387648395,0.8565822333214413
0.24196975515168884,0,0.6276814604945427,4.4744747357248285,5.670207224549881,4.4744747357248285,0.2811802195295798,0.5053361853578955,0.009623046875000003,0.10739938798446654,0.09099265753126458,1.467,0.3278597124009368,0.856225472707813
-0.010538164170428743,0,0.6568943841553534,3.512083700856924,4.410049825082159,3.512083700856924,0.20881904825671624,0.46034365784036935,-0.01114140625,0.09886667062927246,-0.01844750430899788,1.105,0.3146280368347678,0.8558687120941848
0.07223352692221274,0,0.6547290098595462,3.5164398758387363,4.412264439238055,3.5164398758387363,0.2719879672117223,0.3952754507736945,0.0001597656249999996,0.13023171705307007,0.0032910134608204896,1.269,0.36087635358682757,0.8555119514805566
-0.1016867373380288,0,0.6311358016546514,3.6526884912944806,4.554712613328994,3.6526884912944806,0.29312229558296843,0.47170068383578023,-0.01068828125,0.1005653879876709,0.10431353564289411,1.159,0.3173005315844113,0.8551551908669283
0.20390752448353044,0,0.6610143317392628,4.003849788456194,5.065610947573078,4.003849788456194,0.23787664628556288,0.4547783780219528,-0.0035707031249999992,0.11809579421981811,0.009221207224157589,1.376,0.34366923653510945,0.8547984302533
0.5513136304869035,0,0.6509479111386282,5.113279825212078,6.496314439406836,5.113279825212078,0.2320343327429349,0.4727688359887546,0.014316406250000002,0.11732936394958496,-0.14338872896791457,1.753,0.3428327922435367,0.8544416696396718
0.10531395850229419,0,0.6444124096737438,4.125795631807351,5.174351235942594,4.125795631807351,0.27667242079639287,0.44577308813558536,-0.0299,0.11179566421875001,-0.05938058270246663,1.385,0.33569282717798726,0.8540849090260435
0.1261701266761741,0,0.6069997270592097,3.854799372277312,4.849841532707077,3.854799372277312,0.3005493405539401,0.43025473907769285,-0.021573437499999997,0.11804002663818361,-0.07214487644126558,1.327,0.34424619074689844,0.8537281484124153
0.15056920996406742,0,0.6430335340258039,4.2379037655428355,5.3163575006527415,4.2379037655428355,0.2677010562930068,0.48164113205084313,0.008484765624999998,0.10535084273666384,0.01597715232197643,1.376,0.32468882639286345,0.853371387798787
0.057840514650241204,0,0.637002071080479,3.863850009851245,4.860432389423619,3.863850009851245,0.27271530301744146,0.4403037497550325,0.019853125,0.10917810108398437,-0.06862240910446225,1.279,0.33101698998125456,0.8530146271851587
0.046032135091626625,0,0.6830404859073589,3.695136355558929,4.643408012520411,3.695136355558929,0.24372592260737636,0.475428106343503,0.011338671875000001,0.10586275834823608,0.055964799873992374,1.203,0.3255630873242926,0.8526578665715305
1.9346130663381231,0,0.6734557991795243,7.048022036025305,9.065318344001577,7.048022036025305,0.23347014752254205,0.49713862169996387,0.02393046875,0.11250118422790525,0.003462521241799136,2.37,0.33626455591171067,0.8523011059579022
0.021665256901528984,0,0.601490213358888,3.5184699692846473,4.4240721930339575,3.5184699692846473,0.21076092008790903,0.46964027842512074,-0.035208203125,0.10466216641708374,0.016363542284588795,1.145,0.3254255429193827,0.851944345344274
-0.06063467634149955,0,0.6705940297786704,3.599541266937018,4.500215957845029,3.599541266937018,0.2767959043745245,0.46357611892576606,0.005977343749999998,0.11502762136169435,-0.07600865727995419,1.221,0.33920989077560815,0.8515875847306458
-0.06060488051935797,0,0.6734808752538913,3.2852559383282744,4.126748619171577,3.2852559383282744,0.24970396629128835,0.43272900649404594,0.02926601562500001,0.10983184837631225,0.0520032601900563,1.093,0.33269858437762406,0.8512308241170174
0.1057834043962953,0,0.5849415935374052,4.5886764223881285,5.773892334890616,4.5886764223881285,0.27063103609450406,0.45621297040987063,0.005832031250000001,0.10469766006774903,-0.04249177671675075,1.485,0.323622731983169,0.8508740635033892
0.08486174929694945,0,0.6282413989947403,3.519602397152016,4.437337232146937,3.519602397152016,0.25958663769601603,0.41840249942033003,0.002950781249999997,0.11896477257751466,0.07705266722241427,1.214,0.3449253247987164,0.850517302889761
0.24687616953184888,0,0.6406241702409715,3.6752841487268846,4.6525067752738245,3.6752841487268846,0.2305585874214929,0.4359362820570355,0.0213140625,0.10526493495849609,-0.08097169746215462,1.195,0.3251449280224897,0.8501605422761327
2.042149361333788,0,0.6590360894815529,6.8637750001444635,8.778119704587057,6.8637750001444635,0.2303582087356857,0.5102721079618665,-0.031986328125,0.11332372442245484,0.20064134598244712,2.321,0.33815211016549196,0.8498037816625045
25.07271609006979,0,0.6843154723887866,12.791800411019166,17.675249776622532,12.791800411019166,0.2188913104855062,0.5233513766615038,0.01728046875,0.13816974789978026,-0.19448804587695095,4.76,0.37211337318080895,0.8494470210488761
-0.05452102905782086,0,0.6687879507825885,3.4629888726328586,4.349883209868056,3.4629888726328586,0.25368650337900006,0.4345596645645016,-0.003739453124999999,0.10778601063095092,-0.08534309528978798,1.137,0.32832909426461887,0.8490902604352479
-0.1331493580052543,0,0.6786896780415013,3.7603045719722754,4.699657136686374,3.7603045719722754,0.31024199539045,0.43249047423437,0.0032867187500000014,0.1059430591986084,-0.01457555427694955,1.224,0.32550554790778913,0.8487334998216197
0.2323326150173921,0,0.622718562465144,3.5982065480793546,4.560657433480834,3.5982065480793546,0.2072626828287014,0.4325879644371478,0.020058984374999998,0.11249412269271852,-0.0065720537053593295,1.209,0.33600072253921565,0.8483767392079914
-0.08911583541400114,0,0.6131460371049425,3.4102691407832384,4.273212975372505,3.4102691407832384,0.2074656041217064,0.43765748384206726,-0.026565625000000002,0.10352536913085938,0.016979807381208748,1.101,0.3228484188632492,0.8480199785943632
0.28719721102977624,0,0.6468481705017052,4.222488123698147,5.36742406569309,4.222488123698147,0.3137135751857282,0.4388269350431333,-0.01680546875,0.11569698715759277,0.015437567108379619,1.438,0.34055750019269876,0.847663217980735
0.09961680746988177,0,0.6955865096327579,4.057261207706144,5.10110044308478,4.057261207706144,0.26516531451306213,0.4555258399422335,0.0022562499999999983,0.0965920421484375,-0.11131628099982661,1.261,0.310800792811891,0.8473064573671066
-0.009262501534591738,0,0.6864507654569854,3.9644629516594136,4.977999234108116,3.9644629516594136,0.29742328961485087,0.4562876473147117,0.002074609375000002,0.10835152919906617,-0.04215242179467463,1.305,0.3291744722835065,0.8469496967534784
-0.1010526047091247,0,0.6707702024825348,3.5185926702179775,4.377757547066749,3.5185926702179775,0.24205749577137817,0.443885589964456,-0.006372265625000001,0.11128580477767944,0.04142262170406492,1.174,0.3336561261941327,0.8465929361398502
0.04454314743811416,0,0.5697953565115121,3.6650668840795797,4.608198812891773,3.6650668840795797,0.2894616271553839,0.4229968461183764,0.014307031250000001,0.12522073229431152,0.0044694591344496565,1.298,0.3541545191544222,0.8462361755262219
-0.06463737846988815,0,0.6615815430552978,3.766942395402734,4.704912463736804,3.766942395402734,0.2942535064462854,0.4171099480008672,0.005939453125000001,0.11778474281845093,0.015258422670553834,1.293,0.34324920964493855,0.8458794149125937
-0.09731977752543175,0,0.6828642932770711,3.293106218321962,4.120038236722924,3.293106218321962,0.28972581650834206,0.4679355994252192,0.009853125,0.09716182842773438,0.05755882740307926,1.027,0.31186361201653523,0.8455226542989654
-0.06101324463310487,0,0.66698661460525,3.2879658404642016,4.122800076200525,3.2879658404642016,0.22162618654620922,0.41101327866504056,-0.0007554687499999997,0.11172196676696777,-0.042531188323161495,1.099,0.3342492146587633,0.8451658936853371
-0.11748577174846009,0,0.6759101928715208,3.2685142712666604,4.071387252799583,3.2685142712666604,0.2799700267490945,0.5089286594929902,0.025858984375000005,0.1009642945677185,-0.034569246716025334,1.042,0.3187992811168573,0.8448091330717089
-0.02973898158648236,0,0.6631941820411175,3.246715032526016,4.07265444139332,3.246715032526016,0.23342323842390061,0.4693496019115534,0.018296484374999998,0.09529191951889038,-0.01164911268106173,1.004,0.309235639697909,0.8444523724580806
0.004884722500489325,0,0.6857395616759121,3.477014080826394,4.377571432572633,3.477014080826394,0.2395997642972254,0.4169482476103286,0.009666796875000001,0.11120858155380249,-0.02242752736255583,1.16,0.3336195865287663,0.8440956118444524
0.019242689909669597,0,0.6603105117308556,3.712435783701066,4.66238096491785,3.712435783701066,0.264760905704965,0.46535392239944445,-0.018095703125,0.10001777795028688,0.059518744386298436,1.176,0.3167731560941915,0.8437388512308241
-0.12458351419891711,0,0.6630289194815223,3.4189212967495544,4.264267716954968,3.4189212967495544,0.27096462295051166,0.39080522696007136,0.025206640625,0.1201055990965271,0.004090088960102972,1.188,0.347478019201395,0.8433820906171958
0.12164930748062819,0,0.6658642255863477,3.764652422164043,4.738998841655561,3.764652422164043,0.28058978614338903,0.46853560961367186,0.0109125,0.09963115484374999,0.017565530145046363,1.189,0.31583260993760603,0.8430253300035676
-0.12444859818737575,0,0.6583219898604677,3.6389160838968393,4.530764884032482,3.6389160838968393,0.24257055724064372,0.4894604083611762,-0.006889062499999999,0.0938395822241211,-0.08434425500647559,1.115,0.30640992380510457,0.8426685693899394
-0.07596086509028899,0,0.6635387698685926,3.4020007834566712,4.2315453794114815,3.4020007834566712,0.2255077111950928,0.4575771879307049,-0.007278515625000001,0.09448244156967164,0.04874376711206831,1.046,0.3074661255477992,0.8423118087763111
0.23392536041257284,0,0.6627831477766908,5.341188014578215,6.672079900506131,5.341188014578215,0.20179586981144385,0.44558986907080333,0.002699609375000002,0.11043133515609742,0.03237351070601682,1.775,0.33232307028985364,0.8419550481626829
0.12433124817486707,0,0.669055034789329,4.459752029956645,5.630054926219795,4.459752029956645,0.30064673957229177,0.4694876681644581,0.0004527343750000027,0.09924995714096069,-0.051579412747719475,1.405,0.3150399373244208,0.8415982875490546
1.2387754964175928,0,0.694046599969943,6.050831972440979,7.802729536125674,6.050831972440979,0.30911140203947396,0.4501531435899433,0.02044140625,0.10807082547302246,0.07471217326965081,1.993,0.32937619307184296,0.8412415269354263
0.017746135181722522,0,0.6461401616238854,3.785034716216589,4.724960723128043,3.785034716216589,0.27216171037295267,0.40083112734448095,0.011155859375000002,0.11370170031723022,-0.05411184513296066,1.277,0.3373813176742675,0.8408847663217981
0.14695551903655923,0,0.6781001192645107,3.860705722965697,4.869161009407109,3.860705722965697,0.3087068174578889,0.42721961884097803,0.026622265624999995,0.11145787958236694,0.00018520579775468897,1.293,0.33491286121822045,0.8405280057081698
0.03703946594169594,0,0.6408958163034677,3.7631295623345644,4.721174697454355,3.7631295623345644,0.2572088499518555,0.45895925998907117,-0.0042890625,0.09500217503662109,-0.0431596324569336,1.16,0.3082540690627619,0.8401712450945416
-0.010737332707511538,0,0.6550774853876586,3.3214463392422986,4.175144954442889,3.3214463392422986,0.2463079936834247,0.3947441931380741,-0.0005875000000000015,0.11821605406249999,0.02337604394203178,1.142,0.34382611770886456,0.8398144844809133
0.006943669073566472,0,0.6682991413056764,3.545506725991765,4.458203576320079,3.545506725991765,0.30456226185261726,0.45301650892426865,-0.001015234374999999,0.10302047593978883,-0.008981088498202824,1.138,0.32096963507569526,0.839457723867285
-0.013185345513854863,0,0.6838386832740648,3.5262279742404563,4.419406909454685,3.5262279742404563,0.2160331660356876,0.4088399014151276,0.006370312499999998,0.11005019958740234,-0.04798601679480329,1.17,0.3317993075169838,0.8391009632536568
0.08535715029554636,0,0.6285432172605545,4.393642888124584,5.504633233720901,4.393642888124584,0.28104753107936864,0.4668351909888035,0.01234765625,0.09707559632263182,0.08462339609274201,1.37,0.3118141448643727,0.8387442026400286
0.036188619255485666,0,0.6645288231288393,3.392890341246843,4.256706162181209,3.392890341246843,0.2485427303334348,0.4845173956232329,-0.015707031250000003,0.09680659385681153,0.06600509546466463,1.057,0.3115337938129666,0.8383874420264003
-0.0743675690875274,0,0.6178391736201498,3.361340502071089,4.216848315698362,3.361340502071089,0.25644390772373515,0.428461740626408,-0.00757421875,0.11076697183532713,0.017733144505886613,1.119,0.3329028996944905,0.838030681412772
0.14900691241672348,0,0.6503266319433086,4.157942659067603,5.2340596949129345,4.157942659067603,0.24724153348633224,0.44051290978119134,-0.026207421874999998,0.10395072455429077,0.0033970875827377396,1.345,0.32347728438891193,0.8376739207991438
0.2159175702300904,0,0.6072092938135156,3.8247252423865663,4.8088588016408504,3.8247252423865663,0.2807724009422324,0.4317740145371464,0.004796484375000002,0.10798851209701539,-0.03620271537404298,1.257,0.3286510586615765,0.8373171601855155
-0.13757503746502264,0,0.6486215564101655,3.607711292887482,4.502507797509243,3.607711292887482,0.23451639300940103,0.4080053027329831,-0.026794140625,0.10753456191879271,0.022682922227742923,1.187,0.32901745833712986,0.8369603995718873
0.10524337292138197,0,0.6336725193234195,3.8523205841474017,4.839734367961405,3.8523205841474017,0.35979848278355303,0.4068461609018103,-0.004435156249999998,0.11403412704528808,-0.015467850603278085,1.301,0.33771851837921174,0.836603638958259
-0.0053882912965188545,0,0.6200633641017289,3.978393026629878,4.987426474711326,3.978393026629878,0.22617147098147147,0.40523740602724984,0.012687109375,0.11584043452133179,0.008918051252636353,1.355,0.3405897785689186,0.8362468783446307
0.35698962007110024,0,0.6447201433544278,5.014114558535508,6.3391823244909045,5.014114558535508,0.26355633390997046,0.4004693194529976,-0.020821484374999998,0.11860942164779661,-0.09433873734470184,1.73,0.3450260220032324,0.8358901177310025
0.11983296401867216,0,0.6421216472504696,4.323918121577607,5.449238161570789,4.323918121577607,0.2672033418543635,0.4638568799464967,-0.004055078124999999,0.09891239110702514,-0.04781732287806023,1.36,0.31452954513944315,0.8355333571173742
0.03195312001046435,0,0.6636299137443038,4.082456964159792,5.110669511625566,4.082456964159792,0.26613384563328335,0.4274902533871579,-0.025703124999999993,0.10199249389648438,-0.06503259986684143,1.308,0.32039529417775475,0.835176596503746
0.1949365266095846,0,0.6619288592599539,3.7733090725608798,4.777594336821351,3.7733090725608798,0.266788124816146,0.42098601013508335,0.008667968750000001,0.11090003038024902,0.025545592979464345,1.257,0.3331293503468285,0.8348198358901178
-0.02078564508762515,0,0.6668039658644838,3.6920243287557035,4.608542880803672,3.6920243287557035,0.25697681426327923,0.4411862222679275,0.021087109375000003,0.09878243889633179,-0.025893446809957532,1.163,0.3150033413761273,0.8344630752764894
-0.05432441801782106,0,0.7188959935683392,3.705705300743033,4.641708246536761,3.705705300743033,0.2488869055960915,0.4291332604469499,-0.0008988281249999993,0.1064406573423767,-0.01814427271010744,1.209,0.32625368233075164,0.8341063146628612
0.1266771239142752,0,0.670861079163702,4.243950451896993,5.312316300537764,4.243950451896993,0.36674229586026147,0.3761126056288135,-0.0172234375,0.12882500632568358,0.024788523745293663,1.525,0.3593350151669052,0.833749554049233
0.017010701651012372,0,0.7231732743280671,3.4210518820530456,4.292564053386283,3.4210518820530456,0.2910756231781776,0.3948101761949164,-0.002973437500000003,0.12078488757568359,0.014744595992312415,1.189,0.347553922300195,0.8333927934356047
-0.08794426342021433,0,0.7391467537864099,3.316525978438045,4.137871102858749,3.316525978438045,0.22326019811102968,0.39252462151115486,-0.011953125000000002,0.11308714233398438,0.09316057951743231,1.116,0.33649668576562536,0.8330360328219765
0.28633246563754344,0,0.790959367902173,3.8493816403521888,4.870774363916394,3.8493816403521888,0.2978566670322023,0.3943540717201605,-0.030755468750000004,0.11433815348571777,-0.012275666026998247,1.307,0.3395350531885478,0.8326792722083483
-0.07257388531762432,0,0.7510240723888374,3.61462769493516,4.529912589397207,3.61462769493516,0.21051329169790609,0.34365449928169406,-0.01175390625,0.11887795896911621,-0.08393473947349256,1.247,0.34498712045705415,0.8323225115947199
0.09570771522895027,0,0.7890356838132656,4.025237046912757,5.064425833957023,4.025237046912757,0.241202383561928,0.37551373332579796,-0.016012109375,0.11950568696273804,-0.11116845682853767,1.393,0.34606657540042063,0.8319657509810917
-0.07602279141305823,0,0.6874887833776824,3.8205550107763857,4.743664254669086,3.8205550107763857,0.2383463799432644,0.4244454871017141,-0.011973046874999999,0.10741625825790405,0.10708971316829158,1.253,0.32796282123035686,0.8316089903674634
-0.0011119521223803552,0,0.6669246540359494,3.4309493057845093,4.296116738948025,3.4309493057845093,0.24555919118647407,0.4308285112919162,-0.00895703125,0.09251154346618654,-0.07806807567260629,1.044,0.30428896114548754,0.8312522297538352
0.08649494593803864,0,0.7290811146225327,3.87384654249426,4.867784193904058,3.87384654249426,0.27380688533229713,0.4172182654918303,0.025985156249999995,0.09866988337341308,0.003947877968979072,1.221,0.31519059586026676,0.830895469140207
0.08074598767613717,0,0.7376087194852795,3.8924951661499185,4.890359525753818,3.8924951661499185,0.2702735747336808,0.39597039321716676,-0.020146484375,0.1116494875267029,-0.03138383304735838,1.303,0.3347467227014702,0.8305387085265786
-0.05526367275259725,0,0.6918377091430467,3.559948590958051,4.445532871741213,3.559948590958051,0.21340753157693376,0.42053050534055175,-0.0057140625,0.0940604596459961,0.021908750093240035,1.092,0.306746002673629,0.8301819479129504
-0.009161718899172389,0,0.7190260257669183,3.453058485856604,4.324930320913069,3.453058485856604,0.2683085367261557,0.4185317060118521,0.025225000000000004,0.09809426109375,-0.030615720186441923,1.085,0.31421419719476396,0.8298251872993222
-0.07159931247503604,0,0.7245290366395817,3.2755751596935796,4.1031152657708185,3.2755751596935796,0.28047600894054037,0.4136871589212076,-0.004956250000000002,0.09808686058593749,0.09861824743230277,1.026,0.31322743334516534,0.8294684266856939
-0.05708201839750782,0,0.7146645510752149,3.2665160012858356,4.09565442915754,3.2665160012858356,0.23399683674547314,0.41713804539965266,-0.003497656249999999,0.09825988827575685,-0.023328349232648586,1.024,0.3134838462744133,0.8291116660720657
0.04517578781609011,0,0.7221605169422325,3.3860289384334066,4.276382059586611,3.3860289384334066,0.20932026871279946,0.42843863996420334,0.004966796875,0.09853181413192749,0.10917810267737364,1.063,0.31393706885795597,0.8287549054584374
0.039788853454882034,0,0.719895438046948,4.356508485407795,5.467098334438507,4.356508485407795,0.21747214260727063,0.43559738862803415,-0.004794531249999999,0.09095023981384279,0.05149417392772687,1.314,0.30161768406999945,0.8283981448448091
-0.055093455003813574,0,0.6492898970425397,3.8772005265655856,4.8349598956892805,3.8772005265655856,0.2334805950704918,0.4176786943532019,-0.006765234375,0.09494891168197632,0.04445887605290974,1.195,0.3082120699747578,0.8280413842311809
0.02988134952816779,0,0.6794154667908877,3.2597899252698253,4.092249845553955,3.2597899252698253,0.2377654809462172,0.3854702973149036,-0.005524609375000001,0.10953241501937865,0.06264861693354518,1.079,0.3310029249540327,0.8276846236175526
0.2412575066518876,0,0.7156664493236523,4.332672218314399,5.479726013699315,4.332672218314399,0.2601333314280892,0.4336557270005858,-0.011185937500000003,0.09985863495849609,-0.045585438356340525,1.37,0.3162020875267113,0.8273278630039244
-0.08412513245783737,0,0.661750143650001,3.511097572965376,4.417916964993787,3.511097572965376,0.28517308318407764,0.44858878074220615,-0.025510937499999997,0.0930905264428711,-0.01680745781769927,1.075,0.30617206661451013,0.8269711023902961
0.18537867058689317,0,0.6526124752514817,3.965431202270626,4.996632660696916,3.965431202270626,0.20720618529897686,0.42701372733122095,0.025792187499999997,0.09901930525146482,0.028784600980127514,1.252,0.31572858943640186,0.8266143417766678
0.11156393567164047,0,0.6423381368400879,3.7019824208421865,4.653574515004321,3.7019824208421865,0.23587368998728633,0.4184928218575384,-0.014501953125,0.09780596249618531,-0.02640390845664118,1.159,0.3130755007033048,0.8262575811630396
0.09500554314013954,0,0.6654616951462549,3.5203414930140995,4.439801741426928,3.5203414930140995,0.2607898418928838,0.41468891313519923,-0.009984375,0.1009396716308594,-0.0677841211958703,1.119,0.31786688939711855,0.8259008205494114
-0.08354366781060207,0,0.6430293511586765,3.64948911791825,4.5498381747712475,3.64948911791825,0.28729181132615994,0.42209430718329705,0.007079296875000002,0.0927920847276306,-0.05732118159408689,1.112,0.30470018242835856,0.8255440599357831
-0.08594078648080528,0,0.6713539636708783,3.523138039920519,4.401305857671914,3.523138039920519,0.2029709126680585,0.4516704565937907,-0.009805078125,0.09008423114608764,0.1075868227700727,1.058,0.3003004673708068,0.8251872993221548
0.025116718330636,0,0.6978087191535224,3.870732356462177,4.83511838080543,3.870732356462177,0.2805588053120127,0.4194761290591774,0.008815624999999997,0.10437706834960939,0.046838446153179385,1.251,0.3231946527926321,0.8248305387085266
7.14530468544857,0,0.6474897219452265,10.212350265320206,13.441378197252156,10.212350265320206,0.20160888038071995,0.4802545141266892,-0.017623046875,0.12471635985946654,-0.2088260570157393,3.611,0.35359147563342785,0.8244737780948983
0.09293912413506566,0,0.7068612954457593,3.440956061645907,4.3562634376650315,3.440956061645907,0.20846114040380576,0.42466984212209447,0.016810546875,0.10775302231063841,0.05211789227439431,1.131,0.32868771926689777,0.8241170174812701
-0.17247204939779515,0,0.6352493628735641,3.3126225165088528,4.1137107278578755,3.3126225165088528,0.23351426003035594,0.4407963139565904,-0.005481640624999999,0.10567299888168336,0.027050559613651274,1.077,0.32512005054383375,0.8237602568676418
-0.013997951991282953,0,0.6828934520995648,3.7623570336055128,4.706094385019511,3.7623570336055128,0.2022975924131657,0.44940664254140394,0.01743359375,0.10553436199645998,0.048247095703306236,1.224,0.32532797633695754,0.8234034962540135
-0.026114664422617118,0,0.6919029924186961,3.818509736771371,4.789193873991947,3.818509736771371,0.26785065268167163,0.42961476801748943,-0.020286328124999996,0.10487063012557982,-0.03889305455208154,1.239,0.32447213321697593,0.8230467356403853
-0.03097043546731193,0,0.7226384083449385,3.355076800667346,4.206721583818081,3.355076800667346,0.27660206792954645,0.4915277434527022,-0.0038488281249999994,0.0891781330064392,-0.032455736551191994,1.002,0.298651881769352,0.822689975026757
1.7586945334157695,0,0.6348570333026525,6.5245026719884684,8.351821459711516,6.5245026719884684,0.23677903653907742,0.4988987775310941,0.008929296875,0.10639743679794311,-0.020826030666576116,2.129,0.32630839575564863,0.8223332144131288
0.1239359170325467,0,0.7078402786692539,4.184329644917149,5.253301040462782,4.184329644917149,0.21981756479928558,0.47039346644286034,-0.004566015625,0.10207569329818725,-0.026334100727542574,1.337,0.3195254947525706,0.8219764537995006
-0.08843448738434967,0,0.6791546610987064,3.258551325085852,4.076785476217335,3.258551325085852,0.21329515724649017,0.424594311021861,-0.0030332031249999977,0.1112689649131775,-0.02617455594581712,1.087,0.3335838204025714,0.8216196931858722
0.7972951543948019,0,0.6713538468995407,5.489467047105786,6.972458787788236,5.489467047105786,0.20632772741461597,0.4595557799033529,-0.012935156250000001,0.10146123251403809,-0.09538378897904672,1.75,0.31879233174787946,0.821262932572244
3.6139905110708597,0,0.6509367493015707,8.217823523964999,10.81352223279999,8.217823523964999,0.23335002303880803,0.5233824786449968,0.010525390624999999,0.12041776341781615,-0.09357393360981858,2.853,0.34717221557265354,0.8209061719586158
0.585132916319727,0,0.6688533509503602,5.173175158401924,6.619018465653551,5.173175158401924,0.25966731002685717,0.4071211727096671,-0.015858984375000003,0.1281899109739685,0.05105236734801298,1.854,0.3583872463681918,0.8205494113449875
0.1294225798469273,0,0.7036695015287837,3.7602883911728697,4.748541265904558,3.7602883911728697,0.19425252440975377,0.4592307022684159,-0.004148046875,0.0951470089414978,-0.05443132824851248,1.16,0.30848697741456604,0.8201926507313593
0.052733641294433475,0,0.6903646844650717,3.8477330702129713,4.827235141477223,3.8477330702129713,0.30625775438578795,0.47373228312501386,-0.009871093750000004,0.09961347244567871,-0.002423613464893197,1.215,0.31577034524714315,0.819835890117731
-0.07302449858522175,0,0.7133910331627006,3.50803959913128,4.362921202578419,3.50803959913128,0.24092843875066272,0.4149327466504837,0.01441484375,0.10355172243591308,-0.07262346412242048,1.13,0.3221172304553887,0.8194791295041027
0.12607359175182342,0,0.6595317528730523,3.669910965568256,4.662349911240819,3.669910965568256,0.254047949725089,0.4727662683342179,-0.0063273437500000005,0.09764224284606934,-0.0075646490902470855,1.147,0.3125416422254801,0.8191223688904745
0.13866202732565114,0,0.6997614182086845,4.1828039963903425,5.290164383809235,4.1828039963903425,0.228467337210977,0.4112080167815491,-0.015438281250000001,0.10735197822204592,0.0044909418140071265,1.372,0.3280096320994248,0.8187656082768462
0.13948290607661518,0,0.6842770936977833,4.093079742032364,5.173168889267733,4.093079742032364,0.2535907793394171,0.4146203477192582,0.01060859375,0.11273834680114744,-0.06545304161991086,1.375,0.33593286392149846,0.818408847663218
0.06634576140942805,0,0.6768718907371241,3.349615666025096,4.2366436831515575,3.349615666025096,0.25735093373707696,0.4320102079404499,0.029951171874999998,0.09774030581893921,0.10324743362850665,1.052,0.31406588244447214,0.8180520870495898
-0.14711202484996555,0,0.6723564598725377,3.2410136116280595,4.067088358424561,3.2410136116280595,0.2779919718764785,0.4438741400732774,-0.009872265624999998,0.09992234735580445,-0.04401444100030915,1.025,0.3162590852202905,0.8176953264359614
0.14375742801184055,0,0.6808641243600225,4.040764879029157,5.094662083034263,4.040764879029157,0.23314651418029966,0.42094725052576626,-0.002938671875000001,0.10622068100448608,0.050109543820389034,1.317,0.3259283921306565,0.8173385658223332
0.25967368363820587,0,0.6816933193715863,4.232856738151126,5.337609629095323,4.232856738151126,0.212802284493256,0.4132125087371488,0.01329296875,0.10109032198181152,0.019861170572528675,1.347,0.3182248026160124,0.816981805208705
0.01460792234082886,0,0.685825972002418,3.6509551161104388,4.5556676237854665,3.6509551161104388,0.23937599898659992,0.418405660666889,0.006939453125,0.10762331547470094,0.003132246851390635,1.198,0.328133313585157,0.8166250445950767
0.08188530594851873,0,0.7041382826943635,4.540148384196588,5.675967343121727,4.540148384196588,0.26740358668266634,0.4224047213246247,0.006719140625000002,0.09943718166488648,0.056419097435376084,1.432,0.31540819348207333,0.8162682839814485
0.010798164879498362,0,0.6915684209505022,3.71343958936923,4.684319092266055,3.71343958936923,0.2236020620511619,0.4321430021458649,0.0107734375,0.1032685510131836,-0.0902703547951441,1.194,0.32153478500583726,0.8159115233678202
-0.0030648798462626914,0,0.698186766300414,3.997512385153821,5.022340251469422,3.997512385153821,0.33931450692727083,0.4316361341000892,0.017753125,0.09699388514648437,-0.025136232801002818,1.247,0.31194399913085363,0.8155547627541919
-0.0013004537357224066,0,0.7045777495982036,3.7514280246630114,4.698688270403732,3.7514280246630114,0.2817573992597604,0.43268349071611056,-0.019125,0.09840635390625001,-0.01606516638115643,1.179,0.31428031998718914,0.8151980021405637
-0.03727870332349026,0,0.6939584062402011,3.3051822221959783,4.149708408179336,3.3051822221959783,0.2808863262987333,0.433708990353309,-0.020823437500000003,0.10125923132568357,-0.056460787683780995,1.054,0.31889315902822374,0.8148412415269354
-0.14056161488000196,0,0.7063122052288082,3.44141088138637,4.286880581875757,3.44141088138637,0.22547610464359719,0.4473515975054058,-0.017894531249999995,0.09871368028259278,0.018501668251149836,1.083,0.3146965117875475,0.8144844809133072
0.04877714832353641,0,0.6938015452469091,4.345041984310076,5.458899340928321,4.345041984310076,0.2591329399992462,0.45617833051526296,0.011524218749999999,0.09870280175720215,-0.042518569797561606,1.366,0.3143813120638693,0.814127720299679
0.06831757932314897,0,0.6898611785205592,3.9478177424976435,4.936857499379152,3.9478177424976435,0.2829709208858719,0.4170699184435024,-0.004103906250000002,0.1015254806097412,0.018121591119227825,1.258,0.3186570612056949,0.8137709596860506
-0.040926098926727494,0,0.6484739234948761,3.9886057062571263,4.978461795826189,3.9886057062571263,0.2431609544705369,0.40375268773765316,0.01445546875,0.10634749254821778,-0.0795712108616707,1.302,0.32642985942618674,0.8134141990724224
0.6591819541133366,0,0.7077188721907773,5.691058575095168,7.244321052975761,5.691058575095168,0.25141604959950886,0.4462940360521157,0.012982031250000001,0.11176179498962402,0.05329977798468812,1.904,0.3345599021475825,0.8130574384587942
0.03845045517680079,0,0.7021941947354722,4.426832362616284,5.523412819132755,4.426832362616284,0.2758031878535493,0.43915849776875054,0.0025433593750000013,0.0975954168699646,0.08529628141658249,1.383,0.3124130047659268,0.8127006778451659
-0.14407105981692636,0,0.6764872107699866,3.507396348676525,4.407156818523531,3.507396348676525,0.26927737196527607,0.4074401147727386,0.0018492187499999982,0.10656813039001464,0.0039231896009455786,1.145,0.3264529828321377,0.8123439172315376
-0.06117043373836717,0,0.7095011177398592,4.032053750757729,5.024978669300124,4.032053750757729,0.26620361783148155,0.4262763845159345,0.008039453125000002,0.10166074492782591,0.1455449685386883,1.286,0.3189441608406948,0.8119871566179094
-0.09232902591211145,0,0.7337786997180669,3.7535927813188747,4.6805352621615075,3.7535927813188747,0.2288952025816574,0.4295360737431345,-0.005340234375000003,0.09963641744369507,-0.011612186688507133,1.185,0.3156975380754101,0.8116303960042811
0.10591533993219704,0,0.7332450663813795,3.64298227301614,4.584249752761737,3.64298227301614,0.31207822991179673,0.4353345787284358,0.017946874999999998,0.09898257686523437,0.03831400638273246,1.148,0.31512643048068817,0.8112736353906529
-0.17793346938934862,0,0.7330200801880183,3.4521600109304447,4.289265391887129,3.4521600109304447,0.2924046225602885,0.45631985271494846,-0.020032421875,0.10076196887069704,-0.022031332711883705,1.098,0.31806173425433465,0.8109168747770246
0.1549603893730933,0,0.7546092098456432,3.4755048693261097,4.38425135858054,3.4755048693261097,0.2983287575815087,0.40460844837317367,0.008956249999999999,0.1060055355859375,-0.08935647473922079,1.132,0.3257080748154703,0.8105601141633964
0.11113817574241303,0,0.7094278970578176,4.169004686003959,5.220906588675347,4.169004686003959,0.2619742300095646,0.44390222260391865,-0.004519531249999998,0.10483786368103028,0.058309726654908314,1.35,0.32381829757404074,0.8102033535497681
0.15107119995496543,0,0.7294693820028737,3.7079525788445724,4.696879903458484,3.7079525788445724,0.3138364088016809,0.4292397577237598,0.007067187499999998,0.10381463454833986,0.042246552379222785,1.195,0.3222802812576345,0.8098465929361398
0.23811276629762412,0,0.7146277297067176,3.827875135276612,4.864632773606583,3.827875135276612,0.2384401247795051,0.3913445942365817,0.0238625,0.11654950296875,-0.013692545446089128,1.31,0.3422264190196309,0.8094898323225116
0.1863412736820136,0,0.6989205144467195,4.022560545224623,5.100368688775714,4.022560545224623,0.19053985943318547,0.4328547769734966,0.01713984375,0.10382863434997558,0.07118568732132526,1.298,0.3226800405878089,0.8091330717088834
0.0987677745648119,0,0.6757651299655384,3.9821893892505087,5.002650992986229,3.9821893892505087,0.27245974522023697,0.4153205274884656,0.0096359375,0.1048458291772461,0.014162644097503533,1.29,0.3239424030113224,0.808776311095255
0.10413991228334574,0,0.7130950566287567,3.5712420929668243,4.490598076057024,3.5712420929668243,0.2899975711384525,0.4186586277262747,-0.001813671875,0.11065763598495484,-0.02790328245708542,1.188,0.3326573693616677,0.8084195504816268
-0.02762404271970942,0,0.7312273668237582,3.7029705747726944,4.6481618680620596,3.7029705747726944,0.23588682975821376,0.41792584457895454,0.0039746093749999985,0.09964595052719118,-0.019616998360443727,1.169,0.3156924896903235,0.8080627898679986
-0.02740295250797553,0,0.6875677321916293,3.787761477337699,4.731263300779684,3.787761477337699,0.25698476646847845,0.45417778878116744,0.002825390625000003,0.09622201755844116,-0.028568910116094866,1.175,0.3102096071862137,0.8077060292543703
0.12111477949802874,0,0.7040788708723464,3.445129642090454,4.36867121306055,3.445129642090454,0.24573433116817697,0.43210898174777235,0.0018335937500000004,0.09412897387145996,-0.06283779040251004,1.057,0.3068099345482476,0.8073492686407421
0.07735337645887697,0,0.7112334242848947,3.9533607784043836,4.964162026088946,3.9533607784043836,0.21395816831304407,0.406493590705282,-0.02237734375,0.10286061151794432,0.12752358375781028,1.271,0.3214986112431126,0.8069925080271138
-0.004001317407399174,0,0.695991808231747,4.163036610608179,5.188132147712109,4.163036610608179,0.20211921609321848,0.4444259294385081,0.0021789062499999994,0.09750908908630371,-0.06458488222206633,1.3,0.3122720556161726,0.8066357474134855
0.19609930926884322,0,0.6721649380239384,4.21246434018327,5.313506694686097,4.21246434018327,0.25828456632477287,0.4134514817295966,-0.007296484374999998,0.10479382342514039,-0.018917949768666203,1.364,0.3238009606368934,0.8062789867998573
0.18484710940524884,0,0.6781464302066397,3.6798352138981363,4.627561362961433,3.6798352138981363,0.25371125754324714,0.4537600982922554,-0.028210156249999997,0.0918400823968506,0.009807409058603628,1.12,0.3043614550374275,0.805922226186229
0.036734668257625724,0,0.6337437776321156,3.5373526740337944,4.464993693648592,3.5373526740337944,0.26074321160897374,0.45259651006359547,0.021438671875000002,0.09275645327011109,0.09539239114503677,1.08,0.3053130687046904,0.8055654655726008
0.13945946948478838,0,0.7110650082109689,3.599115594809099,4.52155422078695,3.599115594809099,0.21635549349765534,0.45670525982255994,-0.005158984375,0.09560439386459352,0.02098129056283845,1.113,0.30924263772056887,0.8052087049589726
0.032823128975718596,0,0.7091443210167254,4.133575934675669,5.1608992169739825,4.133575934675669,0.2568126783348996,0.48212919597032494,0.0031429687500000025,0.09543001705993653,0.08571002253985785,1.277,0.30893348040071666,0.8048519443453442
0.0989962971288012,0,0.7308901808235029,3.81318555328454,4.7837904620706695,3.81318555328454,0.2363272832247709,0.4315305786459668,0.004074999999999998,0.10067537015624999,-0.0948153053893977,1.21,0.3173199895708589,0.804495183731716
0.01982365473257852,0,0.7083439802037728,3.580873169829601,4.501093744271591,3.580873169829601,0.3133844135827173,0.43229842746784675,0.0107140625,0.10320244245849608,-0.10510782525341499,1.151,0.3214299824125777,0.8041384231180878
-0.013123080742613702,0,0.6720279668542907,3.639161025990949,4.553805057220046,3.639161025990949,0.22891877755231244,0.43302815257199806,0.01567421875,0.10347197121032714,-0.05327252721368465,1.172,0.3220522509527763,0.8037816625044595
0.23866229330295274,0,0.704092540569206,3.6163289445209275,4.573332027040266,3.6163289445209275,0.29143393692886416,0.4091573751117613,0.0025218750000000002,0.10413083077148437,0.07991890709089818,1.167,0.3227029448657078,0.8034249018908313
-0.03473060183492338,0,0.7034318867543187,4.177660280948696,5.198629267673563,4.177660280948696,0.2404483200366912,0.4355583485830695,0.009820312500000003,0.10340164193115234,0.01042637528782628,1.344,0.321711175542209,0.803068141277203
0.140108479647171,0,0.6883973117331946,3.8331550871363556,4.832881281298162,3.8331550871363556,0.26994501410168714,0.4430279091873569,-0.010574609374999999,0.09936910380844115,0.07487950417764545,1.209,0.3154059704125383,0.8027113806635747
0.21430462635702874,0,0.6956430114068303,4.226570427880883,5.342334916460599,4.226570427880883,0.20796627285546107,0.4643651780408705,0.012255468749999998,0.09099318317321778,-0.04485704250451902,1.276,0.3018996185613688,0.8023546200499465
0.15922161700122572,0,0.6900419126061285,4.1166622478009804,5.1932005219018995,4.1166622478009804,0.2752556409866297,0.41899909263919033,-0.0010644531249999977,0.10281408217391967,-0.008439785081350858,1.32,0.3206481174658211,0.8019978594363182
0.13105933779413803,0,0.7125743053785248,4.144817698327041,5.231758950344848,4.144817698327041,0.27669278231982625,0.40884287119127294,0.0036273437500000004,0.10860202362731934,0.017820094076149456,1.366,0.32956817390336707,0.80164109882269
0.038150983851288345,0,0.7018374529775283,3.4865955146850953,4.370435215184884,3.4865955146850953,0.27507657275633407,0.44258671902845675,0.013082812500000002,0.09173546970458984,-0.012562553204547366,1.057,0.30316106228785383,0.8012843382090618
0.039288402474361384,0,0.6847698878636032,3.478575273899345,4.365662967348957,3.478575273899345,0.2831121119720032,0.4340530481240481,-0.0039082031250000015,0.09871208337020873,-0.06705534454430888,1.093,0.3142090982480854,0.8009275775954334
0.0716122887949644,0,0.6781932816371569,3.3276428449312805,4.195570494121949,3.3276428449312805,0.21621270423861427,0.45876126359741837,-0.0024121093749999993,0.09431952118148804,-0.031057791701527313,1.022,0.30712430619071,0.8005708169818052
4.759064970735801,0,0.7036124511707454,9.612892037927825,12.395176839621284,9.612892037927825,0.2497300816616417,0.46541726008328393,-0.010065625000000003,0.12243420584960937,-0.3212226882509603,3.365,0.35005074297342953,0.800214056368177
0.6712470472405125,0,0.7098617620682041,5.4043098532466525,6.8670355769346685,5.4043098532466525,0.23326832587604573,0.4814439176103063,0.012625781249999999,0.10832304902282715,0.002699336193507294,1.78,0.3293667551150237,0.7998572957545487
0.020486171194382674,0,0.7318854274644064,3.4437682476490092,4.335425649136375,3.4437682476490092,0.22218650973276988,0.4005394842149493,0.00797890625,0.11437796205505371,-0.098622329460693,1.165,0.3382922183556695,0.7995005351409205
0.08305669535601323,0,0.7070756794238168,4.110125570061167,5.147903580008772,4.110125570061167,0.2773277904605426,0.42997897571807364,0.019190234374999997,0.10355710404525757,0.029758356666171937,1.325,0.32237457893051213,0.7991437745272922
0.09545568486095668,0,0.7254017190160953,4.1728938966474045,5.236814491546962,4.1728938966474045,0.23541856569869649,0.42691325748343056,0.006277734375000001,0.09881430294174194,0.040006175476307866,1.312,0.3144101030352317,0.7987870139136639
0.08047001844323631,0,0.6935225913294009,3.9076435584184703,4.879247446648983,3.9076435584184703,0.25001154200609693,0.43563967038218454,0.010134375000000001,0.09578012725585937,-0.013485255994863218,1.21,0.3096495322336206,0.7984302533000357
-0.06431501513794746,0,0.7003440369062295,3.8458792918232176,4.821738072173823,3.8458792918232176,0.2669157209954659,0.46901334769199177,0.008428515625,0.08980984020248413,-0.005532292023320844,1.153,0.29980140106097736,0.7980734926864074
0.16788599211714805,0,0.7147949565502427,3.6765930212529385,4.648973216651753,3.6765930212529385,0.27665557622952514,0.43651169395480005,0.0219828125,0.09992300282958985,-0.016271070224883635,1.165,0.31686944768311126,0.7977167320727792
0.03719773792165926,0,0.6734861517432609,3.880724447009963,4.852431143192248,3.880724447009963,0.2419723781166136,0.4339259700014374,0.006035546874999999,0.09621947256454469,0.06897616594251542,1.204,0.31025135034456336,0.7973599714591509
0.0924088046332332,0,0.6819818369311078,3.8555012232591808,4.863913930741145,3.8555012232591808,0.247331130245417,0.41614669532519943,0.005674609375,0.09927731482406617,-0.05857542228503449,1.215,0.31513412385145634,0.7970032108455226
0.05632486718914498,0,0.6982058863900401,4.3180514684566855,5.423231056318639,4.3180514684566855,0.2145279848218104,0.421442799482033,-0.013843749999999998,0.10268668339843749,-0.008136983631901783,1.385,0.32074652424071565,0.7966464502318944
0.014801688917899014,0,0.6948403914478031,3.422943430374572,4.296212066939305,3.422943430374572,0.2140715962019458,0.430997640356426,0.015372265624999997,0.10322434149642945,-0.017402261202089295,1.101,0.3216529932192066,0.7962896896182662
0.001405635656441362,0,0.671430015659051,3.8846635955441586,4.887337234615732,3.8846635955441586,0.24744461467597748,0.4441672288217207,0.00017187500000000015,0.09960335795898437,0.007297217837062049,1.226,0.31560004356780436,0.7959329290046379
-0.024924683453122043,0,0.7195483210538549,3.70452073519269,4.623542671322729,3.70452073519269,0.2721215877468114,0.42228338622386125,-0.008903125000000001,0.10018171874023438,0.07562201073131773,1.173,0.31664014965730425,0.7955761683910096
0.024246064923605815,0,0.690756494713296,3.6995472876980218,4.646512852328692,3.6995472876980218,0.21282851246138762,0.42173342831756944,0.007987890625000002,0.10149800649398803,0.10481849445221582,1.179,0.3186876415718454,0.7952194077773814
0.02971568948869363,0,0.6869776546676527,3.3908631721839124,4.259683466891945,3.3908631721839124,0.2118559872295322,0.4433395014252439,0.004212890625000002,0.09368971366195677,0.010237980681771142,1.038,0.30611674588198373,0.7948626471637531
-0.008812473388070341,0,0.7175516379999881,3.7206398779152337,4.656453348362965,3.7206398779152337,0.21109791341640208,0.4369827650368646,-0.01046484375,0.09311312532653808,-0.008847892872948886,1.136,0.305323825276132,0.7945058865501249
0.10881129545535106,0,0.7256135447007296,3.404220333109732,4.284702701542819,3.404220333109732,0.3067930373500583,0.4262097871337415,0.027234374999999998,0.10215700444335937,-0.009503911179822754,1.092,0.32077829668635627,0.7941491259364966
-0.12396209034850614,0,0.7417671434836158,3.4662323919828526,4.299717878831349,3.4662323919828526,0.2533539653952297,0.41655975095857095,-0.01292578125,0.10498485933532715,-0.02478823576889881,1.124,0.32427139120842896,0.7937923653228683
0.07089919808187517,0,0.6901610023650259,4.10510860888108,5.155113279253319,4.10510860888108,0.26035294333982095,0.43239472407222396,0.005709765625000001,0.10087081693588258,0.0021015747063832003,1.304,0.3176529841814413,0.7934356047092401
-0.012064875915747564,0,0.7165672008416175,3.6029785366374267,4.502126953959578,3.6029785366374267,0.2812274826941045,0.4398633917799297,-0.01770078125,0.09340568859313966,0.07908901511056354,1.103,0.3061356010822655,0.7930788440956118
0.14622816792120163,0,0.7163793480426585,3.4369464426347176,4.348217249541632,3.4369464426347176,0.2537512868688505,0.42115046778584264,-0.005284375,0.10147597069335938,0.11061943642280453,1.095,0.31859675973320883,0.7927220834819836
0.12995566637210132,0,0.69494309319557,3.709469132420173,4.692935203174704,3.709469132420173,0.2831493897494793,0.39708771100614254,0.0017753906249999996,0.10816418509750365,0.07207439258081846,1.22,0.32888803126501126,0.7923653228683554
0.4693276065059906,0,0.7241230359272913,4.3813518905260445,5.560484386877301,4.3813518905260445,0.29518112361429993,0.43158720439156656,0.004463671875000001,0.10845176196151733,-0.03105038258924335,1.443,0.3293504005282596,0.792008562254727
-0.08371585481066246,0,0.7633806411150169,3.2886496859651064,4.098791081546006,3.2886496859651064,0.25921116207804795,0.43682451678589507,-0.011696484374999998,0.09381082389389037,0.02407441067356936,1.008,0.30650877905962987,0.7916518016410988
-0.03075220865556627,0,0.6870128891825669,3.647861915625019,4.58079299149036,3.647861915625019,0.24172278747039877,0.4351073602776834,-0.001144140624999998,0.09175750148910522,0.09491503992827394,1.105,0.30291716779818706,0.7912950410274706
0.03199507402993973,0,0.6203214438363357,4.5321944208905265,5.668146463222516,4.5321944208905265,0.2570760632992978,0.45839973448018456,0.010270703124999997,0.09395615054794311,0.05365215947683951,1.39,0.30669469817821277,0.7909382804138423
0.06659532219416375,0,0.7225489871855534,3.5141701274110964,4.42881765791314,3.5141701274110964,0.29101729663384124,0.44926954497521876,-0.015883203125000002,0.09437270862411498,0.05594012714120774,1.081,0.3076117435430985,0.7905815198002141
0.06231541063353241,0,0.7060391772093084,3.6767048924575483,4.588354223129066,3.6767048924575483,0.22791755699493293,0.42515350875791097,-0.0138765625,0.09866232304443359,0.060110928642148426,1.156,0.3144119622903206,0.7902247591865857
0.01621925172009364,0,0.6614429393657899,4.282728848412155,5.368950406674967,4.282728848412155,0.2617182343195019,0.42554982148387155,0.0019296874999999985,0.09171094349365234,-0.046914970569034216,1.297,0.30284429528637324,0.7898679985729575
0.027416547087287135,0,0.706717677528398,3.845611482598561,4.823592388924035,3.845611482598561,0.26396297147058384,0.40426742860818693,-0.003436718749999998,0.10379164208923339,-0.08427726686249098,1.239,0.3221854328255702,0.7895112379593293
-0.037048517995146746,0,0.7021958568236999,3.496688705511621,4.386024376088218,3.496688705511621,0.20428066370682735,0.42745109429989847,0.006794921875000003,0.10018003723983764,-0.04814471209181517,1.107,0.31658523055115034,0.789154477345701
-0.1394119035922814,0,0.7433099216952523,3.3873157776638183,4.190689610509183,3.3873157776638183,0.2631586296181351,0.42808841171324635,0.0023902343749999983,0.09589892388900757,0.01891990933579792,1.049,0.3096847382571104,0.7887977167320728
0.22236454732881272,0,0.7116094923956837,5.147407638174519,6.408707056098248,5.147407638174519,0.24067388572067677,0.44448883619056667,0.012133593750000001,0.10062178293395996,0.09166670948797695,1.634,0.31744134423740394,0.7884409561184446
0.12844698449351544,0,0.6836010484087433,4.747520526199125,5.919615073137883,4.747520526199125,0.26984999773039414,0.4233076762458315,0.00358828125,0.1078218226751709,0.12128074230716837,1.559,0.32838193987718023,0.7880841955048162
-0.042431818930458665,0,0.7104907749123002,3.965635267740316,4.954836227791912,3.965635267740316,0.30344367642127634,0.4109071557078717,-0.012409765624999998,0.10533475826400758,-0.03833978812875174,1.288,0.32479033321032663,0.787727434891188
0.06155158491975987,0,0.6750648960740548,3.6724102105606966,4.619673637376261,3.6724102105606966,0.2592723415599056,0.4198507757773466,0.0035835937499999982,0.09753652660583496,-0.08750236876789602,1.147,0.31232894318330473,0.7873706742775598
0.40503107327624477,0,0.6922636467025027,4.209317172206838,5.400989635339855,4.209317172206838,0.24508464928482152,0.4346153091254865,0.001514453125000001,0.09968198260360718,0.09044971179806044,1.329,0.31572816816349314,0.7870139136639315
-0.12696370953804692,0,0.7249921492553653,3.5409213794146557,4.413224853278738,3.5409213794146557,0.29461995307103406,0.41705894785879677,0.0009132812500000007,0.09615421904235841,-0.08598894663018593,1.098,0.31008878264942125,0.7866571530503033
0.11471571123224367,0,0.6953684761113259,3.708286917876137,4.686873622673111,3.708286917876137,0.2635368721431275,0.4335497406648157,0.00047460937499999923,0.09434084310531617,0.14240767410758304,1.139,0.3071499118661358,0.786300392436675
0.1437721150024358,0,0.684197923918421,4.053159840971461,5.135695068105331,4.053159840971461,0.2332026412550601,0.43805924008078523,0.0088828125,0.10027692064208985,-0.016335073007768493,1.284,0.31678987515386287,0.7859436318230467
-0.16300562729955503,0,0.6781775409801318,3.0871728447231574,3.8488678390179842,3.0871728447231574,0.22466885827402627,0.4335175181100338,-0.0034980468750000007,0.09911902655868529,-0.10800135827485648,0.972,0.31485117578091554,0.7855868712094185
0.0801233100368477,0,0.7132050747559716,3.5488629577241415,4.459959441851959,3.5488629577241415,0.2247392861432665,0.46161127635299126,0.004703906249999999,0.0903741162347412,0.01815168942348581,1.067,0.3006596796525101,0.7852301105957902
0.18119714550609523,0,0.7093547581319996,3.8227676311013594,4.838303233935321,3.8227676311013594,0.3032070875252104,0.3948483019615995,-0.0067953125,0.10704626513427735,0.04607736678598897,1.251,0.327249814982759,0.784873349982162
0.22091403950822075,0,0.7178088083508918,4.177778323512094,5.293110825845102,4.177778323512094,0.20430898501481964,0.46981159702108716,-0.0061125,0.08763215453124999,0.017953732257999955,1.237,0.296090386854251,0.7845165893685337
-0.1903527977949251,0,0.7219412059305359,3.373452813806923,4.158332925139326,3.373452813806923,0.24155995326813118,0.4312625728641997,-0.009287890625,0.09277550344711302,0.05467092477603822,1.028,0.3047322896566345,0.7841598287549054
0.09414340885375916,0,0.7248495571096939,4.056996629127007,5.107803089287179,4.056996629127007,0.284364906016677,0.41277666979538585,0.002087109375,0.10094337014633181,-0.08866513426845736,1.289,0.31772271900491317,0.7838030681412772
-0.06241995412534562,0,0.6853937725948932,3.4867368531709837,4.371166865790522,3.4867368531709837,0.2292947948377892,0.4613554179445966,0.001594531250000001,0.08709229340759277,-0.07958128107426682,1.029,0.2951183422586607,0.783446307527649
0.055819979221760185,0,0.7258641404930773,3.628326013442661,4.555339152633224,3.628326013442661,0.29858211803984513,0.4457249548853812,0.023747265624999996,0.0967735810472107,-0.07935135877680262,1.132,0.31198960507022505,0.7830895469140207
0.22800773906280547,0,0.7253461234716838,4.089695046216407,5.1650318892248155,4.089695046216407,0.2032172697258613,0.4100035100520273,-0.006406640625000001,0.10445047800277711,-0.02275862853971424,1.322,0.32325148576128,0.7827327863003924
0.043355272038245296,0,0.743492064680723,3.7096098404734,4.658333010423528,3.7096098404734,0.29347938079212804,0.4177110969776789,0.004019140624999999,0.10014048127426148,0.011399882558431168,1.174,0.31647533042185927,0.7823760256867642
0.15381365048850437,0,0.7304220685249689,4.5241032054410235,5.688958208309599,4.5241032054410235,0.2319429387998681,0.41976922497219066,-0.005947656249999998,0.10396755585388182,-0.1303838323045956,1.459,0.3224948533988566,0.7820192650731359
0.09964024623925338,0,0.7458585462128137,3.9865639945639315,5.007995100874358,3.9865639945639315,0.2432559366357007,0.41039078616626457,0.015165624999999999,0.10045936163085938,0.03813378453034262,1.265,0.31731586441982385,0.7816625044595077
-0.0578715297206851,0,0.7341509315020873,3.6966539890065326,4.611064719792097,3.6966539890065326,0.27388575865617265,0.4192379726323395,0.017576171875,0.09714380904159545,0.0342088373421051,1.154,0.312174199541498,0.7813057438458794
0.016000034417992914,0,0.6973901903066515,3.554406129144642,4.446680801412021,3.554406129144642,0.31645812088278374,0.42766026010952396,-0.006790234375,0.09835854623275757,-0.0011285055303023618,1.115,0.31369516017245946,0.7809489832322511
-0.05611070170776644,0,0.6951158872915547,3.3249301440436705,4.159271928213715,3.3249301440436705,0.2161963631428642,0.4232050706557925,-0.00032421875,0.09859059410095214,0.024548982073786876,1.044,0.3139915591520734,0.7805922226186229
0.15333602452350226,0,0.7248391237990646,3.3502213456701395,4.242114845452457,3.3502213456701395,0.2754563651971369,0.4312489862105057,-3.242187500000111e-05,0.08963030168319701,-0.0641198899368085,1.003,0.2993832038280955,0.7802354620049946
-0.0426891434854082,0,0.7082720163404115,3.3122831965752164,4.176046185480733,3.3122831965752164,0.19608719742636654,0.4466193736265338,0.01594375,0.09052913746093749,0.07240755818744406,0.998,0.30130273915947065,0.7798787013913664
-0.0055566337656753895,0,0.7028171560168501,3.998709022023579,4.982574727171977,3.998709022023579,0.19330692109522948,0.41334884249394627,-0.008943359375000001,0.1015871932762146,0.04521842879611917,1.275,0.31885290802049304,0.7795219407777382
0.17565458285923397,0,0.7101143117586838,3.872151862607725,4.847962489472925,3.872151862607725,0.3042615705581932,0.42156631411684864,0.011117578124999998,0.10375459750350953,-0.16575058136394272,1.248,0.3223014086951452,0.7791651801641098
-0.1334052324679953,0,0.7486840442407086,3.6563382166418172,4.55848119916913,3.6563382166418172,0.2610312262396459,0.3966553332605286,0.002154296874999999,0.10151711642684935,-0.047039016915309484,1.165,0.31862479097188123,0.7788084195504816
0.023096264838323943,0,0.7124883895911469,3.866851350785221,4.864735821850441,3.866851350785221,0.2478128506960169,0.4198056802017124,-0.0009156249999999994,0.09534323428710936,-0.015600163245880986,1.194,0.3087783552262853,0.7784516589368534
0.2687806657989289,0,0.712987723267396,3.5432814413923106,4.498490470804864,3.5432814413923106,0.31111974791052216,0.41639353092520937,-0.01208046875,0.10120012946228027,0.06520980301692075,1.128,0.3183489707655735,0.7780948983232251
0.44224091927066844,0,0.7215265851812093,4.338094020255756,5.505107849308159,4.338094020255756,0.2032333412948908,0.42332416507373277,0.007860546875000003,0.10573101063095094,-0.07765274883075618,1.411,0.32525804959773863,0.7777381377095969
-0.03349740932737655,0,0.722376220915648,3.2109820120700903,4.0410795021984685,3.2109820120700903,0.24934656314031908,0.4246283834776252,-0.01146484375,0.09998644329528808,0.09328671390717126,1.016,0.316414105149407,0.7773813770959686
-0.011479112515456524,0,0.7392234014053101,4.121460326543511,5.143184385688759,4.121460326543511,0.2715035284478024,0.4287950150141459,0.006367968749999997,0.09701665834899902,-0.0014712346937722546,1.284,0.31154006062623796,0.7770246164823403
0.13987000472301547,0,0.7121482289824923,4.335745051883274,5.481404897368903,4.335745051883274,0.2432510217425601,0.4272140770777014,-0.008123828125000001,0.09992190068222045,0.07156438244798513,1.371,0.3162086293345345,0.7766678558687121
0.13876889207842558,0,0.7111438119222103,4.013213315734785,5.056905194205844,4.013213315734785,0.2730597912787969,0.4354623259848825,-0.008843359375,0.0949286430418396,0.10858549005025978,1.237,0.30823180894721913,0.7763110952550838
0.12330096995607942,0,0.7144706615335253,4.266701307194227,5.353908878964522,4.266701307194227,0.2846932040764924,0.4390790081346894,0.010480859374999998,0.09372554807113646,0.13670268005206673,1.307,0.3063256379808504,0.7759543346414556
-0.12635267975133546,0,0.740715070388937,3.431754985275233,4.254443032280853,3.431754985275233,0.2833239028621903,0.41173461830365177,0.0009421874999999997,0.10292914040771484,0.0008625270983386062,1.101,0.3208271000476736,0.7755975740278274
0.10640143302128813,0,0.7715213144041867,4.630458799397883,5.782562637037768,4.630458799397883,0.25297292411335387,0.42161469366156507,0.00850859375,0.10029951164489748,0.08043369976233858,1.467,0.31681525817501277,0.775240813414199
0.06580432626280075,0,0.7414043504487067,3.947590580865367,4.947956917791658,3.947590580865367,0.2155942289714409,0.39871459129700254,0.0002035156250000003,0.10894930350326537,0.10382375719542336,1.303,0.3300747565656528,0.7748840528005708
0.04755124236139574,0,0.7600527938790167,3.4106169053499267,4.321683992635214,3.4106169053499267,0.2050929055688352,0.4264547841525325,0.017227734375000005,0.09812735555892944,0.0315465089260341,1.07,0.31372623478221423,0.7745272921869426
0.06684536644615591,0,0.7322710212695842,4.35505545897316,5.453224165495858,4.35505545897316,0.2589893417066959,0.41517856018215676,0.01583671875,0.1041252381829834,0.11559206659733356,1.407,0.32307280888949785,0.7741705315733143
0.1907740996243419,0,0.7391359960392466,3.9321066453926994,4.96404318399763,3.9321066453926994,0.28707987276059305,0.448769117003993,0.006227734374999999,0.09170421727767944,-0.0653553843548875,1.191,0.3028910727524418,0.7738137709596861
0.12884073483144265,0,0.7162116846965708,3.6906811487714277,4.654039122093368,3.6906811487714277,0.23705515901169974,0.4433897622232859,0.0036,0.089304830625,-0.00864253459708893,1.103,0.29886082149555837,0.7734570103460578
0.024222097244295693,0,0.6976795723622637,3.872614903632595,4.846475130493501,3.872614903632595,0.2135973042277313,0.3926282963074159,0.006802734375000001,0.10514280210189822,0.059821897240167725,1.256,0.324328659382539,0.7731002497324295
-0.10576367540693887,0,0.7290755051638644,3.5640874323346012,4.4484410040784645,3.5640874323346012,0.24782877015273844,0.40461838343991924,-0.0026464843749999987,0.09786377307357788,-0.05697699212893332,1.115,0.3128430548264177,0.7727434891188013
0.2116288948277405,0,0.6760077477945835,4.540945423238093,5.717427566478385,4.540945423238093,0.22329703358163314,0.414529119991945,0.007896484375000002,0.10077883420639037,-0.0032435206375027894,1.442,0.31755501676382786,0.772386728505173
0.056445264473959256,0,0.7240243640279069,3.5990906525509323,4.535838244003798,3.5990906525509323,0.242962760666063,0.44513425359489234,-0.008816406249999999,0.08847325066833496,0.055477169518007206,1.071,0.297575166449588,0.7720299678915448
0.2722991587460126,0,0.682118477263408,4.162122383626526,5.253761356833613,4.162122383626526,0.25319404588206096,0.46664412454401233,0.011110937500000001,0.0887790259741211,-0.024574183373479826,1.241,0.29816518728089303,0.7716732072779166
0.18944474919085819,0,0.7587231936282993,4.079673893589559,5.152510834929175,4.079673893589559,0.2325312339325914,0.4297696068207443,-0.007872265624999998,0.10116552157455443,0.05447177909593587,1.298,0.3181626850223404,0.7713164466642882
0.049190672061592444,0,0.7418452387902401,3.8000803535439744,4.786735287782478,3.8000803535439744,0.26700935646500695,0.4250273060134677,0.003919921874999999,0.1037320471031189,0.009604767564464869,1.224,0.3220984521704893,0.77095968605066
0.02065295157615754,0,0.7831572687203263,3.597459039686595,4.508072638297609,3.597459039686595,0.26974435369123995,0.41811081932314553,0.0012468750000000008,0.10041792967773437,-0.056888367253668845,1.14,0.31689033493465846,0.7706029254370318
0.08956235569904614,0,0.7781507499645232,3.722083666372375,4.687477918383272,3.722083666372375,0.2934528706634909,0.3960578442826969,0.0081171875,0.10249463939208985,-0.05616800405196872,1.192,0.3202507269702912,0.7702461648234035
-0.12727839189345502,0,0.7150521217253638,3.8591786314959178,4.812087964968,3.8591786314959178,0.2532802416761091,0.4193744315379458,0.0159140625,0.1046599738647461,0.09583410080739901,1.25,0.32390312016095185,0.7698894042097753
0.17307738485709434,0,0.7498793679959475,3.8209733946899296,4.836113552110763,3.8209733946899296,0.22738435058444326,0.4010022376354793,0.008376171875000001,0.10678041122909547,-0.045078165601579685,1.249,0.3268800567247488,0.769532643596147
-0.05350583669991149,0,0.7328190837419639,3.5237524558214752,4.438652722519756,3.5237524558214752,0.28897780078738267,0.41169327805070777,-0.0013316406249999995,0.09797885993637086,0.009394491915594761,1.103,0.313018582839941,0.7691758829825187
-0.07803579738001165,0,0.7425964858777498,3.5613198299034425,4.457846845322809,3.5613198299034425,0.2600391773516912,0.42909351506688626,-0.0026621093750000004,0.09925051043930054,0.02152777684229579,1.122,0.31505173744263815,0.7688191223688905
-0.1315078409037751,0,0.7290394395200426,3.1423197379053636,3.888257138994695,3.1423197379053636,0.252895250087466,0.4437231313033836,0.003183203124999999,0.09235456135848999,0.04855136075166297,0.955,0.30391560364783016,0.7684623617552622
0.13049488689294053,0,0.7113171651503165,3.390756075079087,4.288273169342141,3.390756075079087,0.24537946569086283,0.43223093704766136,0.024406640625000003,0.1012309584715271,0.045749121425692374,1.082,0.31910287146643634,0.768105601141634
0.023316688383443473,0,0.699129288499728,3.6622277459533565,4.586228811975206,3.6622277459533565,0.2589868099019248,0.4197416711041398,0.012891796875,0.10684345040145873,-0.039335891264826714,1.198,0.32712329300758297,0.7677488405280057
0.02541726589633342,0,0.7330409304333627,3.5096119628362827,4.408768044457347,3.5096119628362827,0.2730534797873465,0.4398774877298765,0.026298828124999996,0.1035261032798767,0.036311330447490416,1.133,0.3228277120084721,0.7673920799143774
-0.00240077885990031,0,0.7534694658325749,3.696309268196936,4.661995015959276,3.696309268196936,0.2203548664511344,0.3916284978400783,0.00802109375,0.10480576596130371,0.03842320560951043,1.197,0.3238365388683772,0.7670353193007492
0.19926955508561583,0,0.828891576766819,4.000627379972553,5.0699501941927965,4.000627379972553,0.21061948557678478,0.41677953292832337,0.023630078125000002,0.1068279932359314,0.11432921587630378,1.311,0.3276986021149999,0.766678558687121
-0.02365690355673289,0,0.8136877362817884,3.4097383426768655,4.266603005028275,3.4097383426768655,0.24768396009408467,0.3886223368232283,8.046874999999721e-05,0.10731593493103028,0.04656076078291457,1.117,0.3275911192420362,0.7663217980734927
0.2839547114455967,0,0.8096239072461033,4.8556694302868415,6.122393725990392,4.8556694302868415,0.24573910862736734,0.4203419886105122,-0.000729687499999998,0.10722445974365233,-0.015872338630445185,1.59,0.3274522746714397,0.7659650374598644
-0.02183668573849662,0,0.7793266742498819,3.1704711931388077,3.9841468938885405,3.1704711931388077,0.27903459429959326,0.41984152589370555,0.0015433593750000013,0.10780632468246461,0.031624223473618616,1.041,0.3283423619343459,0.7656082768462362
-0.054890718433644015,0,0.7633097142699155,3.469570297783612,4.341501767173918,3.469570297783612,0.28447487213638156,0.38109524862237515,-0.003466015625000001,0.11061475743881226,0.024756323521770488,1.154,0.33260602926454147,0.7652515162326079
11.588778854491705,0,0.7168543254584765,10.78768502042888,14.686540214220614,10.78768502042888,0.2033089843668757,0.4599574404764759,0.008687499999999997,0.13851420781249998,-0.32984782399335616,4.016,0.3722763495963046,0.7648947556189797
-0.08447239799272266,0,0.7421728544144821,3.634718593825326,4.550624574721111,3.634718593825326,0.2974615644073004,0.43956340454320453,-0.02764921875,0.09743424882751464,-0.08188778443708271,1.139,0.3133667629551673,0.7645379950053514
0.13780216519028476,0,0.7088580462550013,4.42370665524749,5.523981096454969,4.42370665524749,0.22279730725519112,0.42580299756819306,0.0023546875,0.10000891404052734,-0.02734892368773105,1.399,0.31625062623455785,0.7641812343917231
0.14556538652560214,0,0.7433802416726457,4.037711818941554,5.065136494718901,4.037711818941554,0.21878659724414456,0.38705581198053224,-0.0067695312499999995,0.11042163985290528,-0.012380177095115867,1.342,0.3323664640216428,0.7638244737780949
0.106654478423577,0,0.7994504042141852,3.566410515594115,4.490013692945459,3.566410515594115,0.2524165279046558,0.378696808042562,0.032394921875,0.11463074442733764,-0.1494959323696677,1.213,0.3401178845497911,0.7634677131644666
-0.054744110049365524,0,0.7608781012522099,3.505312365191307,4.385615003667838,3.505312365191307,0.18025077925497854,0.38205393496710127,0.02983515625,0.10918924470153808,0.020968547257540462,1.163,0.3317821291902263,0.7631109525508384
-0.04691430889770265,0,0.742234764961482,3.859695106850824,4.835621121807913,3.859695106850824,0.2798119177145361,0.42167598934105543,0.0004472656250000016,0.10007473784408569,0.011463085382526716,1.221,0.3163462310359095,0.7627541919372102
-0.03353305567876497,0,0.7875094467024485,4.06999642177643,5.067528152769675,4.06999642177643,0.2789652111830842,0.42544486275988114,-0.005923437499999999,0.10787815976318357,-0.05157104842192368,1.337,0.32850151731004223,0.7623974313235818
-0.11066427146985758,0,0.7932804461068536,3.3830077734864763,4.218042015652891,3.3830077734864763,0.23339073908953764,0.3820361321881681,-0.00836171875,0.1064258019720459,0.04977383398973132,1.104,0.3263368203444104,0.7620406707099536
0.10522164541502876,0,0.7694877738832667,3.839695921929233,4.846005067517916,3.839695921929233,0.3117431593880487,0.3558616904103876,0.012849999999999997,0.11235703765624998,0.09234338447460085,1.288,0.33544322940886734,0.7616839100963254
0.07400865632082887,0,0.761287755661259,3.570421454896596,4.496747090314178,3.570421454896596,0.22369237909052372,0.39067480308680896,0.02219140625,0.11152787039489746,0.047589505244657285,1.195,0.33469438134849233,0.7613271494826971
0.20452696908654655,0,0.7761830927117289,3.9174280293479566,4.931570437191023,3.9174280293479566,0.2580063162349097,0.42956015353694077,0.019026953125000003,0.10064152778915406,0.08077230269949943,1.245,0.3178105610806145,0.7609703888690689
0.1375577247976283,0,0.7264171888985289,4.024529274440375,5.047244549276227,4.024529274440375,0.30155004157047094,0.40912611274639726,-0.002826171875000001,0.09847847095565795,0.014484225400775833,1.263,0.31382552191165874,0.7606136282554407
0.14280982476268678,0,0.7238520837956463,4.346614866962053,5.469519256273735,4.346614866962053,0.2625449781278418,0.42508890379425707,0.010575000000000001,0.0922522928125,-0.03359091842540393,1.321,0.30391466472926243,0.7602568676418123
0.08887396701976602,0,0.7666050964185619,3.4778686731016903,4.3790129379649025,3.4778686731016903,0.2794476150279832,0.4244519277013111,0.0033675781250000016,0.10295660121444701,0.0350011211589917,1.116,0.3208861819974101,0.7599001070281841
-0.10063526612856588,0,0.7366613449702881,3.0856294709416474,3.875828570493744,3.0856294709416474,0.28564393017368145,0.39414254544476096,-0.003666015624999999,0.10883144118881227,0.020106067513140296,1.018,0.32991647558037324,0.7595433464145558
0.10673846659440267,0,0.7478424137205965,3.913203650758189,4.934745698675175,3.913203650758189,0.262111984186309,0.3938302528483956,0.003970703124999996,0.1020206331260681,0.01698270610563917,1.25,0.31943136916930215,0.7591865858009276
0.6825762916789735,0,0.7503752550411483,5.286281846249298,6.776249010532809,5.286281846249298,0.200784223319892,0.4534940152028801,0.006581640625,0.10119649958480834,0.07245024299408598,1.682,0.3181820509993061,0.7588298251872994
0.2763977117187495,0,0.7393413495268398,4.567414752339463,5.7644300712584675,4.567414752339463,0.33358878484999677,0.3949699085323082,0.007113281249999999,0.10184939263610841,0.10914653450556405,1.458,0.3192177805296096,0.758473064573671
-0.10299173104233317,0,0.7401237566358483,3.073403789064385,3.836556417154612,3.073403789064385,0.21816693399868956,0.41644111157798247,0.02924609375,0.09408717693786621,-0.08003997698514591,0.947,0.30812742646103414,0.7581163039600428
0.0010266982614148823,0,0.7411819535401052,3.3750867167973184,4.235018741400307,3.3750867167973184,0.22850521393138704,0.43666567260924477,0.013491406249999999,0.09586712570739746,-0.007058081829037478,1.046,0.3099179629353549,0.7577595433464146
0.06579541240929743,0,0.78167115071052,3.517637081637735,4.421646171860103,3.517637081637735,0.22165579770920552,0.4240509527103213,-0.002111328125,0.09707314580917359,-0.017206002723193184,1.096,0.31157279007581035,0.7574027827327863
0.032840536435830625,0,0.7383084840048018,4.069119351371116,5.091551709499806,4.069119351371116,0.23898344953829714,0.42423952324259484,0.0241625,0.0960613525,0.03727978783403181,1.265,0.3108780772364787,0.7570460221191581
0.21076023692052992,0,0.7403006243587974,3.792071543715627,4.769653889674458,3.792071543715627,0.2135570533180817,0.4544459294175429,-0.0022199218749999984,0.0958430926499939,-0.07112978922589336,1.174,0.309593315016854,0.7566892615055298
2.4015808898880664e-05,0,0.7463453421456634,3.9773459043573545,4.977962146746175,3.9773459043573545,0.24757169927769898,0.4129387354649502,-0.006507812499999999,0.10271990775146485,-0.005467173439496068,1.275,0.32056553054718784,0.7563325008919015
-0.023930473340669334,0,0.7402823356491444,3.9907845984828847,4.974081162238348,3.9907845984828847,0.2069037867453704,0.4033730603523946,0.020962890625,0.11079506463851929,-0.08585097423628728,1.331,0.33351837643805327,0.7559757402782733
0.40313598799605455,0,0.7633454243115956,4.6263589432050525,5.873303028911643,4.6263589432050525,0.26180023551900683,0.4386609814994758,0.0016921874999999986,0.10498149900146485,0.004901602790200703,1.499,0.3240129048355945,0.755618979664645
-0.150211451292801,0,0.7923835236331064,3.4380011758595255,4.282774719732558,3.4380011758595255,0.25285786442645175,0.36152096489766866,0.007364062500000002,0.11398450730224607,0.027090057541153935,1.161,0.3376962195801872,0.7552622190510168
-0.10842101757706546,0,0.7845058395798034,3.8531335087589276,4.8066285440276,3.8531335087589276,0.23857084982084487,0.4310228043462334,-0.014977734375000001,0.09773966551986694,-0.07988651093322918,1.206,0.31299200955755246,0.7549054584373885
-0.03531209149595238,0,0.7944263509488697,4.2672201343928995,5.3544384190727445,4.2672201343928995,0.22279736923621546,0.39454737929769784,0.00427109375,0.1030562108831787,0.11362828778569402,1.37,0.32105210344272783,0.7545486978237602
0.1207076585691449,0,0.7901642573489885,3.7645099415467,4.7468991353336385,3.7645099415467,0.2478971218641693,0.3987243757753196,0.009455859375000002,0.10649332383285523,0.07765878887047571,1.229,0.32647011671725024,0.754191937210132
0.019185168832831057,0,0.7357536092482032,4.191132670073819,5.234569463113782,4.191132670073819,0.28442597674734194,0.4219711378024806,0.004691406249999999,0.09515547742614745,0.07936070515996481,1.293,0.3085084872718253,0.7538351765965038
0.01974630069120753,0,0.7288046026959476,3.9928904921363166,4.988766365480362,3.9928904921363166,0.22233088264052447,0.4100931378822483,0.011541015625000001,0.10932060300521851,-0.034353907322225874,1.321,0.3308380238831006,0.7534784159828755
-0.005113159752337726,0,0.756241522606375,3.7345439773001816,4.689338264222204,3.7345439773001816,0.21327299303827257,0.42605389531198445,0.011768749999999998,0.0970088121484375,0.04345033495718509,1.164,0.3116846413043158,0.7531216553692472
-0.1709876882439305,0,0.7721691621456719,3.170373818266943,3.9572884037137244,3.170373818266943,0.19791666327165597,0.40680374846401024,0.01654921875,0.09625372492126465,0.023893340462818345,0.985,0.3106889144506125,0.752764894755619
0.01280050095778451,0,0.7411522973841331,3.7919384157148612,4.737132308872534,3.7919384157148612,0.2580701231847552,0.4168422404436286,0.00932109375,0.10598770783630371,0.01820010669342498,1.235,0.32569094341875704,0.7524081341419907
0.0407004750804556,0,0.737743018041566,3.5424967441824777,4.460927404330213,3.5424967441824777,0.26831465913566416,0.4480825769488698,0.0034410156249999996,0.0962327801145935,0.029447116053988,1.099,0.31023317150673135,0.7520513735283625
0.03644702464297733,0,0.7393867017102403,3.3564624517793344,4.221037750149262,3.3564624517793344,0.202884164947983,0.4334168191118818,-0.0225734375,0.1003578391381836,0.06277354055257788,1.066,0.3175962833830869,0.7516946129147342
0.1428557466729785,0,0.7643833216163258,3.591798671974443,4.548509451598698,3.591798671974443,0.20153562089695265,0.41473882250612026,0.018944140625,0.10215241211410524,0.052130277591778185,1.15,0.3201738474299939,0.751337852301106
-0.12318076553035029,0,0.7502483126252478,3.92892475839401,4.909058084796187,3.92892475839401,0.24658863663283626,0.40109023619568895,0.005672265625,0.10346934454330445,-0.050220366479106736,1.264,0.3217165198441401,0.7509810916874777
-0.07146834529783508,0,0.7055224130565753,3.7352091521322874,4.631953148143929,3.7352091521322874,0.18232570703211712,0.4437156166102112,-0.0042644531250000004,0.10165201326766966,0.029074370725740647,1.191,0.31885764665148775,0.7506243310738494
0.2150393215423576,0,0.7667746040143911,4.1771445091488655,5.245614665764306,4.1771445091488655,0.19172696702504746,0.40237010163037595,-0.010299609375,0.0983962207810974,-0.0063192546480416185,1.311,0.31385076506896553,0.7502675704602212
-0.1654584480211767,0,0.7553266955280232,3.339771089493053,4.156826056276611,3.339771089493053,0.2699441409320567,0.44653742399519625,0.001745703124999999,0.09400532009872435,0.027648587213871083,1.024,0.30660784004673625,0.749910809846593
0.13573120662376725,0,0.7792946347414864,4.362764887744518,5.517655805682662,4.362764887744518,0.23542500790826498,0.4105438400895675,0.006369140625,0.10381912428207399,0.10657847725742436,1.406,0.3222726954527408,0.7495540492329646
0.0987246132313282,0,0.7628510459286766,3.807303043306557,4.780105974514179,3.807303043306557,0.2795943592478733,0.4248076391475081,-0.01693828125,0.10038284150329588,0.051947585657138105,1.208,0.3172849616275565,0.7491972886193364
0.21657248344704216,0,0.7092495930880482,4.149242087244885,5.216191180767533,4.149242087244885,0.23560190150291882,0.43360481566431597,0.00582734375,0.09979759675231933,0.04134743437384367,1.311,0.3159613183405526,0.7488405280057082
0.13555865861258765,0,0.7732911368734023,3.5726297140672942,4.522505195892918,3.5726297140672942,0.2339761992637719,0.425211909413013,0.027492187499999998,0.10088576634521484,0.0665299890461084,1.139,0.31881277690636867,0.7484837673920799
0.0645532846383583,0,0.7706278232788266,3.8057167513449532,4.765161169039889,3.8057167513449532,0.24445789564953363,0.40530296192393045,0.010669140625,0.10063985576644896,0.04490834122928178,1.208,0.31741721177044735,0.7481270067784517
-0.005000209420497725,0,0.753058259833236,3.763783447087974,4.735695198425763,3.763783447087974,0.21787760530744055,0.397118747645957,0.020298046875000003,0.1025992287461853,-0.04921965213967164,1.208,0.3209536406603375,0.7477702461648233
-0.05003091883570843,0,0.7839899786781472,3.471303193898803,4.346058925498178,3.471303193898803,0.2577018223975378,0.44852311710798554,-0.007095312500000001,0.09872860654052734,0.05612205082279974,1.091,0.31429118664066924,0.7474134855511951
0.08458762792120567,0,0.7571293535932859,3.5848727284153106,4.501016683559573,3.5848727284153106,0.24094065069713486,0.427830330194021,0.015191406250000003,0.09930465789489747,-0.12378453796618266,1.131,0.3154923718867859,0.7470567249375669
-0.0834600584155063,0,0.7627779358558328,3.878365233880804,4.822343357475273,3.878365233880804,0.20070842307862677,0.3927667663411833,0.004354296875000001,0.09651423580184937,-0.040472704424925274,1.205,0.31069791712067363,0.7466999643239386
-0.013472531934525911,0,0.7510393935792312,3.635149200847175,4.567917608703029,3.635149200847175,0.27900316396481245,0.41793592430634335,0.013798437500000002,0.1011125867163086,0.05948068894205149,1.157,0.3182812963303845,0.7463432037103104
-0.09181572587120446,0,0.8341246438396076,3.897909698436526,4.8456705408393,3.897909698436526,0.26812055331764156,0.38502300687498275,0.022270703125000003,0.1043266724229431,0.08538670884687931,1.262,0.3237632725319921,0.7459864430966822
0.3817933308883066,0,0.7563562924581814,4.888255893332135,6.187816299203616,4.888255893332135,0.2216149543171432,0.41205149967913657,0.015759765624999998,0.09990665908432006,0.09146739866928347,1.547,0.3164727939284434,0.7456296824830538
0.1785127952997998,0,0.7583135921683375,4.124663887918778,5.2020964303574475,4.124663887918778,0.2837925948983006,0.40132920150087337,0.017698828125,0.1060195979673767,-0.043897995908276796,1.345,0.3260871762035039,0.7452729218694256
-0.09700371752132408,0,0.7652976591370791,3.45226362875326,4.285688910993091,3.45226362875326,0.2849185676548114,0.3884649803803126,-0.0010828124999999994,0.10732788220458984,0.05844793097233013,1.131,0.32761113333874964,0.7449161612557974
0.23201165629414833,0,0.7808222521549879,4.165549571047454,5.279622990722524,4.165549571047454,0.3097331627020608,0.4019828397410539,-0.007932421874999998,0.10126810129257202,0.0393015896257408,1.326,0.3183253439633342,0.7445594006421691
0.22630168250407223,0,0.7339264804841239,4.188145037173067,5.304206379149324,4.188145037173067,0.25544252310995524,0.4279222622045432,0.009946093750000001,0.1022695353753662,-0.033497206586297804,1.34,0.3199507151988412,0.7442026400285409
-0.1359114044398071,0,0.755752651744419,3.4139933680197307,4.230956502505956,3.4139933680197307,0.2997099211690647,0.42980821122853174,-0.008387109375000002,0.0992639474119568,0.04991318145995037,1.076,0.3151734300597451,0.7438458794149126
-0.009777067409943108,0,0.7912770595727934,4.292367798741888,5.358515376581515,4.292367798741888,0.3139429697711065,0.37753131783619953,-0.008027343749999999,0.11232557737731934,0.11453386215768191,1.439,0.3352462015071908,0.7434891188012843
-0.006382468161431731,0,0.7680733569504042,3.9040128068050683,4.9065310200744845,3.9040128068050683,0.2869844177439338,0.41703337079178737,0.0008148437500000022,0.1051579719671631,-0.028903641577482972,1.266,0.32428172310122566,0.7431323581876561
0.055610229503743724,0,0.7645692187737896,3.605197004882623,4.510692661994518,3.605197004882623,0.2549747992390092,0.4121022643653906,-0.004466406249999999,0.10226238090270996,-0.030713086011706286,1.153,0.3198160872868968,0.7427755975740278
-0.1077564309184571,0,0.7799587023598352,3.275044877870522,4.070067528504419,3.275044877870522,0.2525165766890934,0.41458482416780396,0.0012304687499999994,0.10614221172790528,-0.01571951082667604,1.067,0.32579706226614447,0.7424188369603996
-0.011118027083519166,0,0.7714012938910879,3.4142866415028115,4.278035300552199,3.4142866415028115,0.30057922100568263,0.4351383754719056,-0.004689453125000001,0.09419356332626343,0.06896534034715114,1.048,0.30694552333740754,0.7420620763467713
0.02864379156223551,0,0.7544574169143684,3.6554723647206,4.585860663844601,3.6554723647206,0.20552406484871497,0.4040686292163741,-0.010183984375,0.09579346810287474,0.01028358233084554,1.132,0.309672700832064,0.741705315733143
-0.09522273112904145,0,0.7937666941754862,3.4513275912839285,4.320455248974884,3.4513275912839285,0.2633369141789313,0.37331042307839635,-0.008179296875,0.11961715183700564,-0.03856671190174821,1.194,0.34595383035077815,0.7413485551195148
0.08226684477292379,0,0.783808940265375,3.98606268762796,4.986960024395906,3.98606268762796,0.25968014872381157,0.40952574838816563,-0.006214453125000001,0.1037242083067322,0.1287789733303643,1.284,0.32212238005822413,0.7409917945058866
0.16280755110880873,0,0.7740181212501864,5.069900527044534,6.363055574972648,5.069900527044534,0.25855453242313753,0.44810070975056354,-0.0048691406250000015,0.09092909576644898,0.06827651570053754,1.529,0.30158382631844666,0.7406350338922583
0.24579497009863926,0,0.7623939145168891,4.475106550688837,5.665276001210686,4.475106550688837,0.26933691111453567,0.3765385387102235,0.006526171875000005,0.10566817665878296,0.02180839954549943,1.455,0.32513192334516305,0.74027827327863
0.18087885818550298,0,0.7968069657191273,3.829883685872044,4.83270636753698,3.829883685872044,0.2760376875734138,0.4355628497085841,-0.006091796875,0.10394598649520874,-0.03548848004563366,1.235,0.3224641010785154,0.7399215126650018
-0.13174598432966356,0,0.7719395927562024,3.6020290140571407,4.444560632459207,3.6020290140571407,0.26364732649527384,0.4117729598869881,-0.005271484374999998,0.09821336887435914,0.107883987235763,1.129,0.3134344547459245,0.7395647520513735
0.007336394923514344,0,0.7740936337620292,3.941509854385281,4.925650700105326,3.941509854385281,0.21265550954575338,0.436342335731989,0.014524609375,0.10117135408187865,-0.03800070763285679,1.255,0.3184059018915557,0.7392079914377453
-0.058650743787066695,0,0.7352493506786382,3.863567340378939,4.825288631578301,3.863567340378939,0.23732004959726039,0.42381599029975503,-0.0032656250000000033,0.1013415520996094,-0.049114659352207,1.23,0.3183586286034195,0.738851230824117
0.2366431012854182,0,0.750595216150438,4.209555585628017,5.317099232175051,4.209555585628017,0.21536050459062978,0.41544168025946815,0.009314453125,0.10260873822860717,-0.015610816402618521,1.349,0.32046138186312717,0.7384944702104888
-0.0479803346984391,0,0.7185311524338102,3.3021285995304686,4.137030317430595,3.3021285995304686,0.23250482824551338,0.4364337116109604,-0.008546484375,0.09665511658920287,0.015695684047137462,1.027,0.3110115094082131,0.7381377095968605
-0.011492832609601766,0,0.7503430005583517,3.5690112552404356,4.461130350551754,3.5690112552404356,0.23816562831841384,0.43382066539507685,-0.00341015625,0.09515371067810059,-0.03580614632403309,1.101,0.3084888001917574,0.7377809489832322
0.2893474051623208,0,0.746817051918756,3.839570789894255,4.860991235814301,3.839570789894255,0.2164674516622712,0.44893529699342066,-0.010130078125,0.0903869694078064,0.011642023713702772,1.155,0.3008148731207036,0.737424188369604
0.00318899811329576,0,0.7530930113294433,3.6792611408388405,4.60842207977927,3.6792611408388405,0.20869441302143646,0.4287125824287365,0.00044570312500000035,0.10233656970809937,-0.014296568353876325,1.177,0.31990118530473594,0.7370674277559758
0.14991595632132126,0,0.7156031645509641,4.014431302306186,5.068183738238206,4.014431302306186,0.23376164960561505,0.42664343470217125,-0.011684765625,0.09558180023666382,0.020189604880471328,1.242,0.30938379722340825,0.7367106671423475
0.03549010269767461,0,0.7541849060275075,3.5731889039817135,4.525652622391495,3.5731889039817135,0.2576819951005987,0.41361180461270175,0.012384375,0.09704487334960937,0.06677335719823324,1.114,0.31176633252124897,0.7363539065287192
0.06681854401809684,0,0.7626261001737854,3.7556861824614933,4.731160643142149,3.7556861824614933,0.21445664225902383,0.3972800735859241,0.01026328125,0.10541619240173339,-0.00020118432908578627,1.22,0.3248407722927496,0.735997145915091
0.016086429436745764,0,0.7628764275027848,4.1959521795312575,5.262166326677022,4.1959521795312575,0.24843973912504067,0.42117566868655903,-0.005543750000000002,0.0986357754296875,0.014358900602389283,1.318,0.31411225476531474,0.7356403853014627
-0.029298455637460474,0,0.7404014130647201,3.145801416761531,3.9632967719447554,3.145801416761531,0.23649123886315102,0.3967265143955382,0.006220703125,0.10633447589950562,0.005930520058814363,1.026,0.32614900436284483,0.7352836246878345
-0.05420178967455502,0,0.7498985873573334,3.5082604128170907,4.389024198553564,3.5082604128170907,0.22077290482481163,0.4460186561290773,-0.021829296875,0.09047033765731811,0.07265314338498202,1.058,0.30157396416032833,0.7349268640742062
-0.2917149737907656,0,0.7289918856038682,3.076940194059567,3.8067806405760654,3.076940194059567,0.23920499170036158,0.4102180284437176,0.0016480468749999987,0.0957245788633728,0.07013084468892236,0.952,0.3093982787959154,0.7345701034605779
-0.0632697244585656,0,0.7196659315414479,3.466547553162697,4.340163010963225,3.466547553162697,0.19537661248132565,0.4364466281573101,0.026895703125000003,0.09832678013778687,0.03124551001941027,1.091,0.3147223522160048,0.7342133428469497
-0.061957630014856324,0,0.7289464902755045,3.3120710362517616,4.142830204427352,3.3120710362517616,0.25376102107433723,0.4395191644338447,0.01770546875,0.09961609997009277,-0.11721422641561284,1.047,0.3161164082956625,0.7338565822333214
-0.14156595172858033,0,0.7438219705412406,3.195200320744331,3.9959254851672497,3.195200320744331,0.21341945915512464,0.4639581876869833,0.016384375,0.08757386788085939,0.012732278727492505,0.947,0.29638204335789303,0.7334998216196932
0.21454878147427836,0,0.6850074439391015,3.9109632606290052,4.929451619530888,3.9109632606290052,0.2726256247247407,0.42537306081644805,0.006427734375000001,0.09552066196517944,0.07406535295756109,1.209,0.30913100416227257,0.733143061006065
0.03570470101467427,0,0.708574487551074,4.147307456251658,5.149834057528747,4.147307456251658,0.31396062444844974,0.38253402965769534,0.00959296875,0.10197825151306153,-0.03549545139196891,1.325,0.3194843917353397,0.7327863003924366
-0.10887737122424213,0,0.6907227140681333,3.6220440686525635,4.518659315634561,3.6220440686525635,0.3020563264522833,0.41175165485623294,-0.008854296874999999,0.10213543072372437,0.04544835948762572,1.158,0.3197089759404246,0.7324295397788084
0.10473476634311796,0,0.7685855550439822,3.466495769856325,4.375761077214524,3.466495769856325,0.2598902559446057,0.4118581036607196,0.0046113281249999995,0.0954334961997986,0.06640330231803744,1.071,0.3089575384205328,0.7320727791651802
-0.12530856953535485,0,0.7568768260478783,3.3297958443813136,4.157810398559212,3.3297958443813136,0.25978784335991295,0.4020941420118407,0.008770703125,0.0987916212510681,-0.0023090972358597956,1.047,0.3144336917131734,0.7317160185515519
-0.013142680670653384,0,0.761285092636595,3.2776726947647123,4.095230569913426,3.2776726947647123,0.25837175423289815,0.37954535652670873,0.013270703125,0.10699266617294309,0.018855551340447647,1.073,0.3273664273171197,0.7313592579379237
0.27552585773134997,0,0.7725989623210577,4.021019029843896,5.095936758692182,4.021019029843896,0.1847029346502616,0.406210349277765,-0.013399999999999999,0.09676789234375,-0.033109152761781564,1.252,0.31136385844177544,0.7310024973242955
-0.11883436767310807,0,0.8013714343173118,3.4982771676898965,4.376593844514322,3.4982771676898965,0.23008068201271573,0.4080715704784825,0.011763671875,0.10586970782089233,0.15563728474054458,1.139,0.32558883856311016,0.7306457367106671
-0.03740795957035736,0,0.7604174058981106,3.7289147214674583,4.675488086388357,3.7289147214674583,0.210363670064405,0.3949330884925063,0.005681640625000001,0.09791148731918334,-0.055187295479305336,1.167,0.31295969126929907,0.7302889760970389
0.15004354329992653,0,0.6963427168595683,3.745936882522492,4.703873639697502,3.745936882522492,0.25267676666106864,0.4006414792934918,0.013894921874999999,0.10260030106796265,-0.022170200575436828,1.201,0.3206140513481513,0.7299322154834106
2.129837778996248,0,0.7459134522944805,7.653906471317626,9.812499148136427,7.653906471317626,0.21893756195092764,0.4540750458826989,0.014569921874999997,0.1091375162046814,-0.17491534326020514,2.531,0.33068081109753705,0.7295754548697824
-0.004066164216290247,0,0.7632985480392103,4.398279883886642,5.491243542900341,4.398279883886642,0.2496282325340534,0.40592378641936155,-0.01988125,0.09549808589843749,-0.03901137062269197,1.362,0.3096665141729083,0.7292186942561542
0.09352390187796766,0,0.7620188487919466,4.293169287184592,5.382564309327352,4.293169287184592,0.21406162899391737,0.4215882095695454,0.0038839843750000007,0.09668046818099976,0.0013818279506665027,1.335,0.31095908656224375,0.7288619336425258
0.2867099447919812,0,0.7680992056686892,3.893160495856479,4.951839736867665,3.893160495856479,0.2728000413378907,0.4164103106175093,0.009880859375,0.09099245572738648,0.03967270062580925,1.175,0.3018113435730589,0.7285051730288976
0.007668664996393737,0,0.7354333625864511,3.868776881014896,4.865135866840469,3.868776881014896,0.26070819617334073,0.39694171674887285,-0.0034984374999999985,0.0982924499975586,0.10330743481880177,1.213,0.3135357859359917,0.7281484124152694
-0.02909690072577975,0,0.7572517783103908,3.5027619233696208,4.376202558815187,3.5027619233696208,0.3001298147572601,0.37969042105544665,-0.008390234374999998,0.10125737623275759,0.046674510837254164,1.115,0.3183202354008067,0.7277916518016411
0.049028574739422126,0,0.7586892055932373,3.4920076035105976,4.402888032991938,3.4920076035105976,0.23509768228383,0.4052241947852057,0.01613203125,0.10096242006774903,0.0825937483245773,1.111,0.31815509189701807,0.7274348911880129
0.06707571357329467,0,0.7669581462671108,3.7349961517151526,4.707553491416979,3.7349961517151526,0.20626041316452604,0.39308414768862426,0.010300781250000002,0.10157568921813964,0.043881786661845085,1.191,0.3188758305555628,0.7270781305743846
0.35159665748940583,0,0.7366311352637267,4.591314635459417,5.768277906226048,4.591314635459417,0.26265490319074253,0.39280356818012035,-0.011453125,0.09511895874023438,0.052842729113018336,1.417,0.30862620240754024,0.7267213699607563
0.004624203056133425,0,0.7028745852959783,3.7853012674649293,4.713249539721724,3.7853012674649293,0.2518076073521328,0.4632673544303872,0.0058082031249999996,0.08580082610458374,-0.06288104122740056,1.109,0.292975359592108,0.7263646093471281
0.06523490314249925,0,0.7811603706888972,3.6211316757312417,4.530043250514395,3.6211316757312417,0.18960561656888728,0.39642131140805004,0.002394140624999999,0.10173042629379273,0.013049578369774065,1.155,0.3189610606376976,0.7260078487334998
-0.03456778548103001,0,0.7563714431374898,3.345224869359996,4.2009158457793,3.345224869359996,0.25686371797768054,0.3979604881197546,0.011427734375,0.09578050805892944,0.0046843476248889515,1.036,0.3096951746021804,0.7256510881198716
0.07788017359245103,0,0.7530407490682384,3.7899880781262647,4.759822732632146,3.7899880781262647,0.18935727787853956,0.4214842240408413,-0.0008843749999999997,0.09842027413085938,-0.009437741904695431,1.189,0.3137213034685404,0.7252943275062433
0.001589271516432067,0,0.7727968336003511,3.614067639818055,4.512550711842623,3.614067639818055,0.2346599910679887,0.3882595211703634,0.013698437500000002,0.1053345051538086,-0.09417740147778456,1.174,0.32484173430110547,0.724937566892615
-0.017249552090255804,0,0.7636256481649851,3.4798108482565904,4.377482665413092,3.4798108482565904,0.24152727016698242,0.3852292632087729,0.0165140625,0.1116181646459961,0.09676403706177363,1.164,0.33450094006781206,0.7245808062789868
-0.0947645647790547,0,0.7538190199350069,3.2352058263414953,4.046068002528792,3.2352058263414953,0.2544438122167107,0.40243045194538357,0.006903906250000001,0.10229974857849122,-0.008698792004371516,1.035,0.3199178214792042,0.7242240456653586
0.16212798746268398,0,0.7719312461987475,4.095861562131626,5.176139781283744,4.095861562131626,0.28143042607885266,0.36709169779926226,-0.0001136718749999998,0.11599995700057983,-0.02380754113914462,1.395,0.34058768316231725,0.7238672850517303
0.09062908168646322,0,0.8000990761990628,3.7626958571392786,4.739281541270586,3.7626958571392786,0.31020976157792624,0.35926809435738966,0.005942187499999996,0.10839342322021486,0.05598768039783957,1.239,0.32928518462345063,0.723510524438102
-0.08640467779060623,0,0.7899034523643059,3.6814819830668695,4.588493674485579,3.6814819830668695,0.25760545865652384,0.40154650472065956,-0.01283671875,0.1034427538079834,0.014694142064954908,1.185,0.32188124387147815,0.7231537638244738
0.02597963872329556,0,0.7288087558820071,3.1889261436814538,4.016723859602012,3.1889261436814538,0.243638775751546,0.41138204886096674,-0.01159140625,0.09918712367614746,-0.06740357645802617,1.005,0.3151531125897379,0.7227970032108455
-0.006023452302117427,0,0.7855894359702246,3.556896659868361,4.460633584054748,3.556896659868361,0.22312193835566208,0.38277282692083986,-0.005392187499999999,0.09648308993896484,-0.019407953351064915,1.105,0.31066407198934354,0.7224402425972173
-0.022131433747954787,0,0.7502443834085797,3.5920207450335724,4.501906222219571,3.5920207450335724,0.2182581945205408,0.4162460983060449,0.00042109375000000046,0.10773311643005372,0.0499390481151031,1.179,0.3282275030371465,0.722083481983589
-0.15245264508074552,0,0.7704595757122077,3.9892678220432525,4.96399002680647,3.9892678220432525,0.22616080809581907,0.37588362757522964,-0.008522265625,0.09685705653549194,-0.060351946578527604,1.242,0.31133532653214124,0.7217267213699607
0.07283919639256276,0,0.7918754481657908,3.6170676329661076,4.5551670877467965,3.6170676329661076,0.2504276762727704,0.380157197368695,-0.0024910156250000015,0.10408845538803099,-0.06641316245126191,1.167,0.3226370414984538,0.7213699607563325
17.464555101994122,0,0.7104306826461251,10.834281147405573,15.581537109175722,10.834281147405573,0.3069733907814993,0.4604860196619711,0.014449218749999998,0.18423580210876464,0.040333309521765004,4.653,0.4294701177395815,0.7210132001427042
-0.025933851911195127,0,0.7736720805760452,3.4324553407704594,4.299239652104246,3.4324553407704594,0.21319590298134225,0.41447407508483325,0.003580078124999999,0.10082959046249389,0.005002650220748026,1.09,0.31755693571684906,0.720656439529076
26.011906121043463,0,0.8021734253634513,13.04134610512767,18.326189664056436,13.04134610512767,0.2136310463163115,0.478520761002131,-0.001967578125,0.143017617308197,-1.0797953659225297,4.932,0.37818181959458996,0.7202996789154478
0.13479909604571771,0,0.7827076279715649,4.310839992500556,5.426368885716375,4.310839992500556,0.28558226972419104,0.4658137018187442,0.021123046874999996,0.09952340556259157,-0.0023176535705385966,1.363,0.31617967782872286,0.7199429183018194
0.0179899136142323,0,0.7912035058779325,3.6066746903189117,4.521391103968952,3.6066746903189117,0.24875521040340096,0.38312153682861677,-0.000581249999999997,0.10433655667968751,0.033230833635063774,1.165,0.32301222040543603,0.7195861576881912
0.00758644028982669,0,0.7596781893245478,3.8544489593651177,4.849306876365979,3.8544489593651177,0.24687397670187577,0.39212014256990296,-0.014663281250000002,0.10145179130798339,0.09040180315696664,1.229,0.3188523218121518,0.719229397074563
0.23553780779477584,0,0.7671549678254085,4.115341808761361,5.230540623224511,4.115341808761361,0.23668077176588495,0.4177358357019713,0.02408125,0.10059375511718752,0.053351360077544846,1.309,0.3180780748790303,0.7188726364609347
0.0309884125328046,0,0.7817071282476352,3.5967040571083015,4.50909339426143,3.5967040571083015,0.24134576991286774,0.39847572384873003,0.010777734374999999,0.09929077911361694,0.0437484961974763,1.134,0.3152886592820538,0.7185158758473065
0.4209771260419113,0,0.7835038719626167,5.244644780926642,6.637405208740967,5.244644780926642,0.20655276276628173,0.40181815872754445,0.00012773437499999997,0.10705386298080444,0.08188788391991661,1.716,0.3271908912192927,0.7181591152336781
0.3138272534514517,0,0.824347086440625,4.165124896770365,5.3050538720787035,4.165124896770365,0.23679209921847763,0.34529830726287936,-0.010510546875,0.11367756160751341,0.057765782067531316,1.405,0.33732481854012014,0.7178023546200499
-0.14693503872731828,0,0.7860799740911695,3.7469066537416085,4.6785462801535855,3.7469066537416085,0.1962007122621732,0.39738147329177037,0.018168359375,0.10883795798324584,0.017939266730783443,1.238,0.3304058826135288,0.7174455940064217
56.987189576001214,0,0.7757607054258291,16.54106555853464,24.833492760269934,16.54106555853464,0.24300569491596744,0.531943332783393,-0.00874375,0.20022704449218748,-3.3215283907621274,7.403,0.4475527875639364,0.7170888333927934
0.11381806614649914,0,0.7734477727308288,3.7006919799730538,4.65642683912692,3.7006919799730538,0.24249351525981092,0.40314343898326943,-0.00874296875,0.10931843080993653,0.07197217491452486,1.224,0.33074895360756623,0.7167320727791652
-0.034027454041761995,0,0.8037771196685118,3.542593821784488,4.426205764495728,3.542593821784488,0.26551640985352065,0.42155523415201784,0.0077125,0.10458745249999998,0.06586787219782317,1.146,0.3234917852994879,0.716375312165537
-0.014237922632228006,0,0.7700424310572551,3.670019181905819,4.610619930431933,3.670019181905819,0.27371006190245245,0.3700680305476113,0.010308984375000002,0.10841526116928099,-0.014493045078930183,1.209,0.32942607111175193,0.7160185515519086
2.0009888062197243,0,0.7506372764717962,6.247026338696864,8.090382031792403,6.247026338696864,0.20005643456084846,0.43865378592435095,0.004261718749999999,0.1133084408782959,0.21885451612625298,2.103,0.33664016861479856,0.7156617909382804
0.011555547297338542,0,0.7569362026196115,3.1502503237188377,3.9803238368518143,3.1502503237188377,0.25694486090119895,0.40832044942211226,-0.008527343750000003,0.09493269300231932,0.04385220774852783,0.971,0.3082294739212167,0.7153050303246522
-0.0834053084907338,0,0.7284777168642202,3.189054026617793,3.9821425793706346,3.189054026617793,0.1870489009959804,0.3947186000352057,-0.00756640625,0.09827053230895996,0.13481755952607202,1.0,0.313572611706603,0.7149482697110239
0.0802147401162081,0,0.7623763297256366,3.652388098006815,4.5972912048926595,3.652388098006815,0.24263324176193624,0.38333666060867916,-0.001703125000000001,0.09810369624023438,-0.008144951745539445,1.144,0.3132197261907366,0.7145915090973957
0.012855459826782045,0,0.6930100896154737,3.823441050986035,4.7688695964536105,3.823441050986035,0.218999997240679,0.41327855032015276,0.021949609375,0.09347895410140991,0.05669933642999627,1.172,0.3065301607560421,0.7142347484837674
0.18288042241613445,0,0.6662601526951974,4.394670602221056,5.495173428411536,4.394670602221056,0.2451629737642838,0.4682388964307867,-0.0006675781250000016,0.09492544301132202,-0.04428585421862596,1.354,0.3081004522422435,0.7138779878701391
0.2008772264103098,0,0.7733478880546004,3.9992532182896907,5.051211974151363,3.9992532182896907,0.23103475725486677,0.4064079615514088,0.00347109375,0.09550461322692871,0.041683941945184065,1.236,0.30905769965938396,0.7135212272565109
0.07779372617372093,0,0.7645810622330421,3.810981906698242,4.7889120360528885,3.810981906698242,0.2473389947981463,0.41556655544325183,-0.008883984374999997,0.09709709474349974,-0.05268386589628335,1.188,0.311730684921897,0.7131644666428826
0.14573788435001367,0,0.7845565581266278,3.6697651783660126,4.621406587793957,3.6697651783660126,0.2518051494605371,0.34928821328511916,0.0037292968750000004,0.11232589898544312,0.12904986293911866,1.23,0.33517130939360695,0.7128077060292544
-0.06845253330683843,0,0.73688545135746,3.270205679645625,4.080627511048223,3.270205679645625,0.28424794643423706,0.38851306452905415,-0.026754296874999993,0.09733469939559938,0.0035510545306563024,1.024,0.3131301515294798,0.7124509454156261
0.14775604850196755,0,0.787776429095243,3.6735295710866174,4.6129862507871096,3.6735295710866174,0.18252149854239805,0.37403611088084804,-0.0132234375,0.1028306680444336,-0.011409318067388268,1.179,0.32094474188518807,0.7120941848019978
0.20941372834908734,0,0.7804290105803695,3.757409292000035,4.7655664852449195,3.757409292000035,0.30197455995409656,0.4005223935273008,0.0026406250000000015,0.10080308803710938,-0.12395080667150643,1.193,0.31750600141965823,0.7117374241883696
0.0018073697399154653,0,0.7597699721049971,4.0304802828955175,5.0413198343100705,4.0304802828955175,0.26397965109146543,0.3912955581409363,-0.004881640625000001,0.09569983169418335,0.009693899406969398,1.247,0.3093924079698385,0.7113806635747414
14.830832672333262,0,0.7381997335930347,9.823860168134063,14.059297023980703,9.823860168134063,0.24323404444048038,0.4827476777391916,0.0047898437500000016,0.16034012927185062,0.1351561107140638,3.934,0.4004535826721994,0.7110239029611131
-0.026665255753996586,0,0.7164502846120161,3.7591897002064725,4.706107247198707,3.7591897002064725,0.2864382308606865,0.41883516339752846,-0.00890078125,0.09415814093688965,-0.035070766887527235,1.154,0.3069810496492414,0.7106671423474848
25.797925482624283,0,0.746850374940636,13.726348617656035,19.05741654275449,13.726348617656035,0.24020278942409606,0.49857189746865926,0.002262499999999999,0.11554740062499999,-1.3247954808570588,4.666,0.33993016861003966,0.7103103817338566
0.04822076252423546,0,0.799544347658427,4.141887628716297,5.189927852738674,4.141887628716297,0.2605515799623584,0.3862228709227204,0.008155078125000003,0.10664198337265014,-0.04080741433519644,1.353,0.3266626527043993,0.7099536211202283
0.10117496636481693,0,0.7667425644372966,3.7862565032648607,4.768744036559032,3.7862565032648607,0.25240157223250087,0.37839065558772794,0.004529687500000002,0.09826315380615233,0.005233703836514172,1.187,0.31350226773501977,0.7095968605066001
0.17611321094722543,0,0.7939356609152496,3.7356507256585094,4.7263823745323945,3.7356507256585094,0.26506619305313217,0.3779870870520809,0.017948046875,0.11344283909774781,0.09304506107425316,1.26,0.33729063355565475,0.7092400998929718
0.2535635845879445,0,0.82278440626863,4.203614667773215,5.3188435448595035,4.203614667773215,0.228275276517271,0.40107635047982093,-0.005413671874999999,0.09708803551620485,-0.06809681703411369,1.31,0.3116365565195698,0.7088833392793435
0.18125850068177085,0,0.7967424925205431,3.7988011469207135,4.808055380742606,3.7988011469207135,0.2061513923973311,0.40674359903261503,-0.01047578125,0.09089753378845215,0.07220804458036614,1.146,0.3016741218289199,0.7085265786657153
-0.005791072868397862,0,0.7898639235692485,3.7817209091465323,4.739690729689513,3.7817209091465323,0.2490228835581004,0.3700193622773525,0.0068249999999999995,0.09847298499999999,0.03300037099122469,1.187,0.3138782656142346,0.708169818052087
0.11512035490553751,0,0.8144375233063376,3.521554123467836,4.44999246193276,3.521554123467836,0.2913952429565713,0.38089946862596913,0.004314062499999999,0.1071801779272461,-0.016430164310536195,1.153,0.3274122616251566,0.7078130574384588
0.12326160043182988,0,0.773239278090992,4.16365944739727,5.23228216101472,4.16365944739727,0.29272451664634835,0.37790582269271994,0.0006921875000000001,0.10065912868896484,0.11096088341948775,1.321,0.31726898337609366,0.7074562968248306
-0.06876019937456102,0,0.808569956000013,3.1977646603898107,4.006623971443592,3.1977646603898107,0.23182121580824677,0.3853782337254618,-0.008912109375,0.10427422469711303,-0.041634873064420264,1.033,0.32303815624570575,0.7070995362112023
0.18520829690898477,0,0.7844632014271707,3.615929289684749,4.555829744378868,3.615929289684749,0.2940945442926054,0.3983803321663338,-0.004559375000000002,0.09902697381835937,-0.031886582324480155,1.138,0.3147185436524991,0.706742775597574
0.26358206758965785,0,0.7717222635046326,3.948374392600307,4.967912230881819,3.948374392600307,0.2074371895285141,0.4405588150287634,0.030882812500000002,0.09783486986083985,-0.12599328489286338,1.241,0.3143065668559122,0.7063860149839458
0.031075557549840038,0,0.8118449559550266,3.499478085768724,4.414996099660717,3.499478085768724,0.26604138856815024,0.35510777416955236,0.009903125000000002,0.09888663045898438,-0.032500455306846525,1.101,0.31461834394032084,0.7060292543703175
-0.08191841366802421,0,0.7739946536003107,3.4248649193557266,4.280764598709199,3.4248649193557266,0.26923308859359657,0.39073473642653334,-0.0171890625,0.0996976330053711,0.08920434349078324,1.083,0.31621685102947944,0.7056724937566893
0.2716742613941543,0,0.8117703132728407,4.623401306021679,5.845752872882361,4.623401306021679,0.2656020344776756,0.40499205854418685,-0.0031187499999999996,0.1112263249609375,-0.06357401796019019,1.542,0.33352069135587376,0.705315733143061
0.13797898162671007,0,0.8293344287266046,3.664511446472982,4.627766170963554,3.664511446472982,0.23215563495332953,0.3760269989429301,-0.0007082031250000023,0.10509901446395875,-0.11421976815040549,1.188,0.3241905550993505,0.7049589725294327
0.17685787049188884,0,0.8380845349545267,3.4907661101813074,4.409395443694832,3.4907661101813074,0.3146746193832301,0.3584089772802408,0.016980468749999998,0.11378551602478029,-0.05008215862144007,1.179,0.3377482084982095,0.7046022119158045
-0.00887955536927576,0,0.8398411443304106,3.696229424102672,4.645930838356101,3.696229424102672,0.3257005687311542,0.3538212885150011,-0.018840625000000003,0.11603413709960937,0.12710436802917577,1.261,0.34115847673771793,0.7042454513021762
0.023205737772409307,0,0.8233553362164832,3.1833723346870144,4.019218692251525,3.1833723346870144,0.19694640023631999,0.3604812468518825,0.0015835937499999984,0.10775752269958497,-0.022395351291101488,1.045,0.3282682294538264,0.703888690688548
0.14588448417857158,0,0.8159867050869976,3.8854696845363934,4.902256528554106,3.8854696845363934,0.3019282034198782,0.361551191369248,-0.0020453125000000003,0.11108006669677735,-0.10891271853247435,1.295,0.33329303923124465,0.7035319300749198
-0.14317985055043891,0,0.7838966259685222,3.4226147251472954,4.255987864998104,3.4226147251472954,0.2918403997601223,0.39260616896814304,-0.0013585937499999991,0.10254093234802246,0.019279000530997112,1.096,0.32022301310961393,0.7031751694612914
0.004295894744256401,0,0.7957639932043871,4.06380026455753,5.050495923278727,4.06380026455753,0.22584375573175292,0.3697533108602258,-0.001987499999999999,0.10391096390625001,-0.15361536153890892,1.31,0.32235836279287067,0.7028184088476632
0.2244743515897749,0,0.774457116579289,4.199657297662465,5.322773386716705,4.199657297662465,0.22702116373938816,0.3979512188581161,0.0035144531250000015,0.11512123260360718,0.10356777512827167,1.425,0.33931340083229106,0.702461648234035
-0.11530020061231205,0,0.7771707350285066,3.2507545600455394,4.051839641161885,3.2507545600455394,0.18921582629189757,0.3935232688073721,-0.021323828125,0.10111194943222046,0.060321275623942745,1.036,0.31869523855577914,0.7021048876204067
0.07995122930499621,0,0.7857548743656959,3.8916140735940976,4.917321185226862,3.8916140735940976,0.23836239809528972,0.40246081765963004,0.010791796874999999,0.10638312110458374,0.011939486744773995,1.27,0.32634274005158287,0.7017481270067785
0.15001349810646447,0,0.7853816655315141,4.247650535737512,5.357337158118602,4.247650535737512,0.252555598469789,0.38685461735945975,-0.004406249999999999,0.10159136152343748,0.0671304778691323,1.354,0.3187644531036985,0.7013913663931503
0.18487368185867759,0,0.7973086633747126,3.803149651584358,4.802282536508027,3.803149651584358,0.27016567842626665,0.40000943438821035,-0.002764453125000001,0.10629805506454468,0.1367004239156892,1.24,0.3260455447719306,0.7010346057795219
0.05347782002680068,0,0.7947021270296495,3.39519078045117,4.275705065179565,3.39519078045117,0.2861615798326604,0.40158953110760925,0.009245312499999998,0.10053886325927737,-0.07122421769777976,1.077,0.31721339672608406,0.7006778451658937
0.06700049046636813,0,0.7957592364383786,3.849691132057242,4.871837127753027,3.849691132057242,0.2636482016125784,0.33827328343153634,0.0015730468749999987,0.11899681732040406,-0.10097327037092758,1.328,0.3449627397225315,0.7003210845522654
-0.08775677043113195,0,0.8153096311478635,3.4776848533936455,4.364331057081316,3.4776848533936455,0.1772563156237023,0.39588478579803765,0.002129687500000002,0.09608079177490234,0.08271171150623766,1.078,0.3099763335220126,0.6999643239386372
-0.03805999732707033,0,0.7869769332128057,3.989101947388818,4.980324361934086,3.989101947388818,0.2798482140432991,0.39910862669204156,0.008227734374999997,0.10208976727767945,0.027236361901873674,1.275,0.31962081110375934,0.699607563325009
0.001125799901412261,0,0.8060938297557488,4.178878821276567,5.221524051657241,4.178878821276567,0.2117395572411041,0.3883398760321374,0.0047234374999999985,0.1044957016381836,-0.09933304521447432,1.351,0.32329245660856365,0.6992508027113806
-0.03891937626952702,0,0.7825209734934724,3.269654412060261,4.1009194613438185,3.269654412060261,0.26504119786164815,0.40555970200277724,0.007371093749999999,0.09329845057067872,-0.019272111002016156,0.999,0.3055368776330445,0.6988940420977524
-0.07530519183857276,0,0.7736012887349837,3.60770096569338,4.511852271964972,3.60770096569338,0.26996032479220183,0.40314248911168454,-0.0018921874999999993,0.10266902978271486,-0.016340683367217418,1.156,0.32042567025169816,0.6985372814841242
0.18103252452459673,0,0.8179158009213163,3.8828755074502572,4.896541127998018,3.8828755074502572,0.2546395933261302,0.38332670904019117,-0.009576562500000002,0.0986300128881836,-0.002499133420952616,1.22,0.31420013277766135,0.6981805208704959
-0.08057289512800425,0,0.77853747237377,3.9968259513455267,5.0136416434803746,3.9968259513455267,0.2168660708567744,0.3817856418456053,-0.003878906249999999,0.10659313924255372,-0.06085153345832726,1.305,0.32650908893360076,0.6978237602568677
0.14148309981367557,0,0.8158164941519993,4.475579179960824,5.650518392148931,4.475579179960824,0.2529270505679116,0.34656810602188826,0.0039234375,0.1132119855444336,-0.057298422639531166,1.506,0.3364927620413996,0.6974669996432394
0.01971037487220828,0,0.8815031085882082,3.803266943218871,4.755853702874421,3.803266943218871,0.2725494978379683,0.36257831395729906,0.0017769531249999999,0.10923061626571658,-0.004667681592429262,1.257,0.3305053310131699,0.6971102390296111
0.10355236399091883,0,0.8143432831770646,3.5835849875522316,4.50905522460354,3.5835849875522316,0.2444473647858614,0.3841179924638302,0.01009765625,0.09757690765075683,-0.01108753179720812,1.12,0.3125361904044074,0.6967534784159829
0.019063789867285852,0,0.8249476552024365,3.393207242755184,4.257265683938258,3.393207242755184,0.24540149186739987,0.3628276198366912,0.006669531249999999,0.10715861813415528,-0.14775760039169775,1.111,0.3274188460996862,0.6963967178023546
0.14257945728792354,0,0.8255813343342233,3.9032015074910067,4.8955060784045905,3.9032015074910067,0.23657868489390946,0.370754038897707,-0.024372265625,0.11551377665267944,0.0006298551446114962,1.33,0.34074592291673134,0.6960399571887264
0.19790535700997536,0,0.8146052876074185,4.238115320547247,5.356737624185481,4.238115320547247,0.24825627447272028,0.3554815495672126,0.00409609375,0.1122448017034912,0.1491820632127001,1.42,0.33505459210030236,0.6956831965750981
-0.007786335217284002,0,0.8294826971893404,3.419491898951015,4.272962940710118,3.419491898951015,0.29320933500334523,0.3501756477702213,-0.014204296875,0.11074746724716186,0.03786576236989813,1.139,0.3330904221031806,0.6953264359614698
0.23042583739422318,0,0.851588414183122,3.912206278672847,4.927121051710691,3.912206278672847,0.27047124479410684,0.3878244405987262,0.029235937500000003,0.1092246193334961,-0.04100889117622647,1.298,0.33178209622431404,0.6949696753478416
0.28005372577763366,0,0.8155412249655749,3.937576993574977,4.973469164734024,3.937576993574977,0.30010683523319115,0.37513364520998366,-0.036780468749999996,0.10431965805603027,-0.22557862561014586,1.28,0.3250730086265238,0.6946129147342134
0.05667116692202079,0,0.77338728877083,3.548045076895189,4.471130134971879,3.548045076895189,0.28138171617172386,0.368300883171208,0.010337890624999999,0.10641501747055053,-0.04629168323012538,1.158,0.32637691317420875,0.6942561541205851
0.1581050956530925,0,0.7916590826089555,4.137948797979152,5.221036434107344,4.137948797979152,0.22668971035111773,0.3729684710699497,-0.0035136718750000025,0.10422964356307984,-0.05701906177167861,1.336,0.32286528065607334,0.6938993935069568
0.013839655628234748,0,0.7668023941880966,3.2325661184981973,4.068882917416906,3.2325661184981973,0.2926271645777011,0.4032935306294847,0.0016433593749999996,0.0930350060105896,-0.0341243150370708,0.986,0.3050208298471188,0.6935426328933286
0.2033890365815596,0,0.7894629500659022,3.9793473309071405,5.022205056077423,3.9793473309071405,0.2505232114139122,0.3582834191019673,0.0028058593750000006,0.11440276973129274,-0.02044870720499961,1.346,0.33824642286079687,0.6931858722797003
0.20350115848184647,0,0.8125016406622229,3.7396079006475653,4.732535561634998,3.7396079006475653,0.21677841017300767,0.3826569649130334,-0.0038796874999999995,0.10158650739990235,-0.013733328581541578,1.192,0.31874999509803914,0.6928291116660721
-0.07282398633060572,0,0.8125999625539355,3.3207120695962247,4.159997558686879,3.3207120695962247,0.20151816183912533,0.38734006784701464,-0.00046210937499999996,0.10285747825180054,0.03353412805892543,1.065,0.3207143461039356,0.6924723510524438
0.022949260429085072,0,0.7881329000730812,3.6374430242304934,4.573471953200606,3.6374430242304934,0.2610864521177295,0.35114228053757135,-0.014155859374999996,0.11507630656723022,0.054547433095378725,1.235,0.3395242184614744,0.6921155904388155
0.015008847113165746,0,0.8155807551058272,3.7027415678264335,4.6514129338303345,3.7027415678264335,0.21356688314472153,0.37469183457981786,0.002205078125,0.10909045520858766,0.0010019322778167094,1.223,0.3302958031494269,0.6917588298251873
-0.05731564320886484,0,0.782133411136844,3.4556935702490135,4.311660912306134,3.4556935702490135,0.23562274334642852,0.4189624255304902,-0.008868749999999998,0.0906680804296875,-0.07087654083885485,1.041,0.3012419877046525,0.691402069211559
0.07822294080631398,0,0.7912912846133346,3.9010652885507455,4.9406963515013596,3.9010652885507455,0.25115749525513964,0.3976574387856306,0.0011574218750000011,0.10382418107772828,0.09361994430720258,1.257,0.32221967770936183,0.6910453085979308
0.08990520399757163,0,0.8052473690421222,3.9255517610210173,4.9323466304681,3.9255517610210173,0.24874763221139864,0.40532796070402455,-0.006212500000000002,0.09845772359375,-0.056672035614242604,1.232,0.3138412317558036,0.6906885479843026
0.217115787049861,0,0.8113531134795088,3.9950018029402234,5.0110847233896125,3.9950018029402234,0.3206130661406712,0.352726854008233,0.011277343750000002,0.12058330042419434,0.11756137102850332,1.388,0.3474341360693419,0.6903317873706742
0.14199735457474505,0,0.8060538563275635,3.4362827298294762,4.348502801752147,3.4362827298294762,0.24471202153806368,0.40409301035581546,0.012173828125000001,0.10438405767440795,0.11845194712269948,1.111,0.3233144904974489,0.689975026757046
0.11329731020050682,0,0.788582744104345,3.6332355143298045,4.5705672487251645,3.6332355143298045,0.26749411729228106,0.38742555384358485,-0.010162500000000001,0.10448635484374999,-0.08230836897166537,1.175,0.3234032022877943,0.6896182661434178
0.3046408485417511,0,0.7896450573190188,4.301384407517777,5.460661897480425,4.301384407517777,0.22543376314645394,0.38115973362603955,-0.0028441406250000007,0.10411868625473022,0.012297845590642011,1.388,0.32268680696710395,0.6892615055297895
0.06688603258148129,0,0.8156376115558588,4.498181934769334,5.639404385541882,4.498181934769334,0.20677803208202578,0.3579043562767267,0.04013828125,0.10664427540954591,0.01768393440154361,1.48,0.32902181847295475,0.6889047449161613
-0.1714832809008513,0,0.8346633346935539,3.4198376789071396,4.254843276098699,3.4198376789071396,0.2300753638661988,0.3813214778483755,-0.012166015625000002,0.09939984236068726,0.013737428349405124,1.079,0.3155120509534858,0.688547984302533
-0.0012735202063631768,0,0.826395190568203,3.33754736028719,4.205238312328123,3.33754736028719,0.2801445425640976,0.34244002137559554,0.03283125,0.11093073558593751,0.0059525277396392014,1.117,0.3346768987583397,0.6881912236889047
0.22379074634446683,0,0.8381565848164336,4.022298707683099,5.1184839793150285,4.022298707683099,0.22194666157846415,0.3811198553277209,-0.021104687500000004,0.11004235388427733,0.006222218619988649,1.337,0.3323969941481872,0.6878344630752765
0.18040473650285405,0,0.8174582887698756,3.990493957774243,5.051831414817316,3.990493957774243,0.26000474790791656,0.3629637962912419,-0.014010937500000004,0.11922318503662108,0.06086687290695378,1.379,0.34557125373249725,0.6874777024616482
-0.03054606160700235,0,0.8322981939651223,3.751994245287535,4.683660666964106,3.751994245287535,0.23573012263142495,0.3528799282139605,-0.01089140625,0.10595760930114746,-0.11406335109180486,1.222,0.32569346329217297,0.68712094184802
0.32152632253673463,0,0.832442253808268,4.303817102724258,5.4180521636915575,4.303817102724258,0.24460635965505348,0.34676644887083674,0.0007753906250000011,0.11539443587875367,0.007326057581319465,1.462,0.33969845026048473,0.6867641812343918
0.2997675620763598,0,0.8357610466994784,4.632557371140707,5.8364154055366955,4.632557371140707,0.22654015863178864,0.3686098458871097,-0.004180859375,0.11793273799301147,-0.0945717928489534,1.591,0.34343881198566506,0.6864074206207634
-0.15192523073892072,0,0.8292759693968687,3.4839358021214006,4.347805286448988,3.4839358021214006,0.22740208448843915,0.37480317210567005,-0.0014132812499999998,0.10631834716735841,-0.017092618933584817,1.136,0.3260680059914649,0.6860506600071352
-0.03242355673944486,0,0.8318624714879744,3.7624198332977774,4.699905450376337,3.7624198332977774,0.2592368406174953,0.3664600990712416,-0.001257421874999999,0.10739529349960326,-0.055156749024811616,1.233,0.32771462373439336,0.685693899393507
0.043730838576078845,0,0.8206921704698301,3.4535773183345877,4.331904474020785,3.4535773183345877,0.2154241158143614,0.38522919228272984,0.009284375,0.10396138788085937,-0.03237778726660536,1.114,0.3225640827804609,0.6853371387798787
-0.020873900659853284,0,0.8154464252939433,3.4538515509229946,4.33543250914955,3.4538515509229946,0.2979948094390727,0.3696174295465696,0.0014703125000000018,0.10703868896240235,-0.1115552741839925,1.13,0.3271709809583515,0.6849803781662505
0.1210533351569767,0,0.8448481901009727,3.701760316489461,4.6942795901426075,3.701760316489461,0.2573262213478957,0.37516318138982996,0.016440625000000004,0.10203233944335936,-0.08734974633921332,1.184,0.3198478288088728,0.6846236175526222
5.534123047601369e-05,0,0.8399558039969727,3.7058791007628917,4.626414974792892,3.7058791007628917,0.22889332714952973,0.36174808364934574,0.012316796874999997,0.114532857842865,0.00670074590999001,1.255,0.338651090841481,0.6842668569389939
0.016939767765487,0,0.8077292300520859,3.9660077607195348,4.98967998498907,3.9660077607195348,0.20918291038347583,0.3690152579843993,0.0023597656250000016,0.11415141314682006,-0.01976167839133884,1.34,0.3378712500948031,0.6839100963253657
-0.03750900350854858,0,0.8270007253640458,3.4363963883585593,4.288243711950327,3.4363963883585593,0.23064273189700998,0.3651239523043318,-0.030103125,0.10249320889648436,-0.060160750661622485,1.105,0.321557781792402,0.6835533357117374
0.08194163440389257,0,0.8666878864349541,4.14873027002897,5.181561014521758,4.14873027002897,0.2754210169322183,0.32777701934088116,-0.016124609375,0.11788317548812866,0.11644493872180976,1.426,0.3437196219531626,0.6831965750981092
0.07562345100233436,0,0.8302631047789523,3.9852253273849696,5.0139544900281425,3.9852253273849696,0.18632121722893383,0.36897712856835363,0.01163515625,0.11393801532653809,0.12317488463097785,1.346,0.337747527285545,0.682839814484481
0.16425460680711135,0,0.77130429612236,4.058768637081112,5.124738573029064,4.058768637081112,0.2122415868067813,0.40680823026535984,-0.014319921874999997,0.0983208066343689,0.02904870891679549,1.274,0.3138883030583889,0.6824830538708526
0.45466300941120785,0,0.7891480929994923,5.837423814364137,7.37574849860632,5.837423814364137,0.2872081953411932,0.3537440758127082,-0.003503125,0.11341685155273437,-0.09332473442422401,1.966,0.33679240406740174,0.6821262932572244
0.27154529800772575,0,0.7968345632341374,3.853533399954366,4.891729201220149,3.853533399954366,0.2562542334104685,0.3434889123345776,0.00438984375,0.1169609847406006,-0.015504529768092605,1.318,0.3420237644795314,0.6817695326435962
-0.02677194933545257,0,0.8098843709502521,3.560790199150929,4.459701203887251,3.560790199150929,0.2662937740182786,0.39775963905969075,-0.003457031249999999,0.10483742315368652,-0.029510068801362633,1.153,0.3238045308805144,0.6814127720299679
0.110994239273849,0,0.8153560812954543,3.704447362339187,4.667370838117106,3.704447362339187,0.2978418819802697,0.3836244574389369,0.0183078125,0.10303057556396485,0.17980612618488132,1.191,0.3215054456187329,0.6810560114163396
0.1477131573529098,0,0.8165978212274628,4.01800674589511,5.0578594170171005,4.01800674589511,0.20099782917009126,0.3902016158905051,-0.002558984375000001,0.0949270551145935,0.07133692512766729,1.238,0.30811297200154525,0.6806992508027114
0.010882657219791536,0,0.8055273688514056,3.9424634493359147,4.93204180630155,3.9424634493359147,0.25228861111510054,0.3908568118930334,-0.012167187500000001,0.10183221814208984,0.05655547845803546,1.259,0.3193434805875172,0.6803424901890831
0.11566736761482721,0,0.8142874775536555,4.004393315880079,5.074660817288163,4.004393315880079,0.24845351427866647,0.3767301071107585,0.0022519531249999983,0.1123083290977478,-0.031913978937883176,1.342,0.33513191490907723,0.6799857295754549
-0.13432702107312533,0,0.8378881803333759,3.3264719247666905,4.152752758135492,3.3264719247666905,0.32333439859599694,0.3715051432669743,0.007178906249999997,0.10653244143005372,-0.04003971707495009,1.086,0.32647201736902354,0.6796289689618266
0.033376389270234785,0,0.8524794053756792,4.07150565124765,5.085230163470259,4.07150565124765,0.2190208478565723,0.35749654729553587,-0.005632421875000002,0.10942063012069703,-0.04575183359722158,1.347,0.33083584191691656,0.6792722083481983
0.06312141765910662,0,0.8122593159993441,3.587997491421492,4.5182720152057225,3.587997491421492,0.2724589888335123,0.39106408279191807,-0.012375390625000001,0.10150630712875368,0.005909699737908705,1.144,0.3188408026302076,0.6789154477345701
-0.0031933706267790463,0,0.8382543555101423,3.301607696297907,4.152091453153741,3.301607696297907,0.3255619793027745,0.3676076059346538,0.021490234375,0.11440886162338257,-0.048452244933227195,1.119,0.3389257909880495,0.6785586871209418
-0.041202053624419754,0,0.8394858033928807,3.5420264709220874,4.441083917372303,3.5420264709220874,0.2627808817523723,0.36745764570013617,0.010550390624999998,0.11030909042953492,-0.0201052048867485,1.177,0.33229565325456034,0.6782019265073136
0.2963254554911652,0,0.8381963132606768,3.906417222161843,4.957756308202298,3.906417222161843,0.2661867471988234,0.366154953837133,0.008523046874999999,0.11619294712509154,0.09121221173055624,1.332,0.3409774031415058,0.6778451658936854
-0.006481122399161432,0,0.8272951016371708,3.8751606811732784,4.854937828382945,3.8751606811732784,0.2510522069163775,0.3565571523422438,0.014751953125,0.10905688026962282,0.05590830997421926,1.281,0.3305669378365371,0.677488405280057
0.05387632100326112,0,0.8393582277618821,3.428798139702845,4.330316961874855,3.428798139702845,0.2777537264638842,0.34457109520235385,-0.01487890625,0.1190179595550537,0.01981055312563271,1.184,0.3453104999942081,0.6771316446664288
0.14620308326655573,0,0.8836794803782408,3.8055175484691084,4.81678612479775,3.8055175484691084,0.2400018655466834,0.34830666885521316,-0.005316015625000002,0.11399115208724978,0.0298714713078664,1.285,0.33766760595202944,0.6767748840528006
0.1774123168745385,0,0.8548705037804613,3.8891287921474276,4.92561964708353,3.8891287921474276,0.23649335546802636,0.32771421598302897,-0.004908593749999997,0.12154263383239745,0.0010110953206523897,1.356,0.3486642053968259,0.6764181234391723
0.2223746878980184,0,0.8546882442145737,4.863031299285849,6.115980379128846,4.863031299285849,0.26736207402014306,0.36070339754023917,-0.006257812499999999,0.11564046712646485,0.06058512785821885,1.654,0.3401170788768921,0.6760613628255441
0.092745098139567,0,0.7887409612694132,3.6155063999917423,4.553492408059248,3.6155063999917423,0.27308895691057034,0.36766975548576486,-0.02362109375,0.11593295721130373,0.008988312609088125,1.234,0.34130765195238444,0.6757046022119158
0.08935873260346083,0,0.8515237043880962,4.031315198519627,5.0822203123427245,4.031315198519627,0.2110738476509268,0.39324243884856896,0.023920703125,0.10055838941513062,-0.021566319188103564,1.282,0.3180103606065768,0.6753478415982875
0.11287330368333848,0,0.8354413994908273,3.7528395371713015,4.719813333293525,3.7528395371713015,0.24327833604299184,0.3728986641757114,0.0021707031249999995,0.1082916642198181,0.10604674298515544,1.235,0.3290841475548086,0.6749910809846593
0.182196998635487,0,0.8821584754993742,4.00070808764235,5.061454718152924,4.00070808764235,0.2784420080282977,0.35474825994515913,-0.001711328124999999,0.11436963737167358,0.04074265131066154,1.353,0.3381901329365258,0.674634320371031
0.07884337635844663,0,0.8634702744580323,3.7052319608629163,4.6734825405928735,3.7052319608629163,0.2541801115292552,0.34403906641187265,0.0018796875000000016,0.12045876208740233,0.006623624410721462,1.286,0.3470767859026299,0.6742775597574028
-0.24954349353743455,0,0.8006731384744591,3.3128090234696264,4.105086429095036,3.3128090234696264,0.2171364676176945,0.38490154214941796,0.01075625,0.10715143667968749,0.052345905922004145,1.085,0.327516615752163,0.6739207991437746
0.31731713226129443,0,0.8337833079295327,5.044947543909462,6.348669936866184,5.044947543909462,0.27265674181064975,0.3708839788555391,-0.017822656250000003,0.11673150526794433,0.11188901022488615,1.726,0.34212446908069877,0.6735640385301462
0.21388631176710238,0,0.8643496058629742,3.8908236528885722,4.961124717498057,3.8908236528885722,0.27478674460802377,0.3277124209725696,-0.003394140625,0.13206199113754274,0.17951684241871968,1.414,0.3634191950463335,0.673207277916518
0.16667646867698416,0,0.8128941032080779,3.76565430970893,4.754877857911569,3.76565430970893,0.24582874307564184,0.35861433930828246,-0.016108984375,0.12655726195053102,-0.12968193225451907,1.341,0.3561134107670265,0.6728505173028898
-0.0763984010991039,0,0.8169778704985073,3.396900312519449,4.261222416410158,3.396900312519449,0.2610594534568209,0.3775828118494804,-0.001960937499999999,0.10504929378662112,0.016033937885186592,1.101,0.32411901990241176,0.6724937566892615
0.1867265361327215,0,0.8342004291510972,3.9194724614630423,4.942151506036267,3.9194724614630423,0.27049401300683185,0.38528108102238556,0.0002355468750000006,0.10832381912704467,0.02085211913583619,1.29,0.32912592515536515,0.6721369960756333
0.42157915471881724,0,0.8440676041978078,4.845995843875884,6.127128393418345,4.845995843875884,0.24428372486670297,0.3915558403648889,-0.009602734375000003,0.1129071761643982,0.033391327084699135,1.629,0.3361538169824567,0.671780235462005
-0.04581025605272293,0,0.8316743026475636,3.318310825312745,4.15224355745401,3.318310825312745,0.28660278249326543,0.3472475752114968,-0.0022367187500000004,0.11534396271423339,-0.06389446996807312,1.127,0.33963063116421055,0.6714234748483767
0.4983471826413286,0,0.8662189872582866,4.696792911172795,5.965689166385917,4.696792911172795,0.2702519379634269,0.35014880476245314,0.005723828124999999,0.11370574677597048,-0.10036731996559296,1.584,0.33725140323559066,0.6710667142347485
-0.03442405777682467,0,0.8554137918609225,3.241167882242848,4.0660197395703745,3.241167882242848,0.21511781103490282,0.3271355893457452,-0.004196093749999999,0.1256539521722412,0.017058214363760628,1.149,0.35450184678644486,0.6707099536211202
-0.002430179486109907,0,0.809486016057177,3.871837709952186,4.84409935112663,3.871837709952186,0.17241951234695152,0.3836705709183088,-0.0022433593749999997,0.1005867356980896,0.11173975402039954,1.228,0.31716205378225026,0.670353193007492
-0.1326903730885456,0,0.8329917054987526,3.473750754473442,4.328787495724335,3.473750754473442,0.271419598252714,0.3675286361317669,-0.011413281249999997,0.1070028245111084,0.039922933757830834,1.137,0.32731191163781376,0.6699964323938638
-0.12855753340786036,0,0.8851127001129011,3.246660680674285,4.071890760230101,3.246660680674285,0.24880759433246427,0.35908156571999844,-0.016857421875,0.10873823474960327,0.05913128633613751,1.072,0.33018541370247567,0.6696396717802354
0.10520138629395914,0,0.8450522166534986,3.716026590241473,4.667838151086979,3.716026590241473,0.28423176366857716,0.36411402953416055,0.006278906249999999,0.11639486049255372,-0.09822371722135177,1.268,0.34122468427159547,0.6692829111666072
0.18803716676989835,0,0.8938143320759687,3.8742855051225433,4.89675574652068,3.8742855051225433,0.2662314829297793,0.3314261852836959,-0.021920703125000003,0.12129784800888062,0.11705238505714038,1.352,0.348967570462321,0.668926150552979
0.6001048695961622,0,0.8685791120901483,4.2814834195435,5.516992834338212,4.2814834195435,0.21331055583815978,0.3460591698867385,0.007430859374999996,0.11992061396957396,0.07719386288306426,1.483,0.3463752757351844,0.6685693899393507
0.022907059469453372,0,0.8855414567028731,3.715090507373854,4.664777104729324,3.715090507373854,0.24711251251787672,0.3686698640943177,0.0030925781250000007,0.12037395588241577,0.05514488604808938,1.289,0.3469632832474857,0.6682126293257225
0.0508796289020772,0,0.856822120926132,3.499223694099217,4.413666695306012,3.499223694099217,0.2333833635167915,0.35118276971404666,0.006189843749999999,0.11835019755310058,0.03521246205750634,1.204,0.34407631670713695,0.6678558687120942
0.4580685274400498,0,0.8206949415085087,4.32364424314341,5.5208076027068,4.32364424314341,0.21025713859976508,0.3423510801205136,0.009158203125,0.11363044333114622,-0.07118372058849479,1.458,0.33721553347321503,0.6674991080984659
0.15866858458283595,0,0.8228825004789974,3.8257623051467022,4.829538829508931,3.8257623051467022,0.21950160066746488,0.3427474766425157,0.01936796875,0.10843837241149903,-0.02475870961909723,1.262,0.32986889914782813,0.6671423474848377
0.12842954980704668,0,0.8157196318214324,3.481281875177229,4.418310622328363,3.481281875177229,0.30928078309186285,0.3806029403317882,0.003889453124999999,0.10311967176376342,0.03141773329658023,1.118,0.32114607207527074,0.6667855868712094
0.0819734213017087,0,0.8551400595986834,3.946660397689617,4.9938609062793144,3.946660397689617,0.2530002060053366,0.3259798151252643,0.005416015624999998,0.12347818825912475,0.05554753055128105,1.387,0.3514363690405064,0.6664288262575812
-0.07535209097261752,0,0.8403529602491125,3.664707138072638,4.582082459500144,3.664707138072638,0.20446910389314307,0.3587309387099719,0.004237500000000002,0.1178193303125,-0.018528459809120223,1.258,0.34327436070692785,0.6660720656439529
0.10503176703156569,0,0.8524940525002717,3.7588447105764917,4.704355119467591,3.7588447105764917,0.27474584022864496,0.33893278819147593,0.007264453124999998,0.12103679295516967,0.1388510083389709,1.308,0.34797925977617544,0.6657153050303246
0.18850244479791733,0,0.8727604532902872,3.9520240801696422,5.007080929846982,3.9520240801696422,0.23890882828191326,0.33878405182103827,-0.0070218749999999995,0.11820031202148437,-0.0474813235544124,1.359,0.34387442293662956,0.6653585444166964
0.2160240582830908,0,0.854752993406524,4.476960775638991,5.651465261063463,4.476960775638991,0.2584815309986442,0.3505381276012928,4.2968750000023025e-06,0.11832455037216186,0.012430824202876002,1.54,0.3439833577233425,0.6650017838030682
-0.06745732458070242,0,0.8466618768435362,4.335714095276511,5.368935455767555,4.335714095276511,0.26744272712888223,0.35806036153532483,-0.011631250000000004,0.1123271640234375,-0.07583851252248482,1.454,0.3353542157182462,0.6646450231894399
-0.07490057397922412,0,0.8681394719018041,3.4155183493676096,4.299366155972165,3.4155183493676096,0.3212600105530185,0.341285112496729,0.007446484375000001,0.12153802682357788,-0.06317128216033477,1.191,0.348702562297906,0.6642882625758116
0.04366717111278673,0,0.8874277493572752,3.8390085149776816,4.824612223188572,3.8390085149776816,0.29145293259979127,0.3350673755037753,0.019834765625,0.12326662308822631,-0.006001507529990776,1.35,0.35165329660849903,0.6639315019621834
0.8650528950413854,0,0.8581571798125331,6.266904513291983,7.94704048112678,6.266904513291983,0.25586983003957126,0.356942799006574,-0.011408593750000001,0.12694486273864744,0.014669545869231884,2.234,0.35647583192973964,0.6635747413485551
0.35974658618814903,0,0.8050278861899107,4.723002410405825,5.980310362089105,4.723002410405825,0.25489098657082465,0.36921043756615507,0.011411328125,0.1160722671372986,0.1662270418247718,1.61,0.34088485672859536,0.6632179807349269
0.17677108102827876,0,0.8509991949692188,3.607015074536546,4.5671240556917265,3.607015074536546,0.20270256094894695,0.33773413877870156,0.023689453125000003,0.11781044535751342,-0.05803924463247401,1.241,0.3440517919541693,0.6628612201212986
0.37427147463482857,0,0.8244156128587409,4.002911000224763,5.074972392597224,4.002911000224763,0.28275981948394185,0.35450630419841916,0.0013144531249999994,0.11222742572860715,-0.07864946725188049,1.341,0.33500619921969355,0.6625044595076703
-0.04243795644389525,0,0.840315729813095,3.6322400626819067,4.554032674790735,3.6322400626819067,0.2689318373902173,0.3433347428496859,0.0032863281249999993,0.11447580512557984,-0.003033260526157492,1.229,0.3383586929253111,0.6621476988940421
-0.024704357546008637,0,0.8387393014809461,3.846085224052331,4.782396593185224,3.846085224052331,0.22160182840021436,0.363872072083168,0.003592187499999999,0.11458697587646485,0.13378928352484867,1.302,0.3385260398957516,0.6617909382804138
0.03733296636257322,0,0.8319319101216192,4.5456371085835245,5.684938974356031,4.5456371085835245,0.278473399707434,0.3445231246672926,0.01615234375,0.11571089944763183,0.09895450600611755,1.548,0.34054632233552307,0.6614341776667856
-0.041581100311277375,0,0.7953123414172854,3.5794065673223407,4.472984677877005,3.5794065673223407,0.20688323602221767,0.3823126452659561,0.018012499999999997,0.10651943265625,0.13214055416186077,1.17,0.3268698254848557,0.6610774170531574
0.29067046830255006,0,0.8397112671589838,4.4427770471550625,5.624031552759405,4.4427770471550625,0.2618434290741395,0.356618352831976,0.019545703125,0.12577310806747438,0.010912649545072314,1.578,0.35518325210815477,0.660720656439529
0.3013298955631565,0,0.8615011141880311,4.467225746982379,5.705948074584343,4.467225746982379,0.2561692035646427,0.34101458187415196,0.020487890625,0.12435829750961302,0.05286436899548146,1.578,0.3532393680946038,0.6603638958259008
-0.08529328365035216,0,0.8871453694380165,4.007389851772635,4.9775269098087165,4.007389851772635,0.26242037660362105,0.3492070040992381,-0.023215625000000004,0.12930183944335938,0.06803880683587181,1.444,0.3603342957414684,0.6600071352122726
0.20395337379493972,0,0.8241899379219677,3.5742969135939893,4.528042348921967,3.5742969135939893,0.28442119224252055,0.33147835981052814,-0.005525781249999999,0.12325331886657716,0.06871973789908714,1.255,0.3511180045582966,0.6596503745986443
0.05971877837292272,0,0.8280111973719446,4.159165267082253,5.225767542945442,4.159165267082253,0.22409141184546533,0.3383171186400797,0.003085156249999996,0.12473780524841309,0.05126861726371396,1.469,0.3531958712067569,0.6592936139850161
0.05806473621995467,0,0.7995256248647379,3.616059175400719,4.564090016649858,3.616059175400719,0.2647377608143785,0.3689429900091952,0.009040625,0.10912885694335936,0.05566671070126213,1.195,0.33047025561122745,0.6589368533713879
-0.030579226719446684,0,0.8213737960056314,3.570120619764062,4.453138613576339,3.570120619764062,0.2540359800842653,0.3731556118849298,0.004783984375,0.10337650841537475,0.06974330762706668,1.148,0.32155776296316496,0.6585800927577595
-0.06208172868116346,0,0.8749587925608235,4.041278901084679,5.0293660060173115,4.041278901084679,0.23353290847325522,0.3459630674533133,-0.0183078125,0.10895352634521482,0.049063780227273784,1.336,0.33058841834485064,0.6582233321441313
0.20666127163434567,0,0.8774114983747627,3.9708883757174274,5.034212902578509,3.9708883757174274,0.2703264809887885,0.3414738894279987,0.025321875000000004,0.1187391573339844,0.10151292315840087,1.372,0.3455146229720241,0.657866571530503
0.029146044271908256,0,0.8379001493653738,4.105793258862216,5.167129437467503,4.105793258862216,0.2500244035133492,0.36949888482709237,-0.017210546875,0.10733570449813842,-0.046701472397789975,1.347,0.32807302147826023,0.6575098109168748
0.4009323728241103,0,0.8787509827961886,4.236731330157136,5.390561380382947,4.236731330157136,0.29086779187564993,0.33501102256808646,-0.0005277343750000017,0.12401517266830445,-0.10825487305872417,1.492,0.35215827573958136,0.6571530503032466
-0.07028331226900608,0,0.8388929085925008,3.594068429621195,4.47960217644905,3.594068429621195,0.2057933262404008,0.3764511427121278,-0.003853125,0.11767892217773439,-0.02033983383443936,1.233,0.3430652543613241,0.6567962896896182
0.14184748747693954,0,0.850583868072617,3.902858274480069,4.884200253345192,3.902858274480069,0.3048268845462582,0.3310419694427245,-0.001555078125,0.11875999306015014,-0.06620931363637415,1.345,0.34461922657931465,0.65643952907599
0.23771982433762373,0,0.8907900583800983,4.5534869023413584,5.720820511687264,4.5534869023413584,0.2865218860667459,0.3195692979751295,-0.0015179687500000033,0.12625858717712402,0.012385664039442213,1.618,0.3553320860916588,0.6560827684623618
0.2813936979578777,0,0.8770164368307094,3.8356822497329977,4.866325261849065,3.8356822497329977,0.21570602921343807,0.3170205141280714,0.010066796875000002,0.12432443264755251,-0.04859715222751993,1.353,0.3527403762640095,0.6557260078487335
0.1619912842151705,0,0.862649419898935,3.9560175902932087,4.984639038445891,3.9560175902932087,0.24986981307883738,0.346851730992128,0.001877343749999999,0.12309773729919433,-0.14164666656232447,1.388,0.35085789390969957,0.6553692472351053
0.12792545525484034,0,0.9075537574632911,3.7870810874169547,4.77403157822971,3.7870810874169547,0.28090310627092985,0.30700787898590975,-0.012359765625,0.1355345381468201,0.03006080134324103,1.395,0.3683575734977157,0.655012486621477
-0.005416704571621356,0,0.9074986157198155,3.695075171295785,4.615522349411944,3.695075171295785,0.2626698486524404,0.3385662374218331,0.0012683593749999987,0.12549521587387086,-0.10672290732159212,1.309,0.3542553099240363,0.6546557260078487
-0.011776390729447694,0,0.907829860998187,3.2406806787229345,4.06138965247023,3.2406806787229345,0.22524143017180787,0.3312636272753712,0.007704296875,0.12718636529403687,0.002109146043598078,1.156,0.35671518258181134,0.6542989653942205
0.9272533274812931,0,0.9269107058075956,5.665802237679614,7.153094946344362,5.665802237679614,0.1846559215539577,0.2996252594511874,0.01334296875,0.13811689174743652,-0.11568589651131383,2.107,0.3718802583661843,0.6539422047805922
0.24936774872190615,0,0.8874496407420595,4.106955534337508,5.191262886264102,4.106955534337508,0.2297945234240886,0.33547304497119085,0.009020703124999998,0.1176201233995056,0.025536590054464337,1.409,0.34307651695266905,0.653585444166964
0.051268162583556265,0,0.8657636956584783,3.7380912932211596,4.689241381479887,3.7380912932211596,0.2381252003497324,0.3337120980143026,0.036087890624999994,0.11613290750961305,0.045502518094300906,1.281,0.3426882597337922,0.6532286835533357
0.016740812133385408,0,0.8940168398393499,3.2862308284465946,4.141516032032586,3.2862308284465946,0.29056136587462855,0.31984263047460765,-0.012691796875,0.12921048040145874,0.009169282690281257,1.182,0.359682585218377,0.6528719229397074
0.395484768106261,0,0.9040189162661594,4.0464082789676645,5.163791997731769,4.0464082789676645,0.231240399130403,0.2888718990706775,-0.007550390625,0.13626368730453492,-0.1328819030456247,1.494,0.3692163264308947,0.6525151623260792
0.2174427171463269,0,0.8788518694148802,3.5858556144507037,4.517731894876199,3.5858556144507037,0.272820496779385,0.3441220725359061,0.008183593749999999,0.12203327644958498,-0.027633778691523714,1.253,0.3494284585666285,0.652158401712451
0.13252431066149928,0,0.9176481210329377,4.292792872000549,5.411650255695637,4.292792872000549,0.23108269324305805,0.3167818657419896,0.004991406250000001,0.14028624758239747,-0.029312534589088786,1.608,0.37458131522908344,0.6518016410988227
0.3164897550974657,0,0.9245492486520405,3.8569831024634964,4.890370796848492,3.8569831024634964,0.26419137449594354,0.3103255879007452,0.0032257812500000012,0.12560460996032713,0.1996696311665649,1.367,0.3544220868188099,0.6514448804851944
0.4785536855606485,0,0.9111999935082867,4.01053282448137,5.14020632832514,4.01053282448137,0.20547664507841332,0.3016871167820629,0.011281250000000003,0.1305896677734375,-0.07969202098075422,1.45,0.3615479696734584,0.6510881198715662
0.4722367045624476,0,0.8543499324513455,4.558458033290816,5.7840789191740285,4.558458033290816,0.2759361970110041,0.32426630449113,-0.004208593749999999,0.13355387055114748,0.0452635378036782,1.666,0.36547446259964594,0.6507313592579379
-0.1432946850176542,0,0.8593277780352675,3.363679728164137,4.210674881593768,3.363679728164137,0.27615127763955466,0.3181232020155444,-0.018317968750000004,0.129494723114624,-0.06774727933709983,1.212,0.36031967902648615,0.6503745986443097
-0.04348680665011084,0,0.8535299966359843,3.3982931756373427,4.2476584820729775,3.3982931756373427,0.2443601511228915,0.3199382392534469,-0.006415234375,0.1286313404710388,-0.01968551056640816,1.219,0.35870948649725587,0.6500178380306814
0.2705782455499701,0,0.8653950084463382,3.8008557680869037,4.80663007549658,3.8008557680869037,0.24156313131510632,0.3435377751729855,0.018326171875000002,0.11485464556503296,0.0009298965018599309,1.29,0.3393972512272676,0.6496610774170531
-0.035666990164203494,0,0.8553393385036141,3.98599099711551,4.976191692347856,3.98599099711551,0.2950332693291222,0.3505355696370954,-0.008830468749999997,0.11805428141540526,-0.07420046073646215,1.37,0.3437037366595685,0.6493043168034249
-0.008810705341448788,0,0.8678567538938877,3.5143492411111126,4.43237209727216,3.5143492411111126,0.24734848179467533,0.34528904420198325,0.014957421874999998,0.11890918998397826,0.08383182483273736,1.213,0.345156362324563,0.6489475561897966
0.06278476560827251,0,0.8897129635585695,3.7997894076156395,4.783930658927341,3.7997894076156395,0.28617033064487607,0.3132394665136319,0.008349609374999997,0.12392214300765991,-0.007721873889451801,1.338,0.352124777578027,0.6485907955761684
0.2150926440942036,0,0.8650246453923685,4.194892738199998,5.27872110185,4.194892738199998,0.28183248252345566,0.356778925381736,0.013922265625000003,0.10352771544174195,-0.0587023692225244,1.351,0.3220582942913829,0.6482340349625402
0.30751951183230153,0,0.8752989139038035,3.9975922301242166,5.058100516742369,3.9975922301242166,0.23389734707193993,0.33640830598303406,-0.022167578125,0.12604113324569702,0.06569118099218532,1.422,0.35571411943529174,0.6478772743489118
0.07642332228734494,0,0.8757129627508473,3.7373047241257464,4.726188388002104,3.7373047241257464,0.27131393873219684,0.3309591505386137,0.008635156249999998,0.1141316340765381,0.22514965323682634,1.263,0.33794407821413297,0.6475205137352836
0.14925610626292585,0,0.8546938692921747,3.7700763665873533,4.718443910425762,3.7700763665873533,0.27358910735018604,0.3296027869071538,0.0005511718749999995,0.1268968059751892,-0.10755045546362124,1.343,0.35622620589398674,0.6471637531216554
0.033036911876497044,0,0.8483036899066133,3.285136559939121,4.135738003998312,3.285136559939121,0.26235147023044797,0.3462772867460552,-0.011771484374999999,0.11964964192123413,-0.013681978799062598,1.137,0.34610433364178644,0.6468069925080271
0.008463682129149497,0,0.8790843863158117,3.7156306177443255,4.660230871528208,3.7156306177443255,0.2796375924302299,0.32575817924861994,0.014322265625,0.12409670356674196,0.022203702093686835,1.31,0.352564647773107,0.6464502318943989
-0.0007425406805126045,0,0.8425829669311581,3.8320972967794074,4.8017915180772786,3.8320972967794074,0.3158449369484263,0.3187669859733747,0.015153906249999998,0.12889074818786622,0.11814766149844447,1.377,0.35933325627125023,0.6460934712807705
0.2764536871094325,0,0.9109953526769666,3.6991969178462103,4.7150781989255774,3.6991969178462103,0.24877579518435883,0.32085364174371006,0.017497265625,0.13189330155502318,-0.16202523143417755,1.345,0.3635924309709637,0.6457367106671423
0.09168869093530763,0,0.9081808679424048,3.5591720165587155,4.462254734486893,3.5591720165587155,0.19518345763515715,0.32982141010466354,-0.012334765625,0.13346329066635132,0.09438708553098213,1.301,0.3655344540660634,0.6453799500535141
-0.18355877491993544,0,0.9303286241996676,3.26085464327229,4.047006155567991,3.26085464327229,0.20410742289396722,0.29224186023299925,-0.0004843750000000003,0.1453043700683594,-0.012158419857541009,1.243,0.38118841100891304,0.6450231894398858
0.23023856672044252,0,0.8664028917862902,4.186116504074918,5.279414609162806,4.186116504074918,0.2935891174315318,0.3211614160338862,0.00797109375,0.1307429022894287,-0.07011084307101244,1.514,0.3616717304753027,0.6446664288262576
0.1196784730922471,0,0.9059442002047504,3.6883944416979384,4.603822013896731,3.6883944416979384,0.21612818657292734,0.3129887104409126,0.000644531249999996,0.1253747837982178,0.10777420400442066,1.306,0.3540836048431924,0.6443096682126294
0.026254123260184503,0,0.8788011432087469,3.6842252745439685,4.626506024096385,3.6842252745439685,0.31475799083273287,0.3504318000680631,-0.0002523437499999975,0.10822127069763184,-0.08433197900032512,1.212,0.32897011167429785,0.643952907599001
0.07558230208792871,0,0.8856579387098753,3.9335861310383082,4.95578571170113,3.9335861310383082,0.2742674395902229,0.33795508344495356,-0.008972656249999999,0.12496754378356933,0.04014993749386101,1.391,0.3536213403398471,0.6435961469853728
0.6373241399601359,0,0.8772482407400471,4.412568413747042,5.6938295663962375,4.412568413747042,0.3004002469727879,0.31374089477312683,-0.009491015625,0.127312497575531,-0.10891133565518711,1.575,0.3569349758052929,0.6432393863717446
0.18042485512651396,0,0.9210183479921845,3.4543645570764063,4.386036247646193,3.4543645570764063,0.2784188095291005,0.319873449159839,-0.004432421875000003,0.142044874339447,-0.057406040974142133,1.302,0.3769144739899557,0.6428826257581163
0.03656591718855484,0,0.8819577464875012,4.1538617622457465,5.221890547263681,4.1538617622457465,0.20560764854975103,0.31472817644322887,0.01478203125,0.126042320458374,0.06273930878266976,1.476,0.3553319981457482,0.6425258651444881
0.21156353078630996,0,0.9097797734699383,3.997320568974767,5.096524476637853,3.997320568974767,0.3191790227253502,0.2883768155676461,0.004639453125,0.13854805711532592,0.03651482896556888,1.488,0.3722493541171361,0.6421691045308598
0.08681306342769268,0,0.8479692724770793,3.874687885967031,4.872331390186465,3.874687885967031,0.3208907551991338,0.29032543754531287,0.015987499999999998,0.14544552249999998,-0.006641506308295638,1.479,0.38170816425149984,0.6418123439172315
0.3429932039338004,0,0.87263199350548,4.850045000668341,6.151444007580688,4.850045000668341,0.34093508346005374,0.32376593171926393,-0.01208359375,0.12256830004333497,-0.0977877389034196,1.699,0.35030602804012667,0.6414555833036033
0.4067198315660767,0,0.8666309127515454,4.533760241615647,5.7763044759654125,4.533760241615647,0.22398073832393364,0.29029954651675316,0.008617187500000002,0.13544330423583983,0.03825325872621506,1.669,0.36812709782933667,0.641098822689975
0.6409748062276868,0,0.8862275839843831,4.606644627789853,5.872648231625144,4.606644627789853,0.34035146340206474,0.31105820532822664,0.0007375000000000024,0.12953818499999997,-0.07136215359521324,1.658,0.3599148911982526,0.6407420620763468
0.06035959108651756,0,0.8644657117233159,3.6826845235103467,4.620325115549617,3.6826845235103467,0.23719234566662656,0.34841744484051024,-0.0091984375,0.12548715124755858,0.06688419253086798,1.305,0.35436106233614323,0.6403853014627185
-0.12164450167815577,0,0.928305654620918,3.1667674013129883,3.9578112921718462,3.1667674013129883,0.2295433274018235,0.28873368776024794,0.024630468749999995,0.1410771345404053,-0.059053452673542305,1.192,0.3764090787046056,0.6400285408490902
-0.06621332997058405,0,0.8911747913991963,3.7404308062483103,4.661134798568452,3.7404308062483103,0.28473873509651737,0.302907619181706,0.018899609375,0.12192753718734742,0.060182392221822645,1.308,0.3496923396671351,0.639671780235462
-0.15265902638460682,0,0.9032399568664503,3.2392173518036413,4.021093189712149,3.2392173518036413,0.3073790038473788,0.3336226041835739,-0.020975,0.11847218140625,-0.002762412667353648,1.117,0.34483638443651793,0.6393150196218338
0.3913335401532039,0,0.8922970986135301,4.02894242575888,5.093193368930865,4.02894242575888,0.2507810271439686,0.2873318130150966,-0.011271484375000002,0.14427330793685914,0.01683401473696767,1.531,0.3800004661798127,0.6389582590082055
-0.013721129224396833,0,0.8332272277807135,3.5180892244892608,4.405948006089725,3.5180892244892608,0.227820946878226,0.34792792096237546,0.007315234375000002,0.10885221976791382,-0.05253004684073462,1.161,0.33000868537339284,0.6386014983945772
0.059266071426473665,0,0.8369010939426148,3.771762468481763,4.751978666944019,3.771762468481763,0.21997025921497793,0.33781830860435375,0.007230078124999999,0.1160170849546814,-0.03386726152815844,1.285,0.3406895345976671,0.638244737780949
0.04229782119064529,0,0.8463662379106992,3.903753414007762,4.916625084307092,3.903753414007762,0.22164405069202273,0.3140823621080524,0.004394531249999999,0.12877939903259278,-0.0640628487501536,1.401,0.35888537297791895,0.6378879771673207
-0.07870735251528282,0,0.8937585052071083,3.6902229022743946,4.609441610597676,3.6902229022743946,0.24846977474016058,0.29565063637798655,0.010298828125,0.13194817593612668,-0.0757679091414547,1.341,0.363392682640797,0.6375312165536925
0.4504719213188144,0,0.8558486205009956,4.113135430100416,5.233643814315499,4.113135430100416,0.23415061114375557,0.3092687304875583,-0.014130078125,0.12614262565780637,0.16163329060743087,1.462,0.3554465990351082,0.6371744559400642
-0.11967369091702684,0,0.8302477064709072,3.1502969041092257,3.949475247313857,3.1502969041092257,0.27591226378504896,0.3637435053395414,-0.0034515624999999993,0.1035912312475586,-0.06490218342670229,1.014,0.32187442354317314,0.636817695326436
0.019577910338435256,0,0.8422297523499531,3.7438032475833167,4.679847981911772,3.7438032475833167,0.33490324958114204,0.35768841040009974,0.009967187499999999,0.10539789970458986,0.18396618333445544,1.216,0.3248033936572246,0.6364609347128077
0.052444030008719444,0,0.8430725992644148,3.5435377103115395,4.444319465061931,3.5435377103115395,0.2344530259028805,0.3417887635222559,-0.014755078125000001,0.10935991852890015,-0.030635931345281836,1.173,0.33102512119078664,0.6361041740991794
-0.12432527270865013,0,0.8418023548375991,3.2080047724579894,3.9986329050168785,3.2080047724579894,0.29640430830817643,0.3438229489342389,0.014784374999999999,0.10528457225585937,-0.019105824709547522,1.042,0.32481248436598004,0.6357474134855512
0.37040565624927746,0,0.8530478233793779,4.037714781753221,5.086692019544902,4.037714781753221,0.2191431565322886,0.32742026719865786,0.001211718750000003,0.1191924981439209,0.016527006125301717,1.394,0.3452447920045283,0.635390652871923
0.22098526628266013,0,0.849808898888804,3.9048616631453785,4.938281023304857,3.9048616631453785,0.3078115080941096,0.30459751606891283,-0.0018777343749999998,0.13149327919174195,-0.02424372100436399,1.416,0.3626248820449653,0.6350338922582947
0.14661379983544354,0,0.8757450877832594,3.907544996215148,4.950899587967606,3.907544996215148,0.22039391396351812,0.32560402690014245,-0.014087109375000004,0.1285340084275818,-0.11245873610215115,1.402,0.3587930532746209,0.6346771316446664
0.14656809749657285,0,0.8716388506830993,3.631137945834202,4.582611263728609,3.631137945834202,0.31067532216388943,0.2833677996867931,-0.00639140625,0.12519271945739746,0.00017731749189199697,1.285,0.3538835536320528,0.6343203710310382
-0.002429696463357889,0,0.8379340442008537,3.450801596532276,4.339999826418522,3.450801596532276,0.24662556694522147,0.3379913327059925,0.007329687500000004,0.11529564989990235,0.056735188064042874,1.172,0.33963123269032547,0.6339636104174099
0.08327147345472774,0,0.8233403116708441,3.6198906987235016,4.560616649717457,3.6198906987235016,0.21849854171081737,0.32201728491038445,0.004584765625,0.11375229515853882,-0.03390957390242284,1.221,0.33730300211289993,0.6336068498037817
0.03621383809064849,0,0.8186984696391811,3.580296244034846,4.528487577117178,3.580296244034846,0.21131306083573786,0.32207741310514304,0.016180859375000002,0.12182722393051146,-0.15033462039618337,1.251,0.349412426997989,0.6332500891901534
0.4085681286813929,0,0.8167600576090743,4.707125856858848,5.982767409692492,4.707125856858848,0.26146470757416823,0.3437204421758302,-0.006374609374999997,0.11549829521469117,-0.16913218911630448,1.6,0.33991018057624434,0.6328933285765251
0.14939320227350228,0,0.8475871831109839,4.821960692580803,6.062974196939839,4.821960692580803,0.2884935448573485,0.3107087830336264,-0.012086718750000001,0.1219642620111084,-0.07510183048330284,1.685,0.34944291491064744,0.6325365679628969
0.09050608488542444,0,0.7707714119842829,4.020861992737214,5.071297203047746,4.020861992737214,0.20999297621963758,0.3189397658525325,0.01762734375,0.10860824315856935,0.0999110616731149,1.327,0.33002873572804237,0.6321798073492686
-0.056998763703736355,0,0.8556022115577457,3.440424527095252,4.303622637092527,3.440424527095252,0.2061433775596085,0.3388604199364053,0.006349218750000001,0.11149592414001466,0.12747744639201197,1.149,0.33397041293915547,0.6318230467356404
0.07792375297129306,0,0.788560051979773,4.053782756398194,5.084594770239582,4.053782756398194,0.301095470887595,0.3360746692128406,-0.0022167968749999987,0.11254803385849,0.05487117014364756,1.36,0.33548911762809086,0.6314662861220122
0.17887248453104876,0,0.8203641553568223,3.6244071545249703,4.5935896832494,3.6244071545249703,0.2933967891774843,0.3342642333593409,0.026167968750000003,0.11261935772399903,-0.018582875625061532,1.22,0.3366067740145762,0.6311095255083838
-0.002040319567134574,0,0.771700391542024,3.559071704704055,4.47423458968767,3.559071704704055,0.2468396280243136,0.36202265376363413,-0.008179296874999999,0.10145333855575563,0.010387932938687868,1.134,0.3186224088998214,0.6307527648947556
0.362945038424733,0,0.8192707005710087,5.001357024537153,6.3030445770456645,5.001357024537153,0.19110832050399842,0.3228965235765805,0.006932421875,0.10089398176132203,0.021145920104532392,1.589,0.3177137709234131,0.6303960042811274
-0.08545349657252199,0,0.8284468205772573,3.239769820951636,4.059343489906501,3.239769820951636,0.20083081417112142,0.3275365776786974,0.0082703125,0.11126438786865236,0.03204463133791444,1.081,0.33366567989156454,0.6300392436674991
0.06882178488487511,0,0.8185785433911225,3.818430747174063,4.821614301356995,3.818430747174063,0.2550418725537467,0.3545678583621363,0.011615625000000001,0.10447287959960938,-0.00210536827463166,1.235,0.32343129462646314,0.6296824830538709
0.1610984691768529,0,0.8129517630215358,3.9157354279515104,4.935701712644293,3.9157354279515104,0.28219498735715676,0.32059981781640867,-0.017702734375,0.11557331905502319,0.16534278924806062,1.333,0.34042136516290367,0.6293257224402427
-0.11355061725158677,0,0.7876372005424503,3.5233619235602744,4.387797403247373,3.5233619235602744,0.29658379333432666,0.35187000244872446,-0.0018902343750000002,0.10413375162338259,0.15749204136258196,1.137,0.32270315246271614,0.6289689618266143
-0.07035502013770323,0,0.805921153050284,3.3228659436864207,4.147248897039437,3.3228659436864207,0.24398757642009009,0.3438209781169334,-0.005492968749999998,0.11075575854431152,0.007533389869975723,1.106,0.3328452061394305,0.6286122012129861
-0.09099011146161118,0,0.7872800345041154,3.921871904208585,4.899809630212199,3.921871904208585,0.26581372217493804,0.3513725811832595,0.016213671875,0.10995070942245481,0.05073045090373838,1.302,0.3319843258018743,0.6282554405993578
0.13914311822426528,0,0.7882133319053743,3.81879652492986,4.802515924775198,3.81879652492986,0.22835148633859773,0.3024146194859366,0.003196484375,0.12220055631576539,0.07269539344992607,1.335,0.34958657558339534,0.6278986799857296
-0.06597925644310632,0,0.8485084266695826,3.4178860241452664,4.268018145412175,3.4178860241452664,0.283307104263321,0.3198438902149917,0.0208015625,0.1185578410913086,-0.006854195305359462,1.179,0.3449500631884998,0.6275419193721014
0.4165189911067344,0,0.7938630373817869,4.053520887611945,5.131607395464625,4.053520887611945,0.24851251465053134,0.3538907157767311,0.007757812500000001,0.10247774837646484,0.17152525823674267,1.298,0.3202154462721154,0.627185158758473
-0.030098078986108057,0,0.7972231967639941,3.5956279016801247,4.521847034393289,3.5956279016801247,0.2475702168932147,0.3694614353917,-0.002880078124999999,0.1095245680406189,0.13511143585531044,1.19,0.330957494084399,0.6268283981448448
0.5622469207909542,0,0.8427206575786566,4.672650072866163,5.940652091351403,4.672650072866163,0.22138510308089523,0.3302118453183445,-0.006145312500000001,0.11028291169677736,-0.0054131443667352,1.552,0.3321455653211405,0.6264716375312166
0.4846971925433796,0,0.8304220571944452,4.094005957922004,5.219503402546517,4.094005957922004,0.2263376160621084,0.3303075724692269,-0.004089843750000003,0.11360495989685057,0.3365043786935224,1.38,0.3370781611418189,0.6261148769175883
0.2142714089579698,0,0.8367442589706124,3.851336051419193,4.850749588504827,3.851336051419193,0.2568078859572922,0.29945860483103137,-0.001133593749999999,0.12524616184020995,0.11051476579209459,1.363,0.3539031603066014,0.62575811630396
0.3746762733088098,0,0.8043838423613981,4.129211856726588,5.257761562355603,4.129211856726588,0.16821280939487346,0.3194400556018319,0.003608984375000001,0.11642307640365601,-0.01434939242096871,1.409,0.34122734528738313,0.6254013556903318
0.20294287471055394,0,0.793201362498887,3.815155036577561,4.840998185730819,3.815155036577561,0.24695186392832688,0.3531709011924958,-0.0045703125,0.10425815443115236,0.02277990988397932,1.232,0.32292265666487385,0.6250445950767035
0.35493346971886286,0,0.8188217689343523,4.634929465330479,5.906552178058398,4.634929465330479,0.25489092165190064,0.3361256605275085,0.0038031249999999983,0.11945000733398436,0.06652254302366976,1.602,0.3456363277980919,0.6246878344630753
0.030151142788400254,0,0.8517259223310776,3.615357852080734,4.533154661696892,3.615357852080734,0.20681733349498121,0.3190512473083242,-0.01686171875,0.12079185978454592,-0.019406492005038314,1.258,0.3479600226229301,0.624331073849447
0.46067574030466263,0,0.8427237223326803,4.04498375453003,5.165739730392986,4.04498375453003,0.31047210281098514,0.3270564122288437,-0.003008203125000002,0.11537343938583375,-0.017785066552195646,1.374,0.3396799797925615,0.6239743132358188
0.24495844415505852,0,0.8227072734324793,4.466900109702583,5.637989831396132,4.466900109702583,0.2515337109748383,0.3555827556636109,-0.0023433593749999987,0.10609404968246458,0.11639751923738424,1.455,0.3257292449498893,0.6236175526221905
0.057109796998823015,0,0.8541986824525342,3.539051794454049,4.453120760334699,3.539051794454049,0.21746360307772492,0.32590321748227075,0.006583203125000001,0.11226074307723999,-0.07604424376866548,1.186,0.3351180115132952,0.6232607920085622
0.04407831825445019,0,0.8069061414104722,3.9353924482901332,4.918727073701074,3.9353924482901332,0.21942759129142267,0.32198257445528966,0.006434765625,0.13015547855697635,0.03934157467156461,1.42,0.36082805429404324,0.622904031394934
0.1884812751285816,0,0.8241084714122465,4.678438962912628,5.8612594004102,4.678438962912628,0.2656636395334844,0.31499989733927847,0.011716406249999999,0.11305258519958497,0.0377309076623527,1.574,0.3364370065480312,0.6225472707813058
0.11777335223771779,0,0.8439029983526952,4.061044341775632,5.127744957362785,4.061044341775632,0.21891049129629953,0.3156292849302235,0.007987890624999999,0.12601876508773804,-0.05736863405495876,1.442,0.3550810773392114,0.6221905101676775
0.16554073172202566,0,0.872625886975615,3.9286122172637388,4.934677055578437,3.9286122172637388,0.28109095234627474,0.3104477087950298,0.014710937499999998,0.1224592875366211,0.07636230719205589,1.376,0.3502509089477856,0.6218337495540492
0.42039162639392025,0,0.8563317495624655,4.629113552290841,5.89226865421172,4.629113552290841,0.2519981273995171,0.332420508516415,0.01701796875,0.11783616920837403,-0.04873453442606674,1.591,0.3436943125347727,0.621476988940421
-0.07638376331786922,0,0.8148725642352764,3.4818645552066094,4.347748949089879,3.4818645552066094,0.2485707346274477,0.32417909072229045,0.0198765625,0.11582407148193359,-0.07437119357342305,1.187,0.3409092976419828,0.6211202283267927
-0.025299582215120964,0,0.8152139952282432,3.8834470758588364,4.84367711702361,3.8834470758588364,0.2744351029053486,0.34983140361288323,0.0041468749999999995,0.09948608311523438,0.026227716068467487,1.225,0.3154414045230905,0.6207634677131645
0.09051912154625041,0,0.8410988799211337,3.418496034825771,4.3013009109921665,3.418496034825771,0.27078575122003995,0.3337664216288837,0.009684765625,0.12006803695541382,-0.06943538915904002,1.185,0.34664366666740787,0.6204067070995362
0.1335560408788652,0,0.8562849624777743,4.410036412900742,5.5569263926149235,4.410036412900742,0.22539521970545592,0.3078227270222872,0.0021480468749999993,0.1224140120664978,0.05325946371031859,1.543,0.34988373236244497,0.6200499464859079
0.12574755038548613,0,0.8173645200175117,3.7428253358351116,4.719920055877487,3.7428253358351116,0.20190502664548451,0.34661684531272746,-0.014757421875,0.10918847748397827,-0.008227011429498098,1.238,0.3307661696491571,0.6196931858722797
-0.010233351624060916,0,0.8458544496483492,3.4517750463593924,4.341462923053224,3.4517750463593924,0.23996944858155578,0.3080269677341734,-0.0034527343749999988,0.1164558087034607,0.0070535674504864,1.178,0.3412736879370061,0.6193364252586514
0.04600337763475215,0,0.8142457546711015,4.275799060576449,5.378964399008062,4.275799060576449,0.2246991612682845,0.3174694838765392,0.001083203125,0.12094367159286498,0.040159280068540526,1.487,0.34777125373135,0.6189796646450232
0.22209309386950293,0,0.8230972277034223,3.5057881048402515,4.438710144730707,3.5057881048402515,0.29542997363387563,0.3287161934055654,0.007969921874999997,0.1073524197984314,0.1301649935533037,1.149,0.3277437100130604,0.618622904031395
0.27449709807589073,0,0.8497065502468701,4.259861246757684,5.386300099021039,4.259861246757684,0.22443586617451985,0.30650723191250434,0.012505859375000001,0.12632724449691773,0.12625257666863804,1.515,0.3556453866081001,0.6182661434177666
0.26071572069304816,0,0.8460584232260536,3.908551515022905,4.944607173784982,3.908551515022905,0.20476250545809266,0.2955147508780886,0.005728125000000002,0.1325166963964844,0.05797223841180978,1.423,0.364073492323322,0.6179093828041384
0.23297824813511836,0,0.8773675667632573,4.325349710525032,5.458605463306527,4.325349710525032,0.20318433567200178,0.30015548049122265,0.01013046875,0.12404187282165528,0.08811571434694876,1.524,0.35234145259783156,0.6175526221905102
0.0073534985489231985,0,0.8340831327066809,3.7459440508725055,4.7069605670803645,3.7459440508725055,0.26672526253327106,0.31869218542791006,0.010139453125,0.11885760203720093,-0.05792077447074929,1.292,0.34490637939428576,0.6171958615768819
-0.014638849435976375,0,0.7880914627339207,3.83353899052858,4.8037828749459335,3.83353899052858,0.21702967546252133,0.38066098894806955,-0.01314765625,0.09044459147888183,-0.05785168488315956,1.154,0.30102732823408246,0.6168391009632537
0.009277031661073298,0,0.8296825251626,3.65537245487884,4.56529114459945,3.65537245487884,0.27008613340079834,0.31319990528493846,-0.004638281249999999,0.11320469181579589,0.0076197775954485025,1.23,0.3364910184072526,0.6164823403496253
-0.1390904136332889,0,0.8393004481367878,3.446022507281126,4.2698181991469895,3.446022507281126,0.2529079526375142,0.3351352062568595,0.012757812499999998,0.10547028978271485,-0.07556576718807302,1.12,0.3250123867831809,0.6161255797359971
0.18242829601464639,0,0.8226483588297256,4.210497165529642,5.314085798299487,4.210497165529642,0.2297322397405395,0.3377738258314109,0.0058632812500000004,0.10337753443298339,-0.07503049634040915,1.354,0.3215772263391797,0.6157688191223689
0.14086263575924418,0,0.8021714314242484,3.6034061227025598,4.553442311404095,3.6034061227025598,0.2956907980895679,0.3364971700943596,0.0035468749999999992,0.11051921186523436,-0.01305079013993504,1.198,0.3324632193002709,0.6154120585087406
0.05996707138078916,0,0.801099017264109,3.9036610923224777,4.893166506256016,3.9036610923224777,0.21279204661979434,0.35793233311434297,0.00548515625,0.10597992634216309,-0.17199737798461162,1.271,0.32559178933328464,0.6150552978951124
0.0987342586314055,0,0.8261238293125497,3.7989941952904407,4.79693940263655,3.7989941952904407,0.2259297604690044,0.3458034014023243,0.0053753906249999995,0.10771573837875366,-0.013961316767333344,1.247,0.32824477635314325,0.6146985372814842
0.203030089159157,0,0.8020615908747313,4.2623692104856366,5.33895645407857,4.2623692104856366,0.28981829949380844,0.3554172468777595,-0.009158203125000002,0.11436944567489622,-0.0028793374738540984,1.442,0.3383095008411307,0.6143417766678558
-0.10456332027169424,0,0.8808686081226653,4.076967463267684,5.113944207075649,4.076967463267684,0.19960163018077687,0.32408959861217407,0.012796484375,0.1160761183470154,0.028156779223249873,1.39,0.3409396843422235,0.6139850160542276
0.541830874566271,0,0.8688875295250033,4.43187110562469,5.631416300396504,4.43187110562469,0.2601159351630553,0.31503687843718003,-0.0047855468749999994,0.11978252158798217,0.2845995154905628,1.534,0.3461291999338903,0.6136282554405994
0.07819881387143557,0,0.7872643565825734,4.101799657055878,5.14713810991959,4.101799657055878,0.24561599740099907,0.35907505310028615,0.013203515625,0.11482766131576538,-0.004268690461403045,1.391,0.33911943934346345,0.6132714948269711
0.2846900724947461,0,0.8059342252171652,4.53428640781762,5.703664544402816,4.53428640781762,0.27902436445423634,0.33176667623575723,0.003551953124999998,0.1028152715196228,-0.11078387988240437,1.454,0.3206678778590475,0.6129147342133429
0.04983887372689555,0,0.8229579725640368,3.5754273721922982,4.522401425475795,3.5754273721922982,0.20280771057318972,0.3496534914907606,-0.011803125000000001,0.10439521045898437,-0.027828239563104464,1.156,0.32331799241420206,0.6125579735997146
0.149453562244795,0,0.7295112174542693,3.5308548143240497,4.487197046301612,3.5308548143240497,0.21245303467009702,0.30402058373860635,0.011726562500000001,0.1159462658569336,0.03508624355215204,1.203,0.34071069564221196,0.6122012129860863
-0.027607534872307937,0,0.847688775666244,3.73531211660615,4.708308527752459,3.73531211660615,0.20957003551620842,0.34365475422872144,0.003291015625,0.11108171257553101,0.0443849524925999,1.245,0.33330548054206216,0.6118444523724581
0.32179570556238435,0,0.8527963295641906,4.053756466354528,5.129011148595146,4.053756466354528,0.16898376855779101,0.36027701231895987,-0.0129453125,0.10926389232177733,-0.028456818587497552,1.341,0.33080428267708384,0.6114876917588298
0.19819954751694446,0,0.8349541538000862,3.5415370454338264,4.468633279975608,3.5415370454338264,0.2836103651331388,0.339964535329323,0.012128125000000002,0.10437964608398435,-0.08530272016155033,1.145,0.32330595030094944,0.6111309311452016
-0.11269657190847315,0,0.8229079790692709,3.740315391808914,4.65192733055238,3.740315391808914,0.18809801947721339,0.3563950637874414,0.0009964843749999993,0.1187642566282654,0.05172554692487712,1.289,0.3446233445507936,0.6107741705315733
-0.0048704107331678514,0,0.785871625458238,4.4153791599478085,5.5148753562326185,4.4153791599478085,0.29316027871662315,0.32182329596468545,0.0009058593749999997,0.11571796262191773,0.025378893241040684,1.502,0.3401746363312894,0.610417409917945
0.33566379042396743,0,0.8185232295345545,4.167981146255564,5.273372066701878,4.167981146255564,0.2362441510577482,0.33725944151127035,-0.006764843749999999,0.1072083142327881,-0.054811674902472,1.365,0.32749668295075907,0.6100606493043168
0.07501115960570948,0,0.8467260062076982,3.5712858469487836,4.492726803889151,3.5712858469487836,0.26267662992483204,0.34898868489752477,0.007694531249999997,0.10489926450134276,0.025680958165521572,1.157,0.3239729468836866,0.6097038886906886
0.22429991993853848,0,0.8413076916571122,4.504801435491134,5.6854867013137245,4.504801435491134,0.25299698154124195,0.3212399194144226,-0.01395546875,0.12313323473571777,0.05855245779052514,1.582,0.3511808506222257,0.6093471280770603
-0.05058241354399984,0,0.8065439592821331,3.604360535231721,4.499462748051159,3.604360535231721,0.26707229145706207,0.3549969329581412,0.01133984375,0.1072316157562256,0.08349079655623186,1.181,0.3276586757778588,0.608990367463432
0.17585356634878835,0,0.789528031791007,3.5636825993686476,4.525847837201883,3.5636825993686476,0.26301030493743016,0.28736389567567455,0.024012109375,0.12622515805648804,0.06227973741314731,1.269,0.3560923187224417,0.6086336068498038
0.32240703660510883,0,0.8038086246975541,3.984181410463858,5.069890442009822,3.984181410463858,0.2710525438164683,0.3385548909049351,0.006872656249999998,0.11340859784606934,0.034697338859815116,1.342,0.33683205199327454,0.6082768462361755
0.05172434816424554,0,0.7819021865522755,3.570940607822804,4.511247019798901,3.570940607822804,0.2431196274873852,0.3421922898301332,-0.011328515624999999,0.12064701590560914,-0.06674140244222057,1.241,0.3475274826137855,0.6079200856225473
0.3030490831036765,0,0.8045734320733503,4.056809466503577,5.150763247567023,4.056809466503577,0.25554751368068734,0.3682224838120696,0.007249218750000001,0.10453944414001463,-0.02303776557517344,1.312,0.3234068572440912,0.607563325008919
0.6104612211938631,0,0.8496172824268399,4.62472435026492,5.914114875883312,4.62472435026492,0.2911476064493192,0.32206473878098973,-0.017774218749999997,0.11655111464782715,-0.03923741109990011,1.581,0.34185821256772525,0.6072065643952907
-0.07768723982504788,0,0.8604842522850872,3.8661423646412616,4.7929634918291795,3.8661423646412616,0.30490974979244617,0.3281220985568716,0.002105859375,0.10978045637191772,-0.08754596949588374,1.281,0.33133803134506756,0.6068498037816625
0.11435113967080213,0,0.8356673969041403,3.8019871103199865,4.813102334131804,3.8019871103199865,0.2511451706558426,0.3000255547563462,-0.0008015625,0.12607937390380858,-0.08558372566295308,1.35,0.35507747944110735,0.6064930431680342
0.08971609098231648,0,0.8586711463717024,3.873123894067313,4.861695698730929,3.873123894067313,0.19556040195658805,0.286281259607741,0.011440625,0.13675844334960935,0.10916044194926466,1.433,0.36998558248937213,0.606136282554406
0.04377796386548427,0,0.8618702130643026,3.4436491702221352,4.325950209326985,3.4436491702221352,0.2843246022422101,0.3178423902641655,0.014844921875,0.12120926384140014,0.1154990580552886,1.2,0.34846755307614363,0.6057795219407778
0.12245154954189807,0,0.8658807924303097,3.3766800929705765,4.248481197250109,3.3766800929705765,0.2712412092919821,0.2979319099250466,0.014582031249999999,0.12169973467712403,-0.05678873476048669,1.179,0.3491595198652043,0.6054227613271495
0.21672097528624468,0,0.788098080442698,3.5744739274990094,4.548376437186131,3.5744739274990094,0.2017919960477331,0.3369315111408889,0.0049964843750000005,0.1124909870970154,-0.047572291988891825,1.199,0.33543397554977195,0.6050660007135212
0.23629316096944608,0,0.8041912763002163,4.586047750453782,5.7985057019268575,4.586047750453782,0.21905020250633883,0.3474646123792693,-0.0034582031249999977,0.11928605372177123,-0.12621905901645022,1.584,0.3453954442238997,0.604709240099893
0.14506608658122655,0,0.8314648383539672,3.7861761412488164,4.783813627522822,3.7861761412488164,0.2107118094177089,0.3103799253927167,0.021479296874999998,0.11706837457138061,0.08108871677040629,1.298,0.3428260998897619,0.6043524794862647
0.196659578515479,0,0.7972501243985176,3.9219138316158864,4.945286207402844,3.9219138316158864,0.2572856758897371,0.33383388252555135,0.01211328125,0.1169403379486084,0.039056135701638836,1.342,0.34217987891056656,0.6039957188726365
0.09315390969920534,0,0.7888037436243234,3.477957435062558,4.35932760588197,3.477957435062558,0.26634839881195693,0.3328701739905488,0.011585156249999997,0.1095783654046631,-0.05218538979295426,1.152,0.3312288955541168,0.6036389582590082
-0.02688619743487175,0,0.8530624951861951,3.5718794969485868,4.460483206299255,3.5718794969485868,0.2081833738845014,0.30124349973684084,0.015869921874999998,0.12796570065780638,-0.0082763205179065,1.279,0.3580747897829795,0.6032821976453799
0.4076114520504217,0,0.8475354560294825,3.9580884763089506,5.057957197520373,3.9580884763089506,0.27815529024420454,0.332522140695731,0.008244140625000002,0.12043631344223023,0.05572569217663121,1.374,0.34713726290456776,0.6029254370317517
-0.0073615554782735515,0,0.8480912120156344,3.53537404588397,4.440064226786999,3.53537404588397,0.2577766567506659,0.3211645688482158,-0.0098609375,0.1255148408178711,-0.1548185104549905,1.253,0.3544179438265648,0.6025686764181234
0.07085722035103759,0,0.8041604688652217,3.778712845232132,4.792118596029711,3.778712845232132,0.3048673352061773,0.3217584478384021,0.0024472656250000007,0.1143802886253357,0.019631047499694954,1.278,0.3382104045329993,0.6022119158044952
-0.1540029175098887,0,0.863697397896435,3.6235812538211167,4.490924562364069,3.6235812538211167,0.2524891864022081,0.31559443027114265,-0.014186328124999998,0.12302357426620483,-0.11403123404661042,1.272,0.351033938774978,0.601855155190867
0.07161373083564904,0,0.8446839918290739,3.786420049819907,4.731963420997784,3.786420049819907,0.2903418490653303,0.3646844300589816,0.004123828124999998,0.10294926240097046,0.0032282484170243863,1.215,0.32088357446178983,0.6014983945772386
0.10301177590038879,0,0.8230687156287891,3.3501702332920815,4.2233278393192535,3.3501702332920815,0.23447952371723377,0.35530131906305784,-0.001154296875,0.10315378830184936,-0.02177838583536595,1.076,0.3211777089138115,0.6011416339636104
0.03905795277831903,0,0.8464296264896954,4.017960752556118,5.027862193995246,4.017960752556118,0.2919939325033826,0.322335074150653,-0.00256640625,0.11321832840270996,0.022886458741106702,1.352,0.33648910063143206,0.6007848733499822
0.33379337064312864,0,0.8511994568977843,4.192662672331358,5.3244745093651655,4.192662672331358,0.27222499234885883,0.3125217497689803,0.012836718750000004,0.1194420983392334,0.12979797751309272,1.45,0.3458422757377993,0.6004281127363539
0.7907591677938464,0,0.8469549950784695,5.326377524372648,6.850820153775368,5.326377524372648,0.2861481950552221,0.3016588972128564,0.01799921875,0.13110788906188967,0.23517993709057705,1.931,0.36253532370998004,0.6000713521227257
0.07688760410127049,0,0.8270859493002846,4.023408182514591,5.04292023348607,4.023408182514591,0.25573578075709086,0.3428645088723193,0.0064390625,0.10939648144287109,-0.01937638776793966,1.331,0.3308140610203109,0.5997145915090974
0.24920280168038111,0,0.8774374719856798,4.188523768318369,5.297011187603901,4.188523768318369,0.2205238365835808,0.29692727996943924,0.001987109374999998,0.12066735881820678,0.0608589049737283,1.455,0.3473777589625954,0.5993578308954691
-0.02533114601950004,0,0.8604135410867841,3.8829085271517787,4.8908820994564275,3.8829085271517787,0.2396415503233372,0.3020239713016802,0.010136328124999996,0.12077691149276734,0.021884395407171957,1.35,0.3476775181696754,0.5990010702818409
0.13729875579304984,0,0.8435592943956784,3.942226308119736,4.959717081435743,3.942226308119736,0.24437351746904926,0.30975053680019143,-3.8281250000001334e-05,0.1195387204095459,-0.0009736947983508571,1.363,0.34574372282805077,0.5986443096682126
0.19279599401082503,0,0.812948869902879,3.927032620271658,4.950401125515727,3.927032620271658,0.26508576427975505,0.3228718695596586,0.020111328125,0.11343759268417357,-0.028543566809690994,1.325,0.3374048876396502,0.5982875490545844
0.12508436640559495,0,0.8724445458593364,3.6997874268665996,4.6584525655995295,3.6997874268665996,0.3249932591484646,0.31922257472684157,-0.012442968750000002,0.11454125846618654,0.05223313238006989,1.253,0.33866810587579693,0.5979307884409562
0.059172142532066374,0,0.8632391909070471,3.654997451674082,4.581202377252221,3.654997451674082,0.18814475652864485,0.29847423652346594,-0.007598046875,0.13235481226181028,-0.027025724347442836,1.33,0.3638853426261149,0.5975740278273278
0.2696086347013238,0,0.8852594720254943,4.070232532444501,5.137071321618026,4.070232532444501,0.22049027490849024,0.2852983003125549,-0.002850781250000002,0.12550584648376467,-0.09996960858692183,1.442,0.3542795131495751,0.5972172672136996
0.031046753444893938,0,0.8663466273398834,3.478679259497601,4.386349248539879,3.478679259497601,0.3131685939651128,0.31327394375321993,0.007405078124999996,0.11874329098983764,-0.04819256063762895,1.199,0.34467104051816566,0.5968605066000714
0.0894441920204403,0,0.8726458047488738,4.135320404159505,5.211316477364732,4.135320404159505,0.28990372843369416,0.29532311159855634,-0.0009464843750000007,0.1308705373704529,0.15976751464840835,1.496,0.3617615695497865,0.5965037459864431
0.09398698889004642,0,0.8468006264579567,4.026424505379563,5.078896703579202,4.026424505379563,0.24175126293731633,0.3102056414655,-0.0031804687499999993,0.12436616586853026,0.04399255086122455,1.42,0.35267021599505677,0.5961469853728149
0.30603190188929563,0,0.8629336169540212,4.562373108679702,5.729895490033662,4.562373108679702,0.25183156061896766,0.28959765671985854,0.008721484375000001,0.13087606031967164,-0.039059506519308694,1.651,0.3618730780389376,0.5957902247591866
-0.04180421748501617,0,0.8396657958271398,3.2767136553923666,4.133051773973731,3.2767136553923666,0.2711032513030688,0.3408898087611607,0.00044921874999999807,0.10823300835876463,0.03179313762143337,1.078,0.3289881611186792,0.5954334641455583
0.06826971302461704,0,0.8501217981249297,3.9222662356731504,4.901372521835574,3.9222662356731504,0.30250882503182214,0.31039356080427083,-0.0016906250000000005,0.12396617616210936,0.05084515791983042,1.381,0.352092366254936,0.5950767035319301
0.39508988614672136,0,0.8687410904248062,4.236547816082676,5.369435675821673,4.236547816082676,0.27182886077528406,0.2968538300444307,-0.0035945312500000014,0.12384707543884277,0.13722453579159768,1.491,0.35193748890072796,0.5947199429183018
0.6606702801091711,0,0.8697014696938529,4.407517941020584,5.666334249507455,4.407517941020584,0.25814187769707186,0.3204581859838869,-0.008388671875,0.12312445088729858,0.06696695014260162,1.547,0.35099119747242236,0.5943631823046736
0.6108276320052859,0,0.897116434995489,6.0138221735558375,7.609465719256325,6.0138221735558375,0.25061580237799647,0.31452408593155085,0.0071476562499999995,0.14230230554138185,-0.053934541941854174,2.269,0.37729748810620245,0.5940064216910453
0.10370658211698025,0,0.8947701904940772,3.6460230870290515,4.587553016532502,3.6460230870290515,0.25947425681497155,0.29013323024812965,-0.0017468749999999997,0.13206352733398438,0.10719847497350599,1.325,0.3634096571450049,0.593649661077417
0.223928138428525,0,0.9120820415141881,3.568711923439395,4.516931628133058,3.568711923439395,0.28309026373475366,0.29432370832131655,0.003213281250000001,0.12964288419860842,-0.045210189827826576,1.285,0.36007389432587306,0.5932929004637888
-0.002635356531798916,0,0.908351869110841,3.502567762421435,4.390319035890082,3.502567762421435,0.30086687687467456,0.273016079382115,-0.007144921874999997,0.14305522079452512,-0.017661305977886285,1.325,0.37829389461518537,0.5929361398501606
0.345130802820254,0,0.951723037564435,3.8892536626726693,4.945276342371667,3.8892536626726693,0.2502535869079132,0.2916536067541517,0.018100390625,0.1286933371873474,-0.17029065668872032,1.397,0.3591948793177946,0.5925793792365323
0.3130724115412207,0,0.9519722320862575,4.436568937737746,5.624470743747031,4.436568937737746,0.22134024195787871,0.290867878055937,-0.006228906249999997,0.1471330147894287,0.03333606932203781,1.702,0.38362978776745166,0.592222618622904
0.4505092237078383,0,0.9107467562596776,4.753266621152965,6.06136023429873,4.753266621152965,0.20195566772572532,0.27690822344167965,7.812500000001222e-06,0.14644719134521483,0.07876955432251836,1.819,0.3826841927833576,0.5918658580092758
0.25063280999448523,0,0.916588154103377,3.762570936140086,4.776814574026019,3.762570936140086,0.29154413674174945,0.29355759907033646,0.012789453125,0.14287079981063844,-0.2729277366265387,1.423,0.37819884970987816,0.5915090973956475
0.1405997206008971,0,0.9758664627740811,3.8735022897372895,4.885659043936261,3.8735022897372895,0.23333023154972315,0.2315053238641105,0.01298125,0.1710928558984375,0.02605088649550072,1.603,0.41383736992929965,0.5911523367820193
0.0597390004339986,0,0.9387442090650531,3.923940085145112,4.934847478800827,3.923940085145112,0.28306713456353805,0.27965050144061915,0.02184453125,0.13967467348571777,-0.009734099470821841,1.469,0.3743686111725314,0.590795576168391
0.07762557442963391,0,0.8963809413498328,3.610210464192734,4.54820073205857,3.610210464192734,0.2341734516984338,0.273461886910257,-0.010694140625,0.14557685996566772,-0.06314622611821526,1.378,0.3816951985673582,0.5904388155547627
0.021195321561016556,0,0.8852201163234089,3.247048340612362,4.07084101873783,3.247048340612362,0.28743894268217707,0.2812576373287825,-0.0033007812500000016,0.14535541968688964,-0.024929195960632117,1.238,0.38126934684517977,0.5900820549411345
0.35581690008753686,0,0.8970656082155198,4.305284471620057,5.458471760797342,4.305284471620057,0.26506716915334666,0.27391365545928337,0.01491796875,0.14541435264587405,0.012408383056560293,1.643,0.38162402759456854,0.5897252943275062
0.10986400566504351,0,0.8914758185655888,4.024057649758771,5.070188910269911,4.024057649758771,0.2791960448084496,0.31107002433322634,0.015490234374999998,0.14131444912338256,-0.09679887008529453,1.514,0.37623715457723605,0.589368533713878
0.17703408207521143,0,0.8955806350683493,4.577441153227657,5.777654323625563,4.577441153227657,0.23476093119893346,0.3313539114746963,-0.004355468750000001,0.13629107754821776,0.06641167579535912,1.69,0.36920190635511346,0.5890117731002498
0.20973392474282715,0,0.9302962955322696,3.8021843456680333,4.77044078807284,3.8021843456680333,0.3211100184118226,0.3014562745076722,0.0026644531249999997,0.13731981045516967,-0.3024426093102746,1.409,0.37057645603252376,0.5886550124866214
0.2765934876836891,0,0.9209406547197716,3.897087243978573,4.9463958776382695,3.897087243978573,0.23954627316201077,0.302099968655517,0.008653515625,0.1310163865892029,0.0721251689232631,1.411,0.362065284060589,0.5882982518729932
0.20609823138370453,0,0.9183888951124176,3.986391182446236,5.047873972428824,3.986391182446236,0.23828650802075954,0.27960102361455785,-0.0012242187499999966,0.13989133253845215,0.16591668718777405,1.491,0.3740225009942584,0.587941491259365
0.2769548071538841,0,0.9154646778356569,3.981091308544421,5.043067831007516,3.981091308544421,0.29119214304633956,0.28886637322949504,0.004092578124999999,0.14006071135116577,-0.03293519266007765,1.49,0.3742692353732471,0.5875847306457367
-0.10649454029960737,0,0.8569896395331433,3.341205329203748,4.1537548976057925,3.341205329203748,0.26919558239402314,0.30726459315994864,-0.006678124999999998,0.13328093624023435,0.018099750819060203,1.22,0.36513769128063184,0.5872279700321085
0.40771391677049307,0,0.8822201842824572,5.445144916553443,6.914056532211032,5.445144916553443,0.2741064468731678,0.311213327488333,-0.004485546874999999,0.13937766463485718,-0.056030302840693116,2.033,0.37336012744483704,0.5868712094184803
0.49660110909902855,0,0.8782450398955897,4.353818913046658,5.544454021847579,4.353818913046658,0.24423536714299054,0.2646544162854619,-0.0020894531250000015,0.15084604317001343,0.03129575437038121,1.691,0.3883946562253078,0.5865144488048519
0.828991788157825,0,0.9242107598780513,4.390303374285578,5.593457451876069,4.390303374285578,0.23427523194812602,0.25390550514604454,0.002979687499999999,0.15760908474365234,-0.003790363545371675,1.743,0.3970112886068229,0.5861576881912237
0.4997738872487898,0,0.8847944712863416,4.312772368035011,5.503633525053271,4.312772368035011,0.30544005804144914,0.2601144163252295,0.0048875,0.15371160453125,-0.2372529372052298,1.691,0.392091178410711,0.5858009275775954
0.15619376317190437,0,0.874274754861759,3.981738338255176,5.037375819029557,3.981738338255176,0.27828572140387187,0.3094917061681007,-0.006100390625,0.1302098973435974,0.029747892457240074,1.437,0.360897647691662,0.5854441669639672
-0.0007074344123054743,0,0.8810285902575516,3.9799130776330838,4.992199687987519,3.9799130776330838,0.2534467573607365,0.3033076196455309,0.00818828125,0.12544662861267092,-0.00912687249124488,1.41,0.35427909416517933,0.585087406350339
0.1817807014428814,0,0.8659806325941337,4.512106392302632,5.688791702093268,4.512106392302632,0.24516526242489048,0.31222461479637204,0.00045039062500000016,0.1404519991014099,0.08933001280605422,1.691,0.37476953178336814,0.5847306457367106
0.46918985630110166,0,0.9097511064361323,4.39625996803542,5.594524870477368,4.39625996803542,0.25679128330525,0.28815696400147783,-0.003791406250000002,0.13914772211364745,0.14449175015577503,1.64,0.37304436314599365,0.5843738851230824
0.2715833857399961,0,0.8984651192242115,4.608045996196196,5.798724369234969,4.608045996196196,0.19387602282398692,0.29016451067475885,0.017715234375,0.14539909273666382,-0.2110122479769758,1.759,0.38172362026160367,0.5840171245094542
0.3429623847969001,0,0.860024969833804,4.453444643183308,5.639248082181196,4.453444643183308,0.2763383402308755,0.3047440808384559,0.004434765624999998,0.1331221910569763,-0.17547903397648643,1.625,0.36488608935272526,0.5836603638958259
0.1360685778103785,0,0.923427353642402,3.7646940455611504,4.778755369500082,3.7646940455611504,0.2533818481341933,0.264910925934815,0.002855078125000005,0.14854280438827513,0.1806260231430016,1.451,0.38542308682715803,0.5833036032821977
0.7129538509540065,0,0.9135947000634221,4.363049924618499,5.592543481937775,4.363049924618499,0.28526528637280707,0.2725849972070479,-0.0018980468750000035,0.15038687983993532,0.10973388349427632,1.692,0.387802117608807,0.5829468426685694
-0.0008451552692809727,0,0.9106234714469387,3.8366577446128187,4.800900168781646,3.8366577446128187,0.2447403491454946,0.28176512270230947,0.0012562500000000017,0.14086853589843748,-0.011687692865570538,1.44,0.3753266764599873,0.5825900820549411
0.19935434457893653,0,0.8964801251502877,4.045593089696616,5.12858466273482,4.045593089696616,0.20948243812684889,0.28095638328543054,0.015678124999999998,0.15035764170898439,-0.035575987657359365,1.57,0.3880765972234089,0.5822333214413129
0.2850694860217562,0,0.8663540041094736,3.8688191754458776,4.911643265816754,3.8688191754458776,0.23615859406866463,0.28462020398295357,-0.0068253906249999986,0.15148148005844114,-0.08225358397313513,1.506,0.3892660607035052,0.5818765608276846
0.25233969211232976,0,0.8927004426166054,3.5870600496211376,4.556475390169081,3.5870600496211376,0.28449457078364926,0.2957322050076652,-0.007239453125000001,0.13393134930282594,0.20232704532684054,1.313,0.36603792014540654,0.5815198002140564
0.07939261556959121,0,0.8989399733258674,3.694430244489485,4.652512917336618,3.694430244489485,0.31168154654524166,0.271880397458961,0.007446093749999996,0.1518698345941162,-0.013413850033286054,1.44,0.3897759342317712,0.5811630396004281
0.14256132492641083,0,0.9131067131407279,3.4492991809200535,4.3711006855189956,3.4492991809200535,0.3117559218168585,0.28481781368780673,0.0027746093750000015,0.13769999646469117,-0.05987356507266796,1.28,0.37108987445344693,0.5808062789867998
-0.07516618364865923,0,0.9454849347259884,3.263349690350239,4.106453959415055,3.263349690350239,0.2217168899229038,0.2725097138296425,0.006968749999999998,0.1535594458984375,0.07798940658396035,1.279,0.39192857687976773,0.5804495183731716
0.08753400136347977,0,0.8616986211519035,3.9114326880306294,4.90187953766925,3.9114326880306294,0.2421206409642323,0.27580490477157754,0.001699218750000002,0.14471897437438966,0.03957868615035628,1.488,0.38042326653183295,0.5800927577595434
0.0758256485506763,0,0.879393474845157,3.624101812359263,4.547298241461919,3.624101812359263,0.32231754896680825,0.2606223313939537,0.013183984374999999,0.15141014232162475,-0.0976634755347239,1.411,0.3893378478463467,0.5797359971459151
0.5503248915666847,0,0.89772246733586,4.261397621039485,5.437540260316152,4.261397621039485,0.22055786678257186,0.282638625989026,0.007241796874999998,0.14428851301864626,0.19035729761197775,1.619,0.3799223034261413,0.5793792365322868
0.16876375436277558,0,0.8868769972701047,4.814849051747746,6.065243891152649,4.814849051747746,0.21963216738482755,0.2829164902042021,-0.006888281249999999,0.1384719695501709,-0.016965733006883515,1.792,0.37218196889257005,0.5790224759186586
0.6520581105734777,0,0.9037174425021695,5.527091197584337,6.981908633169696,5.527091197584337,0.24427939589704795,0.30662775150610333,0.014969140625000005,0.13533717521957395,-0.15622931542838497,2.035,0.3681864342838082,0.5786657153050303
0.1776923622599096,0,0.900527006371276,4.0115651654301505,5.065417541592634,4.0115651654301505,0.21427601106846014,0.289356465027443,-0.002045312500000001,0.14337557529052733,0.06614351551196489,1.519,0.37865519749998156,0.5783089546914021
0.2053316093792561,0,0.9405294225986397,4.080438976578707,5.141904395463457,4.080438976578707,0.24948675465191583,0.23504597230966806,-0.0417484375,0.18303300077880857,0.17214698719284624,1.754,0.42985571162019004,0.5779521940777738
0.4965260274133114,0,0.8943932227308674,4.67045808645543,5.920746331163073,4.67045808645543,0.3404450056711147,0.27827525181574225,0.0007058593749999974,0.15503976621566773,-0.04061962857159872,1.839,0.3937515262867244,0.5775954334641455
0.0329790122200051,0,0.9373487494985925,3.341796434249432,4.223936539414972,3.341796434249432,0.24497727187546708,0.28168930523837304,-0.015425390624999999,0.13922832802719115,0.03642426488025418,1.248,0.37345183183795605,0.5772386728505173
-0.010934942248619794,0,0.935291749145158,3.5752287893481447,4.482729038932202,3.5752287893481447,0.2836152663326685,0.27460316699974385,-0.0029054687499999996,0.15071168637634277,0.1006369309915561,1.388,0.38822690288670103,0.576881912236889
0.10181691048324737,0,0.9107411616686731,3.682357670430009,4.647482887682504,3.682357670430009,0.34603909044621917,0.29853637059882343,0.005966796875,0.13357415631942748,0.05343757036760011,1.346,0.3655266871028366,0.5765251516232608
0.1386634259856856,0,0.8853859342030245,3.470265267086154,4.370317769351909,3.470265267086154,0.2782512192001443,0.26710718950532897,-0.01883125,0.1406273246484375,0.09250373970358164,1.303,0.37547561921514955,0.5761683910096326
0.7040328535490068,0,0.857709183369105,5.173024079043493,6.582481967975971,5.173024079043493,0.2593363882740816,0.2989507673023769,-0.004682812499999999,0.14134577751708982,0.09672157863991507,1.945,0.3759889709153714,0.5758116303960042
0.16429632796535287,0,0.9135749095774176,3.9663131539523135,5.031040712047945,3.9663131539523135,0.259318033892154,0.2927380180794823,0.0010363281250000001,0.14977510922714235,0.06240433862503113,1.535,0.3870092805129161,0.575454869782376
0.09195434110656153,0,0.8744025257724005,3.3146063658031633,4.167934358833626,3.3146063658031633,0.22093232637665192,0.2938479454793428,0.002946484375000001,0.1385923295579529,0.07043323292923469,1.234,0.37229156762962684,0.5750981091687478
0.24858185905643326,0,0.884950866764453,3.9541562966754658,5.002908361605416,3.9541562966754658,0.2974961296679078,0.3172391351220858,-0.007250000000000002,0.14098839375,-0.11922625737090592,1.485,0.3755541988182265,0.5747413485551195
0.47385452530218064,0,0.9308010634254023,4.5339266865025145,5.761233140655105,4.5339266865025145,0.3121230999362006,0.24743268233706328,-0.0011535156250000035,0.1752427791673279,0.029526924871646328,1.898,0.4186216785662503,0.5743845879414913
0.3031373001179012,0,0.9231384595750324,3.740728542415753,4.780145601961305,3.740728542415753,0.24996278404245562,0.2599110083176638,0.013932421875000003,0.15486350519882203,-0.07933203515460073,1.473,0.3937735612990352,0.574027827327863
0.4119512633662783,0,0.9359975460804476,3.973134645198351,5.102695492121313,3.973134645198351,0.269942341002685,0.25689746657149304,0.030797265625000004,0.15203181241439817,-0.060468799599818046,1.554,0.3911269410106839,0.5736710667142347
0.004730929001719009,0,0.9478690121166199,3.772952171663402,4.740120074064377,3.772952171663402,0.24525236619271965,0.2549098242054733,0.005482421875000001,0.15488381453475952,0.010138208990074244,1.485,0.3935909951769413,0.5733143061006065
0.30116380499055406,0,0.912092193808512,3.950267401506727,5.003857485333788,3.950267401506727,0.24724669346930794,0.27357535977042413,-0.00801015625,0.14605289052185058,-0.08726863284911876,1.51,0.38225260381716175,0.5729575454869782
0.18864952027218473,0,0.9231100686090495,3.981455186383968,5.026037769350768,3.981455186383968,0.255143377456173,0.2603073737840703,0.01543046875,0.15092933735290529,0.11264005048979343,1.548,0.38880256778826705,0.57260078487335
-0.0035252675280550427,0,0.9536307772068418,3.4553623957464543,4.332078559303349,3.4553623957464543,0.3373818326557578,0.2857285738557793,0.0052812499999999995,0.1359134810546875,0.029345515987870347,1.274,0.3687022818701425,0.5722440242597218
0.27234584379267046,0,0.9346343089757795,4.101921026081032,5.193237633729673,4.101921026081032,0.2881585582991563,0.25196156593378866,-0.008146875000000005,0.15208132295898436,-0.08598332536994725,1.6,0.3900611420421804,0.5718872636460934
0.14429533259228355,0,0.889831491983202,3.5974149574774232,4.555801490407483,3.5974149574774232,0.3316399203247776,0.25920508462903874,0.003273046875000002,0.15209105786727908,-0.10127242345995294,1.403,0.3900022701256045,0.5715305030324652
0.3640328308585996,0,0.9114686565300397,5.369622280400358,6.786501841178247,5.369622280400358,0.2367260158267788,0.32790418536408594,0.011685546875000003,0.13748650307235719,-0.1514048772819969,1.992,0.3709758146808563,0.571173742418837
0.49364755751246037,0,0.894604523945718,5.0015683295620965,6.342206265681673,5.0015683295620965,0.2224351819007626,0.2858180257903506,0.004363671875000001,0.14111804469589234,-0.07471306432210555,1.879,0.37568216131209237,0.5708169818052087
0.13231410393671217,0,0.8923797171299384,4.520176655099647,5.727113915875233,4.520176655099647,0.24333597536901208,0.27835776875062285,0.016833984375,0.14535216111068724,0.05592825911914631,1.725,0.38162225320416654,0.5704602211915805
0.2881238022816728,0,0.9173563551143757,4.332267022878988,5.490944561259011,4.332267022878988,0.2696727425139014,0.28384602741320303,0.0017839843749999974,0.14069105060287473,0.1253752977736988,1.625,0.3750922995785504,0.5701034605779522
0.13718002359985437,0,0.8764684682923068,3.675385318967564,4.654658882907862,3.675385318967564,0.27613468990156403,0.30614812068076047,-0.0023039062500000013,0.1335146763909912,-0.08499914934381118,1.343,0.36540386475104497,0.5697466999643239
0.17222588844706133,0,0.8567019602250369,3.721252641081396,4.707575734771979,3.721252641081396,0.24785094794603435,0.3030957205804017,-0.006586328125000001,0.13039945426620486,-0.02175819497861345,1.344,0.3611687057101916,0.5693899393506957
0.344293674886345,0,0.8781655166662954,4.986729135399566,6.347031712031189,4.986729135399566,0.258350240229423,0.3301873378898302,0.0024343750000000025,0.1304295917871094,0.12554841989508084,1.801,0.3611585773157686,0.5690331787370674
0.11207975837719619,0,0.8964537474412334,3.6411104240299883,4.573317453758841,3.6411104240299883,0.2065689570729665,0.26025972680293463,0.015510937499999999,0.1627516662866211,0.0500330897309001,1.47,0.4037229934853228,0.5686764181234392
0.8214220391356295,0,0.9256998140004138,4.729253602663891,6.072750500116082,4.729253602663891,0.23606270856595252,0.24433538667546534,0.014908984374999998,0.17364930773178103,0.20956517797698487,1.972,0.41697911883795213,0.568319657509811
0.4272397841829738,0,0.8785902933345626,4.032720975064129,5.108483846367071,4.032720975064129,0.15808811380033203,0.3146745480182025,-0.006676953124999998,0.12870348431259154,-0.06619833727624776,1.447,0.3588148074085363,0.5679628968961826
0.3878023287297032,0,0.9164941361523867,3.9825013924672565,5.058397269710722,3.9825013924672565,0.1865342591509191,0.314345946280531,0.0024296875000000004,0.14242560989990233,-0.04526083105963458,1.503,0.3774009979865581,0.5676061362825544
0.4141152522183429,0,0.8742490630131102,4.58767201425833,5.8197478348524125,4.58767201425833,0.3224537686644579,0.3065273147459158,0.020345312499999997,0.14064020654052733,0.11019541034527945,1.723,0.3755717485131836,0.5672493756689262
0.030472382271719667,0,0.919411347128219,3.789348641472559,4.7681290908710405,3.789348641472559,0.23403472586469565,0.2603746665843388,0.003880078125000001,0.15940711882186892,0.040690387985327627,1.513,0.3992770639895623,0.5668926150552979
0.46913833960513385,0,0.8901371538956696,4.382933173268894,5.5887112226418365,4.382933173268894,0.27986986410813713,0.2669192396441936,0.010362109375000003,0.16224240520492555,0.20918743244732196,1.766,0.4029265175135846,0.5665358544416697
0.3228447960844645,0,0.8899046339694622,4.426007350817788,5.588241752422187,4.426007350817788,0.2785528196294485,0.29593148307425915,-0.020211328125,0.14538869010604857,-0.003117279623012574,1.69,0.38183397948666775,0.5661790938280414
0.24571066162589794,0,0.898581858689568,3.7369883976125786,4.740405966308092,3.7369883976125786,0.19544666459041296,0.26927906750072955,0.01673515625,0.14329631735778808,0.011872468401004815,1.416,0.37891474346150744,0.5658223332144131
0.3438970298483719,0,0.8938431312519927,4.3324412779055,5.527959568378664,4.3324412779055,0.30794160708141366,0.27857234925216595,-0.0015769531249999996,0.15834426282821654,-0.21944998364561305,1.724,0.3979280708989691,0.5654655726007849
0.21767304036717627,0,0.928934398745882,3.8578986997892057,4.883914920938996,3.8578986997892057,0.20684455084410924,0.28081786157406735,-0.01299765625,0.14109599296325684,0.20084674532052674,1.45,0.37585227421322065,0.5651088119871566
0.25463195048282783,0,0.921827964360602,3.6240785729502814,4.569384090620849,3.6240785729502814,0.2779324472930049,0.2937178024745019,0.005034765625,0.13607762183822633,0.12217681040735878,1.337,0.3689213611369298,0.5647520513735284
0.04134828108489064,0,0.8847493741593571,3.62270785701405,4.544409517705822,3.62270785701405,0.32251276109160426,0.2939496832019639,0.019563281249999998,0.1481096725579834,0.09328680657876182,1.396,0.38534710915128195,0.5643952907599001
0.2456907531151642,0,0.9127619886090297,4.017271544279728,5.1085146941218476,4.017271544279728,0.26242267125801155,0.2705026107297219,0.004363281249999998,0.1560409164642334,-0.06170473806431759,1.587,0.39504424396198967,0.5640385301462718
-0.016019090657100055,0,0.8874317600094547,3.6800117188468735,4.608740171594893,3.6800117188468735,0.2790984817828536,0.27700932503686526,0.0021621093750000013,0.14389918192367554,-0.05591608181743061,1.396,0.3793466180693127,0.5636817695326436
0.3412504541014765,0,0.8833156076428637,3.8130855485543673,4.8533307949804065,3.8130855485543673,0.26689682012788507,0.2764076505471516,0.01673203125,0.14115123209899902,-0.017996207548494726,1.434,0.3760733877433366,0.5633250089190154
0.12471426567827626,0,0.9150461244044414,4.657377730674554,5.854345816792155,4.657377730674554,0.34690138933610337,0.2733517037332281,-0.008512500000000001,0.13742723734375,-0.1558971451617298,1.727,0.37080951983464505,0.562968248305387
0.3185247882492397,0,0.9657138960463411,4.6471352714515834,5.831616954662412,4.6471352714515834,0.26614877674428855,0.24397994646399546,0.015121484375000003,0.16675704813217163,-0.0449938524968287,1.899,0.4086388471766665,0.5626114876917588
0.67689250455062,0,0.8798725488318445,4.6379411514159505,5.926849283762868,4.6379411514159505,0.2477497362088062,0.2809949731225301,-0.023134374999999995,0.14725724053710937,0.08902939128089277,1.783,0.3844378231180564,0.5622547270781306
-0.0296983386256211,0,0.9141272761410582,3.2828301166836655,4.112684264872638,3.2828301166836655,0.3514838120638175,0.281720839451367,-0.0006042968749999982,0.14919031334091187,-0.029715789861693803,1.268,0.38625209192394677,0.5618979664645023
0.4065010205391886,0,0.8964666345368493,4.441885837009781,5.649995396767143,4.441885837009781,0.2366627908152842,0.2621259924897664,0.005240234375000001,0.15519026455307008,0.11696506794277935,1.75,0.39397680719729555,0.5615412058508741
0.2497700590687617,0,0.934201724394163,4.399462401930246,5.530775289749071,4.399462401930246,0.22296419426417968,0.28622581128045194,-0.006144140625000001,0.13756942727035523,0.09910774121351479,1.632,0.37095441463119827,0.5611844452372458
-0.13670858393187135,0,0.9023539355990285,3.5364744946525106,4.38065762862707,3.5364744946525106,0.22098211058912628,0.29151109391137753,0.006969531249999999,0.14980456157165525,-0.03140958909154006,1.369,0.3871086874993895,0.5608276846236175
0.043836117638313965,0,0.8842789514643794,3.6344296838065557,4.566943761921182,3.6344296838065557,0.3026497255767205,0.2758759896978973,0.022501171874999996,0.1483007398423767,-0.03599207172381204,1.402,0.385755158848362,0.5604709240099893
0.46275467355163524,0,0.8920163058526517,3.8874959910240907,4.995102194717754,3.8874959910240907,0.2334172608440267,0.2926690411130993,-0.0031753906250000007,0.14492833681625367,-0.12076071822958233,1.48,0.3807077881024697,0.560114163396361
-0.03128051488821404,0,0.8706457612719409,3.136176039103875,3.953453485631014,3.136176039103875,0.2841374295640799,0.30832575341660506,-0.001546875000000001,0.13516058452148438,0.0728116877163324,1.153,0.3676451785944567,0.5597574027827328
0.17291938455079725,0,0.879486720368536,4.335646040477021,5.461401958279406,4.335646040477021,0.27469694954071383,0.3053910714020297,-0.001333203124999999,0.12420321983505249,-0.0722531735277941,1.528,0.3524272935878051,0.5594006421691046
1.007732669554489,0,0.8985522256445542,4.905607928148606,6.336546768509249,4.905607928148606,0.251234874911526,0.2699763154526858,0.007976562500000003,0.1353208111694336,-0.13662444708594573,1.805,0.36794624161519845,0.5590438815554762
0.48496925389718504,0,0.8931818823051872,4.551396384649135,5.795230559232082,4.551396384649135,0.2549215246855631,0.2807117420981049,0.004860937499999999,0.1474768861303711,0.2287496268650168,1.748,0.38405795766231693,0.558687120941848
0.14336249849994598,0,0.880271842667634,3.635445989413807,4.604227183624354,3.635445989413807,0.27067429820736416,0.2943455411273384,-0.012648046875000003,0.1460288624571228,-0.001120779666481402,1.39,0.3823464862488931,0.5583303603282198
0.21388775002783733,0,0.8516270528407411,4.257140055227189,5.353213928538958,4.257140055227189,0.21599155875382156,0.309861430767554,0.007287890624999999,0.13097648235336304,-0.0767340675675997,1.541,0.36198010401557296,0.5579735997145915
0.11694534616537666,0,0.8760823874025092,3.9049110068650856,4.908990127488727,3.9049110068650856,0.17408077860954962,0.29193095195325,-0.0020441406249999995,0.1300076984422302,-0.06047564832261933,1.408,0.36057159754080054,0.5576168391009633
0.4866127560745097,0,0.8556216637671952,3.9298961258759757,5.031939414741881,3.9298961258759757,0.274100248597485,0.3033374905977253,0.020550390624999998,0.1509522185545349,-0.17288460315372245,1.529,0.3890688076797921,0.557260078487335
0.2603554864039661,0,0.8937985302507506,3.769141975928827,4.770533270075326,3.769141975928827,0.2022344833003212,0.2799347614241007,-0.005234375000000001,0.15187288959960937,0.005540944931485509,1.469,0.3897438752325045,0.5569033178737067
1.6129162435570006,0,0.8651131756911532,5.733418085226584,7.359805846617804,5.733418085226584,0.1987336069194814,0.3313889099125982,0.0074523437500000015,0.15340343288513184,0.03555143437368739,2.246,0.3917383952493041,0.5565465572600785
0.026954238010975295,0,0.9051976491013566,3.773161117263313,4.746465843164753,3.773161117263313,0.19877250099926852,0.27150164052389875,0.012661328124999996,0.14895025131698608,-0.020775097724590477,1.457,0.38614836597721736,0.5561897966464502
-0.07669990694701001,0,0.9048846212204769,3.523578772262843,4.419124114149399,3.523578772262843,0.22810494946108545,0.305303416738772,0.008745703125,0.12820108728622434,-0.02023464075442654,1.262,0.35815858862991823,0.555833036032822
0.5060269263336599,0,0.8951595410974849,4.358446439263198,5.513212215151198,4.358446439263198,0.24836548566826513,0.27771828776394913,-0.00018203124999999903,0.15828314420837403,0.23260544955654483,1.734,0.397848183788427,0.5554762754191938
0.3032881986902245,0,0.9383469601008276,4.375065409793082,5.536336096957577,4.375065409793082,0.2758665987090249,0.23746549390409452,0.015731640624999998,0.17547590103012084,0.19499234271081892,1.834,0.41919373271421295,0.5551195148055654
0.382706019856939,0,0.9002753613418029,5.108533697663856,6.429155472491531,5.108533697663856,0.22234063864431147,0.28620585546540794,0.0021117187499999994,0.1371625718939209,-0.11373205602931111,1.892,0.3703606772458437,0.5547627541919372
0.5723321709863782,0,0.9193902878123451,4.596640070949858,5.890406802821807,4.596640070949858,0.2432221667062504,0.2501387152958232,2.0703124999996507e-05,0.1701357843370056,-0.16250461303683708,1.896,0.4124751929093737,0.554405993578309
0.21503554985656992,0,0.9461605786124038,4.066637432339385,5.151311528301018,4.066637432339385,0.21390077766090135,0.2685986194602368,0.0110640625,0.1663038505834961,-0.05223937405872438,1.659,0.40795375235742104,0.5540492329646807
0.46605358597252833,0,0.941736383603094,4.0568711472792724,5.186565074355734,4.0568711472792724,0.250713240735916,0.25830265133336777,0.019840624999999997,0.16784439569335935,0.17672323187979233,1.664,0.410168314346379,0.5536924723510525
0.6720158474500404,0,0.9496328909590622,4.841182978875691,6.165842589676965,4.841182978875691,0.27753986971085914,0.2513642804082333,0.022978125,0.1708252924902344,-0.007979598143415124,2.004,0.4139484106972148,0.5533357117374242
0.02265002745549527,0,0.936899072606249,3.482929100876237,4.373526936290896,3.482929100876237,0.30416224524094554,0.2698817705569379,0.012119921874999998,0.1527733391343689,-0.09182928583187247,1.362,0.3910501651203142,0.5529789511237959
0.3140936439095565,0,0.9274123696096109,4.014443606310902,5.114744608490807,4.014443606310902,0.20598751259528125,0.2665196215045321,-0.007096875000000001,0.13789418983398435,-0.0426169466646796,1.491,0.37140887909250364,0.5526221905101677
0.28922938344615146,0,0.9437884871822642,3.979773779474713,5.053486730485827,3.979773779474713,0.22062941786015353,0.2513446323757546,-0.0018203124999999968,0.16041718489990237,-0.0728479367397453,1.594,0.4005252781504558,0.5522654298965394
0.35723720354668886,0,0.9091557214938621,4.430626837293375,5.585002139382061,4.430626837293375,0.30321835075638026,0.2859331914882476,-0.002591406250000003,0.13901727133239747,-0.0772408437125825,1.652,0.37285920495375996,0.5519086692829112
-0.02599491566440415,0,0.8860949922953975,3.4577127340462,4.347811844451025,3.4577127340462,0.27204159396265143,0.27531320649628616,0.014739453125000001,0.1517681817247009,-0.02479145043673244,1.348,0.3898530918219387,0.5515519086692829
0.22729867137315685,0,0.9292303558468614,4.195257692302903,5.345337767159027,4.195257692302903,0.2306591859725375,0.2784681440481787,-0.014914453124999994,0.13435118525985718,-0.16906299772176167,1.539,0.3668427812726795,0.5511951480556546
0.40298702546008913,0,0.9439983798722049,3.819477611482442,4.865257313687806,3.819477611482442,0.21447014923161462,0.24291608712319468,0.009565625,0.15682547069335936,0.08229294550045682,1.513,0.3961274692255007,0.5508383874420264
0.30420859366559316,0,0.9193967265229452,3.986644430427169,5.044839117516135,3.986644430427169,0.2728660682070774,0.2561002183024873,0.022566796875,0.1619770392881775,0.15041463322283297,1.607,0.40309589381358746,0.5504816268283982
-0.0043667534421723,0,0.9751348675256928,3.292143735378736,4.133336122757641,3.292143735378736,0.20483882533458322,0.25567826524661375,-0.019324609375,0.15844835205062865,0.02095406955807553,1.312,0.39852451941897504,0.5501248662147699
0.1641679172519508,0,0.9270798638774882,4.050226821885593,5.1167283372713355,4.050226821885593,0.2897708722455399,0.25695562469371697,-0.005107812500000001,0.15877313212646485,0.09174900355978326,1.614,0.3984962005778725,0.5497681056011416
0.31457552336061934,0,0.8997753964637819,4.339621628563915,5.546852941578884,4.339621628563915,0.2715514603485386,0.2512221460001448,0.004229296875000001,0.1611181103135681,-0.0012761630546421368,1.742,0.40141748500236635,0.5494113449875134
0.4574371822281682,0,0.9178185786444527,4.300411810236547,5.509908850338135,4.300411810236547,0.25543797708033644,0.2963120038836785,0.010236328124999996,0.14657393594589235,-0.02435783251995255,1.647,0.3829865772574478,0.5490545843738851
0.12806620400112623,0,0.9591177867050572,3.8704865246974447,4.863560038760932,3.8704865246974447,0.2224350099016656,0.2670624229040231,-0.013293750000000002,0.1583396605859375,-0.01297932278661541,1.541,0.39814116136742256,0.5486978237602569
0.2888448264517147,0,0.9061711484375872,4.878885280999804,6.181695429095429,4.878885280999804,0.29010352822830576,0.27221765399836156,0.014660546875000003,0.14622092188095093,0.1018897502609788,1.867,0.38266937885807506,0.5483410631466286
0.10657039090706588,0,0.8670545743668039,3.5819574241130994,4.531733248947544,3.5819574241130994,0.21129545821859794,0.30130857679041795,-0.011147265625,0.1334240662034607,0.08593890574545858,1.309,0.3654426462994912,0.5479843025330003
0.0651271247304086,0,0.8875070474166383,3.6444404180672314,4.572269863273053,3.6444404180672314,0.23750484925991225,0.314983705073067,-0.003761328125,0.1369989832701111,-0.07704696298358665,1.349,0.3701528479687479,0.5476275419193721
0.09457530746805709,0,0.8986650040377394,3.9211288015885932,4.915126323157355,3.9211288015885932,0.21637180375497586,0.30481203284765046,-0.003951171874999998,0.1411026691001892,-0.039979202492165085,1.473,0.3756571320491267,0.5472707813057438
0.11065478701919451,0,0.8798947853365497,3.736550587709576,4.691468730924433,3.736550587709576,0.2829785202552758,0.3244922384111325,0.0093296875,0.13180480771240233,0.04827069103073291,1.357,0.3631691765296857,0.5469140206921156
0.1831142629452467,0,0.8766966410147208,3.455311642479139,4.403519892331518,3.455311642479139,0.2924683945287131,0.26310377603194424,0.018210546875,0.15572810762313843,-0.06255125133175163,1.365,0.39504396165569344,0.5465572600784874
0.3818592684406683,0,0.9261905665392436,4.26403592352998,5.428382893374404,4.26403592352998,0.22720677458327554,0.2910847185778332,-0.006418749999999996,0.14537050667968748,0.19518444829916998,1.626,0.3813288699157854,0.546200499464859
0.11244708976335938,0,0.9329861894390673,3.529669594685744,4.463062519473969,3.529669594685744,0.18583784093856054,0.2610809491934858,0.004926562500000001,0.1595526633569336,0.01971624351649455,1.41,0.3994708179266666,0.5458437388512308
0.24128029050652566,0,0.9139715532777553,4.014523815905723,5.089742184307824,4.014523815905723,0.26196334939378596,0.26774443818917776,0.008492187500000003,0.15797904603271484,-0.12444107469081472,1.596,0.39755649067931215,0.5454869782376026
0.4448495677520907,0,0.8901963303668935,3.7373326454228737,4.771896861936828,3.7373326454228737,0.2745005964625053,0.29854973226013776,-0.016385546875,0.1362727556504822,0.06145561647957862,1.381,0.36951487358004276,0.5451302176239743
1.060223113607015,0,0.9499613560221257,4.856860954841226,6.305803401204911,4.856860954841226,0.19030591168967895,0.26285516587018876,0.009360156249999996,0.1591318687249756,0.2708169799159514,1.938,0.3990231587890608,0.5447734570103461
0.34778278361339465,0,0.9122062034960828,4.288710350418581,5.417652597482492,4.288710350418581,0.2334820800524303,0.2772854572094021,-0.009243359374999998,0.1450758013230896,-0.06552134276238807,1.634,0.38100031629333986,0.5444166963967177
0.22276174409517813,0,0.8482031912471238,4.155788421453684,5.253262302006617,4.155788421453684,0.25081095496202843,0.3111742539853431,-0.013929296875,0.1371262242979431,-0.012619817028533447,1.54,0.3705674697128378,0.5440599357830895
0.077688372457966,0,0.9191604708161912,3.5520644818435567,4.4845837270666475,3.5520644818435567,0.2368742940132897,0.28045933578249205,-0.004480468750000001,0.14592788008728025,0.007902881544228458,1.357,0.382031353016346,0.5437031751694613
0.18586806180373872,0,0.9206331079639057,3.6179106635485034,4.577441208221607,3.6179106635485034,0.27854494913805705,0.30579217687745486,-0.0017265624999999978,0.1361561760131836,-0.08980541330278193,1.335,0.368997502743921,0.543346414555833
0.3251992081816475,0,0.913187101250269,4.169404413167944,5.25367540344141,4.169404413167944,0.2147369678757225,0.2957596114218625,0.0019273437499999976,0.14947592128356932,0.15735403382325594,1.612,0.38662596386882764,0.5429896539422048
0.1525709101196604,0,0.9047535802367688,4.31548148160947,5.427223971361461,4.31548148160947,0.23570102514659114,0.3088985709477087,0.010612500000000002,0.13941864906249998,0.022777845465046794,1.612,0.37353885235507966,0.5426328933285766
0.5891925966091693,0,0.8680741941490429,4.0371389261741,5.186871898911657,4.0371389261741,0.25966665601830646,0.3027938154457917,0.0009816406249999992,0.14287582427230835,-0.016884290399608252,1.526,0.3779904600524,0.5422761327149482
0.32232546341722124,0,0.8718988962223878,4.025803407009323,5.100536272569401,4.025803407009323,0.2797395373708269,0.2941955440467876,0.013805078124999998,0.14068113505233765,-0.1238642887328378,1.511,0.375328809491591,0.54191937210132
0.2644355481551699,0,0.9406554442252956,4.366757742671093,5.527398787174407,4.366757742671093,0.262866883397767,0.277649675801909,0.003952343750000002,0.15585215007263184,0.0018050844159834612,1.724,0.394800925902853,0.5415626114876918
0.6253065286699702,0,0.9310169293075189,4.99922615079151,6.356104124806367,4.99922615079151,0.2763882803206906,0.2432785375813831,-0.007772265624999999,0.16809163759017945,-0.08166199314525724,2.05,0.410063465457635,0.5412058508740635
0.22347333568013283,0,0.9291044188882059,4.28636254856914,5.419442249068534,4.28636254856914,0.22346027651462683,0.2594589711145247,0.0027476562499999984,0.14817261913513186,-0.06272179558744263,1.65,0.3849417731943365,0.5408490902604353
0.40094477206353174,0,0.901489929698817,4.307285644154312,5.492575872068616,4.307285644154312,0.20002276239254402,0.2869268372739311,-0.001919140624999999,0.1487034899461365,-0.25559409409481776,1.661,0.3856256903356868,0.540492329646807
0.37679604611349893,0,0.9021715965450171,4.0166020470512915,5.060816648882572,4.0166020470512915,0.203246888991082,0.25857318703721716,0.008018749999999996,0.15802126683593748,0.02917808830213139,1.597,0.3975997575294784,0.5401355690331787
1.2469288803766911,0,0.9416602264412209,5.076065111573699,6.567530557875256,5.076065111573699,0.283218515762409,0.2548845014496376,0.025364062500000006,0.1757653776147461,0.2231353883073495,2.132,0.4200103728257792,0.5397788084195505
0.13883289036677793,0,0.8727616345275816,3.942745647831483,4.978398953347273,3.942745647831483,0.2914975120559081,0.2980560401599033,0.012638671874999997,0.1399844846763611,0.00032342782136821725,1.476,0.374358412090773,0.5394220478059222
0.1664569282589632,0,0.8865593478978396,3.5387453568068894,4.473457735983711,3.5387453568068894,0.24448074625901048,0.2994474675071697,0.0014171874999999987,0.14167840798583983,-0.05608539502552746,1.332,0.3764045913724353,0.539065287192294
0.2740965348708113,0,0.949087865705461,3.9220565198046122,4.96429896028551,3.9220565198046122,0.2249135166545014,0.2791638207510528,0.01530703125,0.1618483580755615,0.04026038961025515,1.579,0.4025949121402927,0.5387085265786657
0.17894542321938633,0,0.9189673177338802,3.6599803266734305,4.6088504072364325,3.6599803266734305,0.23562768482930738,0.2891046570253838,-0.0033292968749999985,0.14526392554794312,0.02110290293494271,1.395,0.38114958974872976,0.5383517659650374
0.5265571921318868,0,0.9068129512899725,4.623072492453489,5.892707491405352,4.623072492453489,0.2732874059663585,0.2754942745826845,-0.005205078125000001,0.16079957083358765,-0.16938580052956265,1.854,0.4010319983141931,0.5379950053514092
0.3463703824874207,0,0.9408832611435965,3.760295148544159,4.795762297213523,3.760295148544159,0.2560859070227359,0.26123129554491903,0.011871484375000001,0.16325577762435914,0.1150304860850771,1.52,0.4042235888287879,0.537638244737781
0.0458924894106576,0,0.8743373729415296,3.4646683766510638,4.361090220418888,3.4646683766510638,0.24124983498477115,0.3104846874578194,-0.013386328125,0.14212831989120484,-0.060682455615809254,1.307,0.3772366812385495,0.5372814841241527
-0.030476334480239675,0,0.8934408438300581,3.5563078351233313,4.454600930935608,3.5563078351233313,0.20153661423587743,0.3012062969329141,0.01396484375,0.1466952495452881,0.024188653216958393,1.363,0.3832626598121059,0.5369247235105244
0.47161037846784826,0,0.8496818117005165,4.635492898760748,5.881176745867989,4.635492898760748,0.186939938115713,0.30710159565763384,0.0026031249999999987,0.1389550893652344,0.22435867793319275,1.728,0.3727758919578894,0.5365679628968962
0.4595303234958594,0,0.856375790447016,4.403219594962049,5.637627979227184,4.403219594962049,0.27952855247871156,0.30662321099653456,0.009071874999999998,0.13796436280273439,-0.010443276667945534,1.636,0.3715463116742649,0.5362112022832679
0.06128903600112645,0,0.8842938602178968,3.591506916430881,4.506886558895591,3.591506916430881,0.24395476284835746,0.29058327155753433,-0.014255859375000002,0.14658237086410522,-0.04190022112743851,1.376,0.3831260894152537,0.5358544416696397
0.004333450870110944,0,0.8886067358514574,3.738039991869704,4.681298277740106,3.738039991869704,0.21898929162281758,0.30749359369655355,0.014244140624999999,0.14655387594223024,0.0390778441783385,1.432,0.3830884643060595,0.5354976810560114
0.36684983900845136,0,0.8971747002797377,3.934379899092954,4.964492975455809,3.934379899092954,0.28445812772497553,0.29424697603980837,0.0035550781249999983,0.14072819852890014,-0.054565797993684474,1.476,0.375154417686071,0.5351409204423832
0.6606930984518784,0,0.9589589353279854,4.0838897398197656,5.262082150512717,4.0838897398197656,0.25231565908155473,0.2550976905444152,0.0182609375,0.1883610264428711,0.19740200276374728,1.774,0.43438978841732684,0.5347841598287549
0.3108682325561065,0,0.9754135724540633,4.378754313823759,5.558157689305231,4.378754313823759,0.29920798597678444,0.2686893859403239,-0.009710937499999997,0.1651547008178711,0.12081184375146961,1.78,0.4065083063419492,0.5344273992151266
0.47772251553853184,0,0.9240736103349042,3.832824852040257,4.880392433938268,3.832824852040257,0.19719080136028558,0.28236227507070205,0.021710937500000006,0.1549429367553711,0.022065934536165774,1.511,0.3942262060828783,0.5340706386014984
0.24908547754821253,0,0.9221057429497393,3.674311517023169,4.664522018758819,3.674311517023169,0.30067139965575046,0.2774708102765864,-0.022626171874999997,0.15802727158065796,0.05742651647722602,1.463,0.3981698321500199,0.5337138779878702
0.23816013700514693,0,0.8898790488416671,4.0540896683755285,5.164080276661695,4.0540896683755285,0.2044413300938526,0.28899891436252645,0.0034488281249999988,0.1530332887876892,-0.014978452025421455,1.586,0.391209896606828,0.5333571173742419
0.404804019381948,0,0.8650604733346394,3.9803687917275,5.06392732829612,3.9803687917275,0.23110255035886026,0.307063861004443,0.008894531250000004,0.16782498575134278,-0.0003931551395999317,1.631,0.4097610260108933,0.5330003567606136
0.03617837658807943,0,0.9178867892321856,3.8540802066025144,4.806291684416195,3.8540802066025144,0.2570088489457205,0.3058832576761957,0.019286328125000002,0.14117302934432985,-0.22623716938998334,1.45,0.37622465601934574,0.5326435961469854
0.6185682083667001,0,0.8949163546136502,4.461321602048509,5.671188305020211,4.461321602048509,0.27802135509959547,0.29396317140965866,-0.0026042968749999977,0.15001710474716184,-0.02720993218977612,1.728,0.3873291715187161,0.5322868355333571
0.6991941999027391,0,0.8912112800604534,3.8176822785077924,4.94310350601941,3.8176822785077924,0.22304967707782913,0.30665193193103923,-0.010196093750000001,0.15406739904724123,0.06375610360070826,1.499,0.39264660876543933,0.5319300749197289
0.24480056650312143,0,0.9803709044027309,3.769457515151598,4.792562238772084,3.769457515151598,0.24606563384638883,0.2759983615137505,-0.0027941406250000015,0.16025058223129274,-0.09672203356674237,1.509,0.4003228565209898,0.5315733143061006
0.9795730001428167,0,0.9182411960506042,5.708132766145977,7.337417512952201,5.708132766145977,0.2630072307616056,0.2909326683588641,0.005837109375000002,0.1611941613572693,0.3181670964056794,2.292,0.40153235635889295,0.5312165536924723
0.7984963526583764,0,0.9196508084159419,5.230094228802629,6.648045302023589,5.230094228802629,0.2375992273603793,0.27490825071992747,-0.0015417968749999982,0.16788781075302125,-0.16908769397602935,2.143,0.4097440516842496,0.5308597930788441
0.8344029043494205,0,0.9051466776124691,5.366301943975107,6.872641630950751,5.366301943975107,0.2874225890926749,0.3098923356732793,-0.0003699218749999986,0.13613811511093138,0.16657489817999202,1.98,0.36896917480072094,0.5305030324652158
0.06839779638519694,0,0.8986835713772705,3.2027975059378226,4.033984815024598,3.2027975059378226,0.19811247799144358,0.2803099817999948,0.0016355468750000018,0.14940824022079469,0.07488194994140705,1.238,0.38653708131869446,0.5301462718515876
-0.04811655766749112,0,0.9160703944236861,3.6124988505131297,4.503978442563222,3.6124988505131297,0.22621688885628252,0.283289107486662,-0.0147140625,0.1584576362084961,-0.018420812857026493,1.439,0.39833922709639075,0.5297895112379594
0.21934806138479335,0,0.9760382657794254,3.546239244291789,4.493867174694287,3.546239244291789,0.2218019638687897,0.2924197753349164,0.010355859375000004,0.16000654250473023,-0.02585937702676986,1.419,0.40014220763139324,0.529432750624331
5.770667976238178,0,0.9064566886629031,8.192925603216766,10.854035537580783,8.192925603216766,0.2720983721731753,0.2872399657642588,0.004976562499999998,0.17483773851318357,-0.7451898542943605,3.426,0.41816564264355816,0.5290759900107028
-0.15703150957720435,0,0.8736561865111303,3.517216620685287,4.400376640693627,3.517216620685287,0.2873416147844412,0.30159616253023785,0.003433984375000002,0.14950142376693726,0.06801191370544782,1.36,0.38666938851637195,0.5287192293970746
0.5016682249539457,0,0.8984890078064761,4.591533494980615,5.829946797023775,4.591533494980615,0.24902897931094042,0.2943048917458704,0.0016570312499999997,0.16339288159118653,-0.13507867201234627,1.856,0.40422224993652933,0.5283624687834463
0.444915957669366,0,0.8970647843248563,5.055992800298972,6.359136119661164,5.055992800298972,0.2592594366544942,0.2824679729916968,0.008465625000000001,0.14913615584960938,-0.2105194640172776,1.953,0.38627428422851295,0.5280057081698181
0.60734754843403,0,0.909304596953654,4.198349236421762,5.333787289474755,4.198349236421762,0.2320234421474445,0.270541301227457,-0.005801953125,0.1618124135118103,-0.004662351066445041,1.689,0.4023009770953521,0.5276489475561899
3.626718852566311,0,0.9692113274692323,9.209991591536246,11.823399597394072,9.209991591536246,0.20986088706480902,0.3129905979414238,-0.005858593750000002,0.2073320753167725,0.18426559091536795,4.194,0.4553750085780949,0.5272921869425615
0.3049383881502221,0,0.9554414225822487,3.9034882174057444,4.941935686509486,3.9034882174057444,0.23204660932150248,0.263837116146435,0.0029175781250000005,0.16758137328475953,0.05267771953700153,1.598,0.4093774365385506,0.5269354263289333
0.4144948759473608,0,0.9546930275814938,3.8144095000411244,4.863145523710737,3.8144095000411244,0.30944361735581527,0.27189537776325406,-0.00525078125,0.17526164648376466,-0.12639934741621972,1.597,0.41867555121776573,0.526578665715305
0.5184287375954169,0,0.9073490027383422,4.003353968509531,5.162092329930435,4.003353968509531,0.18557316518568157,0.26635932020136893,-0.004608203125000001,0.17482767266708374,-0.02010505392968698,1.674,0.4181493850325802,0.5262219051016768
0.27202643051547293,0,0.8718798080238536,4.418214184237625,5.614984464799077,4.418214184237625,0.25876972645837726,0.3080230902358334,0.019056249999999997,0.15437807808593748,-0.07805339948354485,1.738,0.39337160389382453,0.5258651444880486
0.24101375722229434,0,0.8851070202645589,4.211567666193811,5.356084329922328,4.211567666193811,0.2794066546886668,0.2712713371564739,-0.002385156250000002,0.16235321806091307,0.019270832557645657,1.697,0.40293784512161424,0.5255083838744202
0.829694556417119,0,0.8782750292159341,4.872036259983839,6.262110146951301,4.872036259983839,0.3303128331837234,0.26874165946063544,-0.008921484375,0.16911029813217163,-0.1643824620391011,2.004,0.41132698794952055,0.525151623260792
0.030061358788159964,0,0.8912136173500772,3.6839597808148854,4.626923212635799,3.6839597808148854,0.1962305804312006,0.30416769276167843,0.000566796875,0.1409332963194275,0.05500352252686774,1.383,0.375411264586087,0.5247948626471638
0.06944597315099221,0,0.9100136536403188,3.7624419812790553,4.72607040985405,3.7624419812790553,0.2259214127463681,0.27928276596648605,0.004204687500000001,0.15138812685302735,0.016654304878322874,1.464,0.3891089901942642,0.5244381020335355
0.08097209596793942,0,0.920077865977903,3.5261455651092355,4.413310068625968,3.5261455651092355,0.24974368135123315,0.2876291725334338,-0.023467578125,0.157536052855072,0.0016772604309525773,1.402,0.3976012827923534,0.5240813414199073
0.029810630251076553,0,0.8653016073180512,3.259260185971496,4.100795386192138,3.259260185971496,0.2266351709191274,0.30154986885682283,0.0022421875000000007,0.14497410618896484,0.038135161086385684,1.241,0.38076125537369215,0.523724580806279
0.5182920438996925,0,0.8773376123626854,5.231176034781623,6.637117155872389,5.231176034781623,0.21614447037796897,0.2950697586068717,-0.0036968749999999996,0.14983448311523437,-0.020085753055215764,2.025,0.38710224747474664,0.5233678201926507
0.21286016224919146,0,0.8966068977205516,4.456608945766334,5.616629676842677,4.456608945766334,0.24235306936256396,0.3213967548549972,-0.014095312500000002,0.15014266357177736,-0.0697993377314108,1.728,0.387738754068058,0.5230110595790225
0.6959894642675413,0,0.9825552691280767,4.40681591913252,5.640637057884832,4.40681591913252,0.18646375031615303,0.24701398914670633,0.016097265625000003,0.1842642612425232,-0.1530734469760984,1.893,0.4295618502650404,0.5226542989653942
0.19818207611967242,0,0.9084215314617902,3.7068485513921825,4.687864158481771,3.7068485513921825,0.3180845106161012,0.29627060668752,-0.014818750000000002,0.1626550569921875,0.026621885192948776,1.496,0.4035773189164005,0.522297538351766
0.305728946496838,0,0.90418189413715,4.499890914538975,5.703904295067356,4.499890914538975,0.23803722861185475,0.24469932881581122,0.009440625,0.18769775663085936,0.17888831370774022,1.95,0.43334383811385846,0.5219407777381377
0.26270307251110214,0,0.9428999376957203,3.789546179263476,4.828528504092313,3.789546179263476,0.2676821967201284,0.2508459750286772,-0.0030449218749999995,0.16793627962265015,-0.0009243380607046046,1.553,0.4098116044865921,0.5215840171245094
0.15987736482089288,0,0.8818474872833435,3.335589223582729,4.230299235500257,3.335589223582729,0.2882584851410866,0.280204278877327,0.01703359375,0.15371462543395994,-0.054521161764161254,1.309,0.39243441331004597,0.5212272565108812
0.49277035552927195,0,0.9345308593571375,4.136192406668765,5.283496159609112,4.136192406668765,0.29465420298284634,0.29416642390745495,0.007778125000000002,0.14456869920898438,0.0614314971134755,1.573,0.3803014573170868,0.520870495897253
0.1558976049770311,0,0.8790388769630512,3.436367532010616,4.347015985485279,3.436367532010616,0.24800378229870124,0.3115062771310668,0.007700390625000002,0.1397728559373474,-0.05201489441639771,1.285,0.3739413750217071,0.5205137352836247
0.24576963154208853,0,0.9576947514057954,4.450088271829547,5.626714518491018,4.450088271829547,0.21070541907122672,0.2885810094662536,-0.005339843750000001,0.14676657122497558,-0.023706260783901444,1.705,0.38313846734079055,0.5201569746699964
0.18342687261042911,0,0.9184595464995656,3.684313606466095,4.662762630615523,3.684313606466095,0.21071764556641703,0.2824641919766175,-0.005073437499999998,0.1441599797631836,0.0732287607349309,1.399,0.3797179473388768,0.5198002140563682
0.09974238812957825,0,0.9503870339620637,3.808671891880246,4.787416765273639,3.808671891880246,0.17811964290040916,0.2842273890669719,0.0015878906250000018,0.17252796102523804,0.1423247879331128,1.582,0.41536788804850455,0.5194434534427399
0.251962012689837,0,0.857638789186223,4.751981514933529,6.030992151338298,4.751981514933529,0.2636535285508569,0.26989974543053213,0.0036625,0.15534188453124997,-0.04999192866967974,1.873,0.39415136488093,0.5190866928291117
-0.01901991023464422,0,0.9226347479537667,3.4579729591921025,4.324589560630534,3.4579729591921025,0.33174733609590507,0.3113712718871054,0.004646093750000002,0.1461354489691162,0.061379945163611005,1.322,0.38230489815885177,0.5187299322154834
0.2903597930994093,0,0.9064062153207953,3.716594504250396,4.697008639446261,3.716594504250396,0.27186489215216797,0.30709285978294326,0.01937734375,0.15016044511169432,0.028170132242196708,1.442,0.38798959594620575,0.5183731716018551
0.33395641656854425,0,0.9881820925608468,3.70253391474248,4.688950983787808,3.70253391474248,0.25016811500968683,0.26743030908265314,0.0026558593750000002,0.16107217023910522,-0.1703048426701375,1.486,0.40134676257336993,0.5180164109882269
0.3005866669798971,0,0.9458222548757014,3.9021362887292312,4.9364875438308395,3.9021362887292312,0.3703609363363142,0.2831927360491638,0.014352343749999996,0.16729021257263182,-0.029399059166443354,1.597,0.40926299899178525,0.5176596503745986
0.8365243133756723,0,0.8977537393155606,4.193611075698314,5.389821945731926,4.193611075698314,0.2481017438154498,0.2820481908180171,0.0061277343749999965,0.18256200360580446,0.25357348822208003,1.792,0.4273166890426525,0.5173028897609704
0.021896410575954928,0,0.9150836878461407,4.026111896123122,5.043657233512516,4.026111896123122,0.23976340769885876,0.24955720708821502,-0.012287890624999995,0.17376107219711306,-0.04020762329714798,1.679,0.41702765430259536,0.5169461291473422
0.34842846892323065,0,0.9381296433567344,4.193765246752585,5.315350044649175,4.193765246752585,0.2407229715351539,0.27357289089305914,-0.0176609375,0.1643946444116211,-0.011533582618367039,1.702,0.40584055135607133,0.5165893685337138
0.6281724947664244,0,0.902192044939501,4.3830182589736655,5.578548456075209,4.3830182589736655,0.22085039843533402,0.2781860958010178,-0.004187499999999999,0.1617748453125,0.11347312532015291,1.763,0.4022342358237921,0.5162326079200856
1.1425091696939802,0,0.9171020792516783,5.465510620130465,7.111143815046979,5.465510620130465,0.2857618928155459,0.238559227916066,0.0032750000000000014,0.19539279078125,0.16019464904125738,2.416,0.44204469955678694,0.5158758473064574
0.6329897775671216,0,0.9546573363345038,4.5301360991517186,5.824589041267708,4.5301360991517186,0.2662009178850618,0.27515716248532845,0.011464062499999997,0.1602123362084961,0.05447891720943749,1.814,0.40042947061561285,0.5155190866928291
0.5687329369143024,0,0.936581353057096,4.474644745285706,5.751267103847519,4.474644745285706,0.21893956636176778,0.27592610543991686,-0.009111328125000004,0.1576264395591736,0.12325676374397114,1.777,0.3971264985610693,0.5151623260792009
0.2738076700580274,0,0.917399185483124,3.8059320592218624,4.821758038263106,3.8059320592218624,0.28625823576919385,0.2523261326380883,0.0020304687500000023,0.19115040141540526,0.004347616178273823,1.664,0.43721221874365546,0.5148055654655725
0.2103468134693136,0,0.9299938368474441,3.5904048145851193,4.564155017615638,3.5904048145851193,0.21719640503161644,0.28154425347918094,0.009985937499999997,0.1758396818334961,0.014343703959240775,1.506,0.41945130919005363,0.5144488048519443
0.2272581382083363,0,0.8964650993853072,4.304253475644632,5.4419840566873345,4.304253475644632,0.21871297188067057,0.26672332820224626,0.028009765625,0.17643870810775758,-0.012384520832858115,1.812,0.42097892474341875,0.5140920442383161
0.4962740239805985,0,0.9590549555609647,4.118159323936487,5.270745588380016,4.118159323936487,0.27105062675746844,0.23385711583007646,-0.004110546874999998,0.20441707410751345,-0.18076594099774157,1.862,0.452143750043197,0.5137352836246878
1.8198227536135576,0,0.9483369150969566,5.637379113197489,7.33632539333185,5.637379113197489,0.2478581491258627,0.23871610789970105,0.018000781250000004,0.20045216171813968,-0.19666478304000864,2.526,0.4480805617785154,0.5133785230110596
0.19119101754097212,0,1.0042226542997523,3.606518945437362,4.568088574158377,3.606518945437362,0.18822224487189282,0.2093958259898514,0.0106609375,0.20945084206787107,-0.02781639392861893,1.651,0.4577821508711868,0.5130217623974314
1.2923910372126413,0,0.9651496761425555,6.038393975884198,7.732868815138822,6.038393975884198,0.24997950855056872,0.27138938250143574,0.0060515625,0.1950390637475586,-0.22392155401830932,2.667,0.44167373156692263,0.512665001783803
0.05113872408774922,0,0.9671166710404256,3.6507138424446643,4.6145099388081,3.6507138424446643,0.2688868191871892,0.2546863577179349,0.006576171875000002,0.17445220201034548,0.0528920951481488,1.525,0.41772652303495766,0.5123082411701748
0.34717430088293133,0,0.9285671917048243,3.9691617353225266,5.049137854558756,3.9691617353225266,0.28054879909832303,0.2657553946414434,0.0076824218750000004,0.16714220265975951,-0.19575712453117686,1.623,0.4089024605766331,0.5119514805565466
0.08890261546288825,0,0.9045115122092415,3.4223800331091474,4.329016177117442,3.4223800331091474,0.3026970061289082,0.2856366542985942,-0.01638046875,0.1632685622747803,-0.03820621731090224,1.384,0.4043969362288122,0.5115947199429183
0.5493037028721783,0,0.944672632247084,4.861187663851311,6.189994769203886,4.861187663851311,0.2928827826037352,0.2409801498825944,0.0033574218749999997,0.19215719451522828,-0.007365010469802555,2.131,0.4383702394060014,0.5112379593292901
0.16562558290244223,0,0.9700927410616332,3.671757578951294,4.645484441121988,3.671757578951294,0.36254305512005686,0.27780639193972456,-0.014235546875,0.1754801472520447,-0.03898971398080612,1.539,0.4191453185315029,0.5108811987156618
0.24731067727266964,0,0.9702329842466094,4.00019122892898,5.062952727571344,4.00019122892898,0.2362574986668334,0.25576821290345314,0.016111328125,0.18764470830917357,0.06911043330512272,1.734,0.4334792765555523,0.5105244381020335
-0.1371249361120923,0,0.9067307456572445,3.8298292551666546,4.756492887380344,3.8298292551666546,0.254193717280464,0.28406175679019235,0.007571093749999999,0.16564683635192873,0.020416543727566062,1.559,0.40706775580055465,0.5101676774884053
0.2600933155142262,0,0.9370500816682006,3.9715516905866686,4.99607791250437,3.9715516905866686,0.2586054585107315,0.24572866545824207,0.012789062499999998,0.17285777034912111,0.12314355199218709,1.652,0.4159583278030986,0.509810916874777
0.22513980823428836,0,0.9647842963492758,3.6637141428432036,4.645353958098615,3.6637141428432036,0.22132046865174398,0.24524184202086488,-0.025023046875,0.19224573267196657,-0.14755266951150658,1.609,0.43917181779671954,0.5094541562611488
0.6689473726985078,0,0.9724072713724886,4.106011451641057,5.296414122448401,4.106011451641057,0.27509724930960805,0.24418171223941645,-0.002868750000000001,0.1820573679296875,0.09141376022622939,1.752,0.426691454866687,0.5090973956475205
0.6511159884921356,0,1.0119970243222822,4.211556892193316,5.444920422303152,4.211556892193316,0.23144922410535573,0.23942137053503967,0.006511718750000002,0.22277413267517093,-0.021861616489639087,1.988,0.4720344639496676,0.5087406350338922
0.4663199466583845,0,1.0239086300246893,3.712600612698546,4.774801475773401,3.712600612698546,0.29188162936887585,0.2241436710925993,0.018075,0.2413135428125,-0.04951269225120492,1.825,0.4915691695351734,0.508383874420264
0.22578342921115713,0,0.999693119076324,3.8837611900436007,4.942291871069663,3.8837611900436007,0.24265681894694108,0.22910574590449606,-0.0011894531250000006,0.19295224418563844,-0.07189062571499309,1.706,0.43926490752662567,0.5080271138066358
0.15972423502464705,0,1.025330060505814,4.038472865075835,5.097811844359192,4.038472865075835,0.22144203758308328,0.21995549210114043,0.015592578125000006,0.20063044767929075,0.10189479889237431,1.81,0.4481892191606967,0.5076703531930075
0.26239594858200954,0,0.9493521481942996,3.94554666950153,4.985988655014542,3.94554666950153,0.2236693735760897,0.27564570378054293,-0.006414453125000002,0.18364349658798215,-0.0645181884670819,1.691,0.42858446285052726,0.5073135925793792
0.485302368368453,0,0.9247784827494354,4.343698252572409,5.555984754266372,4.343698252572409,0.2576355337376649,0.2805418460092185,-0.00032656249999999943,0.20029633085693357,0.06788141273982484,1.944,0.4475448999821135,0.506956831965751
0.3652238088464399,0,0.9086376362820258,4.906919485661295,6.2136080749981515,4.906919485661295,0.2984285195280186,0.30703346036248774,-0.006010937499999998,0.1505260936303711,-0.10661140915058287,1.904,0.3880234851139812,0.5066000713521227
0.26050923078618693,0,0.9718888788353636,4.353479392714228,5.488820368900131,4.353479392714228,0.35366707222543015,0.27920849291724326,-0.006548437500000004,0.1821026124975586,-0.11899759145229657,1.858,0.4267850683086863,0.5062433107384945
0.17865248228395547,0,0.9547547749188894,3.932375950183121,4.972906960755296,3.932375950183121,0.24208871712440044,0.2611133550039762,-0.02073125,0.17927561917968748,-0.1917182020906301,1.667,0.42391674171498583,0.5058865501248662
0.4973337794937396,0,0.9512102075006074,5.07127639397261,6.382019971628049,5.07127639397261,0.23387659886946685,0.2398120346003942,-0.007411718749999999,0.17985131955017092,-0.08792695806073814,2.151,0.4241535725713035,0.505529789511238
0.786701804123239,0,0.9364580237508321,4.679146601709385,5.999394781928097,4.679146601709385,0.2737635928616594,0.2724120634413424,0.007042187499999996,0.19377154431396484,-0.20474788910890304,2.06,0.44025122000824707,0.5051730288976097
0.254021343998283,0,0.9939828989842154,4.289620221768581,5.452210335191324,4.289620221768581,0.21286973849795196,0.22052060300649107,-0.007187499999999998,0.21300381171875,-0.15960712809700195,1.98,0.46157932349163994,0.5048162682839814
0.42333128919509333,0,0.9712365484695598,4.766509958642841,6.093697216734937,4.766509958642841,0.26101127069002755,0.2523348717652199,-0.017139843749999998,0.1990222601312256,-0.13275850929643052,2.128,0.4464482437808441,0.5044595076703532
0.5929909058842844,0,0.9725705324736231,3.7998570616145835,4.890441682944236,3.7998570616145835,0.32436676188844243,0.23941346287274268,0.022123046874999996,0.19708228993759155,-0.23080477472497368,1.689,0.44449040387912203,0.504102747056725
0.5545327088178813,0,0.9368613247798929,4.4688863883904535,5.69645443966848,4.4688863883904535,0.3069526232331193,0.2769596273763734,-0.018933593749999998,0.17549077918395997,0.12356928841568465,1.874,0.4193438447816422,0.5037459864430966
0.3429832598569873,0,0.9519185878207793,4.323374132007534,5.49857587441311,4.323374132007534,0.2598975085141055,0.2715363988310292,-0.00033945312499999747,0.1716110468809509,0.012658985813876844,1.791,0.4142597761180477,0.5033892258294684
0.6682508727793173,0,0.9559966709963181,5.059735589912722,6.436623902162886,5.059735589912722,0.25028046753616173,0.2609074453392809,-0.016137890625000005,0.1962578251268005,-0.010000235112233212,2.243,0.4433037972323551,0.5030324652158402
0.27129271254642484,0,0.9261680054862504,3.741712490777928,4.75879509200973,3.741712490777928,0.32520667542741083,0.3055088614105412,0.009181640624999998,0.16931070802230835,-0.17658403230216813,1.54,0.4115762511939616,0.5026757046022119
0.07682113434105942,0,0.9377742335367676,3.8935480535312172,4.897469017280503,3.8935480535312172,0.2872871463222441,0.3081271448385817,0.002529687499999999,0.17827767411865234,0.04380981341191842,1.644,0.42223698729208936,0.5023189439885837
0.11281099658903448,0,0.9651249002027839,3.570480175245687,4.520010858147741,3.570480175245687,0.3226963817685223,0.2713748889359669,-0.0109734375,0.1754332625756836,-0.05045979959952301,1.496,0.4189912635201956,0.5019621833749554
0.7556161085774584,0,0.9043212220050522,4.543420450142248,5.822898772571364,4.543420450142248,0.1854813518375562,0.269104101978798,-0.006724609375,0.19489255267562866,0.2685890831060411,2.006,0.44151757954454657,0.5016054227613271
0.517679059687719,0,0.9190824514622729,4.070010827937597,5.2055051883215215,4.070010827937597,0.288222213952574,0.2722950922608034,-0.0053640625000000025,0.1901690690209961,0.209707934575141,1.775,0.43611677586112185,0.5012486621476989
0.3529559811003278,0,0.9174647846469347,4.0567003085848405,5.150159714806571,4.0567003085848405,0.2991763101135839,0.3071726811327445,-0.0023914062499999986,0.1833328288323975,-0.16509132837789695,1.737,0.4281805082628704,0.5008919015340706
0.45380937660514276,0,0.9306916622298755,4.226467931599438,5.380683972737737,4.226467931599438,0.32060017844894395,0.2745065179760706,0.010084765624999999,0.19754901898666383,-0.04660895807448519,1.879,0.44457926344396115,0.5005351409204424
0.32708761884395443,0,0.968251689128448,4.206613758249504,5.3432112435928705,4.206613758249504,0.38443076225084716,0.2824567014661145,0.016446875,0.2037350237402344,-0.23166258266760606,1.9,0.45166970613214696,0.5001783803068142
0.4045381133720696,0,0.9835400036177182,3.6416873998605577,4.630083669587589,3.6416873998605577,0.26343669006205955,0.26732561571644686,0.010862499999999999,0.203927250625,-0.39845311818218837,1.645,0.45171367538657714,0.4998216196931859
0.48017800532033306,0,0.9889898535587112,4.231586429211032,5.3774078940964625,4.231586429211032,0.3176159667746132,0.252239686101943,0.003440624999999997,0.26006186991210944,0.12275861749606827,2.158,0.5099742226941476,0.4994648590795576
0.11127717246045332,0,0.969325067824048,3.6113148890466737,4.520287632833375,3.6113148890466737,0.32483305920007305,0.2931611549945682,-0.006701171875,0.1933167157798767,-0.030646470793215405,1.588,0.43972903188711004,0.49910809846592935
0.7437477101505299,0,0.9561781212181655,4.6800392343581105,6.018201212373494,4.6800392343581105,0.191106478512455,0.28832757664833264,-0.0031089843749999976,0.23297829163803102,0.2052919905997092,2.259,0.4826882611187836,0.4987513378523011
0.0984233677056543,0,1.0082461801518332,3.349659071011075,4.239595030899621,3.349659071011075,0.23576988202086627,0.25538228882358993,0.009866015624999998,0.22977666993881227,0.06871957789701172,1.606,0.47945177880901124,0.49839457723867286
0.47535809320630396,0,0.9696535122971564,3.913596445179525,5.043220306299752,3.913596445179525,0.2981747943909962,0.27452108365887007,-0.005737890625000004,0.23319015668930052,0.011512439932407815,1.89,0.48293175509395214,0.4980378166250446
0.5942251555844997,0,0.9705639031599077,4.26393506839622,5.473189512515956,4.26393506839622,0.24177520313726836,0.24600770514030626,0.008754296875000003,0.21511798220809936,0.23896179571487436,1.978,0.46389074136252706,0.4976810560114163
0.6031522939714833,0,0.9199045731439794,4.112225157733184,5.287383793948605,4.112225157733184,0.3500945017998656,0.29612618654082495,0.0051734375,0.19844428554443358,-0.0804696938841174,1.832,0.44550089786665975,0.4973242953977881
0.6774882318387028,0,0.9664396020164308,5.264687042910722,6.736692770760038,5.264687042910722,0.3275561927965919,0.24879279796750156,-0.0013285156249999998,0.22423118856185917,-0.06923746801526377,2.493,0.47353242076506763,0.49696753478415984
1.919989095390516,0,0.9494396365443001,5.288895276039586,6.966881072468698,5.288895276039586,0.17506584403258782,0.2815489811857242,0.0034441406250000015,0.19775098203598024,0.02421638478692081,2.352,0.4447053453025104,0.49661077417053157
0.7217767411347493,0,0.9546376720318898,5.042468442341382,6.472890436145059,5.042468442341382,0.2835597170418313,0.2644180249922269,0.010830859374999998,0.20757177646957398,-0.008943894637151388,2.298,0.45572917833333315,0.4962540135569033
0.7833667358090999,0,0.9497416200899881,4.1813639425312426,5.444091750509736,4.1813639425312426,0.2547058108035043,0.24449825953170068,0.00401640625,0.23754337785583496,-0.09364008068878055,2.038,0.48740076874682914,0.4958972529432751
0.449679563086133,0,0.9543455880615118,3.929559285426599,5.004157488585141,3.929559285426599,0.2357415646491344,0.2605126623465354,-0.011309765625,0.19639292865463256,0.12644331218338606,1.742,0.4433067103632935,0.4955404923296468
1.270590257001408,0,0.9633680467407274,5.325451625137134,6.880625254186338,5.325451625137134,0.24011052884046866,0.2308566427141681,0.017470703125,0.23513037336044312,-0.23118988964819473,2.584,0.4852170636201132,0.49518373171601854
0.5954663955685096,0,1.0214856577132674,4.359895011588441,5.621940839512522,4.359895011588441,0.20607262249246477,0.2661070767785646,-0.006162499999999996,0.2674726446875,-0.13196454553057393,2.255,0.5172142893363929,0.4948269711023903
1.1181948066344747,0,1.0154499660104441,4.833574184725511,6.280065019428235,4.833574184725511,0.32568587540325034,0.22406219236776342,-0.008899999999999996,0.2602059259375,-0.15485664043458358,2.466,0.510181473534173,0.49447021048876205
0.7006935462248478,0,0.9938469260699647,4.465397905785218,5.751403046952753,4.465397905785218,0.3641497955750583,0.23652518777158318,0.009657812500000001,0.2626739891577149,0.07506479184639887,2.289,0.5126082934366162,0.4941134498751338
0.25438026843505357,0,0.961750910564747,3.440750674758782,4.37591809333478,3.440750674758782,0.19236630169120578,0.28423668894652965,-0.0011562500000000045,0.20110485605468748,0.1793795541776653,1.543,0.4484486514292913,0.4937566892615055
0.5030691558798073,0,0.9546510113695958,5.147746380098056,6.52457207795709,5.147746380098056,0.23428747433778085,0.28128223386273377,-0.004684375000000003,0.22797523553710936,0.2752261983773357,2.458,0.4774905013780379,0.4933999286478773
0.5186082527668612,0,0.9639463376086886,3.6450419688386173,4.701790061258431,3.6450419688386173,0.2750584140467664,0.25304606317174955,0.001580078124999999,0.24657423030624387,0.07212490269572598,1.81,0.4965649272281773,0.493043168034249
1.094916598614983,0,0.9327968016969418,5.363647678532026,6.904323895993069,5.363647678532026,0.2722722901685263,0.2562529925345025,-0.011927734375000004,0.25307031235580446,0.08714970832132479,2.699,0.5032023282966057,0.49268640742062075
2.699638800653359,0,0.9240300632911554,6.011908608900816,7.967074132883934,6.011908608900816,0.236469542984659,0.27715622631191594,-0.009164843749999997,0.2713215822015381,-0.07839260089365166,3.132,0.5209660032694072,0.4923296468069925
0.860748827953806,0,0.8992105207021998,4.920021328584951,6.342391321879929,4.920021328584951,0.29000264919035623,0.2852073867031814,-0.019132421874999993,0.21893008598007202,-0.011227714047418834,2.304,0.4682906528502091,0.49197288619336427
0.36378489279641,0,0.9390646765625825,4.228139316322771,5.366760547177525,4.228139316322771,0.2966842533783691,0.2985560164370415,0.008461718749999996,0.23294530556579587,0.11582691781539876,2.041,0.48271824727267154,0.491616125579736
0.04872518136413051,0,0.950246394926557,3.7448713099496116,4.702882963824221,3.7448713099496116,0.18445266293166626,0.26988940919283744,0.004644140625,0.21536853703598022,0.03905362838440088,1.738,0.4641013952555249,0.4912593649661077
0.7190224256307753,0,0.9579629742655267,4.154179253439944,5.372721397852348,4.154179253439944,0.287065052711838,0.262333868107772,-0.0027578125000000007,0.23949171868896482,-0.15392157243392374,2.033,0.48938668169327004,0.4909026043524795
0.15626010316005656,0,1.0020411805016143,3.709541656110699,4.699126729162639,3.709541656110699,0.29745334578105637,0.2621918765160581,0.00045859375000000327,0.23154507172302247,-0.14152579783353406,1.785,0.48119152323295344,0.49054584373885124
2.3341694190610847,0,0.9755092645596198,5.927139060980276,7.812861735131809,5.927139060980276,0.28578686875399156,0.2503971693243532,-0.00733828125,0.3032026136907959,-0.03583110386004532,3.264,0.5506872652082123,0.49018908312522297
1.2168128538189782,0,0.9755838745418872,5.445935069834772,7.095225341099623,5.445935069834772,0.258166647271715,0.2633571785058216,0.019523046875,0.2687053979063415,0.298782366434092,2.825,0.5187355272830511,0.4898323225115947
0.7057846325399182,0,0.9762474858886525,3.835666144516234,4.976150045312426,3.835666144516234,0.27303682286147896,0.2496881510716707,-0.0015917968750000038,0.2595154868858337,-0.08423056915926552,1.954,0.5094291125398361,0.4894755618979665
0.7768564918778198,0,0.9769260557835768,3.932661951644659,5.066653451608108,3.932661951644659,0.32356445799661493,0.24399213911350096,-0.0023343749999999983,0.23760798584960935,-0.023311600904421942,1.917,0.4874560853617995,0.4891188012843382
0.11977454914844232,0,0.9524745739416973,3.5593635852612,4.503327584531929,3.5593635852612,0.27834860994780536,0.27273088091591485,0.016852734375,0.22355689823471064,-0.0543689989851561,1.684,0.4731182863625385,0.48876204067070994
0.9057729674539883,0,0.982165471579372,4.539735671024753,5.884889276306701,4.539735671024753,0.2452448967810833,0.22598440276886136,-0.008201953125000001,0.2824555338243103,0.046909183144345126,2.413,0.5315287441515981,0.4884052800570817
1.3283920967414797,0,0.9713814819282949,4.996471402247229,6.574951730306116,4.996471402247229,0.28775603562041513,0.25840126492150006,0.002024609375000001,0.26046340525375367,0.06153110889526523,2.55,0.5103601711506052,0.48804851944345345
0.12888472325530964,0,0.9843406054292819,3.698348746664714,4.668749545883892,3.698348746664714,0.23456181072394391,0.2557373843496242,-0.0028828125000000004,0.22568973548583987,0.044618599519635184,1.757,0.4750768844026722,0.4876917588298252
0.5163411575494141,0,0.9479087198898452,4.720085612077911,6.029449455573652,4.720085612077911,0.2934861201167646,0.28576285306270405,-0.006213281250000003,0.23308642169860844,-0.09856463770243235,2.279,0.4828302254027807,0.4873349982161969
0.6583462892275471,0,0.9563529114501439,4.555630074878013,5.854343227819429,4.555630074878013,0.35335130893695144,0.286537226673589,0.0011488281250000023,0.21350331027206418,0.2071726442981488,2.105,0.4620656123086039,0.4869782376025687
0.21279705032937057,0,0.932608700559161,3.76063368335781,4.78100659244804,3.76063368335781,0.3010135317992503,0.31066351257453445,-0.0012441406250000022,0.19720025406723024,-0.04657252804965345,1.67,0.4440740951160347,0.4866214769889404
0.24972411904536296,0,0.9519228184583175,3.614681263841295,4.582283004367789,3.614681263841295,0.33404682222595167,0.2935824868973602,0.0016093749999999984,0.21166018334960937,0.020347191936264775,1.663,0.46006822693759236,0.48626471637531216
0.573070817654711,0,0.9693696182847219,4.260135871852015,5.453788477771793,4.260135871852015,0.3528804699232724,0.24879571257832953,0.00541015625,0.27422426849060055,-0.08010195772780129,2.231,0.523692217128773,0.4859079557616839
0.5847666011528778,0,0.9213444155312155,4.327015529038395,5.558966679146388,4.327015529038395,0.21389417906935065,0.29076409477954474,-0.005353906250000001,0.22006886537536624,-0.14695007907902852,2.03,0.469145531458523,0.48555119514805567
0.6029300548399354,0,0.9355017058107867,4.283736900052767,5.494082628483376,4.283736900052767,0.21816299070718437,0.29311743338889035,-0.004854687499999999,0.22653937263427731,0.011441539129217292,2.039,0.47598628197144505,0.4851944345344274
0.38186195089537955,0,0.9004956303248335,4.024063912947808,5.123855630590533,4.024063912947808,0.19879265445826813,0.3143589233219657,0.009278515624999997,0.20222859547592162,-0.0004834214868378749,1.81,0.4497940487913607,0.48483767392079913
0.07550049417928983,0,0.8989827238314034,4.25513057928957,5.328303269720994,4.25513057928957,0.29502244343100775,0.31427863786668075,-0.0021261718750000018,0.20593455712753292,0.028568307058435664,1.931,0.45380510985926,0.4844809133071709
0.42386189216075376,0,0.9380680079142139,3.927361352674299,5.03490734430963,3.927361352674299,0.2640298939605345,0.2825035498345574,0.005691015625000002,0.221859657263031,-0.11499956448052155,1.85,0.4710541846984007,0.48412415269354264
0.48408292113341034,0,0.9207342296705802,4.049751110475571,5.1560544289723085,4.049751110475571,0.2250520319861899,0.312453084448051,0.007307812499999997,0.22052569509521486,-0.05637937780727887,1.902,0.46965849211820926,0.48376739207991437
0.5422862899381169,0,0.9156182070972281,4.56347498211341,5.853571134660679,4.56347498211341,0.28999416681868856,0.2625487030749458,0.004341796875,0.2313355155967712,0.18811352962045008,2.195,0.4809931047290335,0.4834106314662861
0.27106769606866665,0,0.9441955167336409,3.9501559868995146,5.024004108726764,3.9501559868995146,0.21533495118216803,0.2907735706179397,-0.005669921875000002,0.2264777617515564,0.027200569713454175,1.88,0.47593057242167686,0.4830538708526579
0.2106216622091317,0,0.8989521229706303,3.677956035547318,4.679514440689094,3.677956035547318,0.24543110334931192,0.29284273061467864,0.004125390625,0.21741083623031615,-0.006950176661293954,1.715,0.466291598764255,0.4826971102390296
0.21241054162604867,0,0.9240263100683698,3.9089044376603477,4.943136550465508,3.9089044376603477,0.27876367723413314,0.28456175424651814,-0.008503515624999998,0.24904530233139038,-0.10908618100433047,1.951,0.49911683212387764,0.48234034962540134
0.8005230484086452,0,0.9192920580521797,4.410710638423452,5.69341353084456,4.410710638423452,0.22613529242029462,0.28708695361452097,-0.00800078125,0.25716196953063963,0.32422695644475513,2.237,0.507174508459613,0.4819835890117731
0.6044553374697954,0,0.9856516136855742,4.894195616498313,6.264898234802353,4.894195616498313,0.2718002842030712,0.27059164876176206,-0.013666796875000001,0.2601133799913025,0.006226719607900617,2.497,0.5101961988569936,0.48162682839814486
0.26810182795763193,0,1.004871268716604,3.878871917937962,4.923266658958646,3.878871917937962,0.2763166079402689,0.25884071217788407,0.005800781250000003,0.2647616040618897,0.03530536963873024,1.996,0.5145826008766716,0.4812700677845166
0.09825641597957269,0,0.9977247885177122,3.408633745833587,4.300245669533613,3.408633745833587,0.2153877544665056,0.2406520042834423,0.006839453125000003,0.26263208711532593,-0.046382122142092266,1.747,0.512522063168382,0.4809133071708883
0.6971256215641519,0,0.9301315619806176,5.333850529781109,6.810176359745521,5.333850529781109,0.20583375842308615,0.2955947504166486,-0.004916796874999999,0.249427691905365,-0.0025195226923397447,2.664,0.4994515660170413,0.4805565465572601
0.11241452843432942,0,0.9533853064660378,3.571640733435817,4.524930966227185,3.571640733435817,0.25309574497263687,0.28589007757361945,0.0021039062499999994,0.23379806810974121,0.007229582567561663,1.727,0.48353127564951787,0.48019978594363183
0.16211791991460256,0,0.9582133448772328,4.083093373157367,5.170802061910739,4.083093373157367,0.28142483372274246,0.314946475465003,-0.010225000000000001,0.1974898509375,-0.09067222258762611,1.815,0.4445159182329695,0.47984302533000356
0.7913579098639119,0,0.928540142808916,4.715355789611905,6.03709003283572,4.715355789611905,0.2936641154495647,0.28249060289212746,-0.0033125000000000016,0.24562303281249998,-0.005775755096910833,2.337,0.4956147752728423,0.4794862647163753
1.2805276813406614,0,0.9519426168779408,5.707249011299553,7.3908988191719995,5.707249011299553,0.24854359265067327,0.2645888342108561,-0.002619921875000001,0.2739087582749939,-0.006404313848815374,2.987,0.5233694892383631,0.4791295041027471
0.9659907288370526,0,0.9468390208800861,4.564967174660951,5.89932049092903,4.564967174660951,0.2820307323568153,0.27304281348089404,0.003273828125000003,0.25406193322128295,-0.08926227198794531,2.301,0.5040561984262023,0.4787727434891188
0.14568089978502918,0,0.9516080268994849,3.5056094914444174,4.459293746808674,3.5056094914444174,0.2917744867945266,0.2614215997928471,0.00019765625000000287,0.24438243280700683,0.14059661356112463,1.733,0.49435055565357666,0.47841598287549053
1.2516992379146004,0,0.9620961194654988,4.508206186086438,5.8786895100691305,4.508206186086438,0.28972235767235727,0.22614854570919174,0.005766796875000001,0.3033180702256775,0.16621981416074907,2.483,0.5507733891283011,0.4780592222618623
0.6560816112466452,0,0.9847857671452731,4.204311100600854,5.462930928599622,4.204311100600854,0.28753456914543407,0.2254852095447922,-0.005415234375,0.2930295154710388,-0.06570150316673205,2.276,0.5413490927621242,0.47770246164823404
3.244152345197997,0,0.9278272079259716,6.553039701442463,8.7279703019387,6.553039701442463,0.230598250060743,0.2494078570417459,-0.0021968749999999987,0.3330819956152344,-0.2530774271164089,3.782,0.5771367445198755,0.4773457010346058
3.6018664617808325,0,0.9389907635541883,6.6805629552949455,8.822626046548605,6.6805629552949455,0.2765208291898554,0.2215312852625938,0.001054687500000004,0.3261080212280273,-0.3795151564582282,3.815,0.5710596585241773,0.4769889404209775
1.604286895037668,0,0.948899102488068,5.145312668691771,6.746784465378285,5.145312668691771,0.19477694357771475,0.25962490928089144,-0.0036433593749999986,0.26205110835433965,-0.23755104021840778,2.634,0.5119222425543503,0.4766321798073493
0.728600237800987,0,0.9374865902659097,4.99646462350233,6.353023759747295,4.99646462350233,0.2847183151967701,0.2531039199993099,0.006153906250000003,0.2711616708441162,0.08119366905605102,2.602,0.5207682223468036,0.476275419193721
0.17756382833223228,0,0.954968643475635,3.854316506172026,4.861840689320274,3.854316506172026,0.2486306538172465,0.3074832964474262,0.005040234375,0.2075396675218201,-0.053425243310491276,1.756,0.4555930985916874,0.47591865858009275
0.8996028588685436,0,0.9253590203302637,4.395437268578655,5.704970367280947,4.395437268578655,0.2535170042145474,0.30283534187720845,-0.008824609375000004,0.24230969384750364,0.027387386586601732,2.164,0.4923287190263483,0.4755618979664645
2.40380391472544,0,0.8798589086020235,6.880673099085197,8.89318062069394,6.880673099085197,0.2644632958638845,0.2952554991626853,-0.0011046875000000009,0.25403540075927733,-0.23563179228800438,3.468,0.5040204570191076,0.47520513735283626
0.018012463151026115,0,0.9825691025370982,3.671612477432122,4.636378554091452,3.671612477432122,0.30085436319630127,0.2721817262127324,-0.008580078124999996,0.24000233030624388,0.04955521982086124,1.799,0.48997545657601566,0.474848376739208
0.3581508313205388,0,0.9822650283313481,3.5749464313084585,4.562208565166398,3.5749464313084585,0.23967770518051565,0.24422446854850352,0.0116140625,0.2749479330834961,-0.0019431263384701125,1.875,0.5244833834653392,0.4744916161255797
0.375956226626013,0,0.944512031266756,4.562805461011574,5.784437639256572,4.562805461011574,0.2591959551943114,0.3179418005557074,-0.0026578125000000044,0.22326459931396486,-0.10209273630161982,2.156,0.4725163100690282,0.4741348555119515
1.4600239846614338,0,0.907415598122217,5.051339401631619,6.580548441036915,5.051339401631619,0.2562590284145933,0.24482809228715982,0.006600781250000002,0.2993641382806397,0.2353082792732105,2.764,0.5471816047655019,0.47377809489832323
0.5751517679985261,0,1.0071211350330844,4.3544043278394895,5.557175865811676,4.3544043278394895,0.22084783165419658,0.25604687465889797,-0.0022980468749999993,0.27464103265243534,0.3405198861131238,2.282,0.524067088903582,0.47342133428469496
-0.0728156273649696,0,0.9522572285752369,3.746635571720804,4.68580129394573,3.746635571720804,0.28153416123891656,0.27553035116416125,0.0023996093750000003,0.23596591492172242,-0.10746677670815155,1.82,0.48576915612961163,0.4730645736710667
0.3450945634028555,0,0.9542027320566931,4.580986961856559,5.797256231724116,4.580986961856559,0.2263160113224705,0.27718431608783933,0.011611328124999997,0.2497574649497986,-0.06774940506000499,2.29,0.49989227628622646,0.4727078130574385
0.6987785537587712,0,0.9436141164171206,4.436110920514429,5.683448064605411,4.436110920514429,0.22246857446791946,0.283569794259165,0.0015160156250000004,0.25816607005599973,0.03873196652714071,2.254,0.5081027143790663,0.4723510524438102
2.7639168412167834,0,0.9647448388479053,8.387476583933015,10.990811075221437,8.387476583933015,0.2628470021906215,0.28905238922675774,-0.0005054687499999995,0.2565109695013428,-0.3278143324848615,4.248,0.5064693722230398,0.47199429183018193
0.9780193408659361,0,0.9403307591231124,4.101627040848528,5.3590154679062865,4.101627040848528,0.26710639511497125,0.26058367426046086,-0.007858203125000003,0.29315230215927124,0.12426558472243596,2.221,0.5414924316328207,0.4716375312165537
0.23082652501011625,0,0.9592090554244347,3.8721455738482895,4.876590091948744,3.8721455738482895,0.25757852811418713,0.24779056544537448,-0.007976171874999997,0.2664517357603454,0.08248493982982444,1.999,0.5162512518901287,0.47128077060292545
0.2596851582658122,0,0.9603489954900986,3.7294652772819687,4.769411562383559,3.7294652772819687,0.2532932557127694,0.298612644988679,-0.007435937499999999,0.23809418808349608,0.11622604639028235,1.82,0.488005616002521,0.4709240099892972
0.5350393263321891,0,0.9763374630085156,4.46596407174547,5.7149187358559255,4.46596407174547,0.28982886690712173,0.259298223847996,-0.0069015625000000014,0.2553592934350586,0.18338963734634944,2.257,0.5053780020934826,0.4705672493756689
0.7036728755256534,0,0.9651867854044822,5.796337957578212,7.4033092271535414,5.796337957578212,0.27527596061761694,0.3235886411475834,0.0027234375000000006,0.2346783805444336,-0.08285913618226311,2.808,0.48444380237159607,0.4702104887620407
0.21171136063286156,0,0.9738510417855576,4.102782554650032,5.2121295716029135,4.102782554650032,0.26095031139859654,0.2871937697542941,0.003505078124999997,0.24649233122421266,0.055614855285619304,2.037,0.49649231292828194,0.4698537281484124
1.2726498792653418,0,0.9759633050464784,4.990002397418638,6.527980754773718,4.990002397418638,0.25137545505857295,0.26148034512371354,-0.0061921875,0.25987747165771485,-0.19286379327740805,2.544,0.5098193943385736,0.46949696753478415
0.41279001707185836,0,0.9344954683659321,4.115716216666455,5.229578085950899,4.115716216666455,0.2344676919584843,0.30115416501951864,0.009967968749999997,0.23627661459899904,-0.11897456928447818,2.001,0.486185124206819,0.4691402069211559
0.33405078492784934,0,0.8944615809633416,3.713848787066807,4.744139022631784,3.713848787066807,0.232177259319532,0.3011600523665816,-0.0120203125,0.2319005292749023,-0.06063495478870567,1.789,0.4817105118092193,0.46878344630752766
0.10722303439309577,0,0.9257411187936593,3.500843369967711,4.409062591957988,3.500843369967711,0.206410460578409,0.28976500084242224,-0.0007082031250000003,0.24987906055770873,0.06352389633202739,1.75,0.4998795476005945,0.4684266856938994
23.593433420652524,0,0.9371633918422323,14.585755305853684,19.940321277518958,14.585755305853684,0.2343256035530258,0.3541306862150496,-0.014306640624999997,0.3358186079246521,-1.0531206015750718,8.455,0.5796751572136113,0.4680699250802711
0.6466842564287458,0,0.9314822162641606,4.168794509701605,5.360746699106736,4.168794509701605,0.2077442223802816,0.24515093274068167,-0.0030027343750000024,0.2845999574143982,0.1291140518307646,2.224,0.5334875573320572,0.4677131644666429
0.0808908121257188,0,0.9019761776126043,4.302109596180429,5.43983920514295,4.302109596180429,0.2453656472966316,0.3124188758069273,0.005619140625,0.22725217252426147,0.08332396410810546,2.051,0.4767428523487531,0.46735640385301463
0.6275840958526797,0,0.8855007377495911,4.253130176078286,5.469100905271684,4.253130176078286,0.2198194898476822,0.28356709682752207,-0.008921093749999994,0.24116608518005372,0.11550629273001829,2.089,0.49116766087940883,0.46699964323938636
0.2315340285119607,0,0.9205053095536441,4.370358742297475,5.502168465340323,4.370358742297475,0.21660686998255493,0.31821923705013894,-0.0016644531250000019,0.22498785811141966,0.2719228486533863,2.073,0.4743317705104993,0.4666428826257581
0.5239923646632523,0,0.9615473193511784,4.076441310623305,5.23705235388512,4.076441310623305,0.23037957169609033,0.2611211067806635,-0.0066832031249999995,0.25063760628036497,0.09225023187190817,2.041,0.5006818066241023,0.4662861220121299
0.318036287905084,0,0.8860187498260071,3.8939123662499098,4.922708412148972,3.8939123662499098,0.21508747861350505,0.2773658625348653,0.0114984375,0.23820501562255858,-0.01777033725559434,1.901,0.4881979410930571,0.4659293613985016
0.11891599227694227,0,0.9592701008804928,3.3134459293555105,4.209575241888523,3.3134459293555105,0.24766535559057018,0.30102285239869203,-0.0014710937499999997,0.22939818666442865,0.0978414828187453,1.587,0.4789575667856705,0.46557260078487334
0.5254977148438393,0,0.955405780198907,4.479693843852497,5.695254530468552,4.479693843852497,0.29546165454397716,0.2940073185642081,0.007027734375,0.23872891055892947,0.08449612198079957,2.189,0.4886494649637662,0.4652158401712451
0.039954314303562555,0,1.0068796211452005,3.7422038792594488,4.702214600580793,3.7422038792594488,0.27813413983513524,0.2729168929774927,0.011883984375000007,0.2530483056809998,0.12554726820880896,1.883,0.5031794260158349,0.46485907955761685
0.09204922378699987,0,0.9657736778058905,3.298087553399097,4.173551264159156,3.298087553399097,0.26027963102799967,0.2986767381670467,-0.0025042968750000013,0.2576178632627869,0.20273491845583366,1.674,0.5075668771360332,0.4645023189439886
1.100533699198138,0,0.9086131112799873,5.088645592069261,6.63393096743814,5.088645592069261,0.1903328467862015,0.2869839305833439,0.001334765625000002,0.2528908422288513,-0.1916126296512802,2.559,0.5028843046150128,0.4641455583303603
0.7266598159394642,0,0.9091906768375224,4.935234603825726,6.323908772192586,4.935234603825726,0.2054989115603423,0.30137626625126307,0.006732812500000002,0.25799825204833987,0.17335180465983657,2.507,0.5079799039455203,0.4637887977167321
0.9719447931814837,0,0.9051689749258907,4.019389350366098,5.2555071217317835,4.019389350366098,0.26265034869371573,0.2616193638232866,0.007479296875000002,0.2900760698838806,-0.03648638974355784,2.165,0.5386390347585523,0.4634320371031038
0.37104674032576623,0,0.9532644911502404,4.130617982091856,5.249059863363901,4.130617982091856,0.2433101760240705,0.2672316743878249,0.008097265625000002,0.2621090745237732,0.13161407780749546,2.115,0.512029921229585,0.46307527648947555
1.1948431063786638,0,0.9259052786766147,4.908757033062182,6.320345662887561,4.908757033062182,0.27113338092602557,0.26350205035747476,0.011952343750000004,0.28061869147888185,0.020897143776557964,2.601,0.5298693706943249,0.4627185158758473
0.3642629144862557,0,0.9482043636667459,3.70228634765746,4.743249672573705,3.70228634765746,0.2777306889575562,0.2963359328256131,0.00018945312499999838,0.2191073988731384,0.10512416584082393,1.733,0.46808913121928497,0.46236175526221907
0.153522568098027,0,0.9992098975786416,3.395124989182849,4.320544598847296,3.395124989182849,0.21089694591478717,0.23172778325919752,0.0022828124999999997,0.27734180282958987,0.03657754496164778,1.788,0.5266374597980095,0.4620049946485908
0.6073364754397321,0,0.9533232212550945,3.8777827909927667,4.9667551822804095,3.8777827909927667,0.31546019330636454,0.2743416782483441,0.0014843749999999996,0.23629345991210943,-0.1764165147464903,1.885,0.4861025234261287,0.4616482340349625
0.07105930028721863,0,0.8961023216536992,3.6576850849875266,4.6176401999452485,3.6576850849875266,0.27314410591682153,0.3040435659985942,0.0070382812499999985,0.2365093524407959,0.039732948443716436,1.779,0.4863732001701471,0.4612914734213343
1.4422765284100567,0,0.9392857499017042,5.27037563977325,6.83764071817487,5.27037563977325,0.27628563817093904,0.24611240044929736,0.0010546874999999983,0.28285336341552736,0.27773843787294195,2.803,0.531840648861339,0.46093471280770604
0.14412054662143836,0,0.9605642679564848,3.5208768092893865,4.470109577225036,3.5208768092893865,0.279295891027588,0.29666246993484474,-0.00608203125,0.2701102393646241,0.08642711631490917,1.83,0.5197568955470914,0.46057795219407777
1.3258394337934192,0,0.9365681255721904,5.002481101420508,6.506465270625929,5.002481101420508,0.2319954974417526,0.2650393355108886,-0.014907812500000001,0.32276309384521484,0.06851857593873133,2.843,0.5683179890859957,0.4602211915804495
1.065199444747952,0,0.9179656547851774,4.954758298008301,6.440422857638191,4.954758298008301,0.25285743207488875,0.2719908525538345,0.008974218749999999,0.26562269621032714,0.22499206098293206,2.554,0.5154640945909812,0.4598644309668213
1.0839390775656579,0,0.9891188231424166,4.1632385040852835,5.497447162348041,4.1632385040852835,0.2860933182247514,0.2143748755836899,0.009798828125000002,0.3567566833580017,0.13324332733279237,2.487,0.597371492783699,0.459507670353193
0.3034460728247468,0,0.9678070796553746,3.8815885988532655,4.903218738401123,3.8815885988532655,0.23776018876413707,0.2687974077644105,0.008840234374999997,0.27289309127182004,-0.0012689005539682076,2.028,0.5224664975054621,0.45915090973956474
0.308088809528249,0,0.9638218887222507,4.199607523143732,5.353950229524039,4.199607523143732,0.26465503120983397,0.25701344844609564,-0.0113546875,0.27830496560302737,0.05592039699855454,2.216,0.5276683565756526,0.4587941491259365
1.06166474700456,0,0.9486699165185751,4.355530555374675,5.666723764440453,4.355530555374675,0.2238443829946969,0.2515994556815566,0.000683203125000003,0.288388282842865,0.2224586203837728,2.339,0.5370183885207052,0.45843738851230825
0.5601827310260314,0,0.9289898112886023,4.4917862676441755,5.744991242029555,4.4917862676441755,0.25150397817710757,0.2729808735288121,-0.004879296874999999,0.2551469045713806,0.09342864310903388,2.269,0.5051442488135196,0.45808062789868
0.03544176158666401,0,0.9413029345740506,3.413913717077936,4.293111257094592,3.413913717077936,0.30601966872059033,0.27419974120573887,-0.01238125,0.23174552808593746,-0.01639344285352345,1.644,0.4815587434960557,0.4577238672850517
0.008066484186171063,0,0.9162747296984443,3.4091637724985744,4.296856521627621,3.4091637724985744,0.27403781366305574,0.2628231502118978,-0.003367578125000002,0.268632798089447,-0.07448008656497654,1.767,0.5183089220454101,0.4573671066714235
0.830023702738107,0,0.9531862700417145,4.381745905709633,5.666222019441417,4.381745905709633,0.28073429734824323,0.23533515666475896,0.0037749999999999993,0.33654126578125,-0.00851078123487618,2.542,0.5801340503765057,0.4570103460577952
0.6621456763022517,0,1.0089449137765345,4.390701644622433,5.6037900988274645,4.390701644622433,0.23338554009596618,0.2492245527843003,-0.004163281250000003,0.3167042334954834,0.004397953219938955,2.471,0.5627802114558134,0.45665358544416695
0.2121463643757755,0,0.964761628584353,3.811264869399556,4.803609027308674,3.811264869399556,0.24523109240031535,0.2635094873280847,-0.002322656250000001,0.24851895058044432,0.1237024297234976,1.9,0.4985221613052925,0.4562968248305387
0.9700654534276532,0,0.9815176613676455,4.154334888300171,5.418270118800374,4.154334888300171,0.27870757162626986,0.22891859771805023,-0.006576171875,0.31967176529159547,-0.2766786008671606,2.349,0.5654334720620322,0.45594006421691047
0.8446936039914887,0,0.9599769248693142,4.331725908125736,5.602751351109919,4.331725908125736,0.2744917106772522,0.2724949457926693,-0.004724218749999998,0.29479480050720214,0.15927036313851342,2.352,0.5429706426226008,0.4555833036032822
0.46216242077687264,0,0.9209142728728402,4.78256436377936,6.073952394626975,4.78256436377936,0.2346528513061264,0.32728736872000314,0.004856250000000001,0.24409778558593748,-0.13439204296890045,2.363,0.4940863980621203,0.4552265429896539
1.1606815807261093,0,0.9739354181238667,4.6027448564838895,6.013950226667167,4.6027448564838895,0.23650458534659147,0.22540096606897608,0.009303515624999998,0.34147639576889033,0.1708657534218293,2.69,0.5844338723687009,0.4548697823760257
0.2876936846250069,0,0.9135679752926352,3.560834110546155,4.526070139027499,3.560834110546155,0.2778077349120295,0.25327240932987743,0.004731640625,0.27547349868637083,-0.06771238487016155,1.869,0.5248770209385957,0.45451302176239744
0.38023210251327644,0,0.9352989119655369,4.232322816407794,5.416868393345109,4.232322816407794,0.23835411922325495,0.2728102540405318,0.010829296875,0.24048355953231812,-0.06407961379609944,2.076,0.4905107880598805,0.45415626114876917
0.42279184185245056,0,0.966568217557171,3.823569623905007,4.8891126412262835,3.823569623905007,0.2721757854387423,0.26617834775991406,-0.002889453124999999,0.2692352147325134,0.14078000537488095,1.984,0.5188868505482432,0.4537995005351409
0.5103147289561281,0,0.9387150799445814,4.524454926380779,5.808561524889892,4.524454926380779,0.32166876396202004,0.2751734177232127,0.005353515624999999,0.2568189785423279,-0.12858158304008543,2.293,0.5068013799032862,0.4534427399215127
1.5422061080737368,0,0.9785063683437211,5.610562876847484,7.330748265016737,5.610562876847484,0.25488181274824967,0.21845157776279828,0.008219531250000004,0.30758909086853026,-0.25746582102845644,3.112,0.5546680552929834,0.4530859793078844
1.187285323544022,0,0.9961088343036715,4.563260265764403,6.003199138613811,4.563260265764403,0.2690573905307929,0.2166312523949394,-0.006968749999999998,0.3547226927734375,-0.04147178347991677,2.718,0.5956267759679714,0.45272921869425614
1.044473709600159,0,0.972870385002879,4.975087529401539,6.424608215963432,4.975087529401539,0.2738814793711479,0.20252422052388575,0.005325390625,0.35707042029281616,-0.24881241099313264,2.973,0.5975774260111614,0.4523724580806279
-0.12585228618914934,0,0.9471180325278379,3.2209689121985954,4.020391422871963,3.2209689121985954,0.26948370175620157,0.2818368106263047,0.0007296875000000012,0.2649690284936524,-0.08497381608110818,1.658,0.5147519411692393,0.45201569746699966
0.5603819624417476,0,0.9481811912031292,4.177710901907593,5.334910798663963,4.177710901907593,0.28066295700904587,0.25160930520467095,0.009039062500000004,0.3059194914428711,-0.008700821666096295,2.311,0.5531737485580367,0.4516589368533714
0.41347318482751305,0,0.983005504035498,4.020570069556206,5.137923193009778,4.020570069556206,0.23506592353160846,0.23693082750399821,0.001772656249999998,0.33584006706481934,-0.014343130280310446,2.33,0.5795198093033577,0.4513021762397431
0.6248651882762601,0,0.9727408737969426,4.5164769854610585,5.812903406829456,4.5164769854610585,0.24363317277896326,0.2586288960419213,0.001968359375000001,0.23404323376449584,0.015481943322164056,2.185,0.48378415455978396,0.4509454156261149
0.6360061527071457,0,0.9480996749079358,4.779331761125873,6.153563699849213,4.779331761125873,0.23515322029347385,0.21316539129231182,0.004539843749999998,0.3501054632562256,-0.17962556996338747,2.828,0.5917145202185764,0.4505886550124866
0.5863180307647831,0,0.9515658954973899,4.397046758896172,5.628441387792868,4.397046758896172,0.2758469436021783,0.27609795944871174,0.006242578125000003,0.29318307826522827,0.040049052957380975,2.381,0.5414998135243215,0.45023189439885836
1.1878754202276598,0,0.8962788775650775,4.923910931387482,6.363247721566036,4.923910931387482,0.2277152575157513,0.2633334933693047,-0.0024632812499999998,0.3347777994329834,-0.15553634606999353,2.849,0.5786051047022486,0.4498751337852301
0.44354688899119976,0,0.9285903985630298,3.9831731460209516,5.094895002107934,3.9831731460209516,0.2463385967420899,0.2695990077051191,0.002754687500000003,0.2768931960717773,0.04399468711785195,2.096,0.5262136299783577,0.44951837317160187
0.4095177852059706,0,0.8860562548730038,3.848757968797917,4.900068312016828,3.848757968797917,0.26395765809407506,0.275089307293107,0.005578515625000002,0.2648968118040466,0.0002530419486717227,1.981,0.5147115033109567,0.4491616125579736
0.9091339713338895,0,0.9269307001751064,5.316313072573526,6.840465367249669,5.316313072573526,0.2534900174437281,0.25572653628200315,0.005935546874999999,0.27498487358016965,-0.22257013989378335,2.788,0.5244235924297028,0.44880485194434533
0.4375865121370279,0,0.9437042583491165,4.03313964442146,5.164636499141121,4.03313964442146,0.27055058972400003,0.27277501354503214,-0.008217187500000004,0.2608167645483398,-0.07767692049754137,2.06,0.5107683297922356,0.4484480913307171
1.1641689105405577,0,0.9722301083821117,5.3015777824454045,6.904119132630846,5.3015777824454045,0.2982178780944426,0.28279258718291256,0.0047289062500000005,0.31444787103942873,0.20779080488778015,2.973,0.5607764559909323,0.44809133071708884
0.6133102719396772,0,0.918409631324474,4.761554298653195,6.08764931931505,4.761554298653195,0.31214738718802315,0.23310561285987413,-0.015971484375,0.3301540972337341,0.188548697928781,2.737,0.5748123046237571,0.44773457010346057
0.22896306502266928,0,0.9303697570009108,3.804877925143759,4.860909608298896,3.804877925143759,0.24624985575284522,0.29008829382265316,-0.0024058593749999952,0.2402513044187927,-0.04208651590009242,1.865,0.49016027233765586,0.4473778094898323
1.3889312008307426,0,0.9190932698123684,4.807849561153971,6.295548455490986,4.807849561153971,0.23714607713744987,0.23812491940072542,0.014228906249999998,0.30982131478942876,-0.10710025721641825,2.677,0.5567977878570459,0.4470210488762041
0.7939361887442744,0,0.9066670874229821,5.020804847904651,6.471354871073559,5.020804847904651,0.25796888456541806,0.2567519062336038,-0.020497265625000004,0.2615908859300232,-0.3184542522493743,2.57,0.5118701239847125,0.4466642882625758
0.15682092254175029,0,0.9243170102154554,3.8336733464927577,4.858052196053469,3.8336733464927577,0.29947355672254933,0.27715235474196326,0.0010117187499999985,0.2476992748626709,-0.0433515709304324,1.908,0.49769498534493994,0.44630752764894754
0.8209137475710819,0,0.9222616595045331,4.589369739204257,5.925687017008385,4.589369739204257,0.2670842564617555,0.2776538704263542,0.002993359375000005,0.26308254253402713,-0.2070504723004951,2.354,0.5129244610411703,0.4459507670353193
0.8525120241818716,0,0.9292657322427204,3.9425260837332003,5.13211776774993,3.9425260837332003,0.24054390832726646,0.24709358955290675,0.0027175781250000025,0.2924248542222595,0.14763081700589514,2.132,0.5407700430433671,0.44559400642169106
1.4165809395493358,0,0.9277995225441638,4.530132121695033,5.945759447653169,4.530132121695033,0.2618345028952095,0.2647750232410969,-0.003842187500000001,0.2766961891577148,0.13850701795624906,2.383,0.5260332228695256,0.4452372458080628
0.9588875703676605,0,0.95569947249278,5.11026047742121,6.613129006115081,5.11026047742121,0.20779502374735975,0.2572874484267042,0.0005937499999999974,0.3012861365234375,0.05330804826215373,2.805,0.5488956996210664,0.4448804851944345
0.9870932347369714,0,0.9319443420381318,4.4206223376113005,5.750201066396592,4.4206223376113005,0.22832173937606723,0.24473042074321236,-0.00019374999999999932,0.29795299917968754,0.23045348191517084,2.413,0.5458507458259538,0.4445237245808063
0.6439679015557571,0,0.9454569552368445,4.121182882132424,5.289697680155658,4.121182882132424,0.27308468320124496,0.2714952521055765,-0.01596171875,0.2920168110345459,0.23234124595559424,2.228,0.5406214826475174,0.44416696396717803
0.2959719335727877,0,1.0089801902035596,3.594350276512943,4.557142292021045,3.594350276512943,0.22588291576373412,0.23251060034515864,0.009687890625000002,0.31730785297836306,0.08938392168285929,2.025,0.5633841568620164,0.44381020335354976
0.5894246664345086,0,0.975397808771311,4.419603949168731,5.630890870780542,4.419603949168731,0.2499637813222353,0.25228678092807955,-0.0009062500000000011,0.28950479589843753,0.0058003773851136985,2.378,0.5380572619968065,0.4434534427399215
1.2974820850678093,0,0.9241965781738904,5.5398239583207705,7.138690190047319,5.5398239583207705,0.2555692221363858,0.2695649784338133,0.0013667968750000026,0.2930611400694275,-0.2654724361576622,2.999,0.5413529423611966,0.4430966821262933
0.4772606684511791,0,0.9747433424398918,3.803643896455181,4.866978555767177,3.803643896455181,0.2774538486519466,0.23070863273524705,0.007385937500000002,0.3399802604272461,-0.0285467455535296,2.218,0.5831250401929247,0.442739921512665
1.5614698405298784,0,1.003941529064306,5.241878664493919,6.857625986104199,5.241878664493919,0.27413549998141395,0.19820840739689052,0.0020367187500000003,0.3595090463079834,-0.15687040383162607,3.143,0.599594191542288,0.44238316089903673
0.26737170570917,0,0.9794034530587563,3.750268006733079,4.750889084318225,3.750268006733079,0.20950942407326817,0.2189991762607058,-0.0011105468749999993,0.33264945692001346,0.013897215524885766,2.163,0.5767587799369638,0.4420264002854085
0.4335940982694906,0,0.9890445998403413,4.319120635067582,5.49044127098485,4.319120635067582,0.26087423880978716,0.2051973126335984,-0.00047812500000000144,0.3916527401464844,0.09156240613156377,2.703,0.6258218346702199,0.44166963967178025
0.6555135395912131,0,1.0154138459795317,3.9953061929474583,5.160444033490146,3.9953061929474583,0.28226019091747434,0.2178005248965449,0.0026414062499999997,0.35634291359802245,0.0949947860852382,2.385,0.5969504926080554,0.441312879058152
0.27748029571833266,0,1.0316027233892207,3.690745162805575,4.6802207114256325,3.690745162805575,0.2454661831115561,0.21275806460115054,0.0036906249999999973,0.37528157616210944,0.13281692528958722,2.261,0.6126134155199345,0.4409561184445237
0.7487667267399947,0,0.9774770100233009,4.726514678228712,6.102514825922799,4.726514678228712,0.20506315560769975,0.2347627189218107,0.0025773437500000037,0.2700001580804443,0.06616900181458431,2.456,0.5196217862842647,0.4405993578308955
0.16151450755534746,0,1.010518444145401,3.822314616302289,4.829091885807387,3.822314616302289,0.26423499828125624,0.24482446284841253,-0.005099609375000002,0.3119655904685974,0.004265324514016606,2.135,0.5585620793469379,0.4402425972172672
2.1211844112960385,0,1.0039901335261994,6.143646050914181,8.051782675601078,6.143646050914181,0.22184106746164253,0.20274891061715872,0.00033359374999999795,0.39536381605896,-0.41749673926911535,3.863,0.6287797128913671,0.43988583660363895
0.7525607454021426,0,0.9702382027174725,4.029498964358515,5.198703958451074,4.029498964358515,0.2568831550029645,0.25814089757502107,-0.0046617187500000035,0.3076254621282959,0.1901930695907667,2.235,0.5546595295764781,0.4395290759900107
0.6423657870132464,0,0.9265876122528592,4.696296079999106,6.0470800940155485,4.696296079999106,0.22934318307865387,0.25961345138937164,0.00906015625,0.3094943385687256,-0.06140945129533942,2.613,0.5563959246795397,0.43917231537638246
0.9592614457107596,0,0.9574525321051892,4.810271139509628,6.252873230230502,4.810271139509628,0.28448585451862896,0.251638767996878,0.004816796874999999,0.31456669963973993,0.04115475231571725,2.698,0.5608831439541351,0.4388155547627542
1.8908381819591442,0,0.9297714695471565,5.627208822249999,7.352783701619857,5.627208822249999,0.29625816010447525,0.2270661903279208,-0.013053125000000002,0.3161749003027344,0.07664150784444256,3.165,0.5624458057226491,0.4384587941491259
0.5747409882627501,0,0.9557262190592544,4.363294426538473,5.6114874626479025,4.363294426538473,0.27247977706293236,0.24506016609082387,-0.0076824218750000004,0.30755186125350953,-0.03482693410481165,2.42,0.5546267942133476,0.4381020335354977
0.7575609313446328,0,0.9848169578888831,4.603225037232844,5.932961702743793,4.603225037232844,0.23127997698308445,0.2709483540726797,-0.005730468749999997,0.30949145704040526,-0.1480139855383421,2.561,0.5563490768505867,0.43774527292186943
0.3164697951739681,0,0.9604735570698736,3.7714537100129832,4.781293635778473,3.7714537100129832,0.2803406505164783,0.2765629161465518,0.0014855468750000016,0.28262319354110715,0.09267869966149447,2.005,0.5316252443127819,0.43738851230824116
0.40531489035579327,0,0.9201378420544496,4.354929232919518,5.543552907193618,4.354929232919518,0.25390167243997835,0.2669957015865208,-0.006948437500000003,0.2702172379663086,-0.04813121504225886,2.264,0.5198706750240871,0.4370317516946129
0.412845152084949,0,0.9107339231208805,4.0737471479543,5.178510507477531,4.0737471479543,0.3029937226769822,0.28860922244004666,-0.0096796875,0.2653893169311523,0.01729204807181509,2.099,0.5152504374391641,0.4366749910809847
0.5053436864351348,0,0.9520400793356387,4.084358662162734,5.230705273073844,4.084358662162734,0.23577779864613443,0.2501343134322757,0.009495703125,0.3197818242002869,0.10367797658843632,2.31,0.5655722699868913,0.4363182304673564
1.069647464626887,0,0.9551954414637228,4.674137534749457,6.121412012438743,4.674137534749457,0.2733847938516859,0.2383112052149912,0.006132421874999997,0.33092477269882203,-0.1638011106186176,2.689,0.5752932984981444,0.43596146985372813
0.8764103788513782,0,0.952526195192016,4.443746887979871,5.728342677642322,4.443746887979871,0.29324992571792796,0.25017006758918897,0.0029980468749999994,0.3180176550743103,-0.002934097950308685,2.506,0.5639385102645278,0.4356047092400999
1.3879184594504217,0,0.9875248566279807,5.317693830084214,6.9712153723892145,5.317693830084214,0.24300892936849502,0.2235143156509734,-0.0028019531249999985,0.3723690596055603,0.24718300279551705,3.245,0.6102269336458979,0.43524794862647165
1.620716120758928,0,0.9678822307294221,4.622492005712874,6.14795107021991,4.622492005712874,0.24593206306932597,0.24420774193544467,-0.0021304687500000065,0.2976673525091552,0.21021689771395738,2.522,0.5455931555713012,0.4348911880128434
0.8693064806696791,0,0.9228144517021125,4.717749464609594,6.075423273186067,4.717749464609594,0.21830420901343542,0.2988004125426602,-0.004345703124999997,0.3397594152549744,-0.002880189266029985,2.75,0.5829050526377559,0.4345344273992151
0.6133710432246549,0,0.9395078243565104,4.591264343585849,5.862879089768494,4.591264343585849,0.21123423247020406,0.25651014440990405,-0.010637109375,0.2909501304197693,0.07125921981268377,2.477,0.5395028067727035,0.4341776667855869
0.418437021206429,0,1.0041194451593425,4.265395365630914,5.437143257543908,4.265395365630914,0.2810190708136134,0.25977765376280143,0.013048437500000001,0.2763582789038086,0.1875324373520542,2.243,0.5258598108098773,0.4338209061719586
1.1678074971803847,0,0.9477853837694589,5.867145306556802,7.579763694348051,5.867145306556802,0.23046533825632642,0.2637561625332844,-0.001267968749999997,0.330308180536499,0.35055585623861957,3.372,0.5747258374923212,0.43346414555833035
0.634645405671705,0,0.9250272361199445,4.1623315756004775,5.34826482894413,4.1623315756004775,0.1958692052685546,0.28637209799833657,-0.00552421875,0.27251943222595215,0.0524233956051585,2.173,0.5220631659279842,0.4331073849447021
0.7497261309434031,0,1.012860311604168,4.532374912380792,5.844947957739403,4.532374912380792,0.24068450044633166,0.24018050808863056,0.011569531249999997,0.3497645600091553,0.2932038164525239,2.681,0.591522116291944,0.43275062433107386
1.4413812776230754,0,0.9889029371535758,5.7446246676058195,7.4930114052490975,5.7446246676058195,0.29020300203310334,0.2223363667554774,0.00725703125,0.3512738401849365,-0.026522156344701647,3.405,0.5927280191517016,0.4323938637174456
0.6781835590927363,0,0.9741459014488911,4.446247378106839,5.754859736934002,4.446247378106839,0.30538300187581063,0.25679021985034534,-0.00836796875,0.30903758100524903,0.2629146257953505,2.472,0.5559744633580306,0.4320371031038173
0.5515277815392503,0,0.9489294018755028,5.081745094625069,6.49787593208918,5.081745094625069,0.2259196029271796,0.22893484230585195,-0.007554296874999996,0.32740654705184935,-0.0469114999523152,2.908,0.5722443660300423,0.4316803424901891
0.6963669676087609,0,0.9253991127139066,4.139169890851405,5.33849321161156,4.139169890851405,0.26469045154844995,0.25947013466740665,0.0028300781249999967,0.3018164394859314,-0.05387131161505676,2.274,0.549385519310552,0.43132358187656084
0.37437157908245267,0,0.9649152093331294,3.836951526074012,4.9140179245158135,3.836951526074012,0.22171685128064367,0.2594441705095514,0.005244531249999999,0.2798831628607178,-0.013980445277052193,2.03,0.5290658446438874,0.43096682126293256
0.134451412231964,0,0.8780120267113755,3.679689815145866,4.654018047395722,3.679689815145866,0.22487462813259096,0.30049545264080224,0.0033511718750000004,0.24274656613143925,0.10219816470603214,1.813,0.4927045732326574,0.4306100606493043
0.24839722803309705,0,0.9446954317085346,3.9083091861111874,4.9369252609343315,3.9083091861111874,0.263734640055104,0.2700509620324835,-0.002894921874999998,0.25716704872421264,0.061985751679401874,1.982,0.5071246683971062,0.4302533000356761
0.2292874170153465,0,0.9453826387055264,3.618591551955557,4.605071816015349,3.618591551955557,0.27411761984786503,0.2567764348765951,0.006871874999999997,0.2909444070214844,0.20274856853330195,1.952,0.53943640003943,0.4298965394220478
0.46358302966741016,0,0.959076793111692,4.180202053361907,5.324369487404279,4.180202053361907,0.3392100897606074,0.27662240036894936,-0.006522265625000001,0.26375427059799195,-0.10212878912759586,2.147,0.5136115366177779,0.42953977880841954
1.2431257787347558,0,0.9668275511702731,5.069305856261259,6.60089807332435,5.069305856261259,0.3207542584018437,0.2146769990659676,-0.009243359375000001,0.3623845606980896,0.3869501273209178,3.052,0.6020548151045925,0.4291830181947913
0.12617375605825254,0,0.98422344678244,3.4837995156792583,4.385343671773548,3.4837995156792583,0.23167146188662946,0.2196030511156178,0.003202734375000002,0.3136129772581482,-0.05491823685870898,1.951,0.5600207449422075,0.42882625758116305
1.357964668434037,0,0.9847787724347448,5.393881187947027,7.025760468906281,5.393881187947027,0.18675863191181294,0.22821446194520215,-0.001167187499999997,0.33867109548583985,0.26343263649787696,3.139,0.5819557180855774,0.4284694969675348
1.2744624498898256,0,0.992754527836976,5.053685355100993,6.554268264151844,5.053685355100993,0.20462046529319436,0.24650472228213785,-0.005883203125000001,0.329256188311615,-0.031294000968819034,2.9,0.5738386536219262,0.4281127363539065
1.703917067688046,0,0.9632747161988994,6.327644719616505,8.214357757544883,6.327644719616505,0.2793626299004436,0.25689146565452103,-0.007564062500000001,0.35191174355224614,-0.3823253028703417,3.754,0.5932697182511087,0.4277559757402783
0.5560978747215675,0,0.9442861420573861,4.614915443997206,5.897229839218129,4.614915443997206,0.23556977030628368,0.2806075150790841,-0.0022960937500000013,0.28137609201599123,-0.10854441233822355,2.448,0.5304539226572841,0.42739921512665
0.8138794721652123,0,0.9793856871610931,4.678672011623184,5.996894047272531,4.678672011623184,0.26242067348848624,0.2501843154532816,0.0010906249999999991,0.3300743386621094,-0.3040688519702089,2.688,0.5745219996875663,0.42704245451302175
0.3946723175998015,0,0.9779036189523194,4.018987320051439,5.1082659865938345,4.018987320051439,0.31671836885414534,0.2304351412153161,0.0046484375,0.3320592467163086,0.1223684039026552,2.316,0.5762645700435695,0.4266856938993935
0.37489512180652707,0,0.9872620202558599,3.997238363730935,5.093528781831078,3.997238363730935,0.26459299619804305,0.22939238965687375,0.008964843750000001,0.32784233938903806,-0.04076403260751729,2.289,0.5726453595485603,0.42632893328576527
0.34218979145848927,0,0.9570507446753469,3.890471194600376,4.944557434474361,3.890471194600376,0.327129620530657,0.26730702810094686,0.004043359375000001,0.31656630476058967,-0.1451386702657216,2.189,0.5626567812757836,0.425972172672137
0.8863617623608961,0,0.9330352697398292,4.686901889024596,6.007960861428982,4.686901889024596,0.3149925522577648,0.269273072995026,-0.0038457031249999997,0.2883848453330994,-0.0855220724965002,2.517,0.5370285232328215,0.4256154120585087
2.415566496714386,0,0.9584175231067211,6.077360567897196,7.972772863596327,6.077360567897196,0.27094388502728306,0.21988400323366278,-0.006890234374999998,0.3138618555296325,-0.002721693751700541,3.405,0.5602761201937622,0.4252586514448805
1.6785565983206272,0,0.938922642571074,6.363815479543975,8.171461794049067,6.363815479543975,0.2508576471828233,0.23154459583576412,-0.00014648437500000138,0.3271655609642029,-0.33704171892526713,3.64,0.5719839004918539,0.42490189083125224
0.9506655688489358,0,0.982758446324518,4.5248183264392265,5.86239644975608,4.5248183264392265,0.29421033962228116,0.21981889152026726,0.002142187499999999,0.33246035947021485,-0.022303707624661422,2.609,0.5765977353731976,0.42454513021762397
0.9790155905245626,0,0.938514410458672,5.106979069939965,6.556430546773709,5.106979069939965,0.21553528543021322,0.24293424228661972,0.0017027343749999985,0.3021012354612732,-0.1117615759942974,2.807,0.5496400046990985,0.4241883696039957
0.35153751507856157,0,0.882579723954713,3.877305276779631,4.94704338714613,3.877305276779631,0.2871321148461901,0.25376254160920025,0.002859375,0.2888837716308594,-0.10413921127724815,2.084,0.5374866953295216,0.4238316089903675
0.3251646534384691,0,0.9285133278263508,4.245584320001228,5.412642929083477,4.245584320001228,0.20348295187718246,0.2603148530855956,0.012911718749999999,0.2892457695501709,-0.09146916091672824,2.284,0.5379707074100318,0.4234748483767392
2.995256930715252,0,0.9458419303949095,7.608126228437869,9.976279589024077,7.608126228437869,0.2873731060721345,0.3023796457525629,-0.0021332031249999992,0.3774129178038025,-0.06334084541728704,4.674,0.6143431194042748,0.42311808776311094
0.8929659113373276,0,0.9503892967919841,4.288624150677365,5.544661634181325,4.288624150677365,0.2681822459007873,0.2473287233690429,0.015284765625000005,0.33443697008041384,0.26132397139506686,2.481,0.5785072118311275,0.4227613271494827
0.24588615579921047,0,0.9635322869984158,4.39159717296715,5.532888643841194,4.39159717296715,0.22224710400851208,0.2502170153494343,-0.011289062499999997,0.2982840203491211,-0.05348461278329721,2.399,0.5462705037627879,0.42240456653585445
0.043343333432887654,0,0.9735374905134926,3.775202693617729,4.763500806200902,3.775202693617729,0.22617010785851635,0.2508658053993235,0.001442578124999997,0.29572925842147824,0.005141508932143867,2.053,0.5438118603461357,0.4220478059222262
0.2727072868626008,0,0.9590601413282738,3.419168916148367,4.368604756340809,3.419168916148367,0.29594455911117673,0.27788856182720323,0.0004433593749999999,0.2864578764793396,0.004402532890679223,1.83,0.5352177809517122,0.4216910453085979
0.496424570176043,0,0.9254979132970004,4.1905555087309585,5.344534918287885,4.1905555087309585,0.25810650300460924,0.28772826794775114,0.005791796875,0.26466668438583374,-0.0135838160000461,2.156,0.5144902616151981,0.4213342846949697
0.429711830994401,0,0.9226051922533943,4.811406357959138,6.127886389752919,4.811406357959138,0.23928474245976303,0.26448166521158506,4.6875000000001776e-05,0.2826552142089843,0.06850850137011753,2.558,0.531653285898103,0.4209775240813414
0.40748910838383834,0,0.9470650081554591,4.717989162903923,5.974703169965591,4.717989162903923,0.3266029174909409,0.2696755510504238,-0.009017187500000001,0.2927299356420898,-0.02380551562178299,2.553,0.5411203612067282,0.42062076346771315
0.7863068823665609,0,1.0066942822586324,4.1650548329285275,5.457402643329789,4.1650548329285275,0.34530215973084705,0.2175665568008878,0.0008269531249999983,0.3801437118516541,-0.0702352109373567,2.568,0.6165585095537365,0.4202640028540849
1.8001529271332553,0,0.9633196198084943,5.765502708618345,7.63212093912165,5.765502708618345,0.27092395635101957,0.2285599507390261,-0.005741796875000001,0.3549267915342712,0.12571593564026828,3.435,0.5957849945791057,0.41990724224045667
1.9330336015758842,0,0.9445546058512864,6.1067938284158325,7.943331077325823,6.1067938284158325,0.224658515140391,0.23568610073875376,-0.011887890625,0.29774057532211307,-0.4228323396258949,3.333,0.5457855781033656,0.4195504816268284
1.513407837733718,0,0.9620237637886928,5.042915443611226,6.599585251975491,5.042915443611226,0.26568058877728823,0.19472608553626397,0.011737109375000004,0.3848507375291443,0.17305247985705358,3.129,0.620474413062799,0.4191937210132001
0.172663561926103,0,0.9305197209917474,3.5936087033034325,4.558062039562881,3.5936087033034325,0.29870490677021944,0.2529217978934695,0.005740624999999996,0.2980495131933594,-0.0030645869648723025,1.962,0.5459692921481483,0.4188369603995719
0.8860254413873365,0,0.940856977943071,5.040450675002097,6.510937953485056,5.040450675002097,0.30018609068329904,0.22881010750644365,-0.0057601562500000005,0.35350371903747557,-0.19299576963748713,2.997,0.5945896891449599,0.41848019978594364
0.12041246450918264,0,0.962469889855973,3.4360669371961143,4.327003145180116,3.4360669371961143,0.21555136390551158,0.2534293666460061,0.008231249999999999,0.2863765746484375,-0.09881227728346596,1.839,0.535204940303245,0.41812343917231537
0.2997757587993455,0,0.9731332008343611,4.27609537435914,5.456839340236944,4.27609537435914,0.2340778509951636,0.244761708178549,0.006304687499999998,0.3120917032592773,-0.08844267262921039,2.389,0.5586872580825072,0.4177666785586871
0.4985396022800077,0,0.9049851437626272,4.147560081126501,5.289878409781213,4.147560081126501,0.26554597670814933,0.2886679614688819,-0.008914062499999998,0.2668883933959961,-0.20753614577407523,2.143,0.5166893204879021,0.4174099179450589
0.6850075586537172,0,0.9536464944982691,4.333353167028364,5.589136048177474,4.333353167028364,0.30353808970552454,0.25451117605814866,-0.0057445312500000005,0.34489416832946784,-0.13654514036203613,2.545,0.5873050042088438,0.4170531573314306
0.49795037859574576,0,0.9742305949097985,3.8353541446303567,4.92286527796609,3.8353541446303567,0.20360097183307516,0.24061380516114422,0.00444296875,0.3677775100286865,-0.15402362774226686,2.326,0.6064629007614563,0.41669639671780234
0.20505559670602702,0,0.9682629618662132,3.800817795352631,4.824703962726716,3.800817795352631,0.3296165310748918,0.24942272813146585,0.009668749999999995,0.3715255629296875,0.11538934489670818,2.317,0.6096056492981754,0.4163396361041741
0.2292577351348566,0,1.0123431190689713,3.5790141315310198,4.513745766404253,3.5790141315310198,0.23998585688297996,0.22686733551319752,0.0008867187500000061,0.39521857310485836,0.12126313906148402,2.25,0.628664743225672,0.41598287549054586
1.7075245905057468,0,1.0110297868096931,4.869643132080996,6.5113617266735995,4.869643132080996,0.2651191724448087,0.22371611399951333,-0.006150781249999999,0.47604693273376464,-0.08320688177909877,3.36,0.689988959943382,0.4156261148769176
2.0713457941936655,0,0.962802229038822,5.616054623380347,7.514928477368082,5.616054623380347,0.29012161853725243,0.21559125386805894,0.008127734374999999,0.4655075489183044,-0.08514412422504408,3.832,0.6823295457360579,0.4152693542632893
3.5483777629821924,0,0.9732486593553673,7.603117616155941,10.109720059427636,7.603117616155941,0.30828686607724815,0.24088324632407995,-0.003377343750000003,0.4084117716741943,-0.3569489548531695,4.859,0.6390799465833676,0.4149125936496611
0.9295548844154329,0,0.9477640565437708,4.791665063263772,6.160858619318935,4.791665063263772,0.24928019910674448,0.24534443868893863,-0.009060937500000001,0.3677234790991211,-0.12390400639643706,2.906,0.6064697681562536,0.41455583303603283
0.9652025794389147,0,0.9459459625490316,4.535533263942887,5.838538351726196,4.535533263942887,0.2881706022845716,0.2761073983506757,0.00357734375,0.31287182683044434,-0.34427998506979474,2.537,0.5593609069453728,0.41419907242240456
0.37485081251062047,0,0.9091102758806536,4.108589718238582,5.238768456016479,4.108589718238582,0.19933072864778523,0.29264888551303325,-0.005811328124999999,0.3063003476060486,-0.14493788580788833,2.274,0.5534745876195446,0.4138423118087763
0.8370089001498506,0,0.9589432027506231,5.397763730181133,6.882658802848718,5.397763730181133,0.2514621568247181,0.22230338948067682,-0.0091625,0.36759119078125,-0.256691680575625,3.273,0.6063622202838004,0.41348555119514807
0.8419827005153233,0,0.9339833717607593,4.435223449086239,5.727521251185644,4.435223449086239,0.2535195983062063,0.24889735758155596,-0.004474218749999997,0.3766362782415772,-0.23503683088980007,2.722,0.6137233064459912,0.4131287905815198
0.12184706788244615,0,0.9766239496859842,3.76551396912519,4.7553539163487635,3.76551396912519,0.2847279319590931,0.23199655609569364,0.0039023437499999974,0.3293373045257568,-0.028222223902544072,2.161,0.5738924401074648,0.41277202996789153
0.3314765344132944,0,0.9960719497246858,3.8313585105056314,4.873806338399611,3.8313585105056314,0.2351091571780332,0.24767618363420033,0.011132812499999999,0.35214579876708985,-0.031799903993741066,2.274,0.5935231573251797,0.4124152693542633
1.1315451551919002,0,0.9336424035814106,4.73607175079213,6.163081893042151,4.73607175079213,0.2538115118509641,0.252127252287387,0.001335546875000003,0.3334846065489197,-0.12874041516710208,2.735,0.5774828051417419,0.41205850874063504
0.6918431347916876,0,0.9835385920935162,4.631015244138615,5.940803893370353,4.631015244138615,0.28557091234484167,0.24183273508336733,-0.007630468750000001,0.38723110563415525,0.1657427300725522,2.882,0.6223257424271472,0.4117017481270068
1.3157192414457421,0,0.9747026335220703,5.360927217769435,6.913550036464212,5.360927217769435,0.2127381441419822,0.23666944463114398,-0.003060937499999998,0.3916470298803711,0.03447419174683661,3.355,0.6258245754352812,0.4113449875133785
1.6815589484267992,0,1.006222142404702,6.117207527000028,7.991330352347446,6.117207527000028,0.205304559323812,0.2242356775575285,0.006393749999999998,0.4124911074609375,-0.42477440965990165,3.929,0.6422865306854877,0.4109882268997503
0.5145207081458305,0,0.9634222311636192,3.8503061429589205,4.944005805069578,3.8503061429589205,0.26233876776527165,0.23811206712502733,-0.002009765625000004,0.3853015221702576,-0.18437149913809397,2.39,0.6207298617982906,0.410631466286122
1.1720717391782358,0,1.0013766531840942,4.625337441784376,6.0165331252325265,4.625337441784376,0.29290698886873306,0.2303623915136464,-0.002189453125000001,0.37939584184188846,-0.2798951851458938,2.849,0.6159550596812035,0.41027470567249374
0.12467811469023582,0,0.9480658062505485,3.800232713658669,4.797621073884855,3.800232713658669,0.2996899280945303,0.29470844435544363,0.0022183593750000003,0.29985869645980834,-0.0024630647840233866,2.081,0.5475980438041438,0.4099179450588655
0.09056942540422375,0,0.9991490463453744,3.3441388274233157,4.211245890882306,3.3441388274233157,0.2672757121563128,0.2760447725136386,-0.006273046875000002,0.28967927271102906,-0.06505156578361529,1.8,0.5382551660951569,0.40956118444523726
2.0233901845064635,0,0.9581377356820588,5.961980162949835,7.838388928859167,5.961980162949835,0.3163152746585143,0.23126428697549417,0.0031445312500000032,0.38388535332946777,0.00841880973971158,3.694,0.6195928029006228,0.409204423831609
1.9504296626053037,0,0.9858299482054256,4.753323210265572,6.251909950478578,4.753323210265572,0.26724428949618834,0.21584841769098145,-0.0017328125000000013,0.4047302450170898,-0.1935493128829727,3.024,0.6361864881119764,0.4088476632179807
5.877877439786202,0,0.9790652291712538,8.587339406123304,11.630987051691767,8.587339406123304,0.2740959197799867,0.22579298870690917,0.006680078125,0.3980265644468689,-0.7916102088348386,5.418,0.6309288294971351,0.4084909026043525
0.7346636663267327,0,0.9972442018828771,4.15698614526866,5.396578498007546,4.15698614526866,0.2634346958352334,0.23924491204603304,-0.00018554687499999778,0.3482073222129822,0.1674933763143709,2.453,0.5900909731902573,0.40813414199072423
2.3855831077913976,0,0.9650906948041005,6.13225810042486,8.145418849505942,6.13225810042486,0.26292434125655956,0.2355448692326294,-0.010726562500000003,0.37065766351318363,-0.39655588721810925,3.734,0.6089110958557498,0.40777738137709596
0.3425041586201556,0,0.9446197972577277,3.925025571325129,4.968749525051786,3.925025571325129,0.22688148660245738,0.27564681225723303,-0.002647265624999999,0.3059318673753357,-0.08057899634620312,2.171,0.5531174155553458,0.4074206207634677
0.7339317618461076,0,0.9590050648684422,3.8582103874570604,5.003760884140791,3.8582103874570604,0.31768698092678926,0.2598735723786228,-0.0018792968749999973,0.32543447644638057,-0.0011625375946305932,2.201,0.570471741809465,0.4070638601498395
1.2892197668551706,0,0.9890061327859923,4.984004818280736,6.561399348141691,4.984004818280736,0.2559082491194543,0.22393944292832196,0.00481796875,0.411952461395874,0.3691294134717976,3.199,0.641853312072743,0.4067070995362112
0.4062527595229031,0,0.9302105027064806,4.280583613982977,5.514243616913917,4.280583613982977,0.2992407562466918,0.2682059428429062,-0.009005859374999998,0.38839622535629265,0.0005241671924124606,2.668,0.6232794965818906,0.40635033892258293
0.9612101475890387,0,0.9586528679176576,4.67269141350552,6.044752799244407,4.67269141350552,0.216034931867696,0.26278957064705416,-0.0016492187500000018,0.3314109042962647,-0.1977398028773096,2.69,0.5756853517493301,0.4059935783089547
1.3120651583487586,0,0.9673473785334666,5.392537003744752,7.083096428349013,5.392537003744752,0.27153521492018257,0.2404891537468304,0.001775390624999995,0.40245421400375364,-0.09107448023294695,3.421,0.6343952758459231,0.40563681769532645
1.9575539951199028,0,0.9812598216297861,5.9969383654274875,7.895276024715743,5.9969383654274875,0.2851414996216833,0.20930480553985847,0.001039843750000001,0.4484635913812256,-0.2664782976400237,4.016,0.6696750500475958,0.4052800570816982
1.1431745954479187,0,0.9345621321005319,4.711079568126814,6.119249596937594,4.711079568126814,0.2969941667788197,0.2235813129638629,0.008366015625,0.4124993672044373,-0.16000600398303577,3.026,0.6423156213434911,0.4049232964680699
0.7306822089835587,0,0.9688231431032219,4.305046908617789,5.558650773786499,4.305046908617789,0.24913639420728204,0.2287671458921804,-0.003779687499999999,0.3852130803686523,-0.060519553743784045,2.672,0.6206668723286671,0.4045665358544417
1.3484554663943547,0,0.9284814061120725,5.827474123244627,7.61272638834355,5.827474123244627,0.21590982001955367,0.2678121422856482,-0.005311328125,0.37149436362167354,-0.29342887865401523,3.552,0.6095265160992793,0.4042097752408134
2.8628221728423577,0,1.0008005307726695,5.77830710245024,7.76188213598536,5.77830710245024,0.30841902697599033,0.2097477606933585,0.014267187500000006,0.4476614270483399,0.065412258253896,3.867,0.6692271510387935,0.40385301462718515
0.25068712375026747,0,0.9463647173389526,3.872055549139573,4.891135255560239,3.872055549139573,0.2678436814976909,0.2830384842661423,-0.002673046875000004,0.31697137161727906,-0.1343379159043121,2.18,0.563008451798794,0.4034962540135569
0.5931743810140331,0,0.9589477711983845,4.191001162373067,5.405827880905281,4.191001162373067,0.24019716782532827,0.2531619064297742,-0.009678515625000002,0.3380299353196716,-0.11290880943673817,2.437,0.5814839713907641,0.40313949339992866
0.6416232057371403,0,0.9231274277046628,4.872432278465036,6.275512582322818,4.872432278465036,0.2683993025856859,0.2468335660072422,-0.014584375,0.36511194444335937,-0.24696546520662774,2.945,0.6044209199204641,0.4027827327863004
0.30245145767710246,0,0.9436859377386504,3.382720474241662,4.344593888548866,3.382720474241662,0.2494524514192651,0.2706157235755724,-0.0012070312500000006,0.28915518604431145,-0.09048983356303586,1.819,0.5377328732453968,0.4024259721726721
0.5271837707411033,0,0.9495521736387141,4.7212705005667255,6.022234858491198,4.7212705005667255,0.2582752903146162,0.24457418464210887,0.008551953125000003,0.3095278808946228,-0.07414099965940173,2.627,0.5564180234292154,0.4020692115590439
0.8633525817177525,0,0.9717372689292434,4.835353023695296,6.263727390839462,4.835353023695296,0.29022828771659887,0.2121893301536323,0.011687890625000003,0.38479727172836303,0.03125256832461609,3.0,0.620430397801095,0.40171245094541563
0.7046002001522984,0,0.978847340138741,4.240816301061811,5.4758777972302175,4.240816301061811,0.23387775163532837,0.2335157390787614,0.009983984374999996,0.3538451556028748,0.06471532812462763,2.523,0.594932631099417,0.40135569033178736
4.432776221384864,0,0.9067634612708854,6.553489345413831,8.819712318697281,6.553489345413831,0.21888065631486658,0.2335642909029581,0.0007308593749999943,0.39695747639144896,0.2837839276694009,4.129,0.6300460384343949,0.4009989297181591
0.4711096651944584,0,0.9420463902524117,4.020230852989407,5.122758229078322,4.020230852989407,0.24383582218560704,0.27650254753577624,0.00333125,0.2991798676171875,0.14483307313312258,2.199,0.5469835142339757,0.4006421691045309
0.4217725751558472,0,0.9534183366979467,4.56856487540075,5.803641928577824,4.56856487540075,0.2646323445004313,0.24591846115207172,0.007845312499999998,0.3715513721655273,0.13077429888584227,2.785,0.6096006242563651,0.4002854084909026
0.6763638038698017,0,0.9348983076467423,4.750294698780033,6.113364385524901,4.750294698780033,0.2860393404213674,0.2711794438380391,-0.009060156250000001,0.3148951612249756,0.012069900205809996,2.666,0.5612283382512415,0.39992864787727433
0.28499191064633544,0,0.8901332872149689,4.076874297899266,5.163803783175148,4.076874297899266,0.20282768400022944,0.3039702318957494,0.0008386718750000022,0.2954498923326111,0.05624811980400167,2.216,0.5435536732495927,0.3995718872636461
1.4542244384093914,0,0.9620147572521586,5.2012879967962355,6.868069058790244,5.2012879967962355,0.22947858659088488,0.21345312397369098,-0.0019750000000000054,0.39791141734375,0.31697977799261606,3.281,0.630805293231398,0.39921512665001785
0.7980926214014632,0,0.9309438551931603,4.534674929119487,5.854742055781255,4.534674929119487,0.2230388047422058,0.26450487336061235,-0.009544921874999997,0.33042280501327514,-0.05708045355415755,2.607,0.5749033923598599,0.3988583660363896
0.8472447980651077,0,0.9084547915273201,4.6312783473876085,5.9439562665959045,4.6312783473876085,0.2540141374860095,0.27401847753277375,0.011663281250000001,0.3126142866204834,-0.14530660010404825,2.59,0.5592408414538409,0.3985016054227613
0.6906729511197773,0,0.9635300800423197,4.534032760488578,5.821161292641075,4.534032760488578,0.2078600440327299,0.2524673729523981,0.014810937500000001,0.3113932165991211,0.028527219250130766,2.531,0.5582226979161184,0.3981448448091331
0.9855241807904243,0,0.9655672809696727,4.91114666049885,6.354295856599918,4.91114666049885,0.24322246530880043,0.2489831693817148,-0.0017722656250000073,0.3535053875901794,-0.09700999837408979,2.92,0.5945658319443062,0.3977880841955048
1.2582712290354072,0,0.9623271690408687,4.93306620807749,6.453648017623424,4.93306620807749,0.3412741341797904,0.22627325118738015,0.0089609375,0.35149459378662107,-0.15183550585643588,2.925,0.5929375111995362,0.39743132358187655
0.3040602796527603,0,0.9971637140497803,4.538125033240244,5.756346521497999,4.538125033240244,0.2882116541356889,0.23736876922490152,0.010914062499999998,0.34967468402099605,0.12105049296230948,2.684,0.5914336824879438,0.3970745629682483
0.9254035742726554,0,0.992805366789236,4.927201790438401,6.3677096526379176,4.927201790438401,0.22535679833126243,0.21860809484441052,0.0036871093750000016,0.3694681243650818,0.10991381501732085,2.995,0.607850079493805,0.39671780235462006
0.00579305926462137,0,0.9489997704947637,3.22691432226205,4.061912935854839,3.22691432226205,0.29188514220463413,0.281115947258338,0.0010742187499999992,0.28509784058532717,-0.10003871508166257,1.723,0.5339466214250728,0.3963610417409918
0.48785922899358214,0,0.9678148346186716,4.61879200513431,5.843677333699427,4.61879200513431,0.26515310288018296,0.25794072190407347,0.008777734375000002,0.33584609942611693,0.08401282587593642,2.677,0.5795887749489935,0.3960042811273635
0.7337771418341865,0,0.9924478450097046,4.507721607943363,5.828373935623927,4.507721607943363,0.22662451836520617,0.2671177862178362,-0.005148828125000004,0.3558238673033142,-0.10365467975626957,2.689,0.5965319586865192,0.3956475205137353
0.418833547655864,0,0.9807882787615975,4.151654538784902,5.310890964213296,4.151654538784902,0.3256200382914602,0.2558084107206907,0.002206640625,0.34371032487777714,-0.07235392205949434,2.434,0.5862722866899177,0.39529075990010704
0.8361248348225989,0,0.9293478673732897,5.27346594928019,6.740991650384729,5.27346594928019,0.2318319446961918,0.25422969622259767,0.007810546875000002,0.3302930035606384,-0.13633665693013303,3.031,0.5747643066537144,0.39493399928647877
0.17137462067600984,0,1.0189506803938468,3.9736835048880876,5.029753231492362,3.9736835048880876,0.20002546192491805,0.21518920249213372,0.0017171875000000017,0.39835044111083984,-0.17177742214720326,2.508,0.6311524299594751,0.3945772386728505
0.4793845578087055,0,0.9359432468226703,4.155353677257346,5.299064211479581,4.155353677257346,0.2489373037341191,0.277264613374634,0.008057421874999998,0.2946907713121033,0.03691283466111148,2.256,0.542914075484671,0.3942204780592223
0.5659107698432768,0,0.9193786823817086,4.468350034698755,5.731455074174614,4.468350034698755,0.22005585175483097,0.25814218783376136,-0.000887109375,0.34906997983383176,-0.024766760643158803,2.64,0.5908221109580065,0.393863717445594
0.22497937192522954,0,0.9602149089398895,3.7644302053027805,4.769181388915544,3.7644302053027805,0.21391681189628525,0.2332248511368063,0.0010835937500000004,0.35787952191833494,-0.15669046029717254,2.252,0.5982313065142529,0.39350695683196574
0.9496503043585283,0,0.9839948406758131,5.077387956706049,6.504281952322146,5.077387956706049,0.2861808488032459,0.20080461041295106,0.006398828124999997,0.38583053507675175,0.09010690465515472,3.154,0.6211855440028566,0.3931501962183375
1.4498623449290493,0,0.9605054024585756,4.728891362193348,6.200458084114571,4.728891362193348,0.24905397866814064,0.2530724810326427,-0.009145703124999998,0.3636473994737244,0.22116536032571385,2.852,0.6031011883252884,0.39279343560470925
0.2661454903849618,0,0.9257191944636707,4.219685207442676,5.334528445372147,4.219685207442676,0.29291186492385485,0.26471795334018183,-0.01119609375,0.3132029888909912,-0.054724995375543074,2.362,0.5597573951331506,0.392436674991081
0.5941613384374103,0,0.9796709336998111,4.721368796069862,6.0580027816958495,4.721368796069862,0.2604218859414301,0.2437588304277204,0.0021671875000000016,0.37441547048583984,-0.0013745540027056836,2.889,0.6118988210378412,0.3920799143774527
0.43291041725480506,0,0.9841060422540099,3.9289473364182608,5.0363106022146455,3.9289473364182608,0.2108942282301757,0.22884805764274763,-0.013230859374999997,0.389625704125824,0.07438121898737024,2.453,0.6243402596065907,0.3917231537638245
0.9138487430823083,0,0.9614875797541115,4.745932841496316,6.117283042821878,4.745932841496316,0.24720524883307346,0.24819771031200197,0.0041222656250000005,0.36720999169174195,0.04986201963740134,2.876,0.6059925616421583,0.3913663931501962
4.193465738829695,0,0.9938660426518833,7.3811405016509894,9.920099437280983,7.3811405016509894,0.29198647522475196,0.18473675299344544,0.0007570312500000016,0.4658744011224366,-0.44984606052682924,5.038,0.682550345556099,0.39100963253656795
0.7889419639828437,0,0.932531524604817,4.746434098431399,6.136732012762109,4.746434098431399,0.3021455505774549,0.27057723467646666,-0.011290625000000004,0.3503642147558594,-0.13737420532282835,2.81,0.5920233888696882,0.3906528719229397
0.468109654081176,0,0.9765119827018035,3.860095091634674,4.956010454419201,3.860095091634674,0.28832612669021007,0.23361453980579125,0.00016874999999999947,0.35936077230468755,-0.19077059298814655,2.314,0.5994670973299953,0.39029611130931147
0.9850927884109355,0,0.9885446183480086,4.406500984326002,5.735575627235502,4.406500984326002,0.3070509687149737,0.22242321249549651,0.016961328125,0.39430081764511116,-5.0779868309139335e-05,2.768,0.6281628007904281,0.3899393506956832
0.48729270514439627,0,0.9736287162429139,3.94587533894541,5.057718458379918,3.94587533894541,0.22850348926718633,0.21946379709118383,0.004611328125000001,0.3858122079185486,-0.17801100320668922,2.451,0.6211549502866616,0.3895825900820549
0.20015677502827378,0,0.9735064464381531,4.615926893850486,5.843961251344201,4.615926893850486,0.22378829285392013,0.2692006037716942,0.010133203125,0.30699973655380247,0.15780300058763938,2.558,0.5541682220764512,0.3892258294684267
0.8519951024725549,0,0.9571048803743317,4.420558181515503,5.715951114939475,4.420558181515503,0.3139361106071392,0.20675185034655513,0.017292968750000005,0.38895604463806155,-0.11756532208100035,2.758,0.6239031105919011,0.38886906885479844
0.3651694717933345,0,0.9888063337387745,4.021235577901914,5.1483314492297145,4.021235577901914,0.2731720020976231,0.22339737542612245,0.002606640625000001,0.3775883995652771,-0.09381413084059596,2.471,0.6144877493820564,0.38851230824117017
0.6547146778820467,0,0.9443098894014132,4.9469283605293715,6.285557146785617,4.9469283605293715,0.19253658475155885,0.2386266957395204,0.006546093749999998,0.3089825260003662,0.13498425012930487,2.75,0.5559005102927591,0.3881555476275419
0.9920204940293096,0,0.9739025630927386,5.1522653289241775,6.678621210622397,5.1522653289241775,0.21705382494614628,0.24478009837869255,0.014308593750000001,0.31682428367614746,0.168461381887586,2.901,0.5630533007906534,0.3877987870139137
0.5705453401033433,0,0.9101876132086856,4.243109071115015,5.440873811221265,4.243109071115015,0.2624717744429642,0.27549916026917265,0.003985156250000002,0.27175433102966307,-0.09624743116382613,2.212,0.5213158471598576,0.3874420264002854
0.6485143377260529,0,0.9338496086209657,4.371913868720641,5.621419345452331,4.371913868720641,0.2955937138290698,0.24925013475332952,0.0060988281250000005,0.3525497117173767,-0.11934329884543554,2.596,0.5937902890936118,0.38708526578665714
1.2950870546599322,0,0.9821504360602281,5.621595653978499,7.251159200172813,5.621595653978499,0.24163144199924408,0.23495389057757138,0.009454687499999996,0.3620575206030273,-0.13001530039735776,3.383,0.6017864336446527,0.3867285051730289
1.2088099606327214,0,0.9629739128068794,5.254629507962054,6.804491062350816,5.254629507962054,0.24419100908279415,0.2524494075894607,-0.0026480468749999985,0.3325001898008728,0.36226585594395766,3.03,0.5766343745850788,0.38637174455940065
0.4409074977213967,0,0.9884557532206512,4.064071118847358,5.205453338439079,4.064071118847358,0.2405775341055835,0.21479279866296602,0.009813281250000005,0.35800388232360836,0.05010984583022295,2.432,0.5984147247624343,0.3860149839457724
0.4238105214430252,0,0.9909502856576112,4.421572323434426,5.607633117482156,4.421572323434426,0.300822567993671,0.20585766456173557,-0.0010230468750000014,0.3715034482969665,-0.19851698465088577,2.695,0.6095116856319286,0.3856582233321441
1.0124959115574077,0,0.9607203611088686,4.342755936309525,5.580108116546026,4.342755936309525,0.23890287983777114,0.21848925363305075,-0.007726171874999998,0.38106122150253297,-0.05466271820637586,2.681,0.6173499131241333,0.3853014627185159
0.3999723935040449,0,0.9746258708086217,4.008818898636496,5.115818038800008,4.008818898636496,0.2363708064901658,0.2923585074014786,0.0006929687499999962,0.35335774948181153,-0.15252715187376148,2.383,0.594439424741916,0.3849447021048876
1.6665781914443905,0,0.9664345704453919,4.5658564088656926,6.082816025986397,4.5658564088656926,0.22524794432708603,0.20540386339017236,0.0031101562499999944,0.44417074255310063,0.07336519424290029,3.043,0.6664686156339246,0.38458794149125936
1.3765322767747685,0,0.9471982452931588,4.7441896694664685,6.295354103692176,4.7441896694664685,0.22295169932672682,0.22685187853455221,0.008172656250000004,0.3886848639398193,-0.15867977167664163,2.958,0.6234995238570756,0.3842311808776311
0.35359555140319765,0,0.9772132640669701,3.9188462627346703,5.0209577506584075,3.9188462627346703,0.24880311606308475,0.2721359300865786,-0.004048437499999998,0.2912593343725586,-0.044707902271255665,2.115,0.5396996611252873,0.38387442026400287
0.5173255577380336,0,0.927641616771661,4.155777560752585,5.357071030646579,4.155777560752585,0.27286977411567015,0.22577842773491502,-0.0015488281250000014,0.3521101937095642,-0.07355902330863415,2.466,0.5933907587569299,0.3835176596503746
0.11399038651881943,0,0.8685932123056234,3.5461275764271996,4.487163809197709,3.5461275764271996,0.26251391358590875,0.258168557964303,-0.0016957031249999984,0.29774812341903684,-0.01084496782319945,1.935,0.5456656474693318,0.3831608990367463
0.2347116269939744,0,0.931004212017078,3.92572513450778,4.954604167215849,3.92572513450778,0.2638255305961304,0.22624483997674175,0.018946484375000003,0.33576906705795284,-0.20626892978591682,2.276,0.5797655011538071,0.3828041384231181
0.3376225457947801,0,0.9422433879003643,3.9064473054016764,4.975116101753657,3.9064473054016764,0.28549946818173005,0.2721641007477668,-0.011053906249999999,0.3295593330316162,0.08365067777526869,2.243,0.5741789981138286,0.38244737780948984
0.5519479363660893,0,1.0202654992555809,3.7090271020776675,4.773755723154885,3.7090271020776675,0.23536867639174192,0.18221753802171195,-0.0026046875000000037,0.4605110116967774,0.1571653676510731,2.517,0.6786146152963035,0.38209061719586157
1.8090373990762423,0,0.9544546169849983,5.00794462947225,6.676153927433697,5.00794462947225,0.30013233478630236,0.18892040001429813,0.005548828125000004,0.48284946949081425,-0.20857287014468662,3.48,0.6948958619709682,0.3817338565822333
2.2824860790139434,0,0.965700496610395,5.785633380200938,7.634866453179434,5.785633380200938,0.3142009110707958,0.17739185301046895,-0.0048046875,0.4943559759155273,-0.48003995531131294,4.068,0.7031209433216309,0.3813770959686051
0.588866899939934,0,0.9834259310455,3.7137690267812116,4.783467968201049,3.7137690267812116,0.28889127277859616,0.21092865347500878,-0.002330468750000003,0.3739367775091552,0.033331008768249286,2.271,0.6115081427043715,0.3810203353549768
1.529515931524057,0,0.967636764690853,4.917573592482557,6.528152759203063,4.917573592482557,0.2271293401045697,0.226177319296972,-0.009359375,0.3838345552246094,-0.016549212525810736,3.047,0.6196145197822595,0.38066357474134854
0.8767024234257548,0,0.9554589799197951,4.743818436431045,6.130224267758183,4.743818436431045,0.30600312110998745,0.20556985367021288,0.011689453124999999,0.43827265395126347,0.02900814942091816,3.141,0.6621248351071155,0.3803068141277203
0.6208240327720089,0,0.9495242922254822,3.8471720320099974,5.005603697643079,3.8471720320099974,0.25533591938119427,0.25204022046092206,-0.010192578124999997,0.3289912390855408,-0.2055725401420729,2.207,0.5736681337972112,0.37995005351409206
1.2629726457852666,0,0.9904672778929913,4.491129194457636,5.883572016898265,4.491129194457636,0.24401024640413746,0.21133706904324373,0.00113828125,0.428822574628296,0.29377146867457044,2.941,0.6548464478887398,0.3795932929004638
0.4293093577539744,0,0.9085957163834761,4.0441532656968615,5.169272787942162,4.0441532656968615,0.24790887312795537,0.25633207789267215,0.0022152343749999998,0.3388062509397888,0.10918470310389701,2.354,0.5820748733652098,0.3792365322868355
0.9259657907342507,0,0.9879642383356105,4.4807463242613315,5.871057358985535,4.4807463242613315,0.25706381921692667,0.20478276950971447,0.009936328125,0.3945912338365173,-0.028053267702904172,2.815,0.6282435550430461,0.3788797716732073
0.5214477923990852,0,0.9787149833677568,5.068944474481729,6.4538814594199385,5.068944474481729,0.23631362737237616,0.23182621338294362,0.006991015625000002,0.3722783323411559,-0.02727569128593133,3.093,0.6101862065309449,0.37852301105957903
1.9364730310738176,0,0.9413602849297295,5.303200251538583,7.03844867276032,5.303200251538583,0.26259049232263454,0.22797341380055636,-0.0030117187499999975,0.3959372943939209,-0.0012427817794117924,3.337,0.6292426915298659,0.37816625044595076
1.7938555316213716,0,0.9582800054766308,4.936140170275706,6.549869728122035,4.936140170275706,0.3179787471766399,0.20304919312013037,-0.007366406249999996,0.42521792824645993,-0.38228001618695806,3.219,0.6521289689835132,0.3778094898323225
0.32944813204959456,0,0.9501454221734791,3.8037382883101034,4.852451460505848,3.8037382883101034,0.3277553349099849,0.2230046102440206,0.002868749999999999,0.3665699577734375,-0.052798838339624385,2.303,0.6054570071441902,0.37745272921869427
1.8930762811356265,0,0.9575995390068396,6.408071530277038,8.403819102388361,6.408071530277038,0.278501170720916,0.19910696536532405,0.01013515625,0.46965070985778806,-0.18547137098675337,4.392,0.6853856077056185,0.377095968605066
1.7151713270200464,0,0.9354618579411879,5.006758343933472,6.723433705809415,5.006758343933472,0.30068433164776326,0.19841283651919625,0.002665234374999998,0.4925881851976013,0.016709603209534647,3.514,0.701851329465062,0.37673920799143773
0.3322927462852867,0,0.9766903446669362,3.919323597828854,4.954111307862845,3.919323597828854,0.24012582288194756,0.22035215462437385,0.007086328124999998,0.35701828200057983,-0.06387820388999808,2.342,0.5975520881453558,0.3763824473778095
4.057369616620597,0,0.9529587186410754,7.278986299851581,9.686012496505782,7.278986299851581,0.27534559352171306,0.19625164937599995,-0.0032410156250000017,0.4357471055833435,-0.21038580066251855,4.805,0.6601193905390335,0.37602568676418124
0.8683061487107562,0,0.9856415147756172,4.170593029292481,5.430075921697211,4.170593029292481,0.22456803320959554,0.19341818262243538,0.023939453124999996,0.42383498969345085,0.2276853922129571,2.717,0.651466105879174,0.375668926150553
0.5047778501348397,0,0.9533176005474782,3.9434590527874276,5.076046897057841,3.9434590527874276,0.29776376814029515,0.21012956137809055,-0.012139453125,0.4288890348497009,0.013760827843851691,2.583,0.6550087031268172,0.3753121655369247
2.014898228677411,0,1.0170147404061016,4.938119638027286,6.611757810615568,4.938119638027286,0.2592529555039714,0.1877862115751975,0.002655078124999999,0.5276351697007751,-0.27680147589915416,3.587,0.7263898534124944,0.3749554049232965
0.9670695745048858,0,0.9276146803606549,4.733503357783867,6.171581313561915,4.733503357783867,0.2760437357725292,0.19675444021180744,0.005545703125000001,0.4108026736924744,0.08869257738601884,3.034,0.6409628916837736,0.3745986443096682
0.3802983847888659,0,0.9503232038986179,3.8400648502075425,4.903051478992561,3.8400648502075425,0.3397219906824077,0.2375725949890408,0.0031964843749999984,0.3393452500657654,0.08034661213317165,2.237,0.5825422453162732,0.37424188369603995
1.3608915433667281,0,0.9638935218882423,6.031115679143728,7.829874455547014,6.031115679143728,0.30629426836238083,0.21153836070426382,-0.006728906250000001,0.3620131147894287,-0.03635060418307621,3.629,0.6017128825019039,0.3738851230824117
0.9454910681331654,0,0.9673182987394813,4.721957417676027,6.078339128134148,4.721957417676027,0.2901793960041719,0.23420945736331278,0.0011199218750000052,0.3493606453843689,0.005430683020669365,2.791,0.5910684390232446,0.37352836246878346
4.331968052534148,0,0.9708595163580008,7.3989354891081724,10.116997502300514,7.3989354891081724,0.22533449521796592,0.178882744445104,0.0052796875,0.5113442389624023,-0.49949331757486937,5.291,0.7151028695666799,0.3731716018551552
2.1870423504155827,0,1.0026172179334873,5.020243466559143,6.690677722639038,5.020243466559143,0.26622098328025995,0.16761220067921015,0.013261718749999998,0.4740106424407958,-0.291803923324942,3.457,0.6886120211156642,0.3728148412415269
0.5426158864150001,0,0.9466189118787065,3.6595673638727475,4.729273544031258,3.6595673638727475,0.23351886855003387,0.2156041253180769,0.0008460937500000016,0.46742770912536624,-0.10884914358631419,2.502,0.6836873737315908,0.3724580806278987
1.012736096002298,0,0.9948773740095187,4.023975640916215,5.334877461351728,4.023975640916215,0.23747171797155422,0.19231571841105047,-0.010308593750000001,0.4238215321136474,0.019941391506211926,2.62,0.6510973807494159,0.37210132001427043
1.0213720263382822,0,0.9906260223904261,5.126528017566947,6.6864994649984535,5.126528017566947,0.24276617572171097,0.2253738976903066,0.007012500000000002,0.34744077562500003,-0.2460226718446953,3.022,0.5894827824298603,0.37174455940064216
1.0378697639177759,0,0.98814153570426,4.676248048665159,6.075729244992159,4.676248048665159,0.23751911882400037,0.17693267327321135,-0.005771484375000004,0.4711772177024841,0.2218014407757388,3.21,0.6864477603826638,0.3713877987870139
0.5302434500511524,0,0.9903391467053607,4.586605475039881,5.8804136401835425,4.586605475039881,0.3746531957734466,0.20890476772583855,0.005082421875000001,0.4027854646910095,0.09257666482733862,2.911,0.6346741649879291,0.3710310381733857
2.2548715538606316,0,1.0025230643775613,5.42196014180112,7.183491249467444,5.42196014180112,0.29974704261634927,0.18940701134287546,0.005646484375000001,0.4286588199485779,-0.13316057111318078,3.55,0.6547447615173221,0.3706742775597574
0.5693054526802745,0,0.9424977870379534,4.315331470410021,5.502141344602484,4.315331470410021,0.27860969845503036,0.22109740886838117,-0.004134765624999999,0.35604532910385134,-0.2340173533677095,2.575,0.5967096659101686,0.37031751694612913
0.8635487974509588,0,0.9779232571272132,4.834434038617861,6.1934742237931095,4.834434038617861,0.22226221268776641,0.2150221954913595,0.0033234375000000026,0.41063869148193355,0.085503256380722,3.098,0.6408195820344054,0.3699607563325009
0.4093382372048566,0,0.9843402537803343,3.874072296558471,4.94639432667928,3.874072296558471,0.29405246547848873,0.22579215977059483,0.002665625,0.38441695694335937,0.0812200560400273,2.402,0.6200194049382648,0.36960399571887265
1.6243132777833482,0,0.993522781864533,4.99593065400017,6.619883393153053,4.99593065400017,0.24400737320751165,0.20659522460723698,0.007533203124999999,0.4265240903038025,-0.23777464820040892,3.263,0.653131563663191,0.3692472351052444
1.2006575936852704,0,0.9891820097226963,4.477852873331168,5.8752774585919525,4.477852873331168,0.29153434907142506,0.2084122667396934,-0.005607421874999994,0.43516099627304083,-0.4437769305937139,2.954,0.6596911697553068,0.3688904744916161
0.6485480732002897,0,0.9861441471965501,4.329310145984532,5.591740621256108,4.329310145984532,0.2715593075199532,0.20881158080658124,0.008762890625,0.45110483870101936,-0.05463348946617582,2.908,0.6717005485728927,0.3685337138779879
1.4322288182756164,0,0.9884191599722801,5.421953223343351,7.032714218498995,5.421953223343351,0.27060189929272666,0.20202222542810436,0.0027597656250000027,0.40229496455307007,0.07676557651205,3.439,0.6342732698603774,0.3681769532643596
1.115490918377148,0,0.994363068250886,5.818251503637481,7.537975300840152,5.818251503637481,0.2878785557807175,0.21260954262687123,0.0064667968749999956,0.3941561324913025,0.3271102423796086,3.653,0.6278518551004887,0.36782019265073135
0.8397193621297578,0,0.9582798757640013,4.724507720326334,6.078987310220814,4.724507720326334,0.2511888336487133,0.19503295163269663,0.003078124999999999,0.4590386548339843,0.024631492957845894,3.201,0.6775309068134826,0.3674634320371031
0.7934282924798266,0,0.9454749933905057,4.19761032354927,5.481816507344558,4.19761032354927,0.20491134707007352,0.22563076251284878,0.0019402343750000001,0.3952486593186951,0.08879822410335891,2.639,0.6286910400412312,0.36710667142347486
0.17792697946533487,0,0.9171393464557114,3.7547742139966997,4.73780052550613,3.7547742139966997,0.2750004268406329,0.2885233140314889,-0.00023945312499999705,0.2998323469590759,-0.0020635288970029413,2.056,0.5475695428864493,0.3667499108098466
0.6476426711495318,0,0.9405635748701332,5.023504299758262,6.462767301956423,5.023504299758262,0.2549874279213065,0.23570691877593555,0.009070312500000002,0.40467996380615234,-0.1302224079219974,3.196,0.6362092693249604,0.3663931501962183
0.23482647334840356,0,0.9631487434249242,4.0957817163212304,5.177175263644184,4.0957817163212304,0.19936409186705958,0.21694057971024042,-0.013570312499999997,0.38409939818115235,0.04621082336554845,2.539,0.6199060828565082,0.3660363895825901
0.9937329431623421,0,0.9592038639951006,4.680720630246158,6.046962130119352,4.680720630246158,0.21918570399884468,0.20302074506856002,-0.00038398437500000336,0.44544743732162473,-0.10163368169950732,3.124,0.6674185978571657,0.36567962896896183
0.42544318790758284,0,0.9806372707778112,4.450303431949404,5.677157037251689,4.450303431949404,0.2612233966275707,0.21140714148165543,0.013777734375,0.44040737676986697,-0.0013637356688271445,2.954,0.6637749639255575,0.36532286835533356
0.9298571069011166,0,1.0247944095361896,4.249572839646478,5.53810632974045,4.249572839646478,0.21968880834459686,0.17572144596830583,-0.012580859375000003,0.5241231059617615,0.0418102178622079,3.077,0.7240727753371031,0.3649661077417053
0.48791800260048745,0,0.9684407675668677,4.280125556910403,5.472529683045585,4.280125556910403,0.28608021982585585,0.2229163590111652,0.0013218750000000012,0.3670201831152344,-0.1373975433042122,2.593,0.6058233492271077,0.3646093471280771
0.9589061038418678,0,0.9764156882639486,4.419106552718156,5.699023934288644,4.419106552718156,0.3015319317517373,0.20274914796357013,-0.0036820312499999995,0.44229997389587405,0.33662622679399234,2.939,0.6650665615184693,0.3642525865144488
0.5487293463758283,0,0.9729351695812796,4.627958247391182,5.947313750314104,4.627958247391182,0.19324908891658774,0.20786386343312582,-0.004693749999999998,0.3934512140234375,-0.10255831302548955,2.903,0.6272744577236506,0.36389582590082054
0.6141647593931174,0,1.0261902444979982,3.782469094148655,4.918871541474109,3.782469094148655,0.35267095131193704,0.1989361113275403,0.002042578124999997,0.4684998509214783,0.08653791025632437,2.589,0.6844735371414113,0.3635390652871923
0.9791077376580923,0,0.999735286917832,5.471738260778996,7.08549437272056,5.471738260778996,0.2584820949442767,0.19904643773605546,-0.00079765625,0.4599712403070068,-0.3967473614669975,3.711,0.678212265122432,0.36318230467356405
0.4840396194556251,0,0.9905400770914031,3.8771059183224943,4.945976900693242,3.8771059183224943,0.3010479757837433,0.21237517416295498,-0.0007976562499999978,0.3720884731195068,0.004010033421528144,2.365,0.6099910731928788,0.3628255440599358
0.9570936710582987,0,0.9316026418025076,4.837587344981544,6.280984985211398,4.837587344981544,0.21047305369853184,0.2193469620372468,0.0045625,0.41700641171874997,-0.02473237589010385,3.124,0.645776453678051,0.3624687834463075
0.6052697121539521,0,0.9847460061899219,4.449447743003864,5.715848475352016,4.449447743003864,0.1761092544345428,0.20828347653903176,0.0037519531249999988,0.36440390214462276,0.13933667383263532,2.686,0.6036704227447913,0.3621120228326793
0.9631450927311338,0,1.0162604305935996,4.473300281623089,5.8126526850663325,4.473300281623089,0.29488416212766666,0.1846861850705796,0.004055078125000002,0.49931956688827517,-0.12520218577419584,3.161,0.7066371137626971,0.361755262219051
0.7232721711582704,0,0.9891443358419327,3.8806610597632085,5.05145378661563,3.8806610597632085,0.27906771589739615,0.19885296747850492,-0.003517187500000004,0.4691233778295899,0.07043672560978623,2.658,0.6849348497758747,0.36139850160542275
1.1115100619996872,0,1.0110564601432823,4.730696752617589,6.187678072885913,4.730696752617589,0.29040417618368214,0.17144402087035646,0.0016140624999999964,0.5083703783959961,-0.03369174627695942,3.373,0.7130027935385316,0.3610417409917945
1.0323957250189446,0,0.9512546050343544,4.696282373815814,6.098408366376704,4.696282373815814,0.2856376702330661,0.1897233139004328,0.000975781249999999,0.48216128535095215,-0.21567466655967904,3.261,0.6943790301413199,0.36068498037816626
1.6491084593763023,0,0.9234168531027813,5.474631011477402,7.168067769301349,5.474631011477402,0.20244967445297612,0.24081691737255662,0.002635546875000001,0.3918418370957947,-0.21897254072201194,3.427,0.6259782609668846,0.360328219764538
0.4490377352539787,0,0.9715174915623096,3.9688334939464913,5.077544801534443,3.9688334939464913,0.23315303773608415,0.21760398451779406,0.005991796875000002,0.44243233079208377,0.019736877228944214,2.64,0.6651828563800145,0.3599714591509097
0.4978146101960137,0,0.9816310406813309,4.0230537811640765,5.150323943725151,4.0230537811640765,0.34258078487887605,0.20923498212109065,0.015088281250000002,0.4471926789251709,-0.08913378075464175,2.691,0.6688948610628206,0.3596146985372815
3.0513469379952536,0,0.999354906189303,5.428700025985412,7.453700944092659,5.428700025985412,0.30835261101959816,0.14584526205555667,0.002748046875000005,0.6704199814414978,0.4186277025648541,4.445,0.8187963930081306,0.35925793792365324
1.3654214316269746,0,0.975583859685252,4.6797806983597825,6.164432096370553,4.6797806983597825,0.266383827138812,0.18848706963153541,0.0029117187499999994,0.4120405109564209,0.013491858890496868,3.004,0.6419104213692904,0.35890117731002497
0.05178510277313819,0,0.9959084382314548,3.8223972158180732,4.800975381237187,3.8223972158180732,0.26956114974846795,0.19770218582656862,0.0022972656249999985,0.4135105385862731,-0.04305780923903053,2.458,0.6430519543673162,0.3585444166963967
0.9743769896051608,0,0.9641046852735426,5.076188171091879,6.582747329898455,5.076188171091879,0.34349278453725973,0.2500402607702167,0.002626171875000001,0.3407054543931579,0.06494340804642303,2.963,0.5837057059613817,0.3581876560827685
0.5675614694200797,0,0.98197080034434,3.895628228827777,5.026742758004559,3.895628228827777,0.25577644212526235,0.2103462757858454,0.008029296874999998,0.41144279250106813,-0.06900881072950563,2.499,0.6414883179835585,0.3578308954691402
0.8536106866507689,0,1.0266133928251733,4.644035393386278,6.058435055227368,4.644035393386278,0.294405645651089,0.19805632258097408,-0.001714062499999995,0.49306930573974606,-0.040538895821669474,3.261,0.7021910308099927,0.35747413485551194
0.7820629324009629,0,1.0095528109645753,4.217916297285075,5.458853689852104,4.217916297285075,0.20587621230330894,0.1963588103564472,0.002533203124999999,0.5129796106163025,0.06387240772964584,3.021,0.7162304292156088,0.3571173742418837
3.7719282353031396,0,0.9665855234987456,5.335441358737869,7.266271783199928,5.335441358737869,0.23937390873136588,0.1884209363225968,0.004365624999999998,0.4651634850683594,-0.399607774418169,3.639,0.6820429192873422,0.35676061362825545
0.07327587748070918,0,1.0064564181180184,3.4916426088232857,4.396078174473196,3.4916426088232857,0.3274369899997179,0.23951224652687977,0.004605078124999998,0.31701397411483767,0.06812563098845693,1.966,0.5630587721183066,0.3564038530146272
1.2103683788804531,0,0.9677123334360007,4.542787851849494,5.930069753455708,4.542787851849494,0.25915168707165237,0.21739860293362265,0.0013828125000000025,0.4174162097045898,-0.2098992382950792,2.935,0.6460790368639119,0.3560470924009989
1.0056723801696688,0,0.9905610574289568,4.3762815153176975,5.725686973972391,4.3762815153176975,0.29848046952723933,0.20003745645948642,0.012383984375000004,0.4362475802903747,-0.14655323521342023,2.891,0.6606064966070005,0.3556903317873707
1.7798365347265737,0,0.9530223920447314,4.692491302307416,6.272009089868246,4.692491302307416,0.26211364382194574,0.2090942013106702,-0.002569531250000004,0.5191320779779053,-0.24743159577906473,3.381,0.7205127899411293,0.3553335711737424
0.6381220447287053,0,0.96248362815519,4.123465847939681,5.285814736791317,4.123465847939681,0.2825787979379802,0.18255820824178232,0.006488671875,0.49799439909042353,0.18089807231327304,2.91,0.7057170126567199,0.35497681056011415
1.1389987719007104,0,0.9304824965525825,5.106718479769789,6.609586062449116,5.106718479769789,0.2864203898477189,0.2001690584168074,0.001719140625,0.41631678478988643,-0.2171772089363444,3.295,0.6452284403483582,0.3546200499464859
0.6331785007127584,0,0.9714022675090128,4.426391081317667,5.617837616013729,4.426391081317667,0.2544579012100422,0.23679087974398078,2.226562499999529e-05,0.35760889911361693,-0.05082100059134333,2.647,0.5980040966493249,0.35426328933285767
0.5498045537955392,0,1.013041236168382,3.7532467170242443,4.842096406424851,3.7532467170242443,0.250126844737957,0.20654362412967256,0.009159374999999999,0.3586549355371094,-0.15341312656217332,2.248,0.5989481026662493,0.3539065287192294
1.4724296460048016,0,0.9538178527461635,4.756155102019236,6.242812970292213,4.756155102019236,0.3015869194995474,0.2537767380250931,-0.004063281249999997,0.37355869677673337,-0.1759766395505049,2.907,0.6112079899929729,0.3535497681056011
0.6864581909516039,0,0.9583088015816555,3.6362929276320273,4.7188214598400755,3.6362929276320273,0.2236950820087857,0.21780210429279792,0.0016437500000000015,0.3924521629296875,-0.13274689198963083,2.278,0.62646218149522,0.3531930074919729
0.9233621316647986,0,1.0012551190107464,4.399148519262978,5.67796935217318,4.399148519262978,0.3146228159076577,0.23497932281631637,-0.004090624999999993,0.3655999667871094,-0.2584454165811507,2.66,0.6046624678281264,0.35283624687834464
1.1844808386490344,0,0.9727126410174469,4.836890097463598,6.29346991037132,4.836890097463598,0.2563783631490817,0.24737222935452993,0.005271874999999998,0.40334814092773436,-0.16588234812673217,3.072,0.6351188342300597,0.35247948626471637
1.121256002695107,0,0.9956463494771348,5.023367559210785,6.532515605843166,5.023367559210785,0.17593437830882958,0.17566901022811968,0.008148828124999997,0.5383530571470642,-0.19470574624036277,3.686,0.7337707138792573,0.3521227256510881
0.6719630456953416,0,0.9638395890056045,4.05824441719439,5.276980699181239,4.05824441719439,0.3293732047379182,0.22427311912846648,0.004464062499999999,0.4247707260522461,0.15233145819886704,2.645,0.6517596596186741,0.3517659650374599
0.3641483529067977,0,1.013846392149534,3.9883869709296857,5.108033641551812,3.9883869709296857,0.2690099429388026,0.20636858968533361,0.007728124999999998,0.40519755499023435,0.11951751115791555,2.539,0.6365982083749923,0.3514092044238316
1.1245425534287303,0,0.9517183309111898,4.952459279211068,6.414163071208899,4.952459279211068,0.26619197394510125,0.22445890979782113,0.003943359374999999,0.3983998534324646,0.14959574274811954,3.126,0.6312015553811833,0.35105244381020334
0.6338308372416863,0,1.0016182267490155,4.208976640088737,5.409449426269808,4.208976640088737,0.3187179606427269,0.19518583581366644,0.015814453125,0.41492026205673216,-0.02450354639901381,2.712,0.6443371469846939,0.3506956831965751
0.35079746785771215,0,0.975780509956247,3.7760523195593296,4.833199891191355,3.7760523195593296,0.24887474598806053,0.20203587432813863,0.015609765624999999,0.42073119654525754,-0.18124830461358984,2.45,0.6488257557527483,0.35033892258294685
0.3015635771749978,0,0.9311541064366067,4.711881481878461,5.956452956237028,4.711881481878461,0.20694271119537025,0.2968579392193489,-0.013498046874999997,0.3137379124961853,-0.1241383013324086,2.64,0.5602857393916295,0.3499821619693186
0.5429386079923519,0,0.938613777417204,4.094047429287595,5.27562764080175,4.094047429287595,0.22892282992215784,0.2389986811210802,0.0075835937500000035,0.32802263910583496,0.062304163706556163,2.345,0.5727828122421272,0.3496254013556903
1.8963874120821762,0,0.9401085049961357,4.832334252085182,6.459084205550478,4.832334252085182,0.2234620460314371,0.250448639175572,-0.0023757812500000033,0.49039019316345217,0.052382628455125604,3.384,0.7002826839926859,0.3492686407420621
0.6464502780807053,0,0.9273839711887814,4.310327968181008,5.549257551990608,4.310327968181008,0.2754366036994734,0.23367674576910175,-0.0053828125000000004,0.39322349486083985,-0.033265922800248815,2.703,0.6270984528216044,0.3489118801284338
2.761404640665929,0,0.9448892185345072,6.609379792046945,8.748145323305431,6.609379792046945,0.23639959851094866,0.24856602810060016,0.005972265625,0.43233679571517936,0.5292626453521962,4.346,0.6575503506742848,0.34855511951480556
2.4645371418451063,0,0.9651136412774873,5.626819461053699,7.599077904443112,5.626819461053699,0.29436345897277855,0.21864337364179223,-0.003118359374999996,0.4244719637254334,0.281919846411614,3.666,0.6515225920032436,0.3481983589011773
0.21101409195412568,0,0.9401664079718817,3.8605312295463867,4.893756693018369,3.8605312295463867,0.28052415821466703,0.233827657918342,0.003390234375000001,0.33997123092025755,-0.13794932628094392,2.251,0.5830803757711067,0.34784159828754907
0.7584447080666332,0,0.9455390624152585,4.700786817608912,6.076062918548512,4.700786817608912,0.22058044074246289,0.2040420503985456,-0.0067070312499999995,0.42038028682556156,0.07912201997346781,3.048,0.6484020905994597,0.3474848376739208
1.8237311632394535,0,0.9505884284680112,5.693377103417191,7.542459315456129,5.693377103417191,0.22460206909345093,0.17857688201307043,0.0004332031249999965,0.4615649830381775,-0.24635381903621423,3.868,0.67938587761531,0.34712807706029253
0.5310856407411619,0,0.9500202249795647,4.263107711884793,5.441001599168978,4.263107711884793,0.2748812775164888,0.19748648933431587,0.001063281249999998,0.4310742155267334,0.054418574824930226,2.799,0.6565632841499363,0.3467713164466643
0.9332627223111452,0,0.9844908828859789,4.121085337187778,5.382305933938202,4.121085337187778,0.3451247167031711,0.18036585045778306,0.01001875,0.5029765699609375,-0.223645734811303,2.923,0.7092791730429564,0.34641455583303604
0.6547861503078827,0,0.9848316642207565,4.71076391693504,6.051885167158409,4.71076391693504,0.22501170153927955,0.19794038351957505,0.004997265624999999,0.4352656792893982,-0.146445806276836,3.108,0.6597656037966249,0.34605779521940777
1.2570324667497044,0,0.9870896888416348,4.913131010839967,6.427792911306839,4.913131010839967,0.17739924791006975,0.18898289587959527,-0.002664062500000003,0.43460839808349616,-0.005201827357718457,3.239,0.6592537412199494,0.3457010346057795
0.2954543415745894,0,0.9888639426583138,4.023856058872734,5.128237256796604,4.023856058872734,0.3245063727016292,0.20168546344285299,0.0017027343749999966,0.38415345811752316,-0.15224398994595462,2.494,0.6198034829055699,0.3453442739921513
0.6706490810758106,0,0.9827674212619582,4.651484846510585,5.957752557147472,4.651484846510585,0.27877005950070066,0.19540511116053552,0.0020542968749999993,0.4412955872862243,-0.007712039272791384,3.09,0.6643040022624243,0.344987513378523
1.0455875385641544,0,0.9728743855762642,4.376794794867066,5.779234227100515,4.376794794867066,0.24718648256558026,0.20030405888421343,-0.005924218750000003,0.45888494581970213,0.15723217063853903,2.965,0.6774363750105983,0.34463075276489474
0.5412930618628944,0,0.9616928827547957,5.2791179315702195,6.729722693971661,5.2791179315702195,0.2491159822236227,0.2371739720189891,-0.005768749999999997,0.4130570160546875,0.11654310733764742,3.393,0.6427210083164001,0.3442739921512665
1.1532037294934439,0,0.9554420395786337,4.266722141203291,5.580673940525017,4.266722141203291,0.2773537943322183,0.19366089602109474,0.005735937499999996,0.42022474980224606,-0.25234541534340055,2.766,0.6482728212575706,0.34391723153763826
1.9232716491731123,0,0.9531601501500876,5.560064746408119,7.376647329761859,5.560064746408119,0.3149042471608336,0.1726586451315289,0.0005082031250000028,0.5206692569639586,-0.32037375122753803,4.012,0.7215743310528548,0.34356047092401
0.875220180925762,0,0.9191465958721269,4.1130190953682115,5.317916154776932,4.1130190953682115,0.30952975608352357,0.23289288208610837,0.008374609375000001,0.35969315693344117,0.006021746312786909,2.467,0.5998027100769261,0.3432037103103817
1.3747531216863962,0,0.9420982907740326,5.020820843055096,6.54969974834933,5.020820843055096,0.31409061160982554,0.2172008693927546,0.00694296875,0.36848826862243655,0.1525023408722669,3.048,0.607072049626319,0.3428469496967535
2.757221417039826,0,0.9680377055243536,5.8944382541281115,7.940176359952976,5.8944382541281115,0.20505662564700175,0.1687760602009209,0.007719921875000003,0.5368257641343689,-0.3410534016601215,4.319,0.7327246149325987,0.34249018908312523
1.1598437540030133,0,1.0374180857106778,4.842424565671325,6.345273695308777,4.842424565671325,0.3048438973354828,0.19979337178710083,0.00038164062500000014,0.46525525083480834,-0.07527070081081448,3.303,0.682096324930999,0.34213342846949696
0.5734202207427566,0,1.0044712924685217,4.137430119099207,5.29519386494901,4.137430119099207,0.2457721534588175,0.19183236024786332,-0.003552343749999999,0.45699515663513185,0.0024427185920881025,2.797,0.6760235023882306,0.3417766678558687
0.4805679746554028,0,0.9485458031490934,3.9256308083040703,5.0775406363395845,3.9256308083040703,0.24515509094816362,0.2568055763127949,-0.011314062500000001,0.3324809474584961,-0.12539094467499476,2.264,0.5767225983683577,0.3414199072422405
1.0263426873448278,0,0.9635311058336801,5.0410552049590125,6.52145152588492,5.0410552049590125,0.2722812155388007,0.1933237736947697,-0.008078906249999998,0.41762970861755366,-0.06485095288238808,3.258,0.6462932595530839,0.3410631466286122
0.8634537716739126,0,0.9717127133090585,4.031048425758311,5.20490541162017,4.031048425758311,0.3007600984506382,0.23299724919727777,-0.0016535156249999987,0.3812506983079529,-0.23396604422912626,2.489,0.6174572312491571,0.34070638601498393
0.3917749245597957,0,0.9664280090310524,4.298216425756585,5.492931318947947,4.298216425756585,0.3519050134886016,0.21262072097764634,0.0059101562500000005,0.38094135364685056,-0.16145695451711334,2.653,0.6172327628972315,0.3403496254013557
1.727949838992771,0,0.9854705154818292,5.060655882038361,6.742624626581145,5.060655882038361,0.20425544755076833,0.17072981273283436,0.009753515624999997,0.6202894208860779,-0.09846467760389402,3.986,0.7876449402828187,0.33999286478772744
0.22245554216905683,0,0.9774214331146859,3.782758974522413,4.778950534818499,3.782758974522413,0.29648703844087443,0.20463439715024442,0.013380078125,0.3762931981187439,-0.0509188430346888,2.321,0.6135733245581778,0.3396361041740992
0.9105024109720912,0,0.9753006370156576,4.1277464076603,5.404261509005699,4.1277464076603,0.357077565949023,0.18107520463738333,0.004541796875000002,0.4797153552842713,-0.04541132698797226,2.859,0.6926297591088076,0.3392793435604709
0.7145224534161758,0,0.9456366574365492,4.226159720010842,5.421753576010891,4.226159720010842,0.2237871025888341,0.21785724471240842,-0.011166796875000001,0.39187692725692747,-0.11331541560443345,2.646,0.6261003311046681,0.3389225829468427
1.4651692261547788,0,0.9670966580616868,4.882766493252323,6.422726570943338,4.882766493252323,0.2492322656642778,0.1920203271013866,-0.005716406250000003,0.408265345355835,-0.09693503171547077,3.12,0.6389820206048445,0.3385658223332144
0.7608101205036872,0,0.9794194110675275,4.696962400771418,6.059989292367051,4.696962400771418,0.23448250804410367,0.1756248693006075,-0.0021585937500000034,0.4670588060980224,-0.0486049458247211,3.21,0.6834204164531522,0.33820906171958615
1.7427044659952928,0,0.9901038607982668,5.302881328732471,7.06992880989687,5.302881328732471,0.3448626945830991,0.17772783919116256,0.0010207031249999982,0.5778312116807556,-0.29839074226221873,4.031,0.7601527830085376,0.3378523011059579
0.7427257780477485,0,0.957819882782349,4.441860701851379,5.708163142461585,4.441860701851379,0.30255747652409803,0.23141776445773712,0.007351562500000003,0.3407267904663086,-0.13340643428385185,2.593,0.5837643667932294,0.33749554049232966
1.5748294395822677,0,0.9267491808098294,4.775310329566853,6.32198626378195,4.775310329566853,0.25208233065139496,0.2277533948299129,0.004723437499999997,0.38679838210693357,-0.18947716651402327,2.97,0.6219491080215085,0.3371387798787014
3.1520361259118657,0,0.9902866785674921,6.32132917131297,8.61616230824864,6.32132917131297,0.25488452580346377,0.1989579474166769,-0.0015710937499999994,0.48912743869567876,-0.10873017598452582,4.421,0.6993782288799458,0.3367820192650731
2.7960000634574236,0,0.960265411713409,6.415496686537345,8.575312575882624,6.415496686537345,0.28137828431105805,0.16731765533406243,-0.012476171875,0.5694692908384705,-0.00475827860594162,4.842,0.7547350168788547,0.3364252586514449
0.4310059969477078,0,0.9456283547257166,3.7037018727846815,4.733395434183241,3.7037018727846815,0.31705435764768974,0.20092458314342948,-0.0020078124999999987,0.40946838353271486,-0.05385714733343675,2.37,0.6399003163335286,0.33606849803781663
1.3692304058484366,0,1.0098201166541663,5.265989666029831,6.890443657914233,5.265989666029831,0.30208724184070146,0.196514454724001,0.012312499999999995,0.46642276406250005,-0.21866750036468174,3.597,0.6830624874187939,0.33571173742418836
0.6914752636772628,0,1.026088944797343,4.296887786841322,5.5425862974027575,4.296887786841322,0.2839507202361517,0.20822766079348623,-0.008472265625000006,0.42972748673080446,-0.15173673892421635,2.817,0.655590776335074,0.3353549768105601
1.016439831329441,0,1.038484120394852,4.240140268724004,5.540795996652548,4.240140268724004,0.25334401059676626,0.17129210745420795,0.0036437499999999964,0.5197797269921874,-0.16831365746237517,3.057,0.7209667148393538,0.3349982161969319
1.2917907677348488,0,1.034566140538827,4.632307646337876,6.107440585359242,4.632307646337876,0.29545256834278893,0.19236463774234874,-0.007446093750000002,0.4888525142816162,-0.06088590776923988,3.239,0.6992195353347546,0.3346414555833036
0.6565613185073009,0,0.9993669124310347,4.054443347582803,5.236426524139113,4.054443347582803,0.29476478603722034,0.18601907150623387,-0.0020300781249999998,0.4580383416734315,0.04916721552135827,2.744,0.6767883442337236,0.33428469496967533
0.7909202973441327,0,0.995722530776744,4.995017607799329,6.454977261243052,4.995017607799329,0.20533192934650366,0.2221903342706405,-0.0033890625000000006,0.3592656212866211,-0.18354518060229988,2.994,0.5993972864730454,0.3339279343560471
0.36189390166592705,0,0.9826126943117346,3.5293445718132577,4.519971651170791,3.5293445718132577,0.28552133089977966,0.20955674705840732,-0.001173046874999996,0.367652733726654,-0.22909807957223843,2.14,0.606344876918759,0.33357117374241885
1.526337865822346,0,0.9956799695505311,4.917325588412641,6.575856544288182,4.917325588412641,0.28849284666224684,0.16312122846117652,-0.008062890625,0.5433831112791443,-0.04628468682162192,3.625,0.7371893389654892,0.3332144131287906
0.8325016675906718,0,0.9408137725599671,4.228172330839875,5.449869874633253,4.228172330839875,0.3011281653940001,0.18185818779197913,0.0023550781250000043,0.4671809977476501,0.10905785549221812,2.89,0.6835104564969178,0.3328576525151623
0.6107575217401782,0,0.9961434617825811,5.350999734805269,6.836841693887706,5.350999734805269,0.26074355469813565,0.20458285191736023,-0.007014453125,0.4158806189317321,0.037839074272107524,3.451,0.6449262139844952,0.3325008919015341
2.1964427754147584,0,1.0269788031807938,4.87108128912291,6.597065752086543,4.87108128912291,0.28791670696529975,0.1622286983694584,-0.002617187499999995,0.6149943620483398,0.25205040083107594,3.82,0.7842201296311834,0.3321441312879058
1.0879323357602964,0,0.9749822647198143,4.799244984640927,6.2051519344529575,4.799244984640927,0.32994792394306605,0.17775264136565783,-0.0044417968749999965,0.4594133770811462,-0.04066477144769576,3.253,0.6778149501454103,0.33178737067427755
1.155404025956015,0,1.0092869903871164,4.590932386005356,6.076995294298043,4.590932386005356,0.3050306092150004,0.18817023688681464,-0.0018929687500000042,0.5110604994818115,0.22244426385405228,3.282,0.7148874616416908,0.3314306100606493
1.1962609626433567,0,1.004449972829679,4.530107453780682,5.929715290177027,4.530107453780682,0.33898693742833214,0.1467844367877599,-0.0010960937500000018,0.5458753227972413,0.0031044447389629486,3.347,0.7388345716185389,0.33107384944702106
1.0690949454901029,0,1.042433083856388,4.885208180535374,6.331602573257836,4.885208180535374,0.23472660108536544,0.16946534961526818,0.00042343749999999706,0.43472550351318356,-0.16603035281588577,3.221,0.6593373057946137,0.3307170888333928
2.0764453492499717,0,1.0065762335466382,6.666300072486386,8.714168473473192,6.666300072486386,0.28409402032613357,0.18368768674355307,0.0006152343750000039,0.48300824297103884,0.16242987738831968,4.633,0.6949882167953461,0.3303603282197645
2.441234795699547,0,0.9613424725245937,5.638109785457608,7.381890078810265,5.638109785457608,0.210646242599269,0.19349317023787466,0.008621875000000001,0.49423661795898444,0.10720041293642185,3.964,0.7030725102629884,0.3300035676061363
1.2309844062824036,0,0.965775609079591,4.671105510235138,6.099816114578746,4.671105510235138,0.22275469365765532,0.1907526198276734,0.002830859375000003,0.531047287407074,-0.3328645095353925,3.404,0.7287354123218351,0.32964680699250803
0.9381495261363697,0,0.9885502757245912,4.678293018544402,6.075697524344211,4.678293018544402,0.25600700628624556,0.17018487957985617,-0.00481875,0.5038983069921874,0.1957190557775592,3.321,0.7098743039043954,0.32929004637887976
0.8650866545789744,0,1.028515205254045,4.158453515560665,5.411671280466902,4.158453515560665,0.24505469536041136,0.17231252664367364,0.0002230468750000006,0.5344208881407166,-0.07317064706880344,3.04,0.7310409960396373,0.3289332857652515
2.047537238626501,0,1.0162230980469182,6.06491169710592,8.068381608264128,6.06491169710592,0.34235753661544593,0.17527132306937934,0.0032800781250000013,0.4977671383531188,0.23740706526775457,4.279,0.7055337676296047,0.3285765251516233
2.019673974660339,0,1.007813428840909,6.058948981943585,7.994282278212525,6.058948981943585,0.32606281000206144,0.16476089258357077,0.006581640625000005,0.5420447589598083,0.18765406930154604,4.461,0.7362663084462884,0.328219764537995
0.14667145375888158,0,0.9837993975592294,4.231383657131676,5.3454270797225965,4.231383657131676,0.2655780908186053,0.20977098719395282,0.006198828125000003,0.35576808663925175,-0.12018191161453905,2.524,0.5964951903489039,0.32786300392436674
3.163380849312559,0,0.9198920054531515,5.557847011852146,7.6092380639489985,5.557847011852146,0.3235369071047843,0.1644824750338469,0.003957031249999998,0.5223690887786866,-0.4685251132087838,4.017,0.7227618880897083,0.3275062433107385
0.6296728781527783,0,0.9843683040767603,4.335731578048305,5.565015979216789,4.335731578048305,0.3152175753556004,0.18716229848439023,-0.007954687499999998,0.40604046825927737,-0.11844409266966359,2.763,0.6372626972548292,0.32714948269711025
0.485894837869699,0,0.9147644548221112,4.258153484732858,5.475773705137918,4.258153484732858,0.18550977149021322,0.17819765247095382,0.0023640625000000007,0.3835052448022461,-0.13928620541922695,2.637,0.6192825151687636,0.326792722083482
1.2514888057147688,0,0.9449570100320419,4.474539104529287,5.902300782938662,4.474539104529287,0.23723858703275272,0.19012521894383838,0.00728046875,0.47129948618103024,-0.018649446305824605,3.072,0.6865511571662013,0.3264359614698537
1.9049342746423816,0,1.0009938922355581,5.782568540610596,7.669479934410319,5.782568540610596,0.3258408513053395,0.17284880486138435,0.010539062500000002,0.44940996800537114,0.09035599389132927,3.877,0.6704633023840678,0.3260792008562255
1.1074270362277945,0,0.9235340593470031,4.516632585034349,5.891162878430633,4.516632585034349,0.2635877025495556,0.2001651797742217,0.002811328125,0.45599767104354855,-0.1893607879366119,3.05,0.6752818482747593,0.3257224402425972
1.5844020413250801,0,0.9830395609689268,5.431434368220065,7.220145888275781,5.431434368220065,0.35845748002978056,0.16878709056398508,0.001533984374999999,0.5731593175950622,-0.1912522605012456,4.112,0.7570744155650256,0.32536567962896895
1.0622816111809552,0,0.9826523029032397,3.9574902278952924,5.212266367244067,3.9574902278952924,0.26096265447137124,0.20742228924110623,-0.009472265624999998,0.41022417188705446,-0.06218105340365229,2.535,0.6405574882109529,0.3250089190153407
2.1549118034573675,0,0.9915253756139728,5.23018705620053,7.008298848644809,5.23018705620053,0.2393711445043791,0.15893615460092003,-0.0026652343750000035,0.5881195758226013,-0.20008880534215143,4.011,0.7668941773783883,0.32465215840171247
2.1905589284114164,0,1.0359494664372977,4.837362750116145,6.5264588467443145,4.837362750116145,0.262892578021409,0.13424871879265188,0.002715234375000008,0.6003113005491638,-0.31177100795581136,3.748,0.7748023445026964,0.3242953977880842
1.341289346579659,0,0.9611013109020835,5.2361077485969725,6.826294398303587,5.2361077485969725,0.24653322627424465,0.16076861497575262,-0.0004523437499999963,0.5442921906976318,-0.21943249236861717,3.863,0.73776174698374,0.3239386371744559
0.6213332138424281,0,1.0190497141177464,4.262549630904071,5.446848708487085,4.262549630904071,0.1916948821253293,0.18891433181864886,0.0027890625000000007,0.45744933675537114,-0.12070173826551382,2.883,0.6763557611383229,0.3235818765608277
1.3554759531540093,0,1.0059803501728697,4.56961295269805,6.014954201208216,4.56961295269805,0.2948222957302003,0.1823384454127469,0.0013863281249999985,0.4965365573912049,-0.03294299649230244,3.22,0.7046548653751531,0.32322511594719944
1.5735918740004315,0,0.9827276540289148,4.921775954738129,6.515372686030382,4.921775954738129,0.2797813005223825,0.17795176556479975,0.011891015624999998,0.448598015075531,-0.12718300603100474,3.297,0.6698801469875973,0.32286835533357117
1.497907565425865,0,1.0158053820799609,4.934190035478322,6.465111490055531,4.934190035478322,0.2831282587575693,0.1717783804832861,0.0027382812499999964,0.5267089713470459,-0.30402675310393146,3.581,0.7257523472447402,0.3225115947199429
1.2668993917103215,0,1.0307810854146382,4.976703651321559,6.5481670101387195,4.976703651321559,0.31895197078142506,0.18339556383678116,0.007401171875000001,0.5104971777330017,0.14780346933410424,3.556,0.7145291842032241,0.3221548341063147
5.86485623255682,0,1.0090009335660057,6.859705341241309,9.710991590492663,6.859705341241309,0.29209627359985046,0.12680327946473807,-0.004248437500000004,0.7377410156225584,-0.1567139730819759,5.892,0.8589290220057476,0.3217980734926864
0.7888753496152257,0,0.9794837379659599,3.7909772433960924,4.932914512933927,3.7909772433960924,0.2611622676189421,0.17787720590226433,0.008577734375000007,0.4974577720823669,-0.11408307043122624,2.674,0.7053590217820815,0.32144131287905814
1.709073236319096,0,1.032460588653187,4.65974845024124,6.2330422144808155,4.65974845024124,0.2702498195155172,0.1712236166050575,0.001546484375,0.5421438994017029,0.33118182403801627,3.431,0.7363058406773811,0.3210845522654299
1.059596500614301,0,1.01323532303685,4.732008260214132,6.164203229407942,4.732008260214132,0.3365632952928,0.18220051724028985,0.009992968750000001,0.5370150272943115,0.06375771191705032,3.468,0.7328812227903987,0.32072779165180165
0.7006075616944645,0,1.012992071897302,4.439250482478694,5.699086286601115,4.439250482478694,0.27538902814973365,0.171385520877874,-0.0022226562499999955,0.5323516012054443,-0.10326688429316837,3.239,0.7296276731362715,0.3203710310381734
2.5539720846041165,0,1.0021034674859122,5.414234570101295,7.403312610719424,5.414234570101295,0.3052847416429885,0.15314126872801906,0.010355859375,0.6291847425047302,0.30463326256488416,4.295,0.7932792612492305,0.3200142704245451
1.2097311846206056,0,1.008003255174447,4.997861449299004,6.533193542848583,4.997861449299004,0.27887104577505406,0.17934667864927187,0.008675390624999996,0.48838444658187863,-0.2220328032897941,3.493,0.698898926157692,0.3196575098109169
0.6141084508975618,0,1.0244710940419526,4.089908304296817,5.270196755035505,4.089908304296817,0.24514149088625903,0.19360880366336428,-0.005102734374999998,0.44748633124252324,-0.17619730960769384,2.736,0.6689636530788687,0.3193007491972886
0.7945545502585878,0,0.982064615912608,4.277506474005006,5.557549198068946,4.277506474005006,0.26221973065430254,0.18728927963676875,-0.000919531249999999,0.49286566930603026,-0.19721798903118323,3.003,0.7020445248299783,0.31894398858366035
1.0797945961331923,0,0.9913609984434245,4.643879450079415,6.027191626799206,4.643879450079415,0.26575789698129715,0.19709793080785296,0.01586875,0.4707279515234374,0.06333673596437463,3.187,0.6862796578290806,0.3185872279700321
1.6889368093090606,0,0.9659624980168054,4.820106602029008,6.360967226028214,4.820106602029008,0.2486205374942946,0.17780889597455019,0.005847656249999998,0.47753464085388175,-0.24982539094359535,3.331,0.6910635541956326,0.31823046735640387
2.092089549192411,0,0.9727346902094683,5.502418402050639,7.307181258139085,5.502418402050639,0.33004612694673263,0.21307752738909377,0.010189062499999995,0.39302145956787105,0.053520004743081814,3.45,0.6269970307445643,0.3178737067427756
1.8640269815981432,0,0.9722290476776365,5.064849785214162,6.676725036016366,5.064849785214162,0.31988073692700697,0.19621008216347643,-0.014134765625,0.40323094472885135,-0.4595913989579999,3.217,0.6351619764502004,0.3175169461291473
0.8101796437812299,0,1.0021691157738557,4.68059759214782,6.058370402517088,4.68059759214782,0.2996243433339854,0.17410421997099274,0.025025000000000002,0.5553397634375001,-0.20390841038059945,3.49,0.7456312855979824,0.3171601855155191
0.4713981089868309,0,0.9931894029234148,3.78885528444072,4.855271982639778,3.78885528444072,0.2630786613019857,0.1874242950156766,0.0029800781249999992,0.4343223406187439,-0.0459052918449231,2.497,0.6590381032113204,0.31680342490189084
1.0770837466006524,0,1.0087779084621484,4.603096422474886,5.99573963441156,4.603096422474886,0.2684025435999395,0.16564801995401554,0.003255859375000003,0.46828595445785526,-0.269787839935349,3.15,0.6843219674087081,0.31644666428826257
0.6865427695532418,0,1.0081647071363582,4.584125222468425,5.9315263580145015,4.584125222468425,0.2868045295440093,0.2037021032373705,-0.0006902343749999984,0.43343606849838257,-0.15447460201724847,3.018,0.658358978766049,0.3160899036746343
0.2338451700776516,0,1.0028899326523268,3.93731625439847,4.973406279331309,3.93731625439847,0.32199252367484976,0.1736277727794551,0.01138359375,0.49018287707458497,-0.055940913297085254,2.757,0.7002231524887262,0.3157331430610061
0.41755250623643514,0,1.0060750005565513,4.720040316410013,6.041404346361162,4.720040316410013,0.24420439776149103,0.16767418566936482,0.010813671874999998,0.5135866289537048,0.06442340515216018,3.383,0.7167311660958556,0.3153763824473778
0.4685100721971951,0,0.9685654384453445,3.9379429087239353,5.023723018064205,3.9379429087239353,0.31513866574976845,0.19079877372588963,-0.005887109374999996,0.42854050092758184,0.002750738331125545,2.578,0.6546565198517273,0.31501962183374954
0.8048172081167757,0,0.9925612239086866,4.28695216052687,5.563397069503657,4.28695216052687,0.31008346000877457,0.20445907003602215,0.0030855468749999976,0.4096951735411071,-0.3657323263824408,2.744,0.6400817870714843,0.3146628612201213
-0.03874511524920754,0,0.9974458411789172,3.5373015331682516,4.394566139858397,3.5373015331682516,0.3483334460813283,0.20325195549578814,-0.00013593750000000048,0.427939648708496,-0.03432172066352119,2.314,0.6541709770293238,0.31430610060649306
0.5833048771649811,0,0.9521136684468573,3.847179867503199,4.9634464870837185,3.847179867503199,0.21101192923626919,0.20302710780174452,-0.003164062500000003,0.4410491285522461,-0.08085604187854689,2.555,0.6641228349061263,0.3139493399928648
4.6514352453867485,0,0.9912478669126688,7.4745130020948345,10.096003625478529,7.4745130020948345,0.3551142486405801,0.20199185377181053,0.004595312499999998,0.5010619416967773,-0.9711540484857045,5.291,0.7078722049874187,0.3135925793792365
5.020145347297548,0,0.9858659924168643,6.8216126134382655,9.567024039246022,6.8216126134382655,0.3106853297623727,0.14710495174293153,0.007740234375,0.6876388649436951,-0.6435549523219501,5.657,0.8292760554675838,0.3132358187656083
0.7561565986481158,0,0.9940158231752265,4.476763562917125,5.773502864067055,4.476763562917125,0.2965968087862212,0.17636027183718828,0.009294921874999997,0.4744837595054626,0.05701962556416678,3.084,0.6888905247411413,0.31287905815198
1.5234877839734775,0,0.9726131539203842,4.944886060812865,6.485306126745844,4.944886060812865,0.29529861885441805,0.18879406491678416,-0.011228906249999998,0.4640571390081787,-0.06754967268817066,3.369,0.6813099348635319,0.31252229753835176
1.565938354779143,0,0.9983708712021282,5.4501767059328055,7.162917628956072,5.4501767059328055,0.22908532704228837,0.18087094271417223,0.00885234375,0.5426092789788818,0.11599475610231542,4.015,0.7366733624672132,0.3121655369247235
0.39513830504442415,0,0.972319388245751,3.799795845408548,4.854340397312461,3.799795845408548,0.3143929559779999,0.21020269420531845,0.015355078125000005,0.4473028899351501,-0.0005154006904922792,2.542,0.6689833094774301,0.31180877631109527
0.8866026534462987,0,0.9740413640391484,4.19539565186293,5.463200500069297,4.19539565186293,0.25684278604574484,0.17635234626026774,0.00833828125,0.5174093457220458,-0.322360788089885,3.018,0.7193600438280194,0.311452015697467
0.9635171994182445,0,0.9758895847568219,4.358195234125784,5.692749614795275,4.358195234125784,0.31248022497362726,0.16937867350344518,0.0182359375,0.5141428162084961,-0.1185181906234722,3.126,0.7172693814913613,0.31109525508383873
1.410007065605364,0,0.9769436375081076,4.700859870096138,6.224079548697855,4.700859870096138,0.28936763318222397,0.19186218927565454,-0.013686328124999998,0.5384340535630798,-0.10649978797017567,3.45,0.733908283875189,0.3107384944702105
3.810301381799661,0,1.004612486202359,6.116266000328328,8.275467831960917,6.116266000328328,0.26490427096767744,0.1594309743681582,0.0019808593749999956,0.6205233312742615,0.3224212159698021,4.818,0.7877355235598589,0.31038173385658224
3.0431279611706685,0,1.0126917268826492,5.501702858887405,7.6274669458338185,5.501702858887405,0.24299530909521058,0.1554621347530403,-0.005274218750000003,0.799038431054077,0.5224558065516239,4.918,0.8939050556057393,0.31002497324295397
0.8673655697978235,0,0.9263449056562378,4.243965086189566,5.500088979317172,4.243965086189566,0.23445280330401017,0.20115588724908506,1.7578124999998586e-05,0.49370971492538446,0.09515602248492222,2.982,0.7026448001902348,0.3096682126293257
2.7188012022696073,0,0.9955936200219891,5.9064026028774625,7.8382176559147565,5.9064026028774625,0.2191162618027369,0.17148258724022566,-0.003847656250000004,0.5551943822601318,-0.5282149495057746,4.401,0.7451236049936614,0.3093114520156975
0.6613037708060445,0,0.9935531705808599,4.097209917586009,5.2896132108089935,4.097209917586009,0.2614557387890675,0.17629006578481116,0.022938281250000005,0.5355988594720459,0.007491541191410934,3.0,0.7322055887650339,0.3089546914020692
6.293795316399171,0,0.9921458813794265,6.591758094217242,9.175882414286754,6.591758094217242,0.30006800764988695,0.12903289494911696,0.001581640624999991,0.7401424347410585,-0.3426209505717666,5.671,0.8603167651092968,0.30859793078844094
1.4378265578407818,0,0.9796006002517365,4.680227574358652,6.142289716346896,4.680227574358652,0.24480412159405993,0.17669719300735975,-0.009486718750000001,0.5335695201361084,-0.038271024946269966,3.419,0.7305200325581428,0.3082411701748127
0.9213739106888847,0,0.9619799560608217,4.648431325034648,5.9922433926174845,4.648431325034648,0.27959010648847527,0.19757097282893943,0.004513281249999997,0.4450110709173584,-0.09137776596180311,3.101,0.6671067685348425,0.30788440956118446
0.9759123505220288,0,1.009510282211688,4.06904843177627,5.333248956192443,4.06904843177627,0.25828678784446046,0.1704431978153479,0.00913828125,0.5068036308782959,-0.14471205676888294,2.897,0.7119600684466089,0.3075276489475562
1.7459941489740833,0,0.9792712190785642,5.753203404817213,7.6130339147268575,5.753203404817213,0.2721095446581651,0.18110295089258402,0.004455859375,0.6776277847703552,-0.039187290383274974,4.736,0.8231935613530544,0.3071708883339279
0.5968178471279009,0,0.9905623541791118,4.065839231482307,5.24966219924378,4.065839231482307,0.2785034796446759,0.2224870518369497,0.0003558593750000033,0.4439330534422303,0.06050310928196485,2.709,0.6662831080540201,0.3068141277202997
3.8000638116114525,0,0.9825189376910273,6.202720528118024,8.326591650478319,6.202720528118024,0.31252700711504866,0.1846614861773605,0.0063328125000000025,0.5116587322045898,-0.8600871763048122,4.437,0.7153312776041252,0.30645736710667143
2.285278721511733,0,0.9717516080912687,5.933967257940745,7.83508526859507,5.933967257940745,0.23962978446431188,0.1623827743639891,-0.009431250000000006,0.5919925944921876,0.4139143057485409,4.566,0.7694683508558036,0.30610060649304316
1.4891857587922495,0,0.9843617456012451,4.757504507487546,6.301380364357092,4.757504507487546,0.211841470938004,0.18308831148841204,-0.015433984374999998,0.5509284948606872,0.12171524404483065,3.532,0.7424060228300784,0.3057438458794149
1.7143468346178121,0,0.9564052036212177,4.88257949639296,6.492977762188424,4.88257949639296,0.225318058888827,0.1539703421725775,0.010472265625000001,0.6021039390745544,-0.12844809545419733,3.789,0.7760242312079405,0.3053870852657867
1.5541490313054807,0,0.982420208257489,4.57864920447517,6.026036511657084,4.57864920447517,0.344053345440881,0.17126572722428005,-0.003176171874999999,0.5997847451353455,0.020348962622512103,3.546,0.7744642233203061,0.3050303246521584
1.9980912766980676,0,1.0147718581963119,4.760577760500044,6.439243402755803,4.760577760500044,0.3525530672860979,0.1313780970555742,-0.010885546874999999,0.6290176607286072,0.3287264283044149,3.776,0.7931810359932813,0.30467356403853013
1.1846635716797111,0,1.0211326586319445,5.3095673139798185,6.894716993267243,5.3095673139798185,0.28864863691848935,0.16772372972646338,0.006444531249999999,0.48163636957946776,0.23045618718077765,3.685,0.6940301877890471,0.3043168034249019
0.4680367668872041,0,0.9743607673718699,3.8145635769445403,4.928792023169194,3.8145635769445403,0.3639803575781586,0.1524848894497774,-0.0017683593750000017,0.5028542475144959,-0.04446343628876971,2.705,0.7091243717496776,0.30396004281127365
0.42794228663445244,0,0.974704915236101,4.279803760682929,5.465063853595737,4.279803760682929,0.3129904292160281,0.19686150024289226,0.014814453125000005,0.4129549925254821,-0.12208031117786357,2.751,0.6427864813037647,0.3036032821976454
1.4396048194748303,0,0.9978657080238716,4.431873530486788,5.893243613869585,4.431873530486788,0.2975990021797955,0.1493687731282996,0.010792968749999998,0.5853214493255615,-0.03329757865613187,3.391,0.7651391621790117,0.3032465215840171
3.889262836039351,0,1.0390872148540493,6.549692101342232,9.084288733619449,6.549692101342232,0.3709253558626795,0.13179921069997388,-0.010480859374999995,0.6606358199461365,-0.6108561037125712,5.324,0.8128626380633908,0.3028897609703889
0.7526122292643684,0,0.9681883786209621,4.084245463501193,5.281274338445478,4.084245463501193,0.305680259730484,0.1548571989908006,-0.003562500000000002,0.52949703203125,-0.007211040238347709,2.972,0.7276741876949463,0.3025330003567606
1.2901546186451407,0,1.042287520310259,4.674167570436326,6.235799563948775,4.674167570436326,0.3460408643740962,0.14698831735966,-0.00044023437500000513,0.67176229330307,0.09936740371021464,3.831,0.8196111804443464,0.30217623974313235
1.221268038939737,0,0.9942236187828244,5.5772196080951435,7.29697131746673,5.5772196080951435,0.23677425902974328,0.1745836692238443,-0.0026351562500000003,0.4947605114202881,-0.11161702918588048,3.923,0.7033970823572914,0.3018194791295041
2.041705036031928,0,1.0166763046581497,4.553378614576799,6.156255809262387,4.553378614576799,0.23377879920654948,0.13468042186862544,-0.002003124999999997,0.6418586781152344,0.06886586684813753,3.648,0.801163335796765,0.30146271851587586
2.046189203931192,0,0.991557948223107,4.646072770279407,6.275065263621752,4.646072770279407,0.2482560821387593,0.1383480855888628,0.0052152343750000016,0.6472742493772887,0.09587569226675786,3.738,0.8045504633314651,0.3011059579022476
1.2586486966420285,0,0.9753693680916996,5.31220328939569,6.974659167440252,5.31220328939569,0.2719332995356902,0.17160584048723465,0.0066816406250000005,0.4961569935691833,-0.10100294465058586,3.742,0.7044158132031286,0.3007491972886193
2.061263974393608,0,1.0592806160966481,4.947167030291086,6.671870037203279,4.947167030291086,0.25993178479879014,0.13917484548438613,0.0034640625,0.732455838552246,-0.17386925016114443,4.234,0.8558433491482247,0.3003924366749911
2.091507523295573,0,0.9511266044821911,5.656173461131984,7.588705623730791,5.656173461131984,0.24271110507958227,0.14016139602236527,0.008036718750000001,0.6114241158392334,-0.3838717020082278,4.423,0.781977432339003,0.30003567606136283
1.4424846640776883,0,1.0300762527077016,4.746369287776703,6.229559798521086,4.746369287776703,0.3142980471461398,0.14011730733465258,-0.0034347656250000025,0.6473935262132263,0.14068434812367198,3.819,0.8046150159101711,0.29967891544773456
1.3923983565149616,0,0.9887457528987721,4.833009111674237,6.373006258332702,4.833009111674237,0.24894178866729805,0.17488660795527122,0.006959765624999998,0.52920355814682,-0.2984345271615193,3.516,0.72749707661569,0.2993221548341063
0.5862000096446942,0,0.9783538673511587,3.969294279096291,5.112288496692535,3.969294279096291,0.30469355459739694,0.1889273897823936,-0.0023183593750000005,0.47303553106918333,0.27363354911581617,2.73,0.6877796928227636,0.2989653942204781
1.3926428150131613,0,1.001882446626332,4.780067998668189,6.234910905133817,4.780067998668189,0.3482557460315849,0.18343203150083787,-0.0075324218750000005,0.537910309886322,-0.12367234255306776,3.506,0.7334623693589365,0.2986086336068498
1.1619713761950932,0,0.994083545569744,4.698652609990308,6.149436234114324,4.698652609990308,0.30975135601657594,0.16031612782667562,0.006798046875000007,0.5058555775743103,0.011830374593353636,3.342,0.7112677351150022,0.29825187299322153
1.004884334473374,0,1.0277343975725828,4.141245134056276,5.386685126063631,4.141245134056276,0.35747571555490676,0.15656775731421482,-0.004051171874999997,0.5195329235533143,-0.11867665486930855,2.985,0.7207977077841431,0.2978951123795933
1.1959668652060689,0,1.0327679542215518,4.868635952428936,6.419020110896292,4.868635952428936,0.250579774194166,0.1787589157074986,-0.0077035156249999955,0.5938375523313904,-0.08675085389224788,3.752,0.7706470635020775,0.29753835176596505
2.599674052814078,0,1.0975996232171183,6.075910555716225,8.197990490656183,6.075910555716225,0.29586483456474977,0.1448969128013378,0.008615234375000006,0.6463332859397888,-0.3225935644500109,4.885,0.8039947190144504,0.2971815911523368
1.1515299043820697,0,1.0181609976774095,4.852678083068112,6.351185395269434,4.852678083068112,0.26263000059337926,0.14725931398048892,0.0017898437500000013,0.5515743706781007,-0.05921371923489018,3.604,0.742682687437071,0.2968248305387085
1.562530510654665,0,0.9991863284745872,4.605888278376215,6.091135974874513,4.605888278376215,0.3017518750729489,0.1584934516008127,0.010419531250000003,0.5428877419622802,0.11967311768361959,3.394,0.7368828323375094,0.2964680699250803
0.5586331126218576,0,1.0274789841806604,4.036093983247257,5.164277884778301,4.036093983247257,0.27248156567568915,0.16331662600416746,0.005226953125000002,0.522309109820404,-0.049515159381169405,2.917,0.7227284627433563,0.296111309311452
2.2095053880926994,0,0.9824025612329305,5.810856194971482,7.75707984401969,5.810856194971482,0.22365719106831697,0.16640589582260634,0.005135937500000002,0.6653638643334961,-0.2199457954538228,4.74,0.8157145592592423,0.29575454869782375
0.7486995123687765,0,1.0103546132276668,3.7906245574251307,4.909175627291609,3.7906245574251307,0.2577168327293473,0.20000339066590297,0.005066796874999994,0.49648230686630246,0.03324236025209345,2.671,0.7046332232423298,0.2953977880841955
0.7861539018166179,0,1.0193092583577774,4.441163392105559,5.710149609078237,4.441163392105559,0.31743368387324633,0.19236241518173158,0.0006804687500000031,0.45114127055603037,-0.21780778971652823,2.983,0.671670852124573,0.29504102747056726
0.7470066012444301,0,1.029654568627402,3.8641460045638696,5.028815993740522,3.8641460045638696,0.24554135097089475,0.1728542637186138,0.008985156249999997,0.5408492966546631,-0.1231009183147591,2.842,0.7354794556529095,0.294684266856939
1.097507801105957,0,0.994707961480268,4.242754904340726,5.52371874864611,4.242754904340726,0.3098831434170819,0.17599283443884148,0.0014917968749999983,0.5127170569639586,-0.1091840555668188,3.038,0.7160441902717143,0.2943275062433107
1.174730936774397,0,1.0333891731335503,6.184648520597757,8.019761766840448,6.184648520597757,0.3001681103912603,0.18046241676754213,-0.009616406249999996,0.5786551325433349,-0.13988136946245852,4.705,0.7607546304903441,0.2939707456296825
0.7290222721169073,0,0.9774244250457984,5.15316912738343,6.645537948290242,5.15316912738343,0.2690949109112144,0.18344757461739888,-0.013289062500000004,0.5251536633178711,-0.33752450116936117,3.735,0.724796704255752,0.29361398501605424
2.53652068999609,0,1.0515128336486848,5.358087400552307,7.133945699431139,5.358087400552307,0.3005998502740471,0.1438418245285119,-0.0002105468749999985,0.6383676029356384,0.28948571359350156,4.281,0.7989791281789688,0.29325722440242596
2.8727851796857697,0,0.9720773778410192,5.922767920882132,8.065661197953125,5.922767920882132,0.2208261708001092,0.13794912310167837,-0.009125,0.6611025460937501,-0.39838956141492365,4.816,0.813133329607605,0.2929004637887977
1.1086020089404887,0,0.9572214746456343,4.886758095795582,6.372775232260048,4.886758095795582,0.2728456436074624,0.2021493271288541,-0.007635937500000002,0.42526819480224604,0.09640236573390643,3.187,0.6521706083102411,0.2925437031751695
1.3267208637281476,0,0.9784956674622693,4.931227378398654,6.469376973639439,4.931227378398654,0.19455960367468336,0.1596120292127874,-0.005183203125000001,0.53352588167099,0.000551505867747814,3.602,0.7304469503431614,0.2921869425615412
3.316919596768402,0,0.9771091325723642,7.233500696572472,9.623541644779554,7.233500696572472,0.30698817173761206,0.17573737818351967,0.009860156249999997,0.5954039335687256,-0.6519545433425447,5.582,0.7716872139992991,0.29183018194791294
1.3417365463788888,0,1.0135276592471896,4.787047515096762,6.293688035801216,4.787047515096762,0.29728758167637587,0.14458051785321901,0.003256640625,0.6377726595262146,-0.3772686087164906,3.823,0.7986133390035349,0.2914734213342847
0.9544651359690981,0,1.0603554361656966,4.322272345824938,5.620994881593028,4.322272345824938,0.3160339977223878,0.1551757598360137,0.022478515625,0.5785279495384217,-0.0648086233215841,3.289,0.7609423323768529,0.29111666072065645
0.38695206463573006,0,0.9973765827294587,4.2370274501620955,5.39373094847423,4.2370274501620955,0.28740518684059196,0.18335435056312457,0.006249609374999995,0.5032939333982849,-0.0032031135083442747,3.006,0.7094596472073834,0.2907599001070282
3.1728001488408246,0,0.9605274915027687,5.322858612057249,7.311740839257472,5.322858612057249,0.2700520234264094,0.19208091766357147,0.006876171875000003,0.5780175491197205,-0.08841209522850008,4.047,0.7603057482745839,0.2904031394933999
3.633187076264857,0,0.9374495081308135,5.640703961385933,7.759478530803001,5.640703961385933,0.2196613395916605,0.1713960315519395,0.006949218749999998,0.6641265067962647,0.22835125277145973,4.597,0.8149692009134455,0.2900463788797717
2.0776580727514897,0,0.9556926037070502,5.864457386168893,7.728455566955692,5.864457386168893,0.23040077272360818,0.1654728749394867,0.004659375000000002,0.49761839413085934,0.42266789231758056,4.137,0.7054361090178543,0.2896896182661434
0.7040790823693222,0,0.9935721977641819,4.155685873561798,5.3507537292761365,4.155685873561798,0.24778330188656408,0.1968779477028729,0.013407031249999998,0.5116250983880615,0.1918209979286048,2.973,0.7154053724113344,0.28933285765251515
0.5419167747404261,0,1.0201481597465896,3.959135364044251,5.079569600049638,3.959135364044251,0.37174640455058,0.15375650914892633,-0.004673828124999996,0.576448872127533,-0.019731681261478846,3.006,0.7592566870280927,0.2889760970388869
3.3793410946155333,0,0.9270005000271715,7.002021832947137,9.220878210439105,7.002021832947137,0.2377197526601245,0.1683200834222524,0.017476562499999997,0.5548246392944336,-0.04807166485112331,5.217,0.7450705131269456,0.28861933642525867
0.7019955813846059,0,0.9791371322325615,4.342143484944786,5.61973518768853,4.342143484944786,0.24899806730361923,0.18277946659085215,-0.006101562499999995,0.46938710531005856,-0.1155756691064135,2.975,0.6851454840944368,0.2882625758116304
2.839991890905317,0,1.0385887656765593,6.379245283976591,8.636773950722121,6.379245283976591,0.26283906513804783,0.14986681083101228,-0.0032167968750000013,0.72266061745224,-0.14538789246667816,5.423,0.8501005618362895,0.2879058151980021
1.32978539046508,0,0.9656553786267191,4.315948086870595,5.694413347871073,4.315948086870595,0.28852293622694997,0.16041869300576522,-0.009299218750000006,0.6052668870306397,-0.09818342815283683,3.358,0.778044576165145,0.2875490545843739
1.4366371429021312,0,0.9680604195840378,4.922059637810033,6.458712098900088,4.922059637810033,0.29896952465915166,0.16624394864868872,0.008628515625000001,0.5997332545774842,0.34026473884186326,3.812,0.7744725339606143,0.28719229397074564
0.3916953635820173,0,0.9001646761729529,3.686462819701701,4.725855622310699,3.686462819701701,0.28333163474452233,0.14957849718617144,-0.0037519531249999996,0.5407892052696228,-0.01607477773408167,2.711,0.7353932841832831,0.28683553335711737
0.9431685057108741,0,1.002694966423813,4.805956634579253,6.2346521618865465,4.805956634579253,0.2716913848897292,0.1622470530655957,-0.001877734375000001,0.5343105362229921,-0.1905133753178762,3.513,0.7309678940345978,0.2864787727434891
1.3815665595021986,0,0.9437433621756154,4.553276357138411,6.031030477534774,4.553276357138411,0.349525183040985,0.14994053039494087,0.008320703125000006,0.5958709053526307,-0.14581264239238934,3.515,0.7719715923873915,0.2861220121298609
2.251462439977697,0,1.0033745070479676,5.183614920731191,6.872207327971403,5.183614920731191,0.2697264420649678,0.16606834871010973,0.0009367187500000033,0.5502075342767334,0.12748643920324076,3.845,0.741760346553218,0.2857652515162326
0.8161074056311768,0,1.0169441000075425,4.9580753377885,6.428125244543169,4.9580753377885,0.31462566838345263,0.1626211417314874,0.010949218749999998,0.5442087216400147,0.06209753023473826,3.658,0.737786288183272,0.28540849090260434
3.796643620671353,0,0.9502282070182942,6.626983014823245,8.946367400052763,6.626983014823245,0.2881323721675101,0.16982278810362303,-0.006141015625000001,0.6424789844114684,-0.39002479943724455,5.312,0.8015713920072092,0.2850517302889761
1.2821263599166297,0,0.9560661910078198,4.354719943268052,5.717451456640436,4.354719943268052,0.3132206339443924,0.20000506231750878,0.0021312499999999977,0.4617056585546876,-0.14465819042036387,2.959,0.6794926053911478,0.28469496967534785
1.294896799887515,0,1.0482671821481133,5.8321971104577495,7.707472607013279,5.8321971104577495,0.31647913086051166,0.1497193609344575,-0.009610156249999998,0.6334065745843505,-0.15698168732268009,4.642,0.7959264599744753,0.2843382090617196
1.041899445369129,0,1.0069086641481901,4.356194201378021,5.686122954430232,4.356194201378021,0.28689410654584246,0.2391640738324361,0.0028140625,0.5419723232397461,-0.011689683631788907,3.207,0.7361930739877277,0.2839814484480913
0.30038217270001155,0,0.9928749005668217,3.7016858783619617,4.727529554875649,3.7016858783619617,0.24989266171507143,0.17244340534851543,0.011163281249999999,0.4928373717767334,0.025842257416154788,2.599,0.70211251991757,0.2836246878344631
1.2588590812220568,0,1.0146568701006757,4.230887437919671,5.563981036134651,4.230887437919671,0.31117575871730163,0.14715255207680591,0.00045195312500000416,0.5578418133164977,-0.10980312891628406,3.16,0.7468882229478015,0.2832679272208348
2.093724451693988,0,0.9733488550218902,5.834583249262495,7.713396753175374,5.834583249262495,0.3143430884814681,0.16786200764218143,0.007296484374999998,0.5720154437376404,-0.6245316626503243,4.413,0.7563522211389843,0.28291116660720655
1.4874067773994417,0,1.0359018349993556,4.539398334452838,6.1127782268288025,4.539398334452838,0.3050526780838978,0.14054969997116987,0.004676171875000001,0.6313652220884706,-0.2768104239783327,3.607,0.7945986966210522,0.2825544059935783
0.47794874489138106,0,1.0096742262018603,4.045721559999568,5.149241845965638,4.045721559999568,0.2758519508487775,0.1531238100863887,-0.002201953125000004,0.6139360205430603,0.11751705955211378,3.17,0.783543788910757,0.28219764537995007
1.7686785622440198,0,0.9924814903333604,5.182841438975943,6.905492229158724,5.182841438975943,0.2699439159487139,0.15008155368865,0.009174609375000004,0.6774104566209411,0.03573172512503687,4.266,0.8231006196560205,0.2818408847663218
3.400086639204016,0,0.9967153721041205,6.5950515730070745,8.96590074845722,6.5950515730070745,0.2157652244071067,0.15491581300696924,-0.0060468749999999976,0.6776100782714843,0.21813161046899535,5.429,0.8231929560976272,0.2814841241526935
0.8488214910320049,0,1.0176632516799655,4.481290694700916,5.824326297722122,4.481290694700916,0.2663600789751925,0.17978655063237686,-0.008082421875000004,0.5178433717222595,-0.23227759004313836,3.225,0.7196587366701143,0.2811273635390653
0.8997015096335552,0,1.0357393732316633,4.2428358040288945,5.512091456373041,4.2428358040288945,0.2811529369895262,0.16331936436544897,0.012825781249999998,0.5513848227728271,-0.1530984318814679,3.151,0.7426636677780192,0.28077060292543704
0.620918925909975,0,1.018262206114656,3.7132332738821288,4.802333691422212,3.7132332738821288,0.27580046222276877,0.16348695675942065,0.010535937500000007,0.6556753690209961,-0.15225072981851387,3.007,0.8098063811800942,0.28041384231180877
1.626207027984865,0,1.018559656074776,4.726563893178293,6.289651689098652,4.726563893178293,0.26812595677577217,0.16291364460499905,-0.004167578124999996,0.598940584808197,-0.0645410770779743,3.658,0.7739237388241976,0.2800570816981805
3.3120131525296115,0,1.0713343788476077,4.915167107970501,6.925850697857008,4.915167107970501,0.29945747704108505,0.1293568295961104,-0.016448046874999997,0.9657747785508729,0.07988630407342574,4.831,0.9828760434545523,0.2797003210845523
1.9841633900396696,0,0.9314207515808721,5.719431615343333,7.563165872365918,5.719431615343333,0.22481171612185333,0.18890398503020267,0.001007812499999997,0.6457339397827149,-0.1343295520452763,4.596,0.8035763532289574,0.279343560470924
0.435475239727126,0,0.962188340289888,4.325753983134358,5.516441741842018,4.325753983134358,0.2372381274848318,0.1688653898382379,0.006998828125000002,0.6086799175767517,0.0959144472901355,3.375,0.7802108055979967,0.27898679985729574
1.308658215016239,0,1.050701154286778,4.658559273287735,6.1331769223810655,4.658559273287735,0.2660712195447595,0.13722908849500481,0.006208203124999993,0.7764285812608337,-0.19486480951291565,4.105,0.8811737189946571,0.2786300392436675
1.5204103656300543,0,0.9883886744112265,4.404457882788096,5.775980071609455,4.404457882788096,0.37868230011984355,0.16761501054147485,-0.0008644531249999962,0.6100022406114196,0.14041034896269133,3.44,0.7810268803892891,0.27827327863003926
2.649097982686066,0,0.9749997675722365,4.957194960161459,6.724244457164711,4.957194960161459,0.2659145587719863,0.1373109831274355,-0.014295703125000003,0.704703167637787,-0.32984392627890885,4.162,0.8395877171359911,0.277916518016411
4.508778182957816,0,1.015578341238833,6.646821641166509,8.938740826573968,6.646821641166509,0.20383501898922976,0.13603151598054505,0.008566406249999995,0.66583013777771,-1.0223083284051044,5.424,0.8160291177977351,0.2775597574027827
2.6756892542153743,0,1.0439833619749272,5.956152523488667,8.041329749312618,5.956152523488667,0.2966112861212258,0.11359046419892228,0.014921874999999998,0.9217298923339843,0.306554253867709,5.719,0.9601836046754288,0.2772029967891545
3.1006076183530347,0,0.9815334581312641,5.072982120340992,7.041976064712037,5.072982120340992,0.287733269784182,0.14728858600749042,0.011380468749999999,0.7223588224310303,0.11982116201377654,4.312,0.8499931396781977,0.27684623617552623
1.33856274279072,0,0.9999731044474276,5.928621473459248,7.7389966910981975,5.928621473459248,0.24516636887380142,0.1479868328725919,0.00011757812500000215,0.5910730881285096,-0.15150264737879246,4.558,0.7688127873241476,0.27648947556189796
0.8000381289966234,0,1.0257905729966357,4.794404299448651,6.201187253232898,4.794404299448651,0.2844076556053694,0.1346948060367381,-0.00046328125,0.7033940744329834,-0.14638375740777382,4.021,0.8386860491641076,0.2761327149482697
1.2182032088070045,0,1.0109973127153111,4.981498303392553,6.547255918964256,4.981498303392553,0.26746041323423236,0.16906246770486744,-0.012753125,0.5547976820214844,-0.11672224537868173,3.711,0.7449565921708123,0.27577595433464147
1.2901458441419162,0,0.9745965402225738,4.6647769117145055,6.124366003107685,4.6647769117145055,0.29143606179505654,0.15348281636912084,-0.0067542968750000055,0.6196002892393493,-0.30516632657751824,3.672,0.787175907764983,0.2754191937210132
0.7455479532639995,0,1.0227981564272304,4.00622494890771,5.21729201931668,4.00622494890771,0.20620674318236448,0.16019724608887262,-0.00041367187499999624,0.5470065222349548,-0.03650112891966672,2.963,0.7395990084899892,0.27506243310738493
0.683755899960623,0,1.0388850100757234,4.325404674458885,5.577983616864197,4.325404674458885,0.3018424719193169,0.15002275447547767,-0.0033988281250000073,0.6850231350767517,0.11089868092404732,3.58,0.8276682228461928,0.2747056724937567
1.9144567408902615,0,1.0200227206886927,4.430349049051897,5.973697401956089,4.430349049051897,0.32207432379569023,0.13962816512569473,-0.0010109374999999973,0.7172146514428711,0.053524147105755246,3.752,0.8468858680114459,0.27434891188012844
4.365369165439904,0,0.9939245708566217,5.64637871047963,8.045981515651995,5.64637871047963,0.24892342083505098,0.11416347297613151,0.008900000000000002,0.9329393009375,-0.42731755362015295,5.454,0.9659288332674928,0.2739921512665002
1.8306279764340943,0,0.9812818600291547,5.506411013930517,7.309294641574487,5.506411013930517,0.25388533480121495,0.16134722928758594,-0.017996875000000002,0.6075094648339844,-0.4771288145623917,4.293,0.7796366797064835,0.2736353906528719
1.11221552518691,0,1.0222906990448744,4.103346883680019,5.4554800768508045,4.103346883680019,0.2674721382719704,0.14846496366747036,0.002502734375,0.7637312195237731,-0.075846773897962,3.586,0.873920753388501,0.2732786300392437
1.5184246267907566,0,0.9644815153860069,4.597859412732313,6.040434013191999,4.597859412732313,0.2241939887604395,0.14031418477169208,0.007626953125000002,0.6931002166954041,-0.4542164926376145,3.828,0.8325613413493176,0.2729218694256154
1.0876222478937896,0,0.9945964563654794,4.888558204789046,6.400284036273799,4.888558204789046,0.29390422406631067,0.17111483951126014,0.006607031249999999,0.6883459651068116,-0.027078275108537008,4.056,0.8296924839774976,0.27256510881198714
0.3701340263869204,0,0.9671099089178451,4.303953917804775,5.52619926199262,4.303953917804775,0.20697845184931085,0.18150392725563957,0.004554687499999997,0.4995341212280273,-0.12925571933267577,3.042,0.7067919541182186,0.2722083481983589
0.41934011531001225,0,0.9504446947532509,3.681265895430387,4.691187129754269,3.681265895430387,0.3335048372540317,0.16099762321356853,0.0007359374999999973,0.5339612544897461,-0.2886710409053055,2.69,0.7307268956961623,0.27185158758473066
0.6512000363080079,0,0.9727019642353607,4.607378188990611,5.853951048273894,4.607378188990611,0.26956215817040136,0.20033006229554953,0.006676171875,0.4787276025572205,0.00762784749772997,3.188,0.6919336484288975,0.2714948269711024
1.4573891258058218,0,0.9978404693905756,4.909803304598595,6.402829616377227,4.909803304598595,0.2822286878803381,0.16687105905059416,0.011791406250000002,0.6282339041448975,-0.45897065433726536,3.892,0.7926997801224938,0.2711380663574741
1.9039954365336964,0,0.9448169410076589,6.386785919125985,8.519525400577503,6.386785919125985,0.22612921636855965,0.15110368306425376,0.00425078125,0.7458874089837646,-0.43015553674395185,5.516,0.8636581951935616,0.2707813057438459
2.520970704965321,0,1.038848318051959,5.354745632920643,7.271728389509649,5.354745632920643,0.3409902286869625,0.13299840609394958,8.281250000000337e-05,0.7619030665795898,-0.5481699633569675,4.674,0.8728705937523042,0.27042454513021763
1.219348577863685,0,1.046215467791739,4.768326259695682,6.272512725480904,4.768326259695682,0.23086054734323944,0.12796158821417677,-0.012435937499999999,0.759870775583496,-0.023887218573007855,4.157,0.871794372616043,0.27006778451658936
1.6050058029390177,0,1.0375677440356326,4.404671421359503,5.907733552341379,4.404671421359503,0.2660814201609297,0.14815287372577574,0.003811328124999999,0.6814146366685485,-0.24307839224451827,3.636,0.8254872275757058,0.2697110239029611
2.5594425184506076,0,1.0275635476692107,5.553104288672792,7.5312177599505254,5.553104288672792,0.31118795204376065,0.12690616078914402,0.008391015625000001,0.8400932748411559,-0.3010410868207436,5.09,0.9166044315757889,0.2693542632893329
3.0198045639266518,0,1.047342113689817,5.6835126659772675,7.704665212995552,5.6835126659772675,0.2519721821052597,0.11127742867350808,-0.0035999999999999977,0.90070375015625,-0.37664206481274365,5.394,0.949060962297075,0.2689975026757046
2.617852105174835,0,1.0480661178274249,4.870892513961149,6.729072778240207,4.870892513961149,0.3490804546003741,0.12723936736407976,0.008247265625,0.8995680509690857,-0.5160049302533579,4.62,0.9484914698400693,0.26864074206207633
0.9632320653130084,0,0.991043230305271,4.612703375481311,5.945078153250441,4.612703375481311,0.2484976370509706,0.16438614320241057,-0.0010390624999999994,0.5121286562866211,-0.028619284704914743,3.301,0.7156324028001386,0.2682839814484481
1.4290107446853177,0,1.0043020937403206,5.0977520719335185,6.613823450731478,5.0977520719335185,0.3672118309793697,0.16783657534426474,-0.005374609375000003,0.5828633131834412,0.07854531382864786,3.892,0.763473771395832,0.26792722083481985
2.245331485965922,0,1.0064660994295371,5.691009748032337,7.605988474234281,5.691009748032337,0.2529632610515836,0.15555257558844646,0.002260156249999997,0.6089466479437255,-0.3198198695240898,4.441,0.7803536097500927,0.2675704602211916
1.8473131834264107,0,1.045764757364602,4.893564183760248,6.636640623400366,4.893564183760248,0.31498493745483486,0.13691009615173733,0.004416015625000002,0.6433030038841248,-0.23237064057443094,3.925,0.8020738775687218,0.2672136996075633
2.747826688530414,0,0.9830568361590201,6.307205387169817,8.32510302103629,6.307205387169817,0.2937612432071106,0.15562193288587803,-0.0003511718750000073,0.5942317762876892,-0.5000073432811755,4.862,0.7708643847067881,0.2668569389939351
2.6818416384419788,0,1.0233466854358357,5.749416253695756,7.9530099282120705,5.749416253695756,0.21036146350760748,0.11544103758964526,0.002104687499999998,0.9548033851342772,0.01535907132525911,5.618,0.9771426788569569,0.2665001783803068
2.0090090920387356,0,1.0072824125721662,4.426349067713232,5.963106968486462,4.426349067713232,0.3333344702991107,0.15133047722234216,0.0059613281250000035,0.549070687957611,0.2817694517614224,3.28,0.7410170209857699,0.26614341776667855
1.8356494644301549,0,1.0089795481867545,5.124210340359695,6.801297380539717,5.124210340359695,0.2967295950930548,0.1548966508006193,0.013530859374999999,0.536520677953949,-0.34529837824310844,3.754,0.7326006839400132,0.2657866571530503
2.2563504967175456,0,0.996109544155061,5.860506863214696,7.8382303167931315,5.860506863214696,0.25397285493338917,0.13187748736921862,0.013416015625000003,0.7497172163841248,-0.1418524536899766,5.075,0.8659660535259884,0.26542989653942206
2.0966728721511014,0,0.9802156122901203,4.872498762625061,6.560940222171183,4.872498762625061,0.2510333959314404,0.14640518174609157,-0.005178906249999999,0.5642064554925537,0.08253279711295435,3.66,0.7511546289296898,0.2650731359257938
2.8578947335032323,0,1.0065381043235897,5.30884501702169,7.2989089800238665,5.30884501702169,0.3296907482684135,0.14010834400677588,-0.00014648437499999723,0.8387447289329529,-0.24619798158237025,4.862,0.915830088166263,0.2647163753121655
1.307400171237874,0,1.027220774006176,4.53475399249058,6.029544315532437,4.53475399249058,0.24411855573650135,0.14837818729398,0.007351171874999995,0.6856116512876892,0.113383200247927,3.755,0.8280493288540394,0.2643596146985373
2.138210748339347,0,1.0006567570852372,5.1148473716391445,6.90392908218191,5.1148473716391445,0.36195818258042767,0.13043883839815015,0.015646874999999998,0.7478641745214845,-0.2398252672533059,4.424,0.8649329449262237,0.26400285408490903
2.144902658039242,0,0.9930801031498965,5.5883911901428585,7.391117489312183,5.5883911901428585,0.2373420577009066,0.21130957508766018,-0.006678906250000001,0.6760343711175537,-0.5040233210341476,4.595,0.8222402197084804,0.26364609347128076
1.5829589249274774,0,0.9940938331403525,4.989664138034253,6.566971605039594,4.989664138034253,0.2857637915799307,0.13325835879151857,0.007137109374999995,0.6529268667478942,-0.035836885222704326,4.032,0.8080704208657343,0.2632893328576525
0.7634993554430998,0,1.0248581402397248,4.526209184598274,5.853414110712363,4.526209184598274,0.23007845476995487,0.15565886134199725,0.004239843749999999,0.5386609838812256,-0.266207038034122,3.322,0.733947518666185,0.2629325722440243
1.6468080332093171,0,0.9974016408399023,4.682887113910609,6.235347083118561,4.682887113910609,0.2962164376975481,0.15242472641617374,0.016374999999999994,0.6351924210937498,-0.301490906836459,3.733,0.7971578022692559,0.262575811630396
1.8788835302389781,0,1.0411308179371315,5.65142388280418,7.521602119831723,5.65142388280418,0.2753108591291549,0.15170103127114234,0.00934375,0.6207668966796875,0.3550757646588409,4.453,0.7879430197315983,0.26221905101676773
3.949503580347911,0,1.000678749592139,5.962733821152894,8.177731938473189,5.962733821152894,0.3195498845649487,0.1143326600007193,0.016825390625,0.7396195050584412,-0.09548374455843463,5.129,0.8601759115600279,0.2618622904031395
0.7137390367650505,0,1.0124209512057345,3.938065210207964,5.106974871428833,3.938065210207964,0.3079918324277328,0.1426773298509286,0.017114062500000003,0.6003318971459961,-0.2450060799546401,3.052,0.7749998634072461,0.26150552978951125
1.1763299307214172,0,1.0180433961045818,4.058673123353055,5.394085039089528,4.058673123353055,0.3153769301672532,0.13729864428832883,0.018426953125,0.6845993860704042,-0.20182668948906987,3.359,0.8276103785428714,0.261148769175883
0.6459693589063189,0,1.0277820477781725,4.504845272614426,5.839397434738929,4.504845272614426,0.3017226956544912,0.15024935309359555,0.00014375000000000222,0.5807481480859374,0.07808923515653005,3.433,0.7620683491328057,0.2607920085622547
2.80057767393885,0,0.9940491790027979,6.203882241209378,8.358509264346296,6.203882241209378,0.20747946479891916,0.16037551209231143,-0.0005691406250000038,0.649030633500824,0.19436175650893212,4.998,0.8056245759793299,0.2604352479486265
1.4407914656303378,0,0.9976099742485267,4.815453727968834,6.342856542486096,4.815453727968834,0.2386192112340917,0.12758612514083745,0.0033160156249999974,0.6930918536497497,0.0798253977225829,4.009,0.8325279872829351,0.2600784873349982
1.586267477660777,0,0.9926205414707907,5.094523772585629,6.719418579490227,5.094523772585629,0.36699804253185625,0.15922052960085972,0.011874609375000001,0.5623905487303162,-0.5609540021570677,3.821,0.7500210364237292,0.25972172672136995
0.4231461529870204,0,1.0372064104374368,4.006882820680763,5.120670627710212,4.006882820680763,0.21010992901114708,0.15614528089028507,-0.0025265625,0.5133903500756836,0.035626807205495395,2.871,0.7165170853467139,0.2593649661077417
0.5162273630403726,0,1.0245771212036858,3.8044001860801746,4.9038931374489385,3.8044001860801746,0.36022149521038915,0.1648298007469965,-0.005066796874999998,0.6020628076475525,-0.008233477758520125,2.952,0.7759436062486275,0.25900820549411346
1.0831731455264153,0,1.0590649011344835,5.130838300348541,6.621246844854118,5.130838300348541,0.29794301402751794,0.16247026575238616,0.004063671874999989,0.6032094080552673,-0.20266218047827403,3.985,0.7766762011832055,0.2586514448804852
0.9744472176376795,0,0.9810403157366379,4.144016983420327,5.439048124441191,4.144016983420327,0.30368747353481074,0.16874742766977568,-0.009284375,0.6063077753808594,0.13477944308669365,3.227,0.7787130248043884,0.2582946842668569
3.385508138210999,0,0.9981081376867605,6.035981684145894,8.228730858903235,6.035981684145894,0.22260325587751933,0.13966519552791173,0.0023039062500000034,0.6798859467034912,-0.2388558209036125,4.977,0.8245551859563434,0.2579379236532287
1.896323105579107,0,0.9820748498000279,5.232203882103155,6.982096934425884,5.232203882103155,0.26988778468603336,0.16042446691498033,0.005887499999999999,0.54733033890625,-0.21560480122211892,3.871,0.7398412002331987,0.25758116303960044
1.9966835131084748,0,1.0053487033763728,5.316938546794375,7.058803474169601,5.316938546794375,0.27374457464109464,0.13232019448694132,-0.008631249999999997,0.7254989132421875,-0.21052519802074224,4.529,0.8518059706991669,0.25722440242597217
1.7318891550275897,0,0.9237593659759641,6.046338768509329,7.951198379019825,6.046338768509329,0.2601478010131954,0.17191593919803108,0.014883593749999993,0.582867408324585,-0.3381305574553696,4.617,0.763602599319502,0.2568676418123439
1.2049716262737613,0,0.9859189763081547,5.116521308586327,6.721504599960616,5.116521308586327,0.3062759691653451,0.15277669557072537,-0.005958984374999999,0.5515560588645935,-0.1331482214077929,3.8,0.7426921087229721,0.2565108811987157
1.494939961327706,0,0.9932206419948109,5.366491106006289,7.090828869846354,5.366491106006289,0.30716427071911195,0.12083852005699373,0.0016992187500000054,0.6743780306243896,0.09844918307904084,4.407,0.8212069885045731,0.2561541205850874
0.7858242303811829,0,0.9809977266539526,4.37805649339686,5.669610739894184,4.37805649339686,0.3196404447297712,0.13793797612632872,-0.004451562499999998,0.5809448109350586,-0.2527322389197466,3.337,0.7622103563608605,0.25579735997145914
0.26527327111246013,0,1.01384857455941,3.509561813859227,4.490477204885034,3.509561813859227,0.2588612288590653,0.15387462752430986,-0.008537500000000003,0.54960566421875,-0.10408013099915678,2.602,0.7414030975960378,0.2554405993578309
1.5168279070370696,0,0.9772165725377174,5.2411756858936265,6.9304633953741694,5.2411756858936265,0.2902731911584279,0.13934044954370953,-0.0026562499999999985,0.6018277677734375,-0.3138556640899325,4.066,0.77578013859437,0.25508383874420265
2.564723240537946,0,1.0701415959841438,5.097946143797037,6.928080813806965,5.097946143797037,0.2581503211185093,0.12269419121113802,-0.0012824218749999915,0.7422209596910095,-0.16397406601518003,4.392,0.8615234206316593,0.2547270781305744
0.44748550244121077,0,0.9611919275508303,4.252938768025836,5.46400354272269,4.252938768025836,0.3705413744316111,0.1425050802043995,0.008187109374999993,0.6274474661619568,-0.17727502417332539,3.369,0.7921581249484695,0.2543703175169461
1.095705606216816,0,0.9965047772415279,4.767456904804139,6.2607379121888265,4.767456904804139,0.30670477425338366,0.140590212208604,0.012499609374999995,0.5394273476560973,-0.12281629061920366,3.502,0.7345635356391065,0.2540135569033179
1.8049197598951903,0,1.0000370862178647,4.773429599606812,6.425044969191321,4.773429599606812,0.29927912774656085,0.1310333099908045,-0.003760937500000003,0.7730524280053711,0.002941863064656418,4.197,0.8792420444088476,0.2536567962896896
1.4287267310375045,0,0.9802261383873143,5.324027876078289,6.997538708383474,5.324027876078289,0.3293563184596289,0.13545002192630973,-0.009354296875,0.6398456920518493,-0.03896267773008034,4.259,0.7999582457365353,0.25330003567606135
4.144561350408881,0,0.9701822248163193,5.821883431957865,8.168963178822876,5.821883431957865,0.2490687386618212,0.10835738169315488,-0.010801953124999998,0.8004208603868104,0.0720603890249787,5.209,0.8947276359753984,0.2529432750624331
0.466257387746035,0,1.0378721280007104,3.8124520904237578,4.940439251063315,3.8124520904237578,0.2492191502954519,0.13453797378068905,0.0028328125000000037,0.6442117673608398,0.0014343302729721182,3.06,0.8026330370645728,0.25258651444880487
1.0259604445006643,0,1.0699565943820022,4.742905541671487,6.2383581470820095,4.742905541671487,0.22273232888490757,0.1387883070171384,-0.004038671875000005,0.6311340535826111,-0.2014874248576833,3.768,0.7944497243080426,0.2522297538351766
0.33670046402693954,0,0.9984240830520538,3.8424405442359553,4.920116474441684,3.8424405442359553,0.330290550411642,0.14070000736175886,-0.012541796875000002,0.5765510841905213,-0.007267209747984269,2.918,0.7594131819104636,0.2518729932215483
1.429666360143524,0,0.9964302827483646,5.183723118132137,6.890744932740092,5.183723118132137,0.30166308758710436,0.14128063121616172,0.0035281249999999957,0.6372192640527343,-0.3325446850089821,4.138,0.7982679448147407,0.2515162326079201
0.8545344630426794,0,0.9869694964439626,4.333772675433565,5.60434740129573,4.333772675433565,0.2104564720933159,0.1784829334964058,0.0016527343750000027,0.5620371954222108,0.007584474853920423,3.249,0.7496932218935456,0.25115947199429184
1.3345948210458545,0,1.0076347685681626,4.743581241697826,6.330013182527526,4.743581241697826,0.30097644871118556,0.11211398471897824,0.009242578124999998,0.8162932415464782,0.24541503461865452,4.286,0.903536754535683,0.25080271138066357
0.7720173284305774,0,1.013387452910756,4.28851011106231,5.505191646397719,4.28851011106231,0.28041118875096677,0.15302562311035514,0.005780859374999998,0.5584923195555114,0.11119687941317843,3.205,0.7473457953923506,0.2504459507670353
2.5143821472140457,0,0.9584159295065454,5.763226930504776,7.733396904450692,5.763226930504776,0.299685942291913,0.1572653462637199,0.0011144531249999972,0.5043720115098572,-0.25350934997583024,4.093,0.7101924059827907,0.2500891901534071
1.0316317576493041,0,0.9702645768648708,4.2423692806921025,5.55557760758176,4.2423692806921025,0.27178274368392746,0.17675874180626674,0.004369140625000001,0.558676889125824,-0.046585016244389314,3.171,0.7474596835386006,0.2497324295397788
4.212890137014579,0,0.9526174444181851,7.015091648305128,9.411006915364716,7.015091648305128,0.29220712163355334,0.16218224421446042,0.005308203124999994,0.5798557468077087,0.5179598852627433,5.342,0.7615010990327755,0.24937566892615054
2.331012141684523,0,1.039728984445975,5.092743017562991,6.868836673064451,5.092743017562991,0.3406740019045017,0.13825063633339013,0.002264843750000001,0.646863919701538,0.15660181611693702,4.096,0.8042816976773436,0.2490189083125223
0.6664885526853954,0,1.0004679840105069,4.4695094461713625,5.741848510744408,4.4695094461713625,0.28548006945356197,0.15749957784894525,0.005159375000000001,0.5971804605371094,-0.3776692684823778,3.454,0.7727917440601316,0.24866214769889405
1.892093846668999,0,1.007823742574992,5.5333877390996005,7.431275874117236,5.5333877390996005,0.3597864891100495,0.13547858303968777,0.007608593750000001,0.7953540514886475,-0.009651001070180135,4.935,0.8918587007971049,0.24830538708526578
2.1885626289905558,0,1.0207985880893604,5.8718978296288045,7.925677510078599,5.8718978296288045,0.31571615954206383,0.12132657384042148,-0.00022773437500000492,0.7671424914964294,-0.4943968443603675,5.143,0.8758667383565694,0.24794862647163754
1.5648323520308542,0,0.9721077743500901,5.213604524846053,6.781519671863656,5.213604524846053,0.25288038580522276,0.15679838725455206,0.011911328125,0.5914368839341736,-0.2528231959855077,4.01,0.7691415758310527,0.24759186585800927
2.174823093034264,0,0.9505281046254302,6.50454498063836,8.495865714834737,6.50454498063836,0.2860512154115065,0.17710971513126003,0.005049218749999997,0.49879942257751464,-0.4812126404369423,4.594,0.7062753833934041,0.24723510524438103
1.9942528633247614,0,0.9768451525307328,4.79417765599979,6.465048951702025,4.79417765599979,0.29653241466629554,0.1267416032922612,0.020650781249999996,0.8975340319525147,-0.4662402502531324,4.543,0.9476077705035717,0.24687834463075276
1.9062346645057113,0,0.9986510825178738,4.812552741577527,6.497660852455311,4.812552741577527,0.31112775923543784,0.1267984391602668,-0.00018984375000000303,0.8024260553656006,-0.19390464000250357,4.311,0.8957823906542537,0.2465215840171245
1.2947080016435413,0,0.9999563109273215,4.008902709417232,5.275432090468656,4.008902709417232,0.24911104712208973,0.12235581335412354,0.0023250000000000033,0.70791046546875,-0.07482637426109263,3.373,0.8413773654512879,0.24616482340349624
0.4751050302826578,0,0.9952536016987966,4.020560519994271,5.172274916024013,4.020560519994271,0.3511285770430503,0.15573478065849963,-0.004866015624999997,0.6802064074388122,-0.04340044085668631,3.316,0.8247606231791592,0.245808062789868
0.7662550136962607,0,1.0252811848455847,4.136413353189613,5.389189104503854,4.136413353189613,0.3193604158591105,0.11601339601411342,0.014233203124999988,0.7690814053819274,-0.045374797944708764,3.628,0.8770883589770901,0.24545130217623976
3.3068717001825583,0,1.0170585071759581,6.15277991275096,8.310213873606648,6.15277991275096,0.20328012788393915,0.13836279749600486,0.008516406249999997,0.7645054583245849,-0.6271410133062327,5.38,0.8744015024575381,0.24509454156261148
3.664384035853317,0,1.0051345872989161,6.337165801679667,8.6459460109132,6.337165801679667,0.22427629432331275,0.11298129354100377,-0.0034859374999999986,0.7097775630834962,-0.4919266513314537,5.339,0.8424901867937394,0.24473778094898324
7.300109187949094,0,0.9797134429908743,7.075214437298168,10.09419086039804,7.075214437298168,0.29736793965891806,0.08062678132378807,-0.0076628906249999965,0.9813115695603942,-0.03631134567108643,7.009,0.9906413525858513,0.24438102033535497
3.799205225017766,0,0.9934524010826177,6.42883731465519,8.703219308238172,6.42883731465519,0.27579226744507085,0.10491675043547348,0.003197656250000001,0.6951176554632568,-0.446997281237667,5.36,0.833743294107215,0.24402425972172673
0.9165744431450031,0,0.9756662761499856,4.5237083688739945,5.9238935197925375,4.5237083688739945,0.2684298685766767,0.12956301501910777,0.0007398437500000021,0.5695572932562255,-0.22482158634589286,3.414,0.7546905595176079,0.24366749910809846
0.9324815191834279,0,1.037428234439057,4.381102620218832,5.778463238115722,4.381102620218832,0.26039202760167285,0.10383923329046366,0.008063281250000002,0.7108651295892334,-0.07252637073543436,3.694,0.8431667368283393,0.2433107384944702
1.7783498862881544,0,1.0677065770074083,4.685413257780254,6.192245461237222,4.685413257780254,0.25498678174508826,0.09990372951280617,-0.0036125000000000033,0.78336656546875,0.1653108349653824,4.147,0.8850873491497887,0.24295397788084194
1.1823292804892844,0,1.0450312657853138,4.2856119809990645,5.694755700110399,4.2856119809990645,0.2682816722940803,0.09451806713655266,0.005837500000000005,0.8877491478125,-0.00898284132671142,4.038,0.9422224918875318,0.2425972172672137
2.353999253236001,0,1.001868227553437,5.03324374924491,6.819209625557515,5.03324374924491,0.27682427519851105,0.14023911066858297,-0.0031414062500000036,0.6664536120355224,-0.20972673957479843,4.109,0.8163721458187743,0.24224045665358546
0.8931563816377794,0,0.9906120017099082,4.450328121228074,5.8052096538614295,4.450328121228074,0.2965630444900587,0.1269102659967059,0.00947265625,0.6448587601898194,-0.03143158262132311,3.574,0.8030868517204413,0.24188369603995719
0.5678204258669046,0,1.0619651112861372,4.271430671088933,5.43706112369829,4.271430671088933,0.3323773455868182,0.11598510754449534,-0.0022984375000000014,0.6332161492163086,-0.07145869314262983,3.399,0.7957521172018646,0.24152693542632894
2.8493166696075205,0,0.9918146327549999,5.050783157985133,6.944869053666143,5.050783157985133,0.29655569944573656,0.09428836497302444,0.005367968750000004,0.8269139341302492,-0.07888142087365833,4.593,0.9093639256198532,0.24117017481270067
2.44633305149578,0,1.0145964241589354,5.449616520635683,7.398549217294322,5.449616520635683,0.23354423745146108,0.10837554827253015,-0.0022035156250000054,0.7035379995970154,-0.4516966510083653,4.571,0.8387746151846305,0.24081341419907243
1.3661500718063726,0,0.9890171274867388,5.015367090179587,6.626820377965513,5.015367090179587,0.30829603907994796,0.10783564744602374,0.005785937499999999,0.818664149489746,-0.05305195295465328,4.538,0.9048191126200309,0.24045665358544416
2.220743515719491,0,1.002785414493452,5.624024572307593,7.534504076892877,5.624024572307593,0.30255828818298264,0.11667133080490757,-0.006289062500000005,0.7323418445678711,-0.17319506347243518,4.813,0.8557928469407768,0.24009989297181591
1.8417761697052866,0,0.9906719270040754,5.760067855298962,7.607546877233618,5.760067855298962,0.3302314352667849,0.10629617349599559,-0.010622656250000003,0.7253244701116943,-0.2010870183156418,4.906,0.8517260774084,0.23974313235818764
1.6187721746312036,0,1.0147429891500412,4.6534189499406455,6.183952989355287,4.6534189499406455,0.2736893602526707,0.10057754579234972,0.0016011718749999993,0.8562536632017517,-0.11749577293146048,4.306,0.9253411408519157,0.2393863717445594
1.8764094564621896,0,1.071183466151649,5.345655893385135,7.146076314573688,5.345655893385135,0.34521355972980544,0.10099055119220639,0.0128515625,0.7850790982788085,0.04053822372562375,4.737,0.8861400910338613,0.23902961113093116
1.5742528405577358,0,1.0335829500351588,5.138049104938506,6.8938779438250135,5.138049104938506,0.35202987179460615,0.08857623428039314,0.016000781250000002,0.8368568109368896,-0.07553282071324598,4.701,0.914938706109595,0.2386728505173029
1.6046831352388855,0,1.0463958310375026,4.482612173420766,6.008927031101875,4.482612173420766,0.29808205750262756,0.08222810552157742,0.009107421874999994,0.8682106911949157,0.08494566041893069,4.177,0.9318227494154266,0.23831608990367464
0.9853363592109439,0,0.9962053250613613,4.633843063503353,6.083043951903782,4.633843063503353,0.25758988815830963,0.10598898099817351,-0.011682421874999998,0.7705526729722596,-0.017440786463021128,4.068,0.8778890316851697,0.23795932929004637
1.6957717875375327,0,1.027727301176672,4.704469171259721,6.2910669127045455,4.704469171259721,0.35349990170932716,0.09957525110065295,0.003746093750000001,0.9035986870941162,-0.17325813226270032,4.472,0.9505854618667909,0.23760256867641813
1.4129555571816628,0,1.0568368495322353,4.756417225301069,6.3776578624834,4.756417225301069,0.20411441062751629,0.09429436290724659,-0.005311328124999991,0.7923669620591737,0.245652333725275,4.234,0.8901658116697276,0.23724580806278986
2.1709080992961827,0,1.0350594729552434,5.1212164821890545,6.903311432202635,5.1212164821890545,0.29777005867805895,0.0816488495562427,-0.0009160156249999959,1.0211136511497496,-0.0396844170590618,5.175,1.0105020980850932,0.23688904744916162
1.4308164511554793,0,1.0040104153360532,4.095418876082304,5.487697248064694,4.095418876082304,0.3138635634968819,0.08853534817071244,0.006099609375000002,0.7589824740623474,0.09515969444360227,3.568,0.8712173547955039,0.23653228683553335
1.4803979104973006,0,1.0134617631581155,4.235923509800777,5.709733717113222,4.235923509800777,0.24660057233137034,0.09679495973646074,0.011616015625,0.8549532904466247,-0.071351744905912,3.917,0.9247098043524925,0.2361755262219051
2.5609580551312847,0,0.996411540013805,5.541335716879985,7.633770459302968,5.541335716879985,0.2659301092141121,0.10207912206796334,-0.0002851562499999946,0.851711441342163,-0.6089619421734519,5.114,0.9228821824351415,0.23581876560827686
3.7118029249922753,0,1.0027243328535698,6.400440434077264,8.967368458189398,6.400440434077264,0.23989958454081045,0.10029898843638133,-0.002482421875000003,0.8376755114097595,-0.11569374179143968,5.858,0.9152495145194697,0.2354620049946486
0.8023292473583732,0,1.016329583391773,3.8675349972610142,5.0865545626170405,3.8675349972610142,0.2690989125022554,0.10346905835398205,0.009662890625,0.6544563187791443,0.019353559404336557,3.129,0.8090424526774692,0.23510524438102035
0.760008631428954,0,1.045440531127659,4.252186005805206,5.530128495038443,4.252186005805206,0.2353751593237786,0.104092293522192,0.006523437499999998,0.5834126697631836,-0.19529274223822032,3.248,0.7638424084848916,0.23474848376739207
1.5079498766526216,0,1.0547197633629892,4.811299965181187,6.362111097115505,4.811299965181187,0.29754898447621186,0.09442987277172403,0.003117968750000006,0.6726405056146241,0.16647016941050383,3.946,0.820152563456184,0.23439172315376383
2.667236713212932,0,1.0128915597465897,5.634156524385799,7.634685726584951,5.634156524385799,0.3133478864252999,0.09547798591452697,-0.007533984374999995,0.7281774910325624,0.34781087503844593,4.808,0.8533664230288914,0.23403496254013556
3.3874242978253903,0,0.9432552888284601,5.705456743740586,7.908868999186328,5.705456743740586,0.3408678092590512,0.08895679925442282,-0.01209609375,0.7998174251409912,-0.6983306353652659,5.103,0.8944069211634043,0.23367820192650732
1.8262969367744954,0,1.0493370632075598,4.734855609375943,6.29737300167087,4.734855609375943,0.2918167834407137,0.10548039129648328,0.010887890624999997,0.5544447682908631,-0.16599790553858007,3.526,0.7446900794646891,0.23332144131287905
1.8612374643816123,0,1.0108735421181645,5.5977724067027586,7.453752786210391,5.5977724067027586,0.2555165888036352,0.09098335274113864,-0.005641406249999996,0.6473586260980224,0.08771841726540065,4.504,0.8046057740051956,0.2329646806992508
2.348651217795286,0,0.9944336907764275,5.6686437921150095,7.726601853934172,5.6686437921150095,0.28893153591560067,0.0916255857958769,0.007210937500000003,0.7508069859741211,-0.32295900902144264,4.912,0.8665211962749382,0.23260792008562256
1.3616900652132786,0,1.0228579387868713,4.1767068624274,5.520679690376106,4.1767068624274,0.31289676543317296,0.08825640027615851,0.01027578125,0.7366277559759522,0.022201066162781585,3.585,0.858331723552293,0.2322511594719943
2.3214638039395226,0,1.0190151227004305,5.363835460961294,7.2820591125483025,5.363835460961294,0.3034167214189898,0.1448888573117888,0.02252578125000001,0.7413715532415772,0.09626847000575876,4.62,0.8613239599955989,0.23189439885836605
2.6316398907324716,0,1.0110808191030831,4.892411243950872,6.721184795268636,4.892411243950872,0.22616739866026114,0.08563563313162853,-0.0032910156250000057,0.8314054703880309,-0.3547070985030788,4.461,0.9118203228552624,0.23153763824473778
2.109429565560604,0,1.0165367131128193,5.211624913257831,7.017622702684915,5.211624913257831,0.29556599293138075,0.07455028419546632,0.004359765625000003,0.85924727799057,-0.08479369657345523,4.831,0.9269661728169346,0.23118087763110953
1.7601302045521452,0,0.9408841837710448,5.689401192692707,7.556645334581378,5.689401192692707,0.23545348560307483,0.10913222060406194,0.0010632812499999957,0.6656967178704833,0.0713768833522906,4.642,0.8159030876504267,0.23082411701748126
2.529811880449633,0,1.0138235323051203,5.427555400123721,7.334055454885961,5.427555400123721,0.2804116428915728,0.08508164658748316,-0.005579296875000003,0.7856786960557556,-0.3117555485229719,4.811,0.8864027440217991,0.23046735640385302
4.319892833323372,0,1.0735832468416158,5.287592300762711,7.483241841762602,5.287592300762711,0.32591460734243927,0.0706012940491565,0.015540625000000006,0.9286027788183594,-0.3336337679979916,5.096,0.9637656820222175,0.23011059579022475
2.9381204479538177,0,1.0561742663648823,6.4950228187610985,8.746747241452486,6.4950228187610985,0.31953300955024494,0.07417639479795729,-0.005741015625,0.8733727364427185,-0.1780202741160611,6.07,0.9345617666602486,0.2297538351765965
1.534847171530683,0,0.9989437386996881,4.985247798170733,6.590536587752477,4.985247798170733,0.31097516035059014,0.08109935217973309,-0.00450859375,0.7860674397698976,-0.4249762507370267,4.42,0.8866159073620887,0.22939707456296826
1.217448631740953,0,1.0131861081503497,4.73686985335414,6.243519998218174,4.73686985335414,0.2862699873689988,0.08535571424617137,0.009114453125000001,0.6924656529161071,-0.37968636361415814,3.942,0.8321951250589461,0.22904031394934
3.6224879271627746,0,1.0424670617170937,6.173210591616052,8.56310454868632,6.173210591616052,0.24163714167577904,0.06578035400104071,-0.015964062499999997,0.9662679182397461,0.05841811544891359,6.069,0.9831188989797979,0.22868355333571175
2.2826842116342076,0,1.0251089328472134,5.351354428333627,7.230445000056194,5.351354428333627,0.238307364371871,0.07208532698337727,0.009830859375000004,0.7960981233445741,-0.46639488888084796,4.775,0.8922974667343985,0.22832679272208348
1.5091062081430557,0,0.9659337428856737,4.770256826853818,6.247980920649547,4.770256826853818,0.3213082570199448,0.09150498712706966,-0.0022531249999999995,0.6534120703027344,-0.5948578578287939,3.856,0.8083422213858434,0.22797003210845523
1.2507571692625215,0,1.0447727417163009,4.889834752532615,6.443576947369535,4.889834752532615,0.3500357209829082,0.08179763108233573,-0.0033093749999999963,0.7661132331933593,-0.33718898546353043,4.28,0.8752852021805521,0.22761327149482696
1.316638198873604,0,1.0234493445519637,4.062601477970836,5.426651661776647,4.062601477970836,0.2996902105128366,0.0724873103454648,0.011837890625,0.8692435702049256,-0.17323763253988425,3.788,0.9324074784445773,0.22725651088119872
12.374252432700764,0,0.9687724167202098,7.817064748237698,12.110863450157995,7.817064748237698,0.3085749797714407,0.05604206515303499,-0.006430078125,1.0955069607359316,-1.3909000265085163,8.182,1.046684435080901,0.22689975026757045
3.90407666012001,0,1.038253254853478,5.770812516938655,8.13090887341034,5.770812516938655,0.2667996878538779,0.06985472483077763,0.0010550781249999946,0.9876257957945253,-0.6874884553970803,5.735,0.9937941985060966,0.2265429896539422
3.3077475694096483,0,1.0127498264526513,6.172264379196317,8.460797365257498,6.172264379196317,0.3627356410191199,0.07349493619778855,-0.013817187499999994,0.7729000595483398,-0.9216255649426542,5.427,0.8792559207754873,0.22618622904031396
0.9515910264786513,0,1.0445154704955357,4.534458227576682,5.8994376950130425,4.534458227576682,0.3097364351436892,0.09149282212748198,-0.004107421875000006,0.6762746708824158,-0.029641759418795873,3.729,0.8223694679381495,0.2258294684266857
1.6659746757432021,0,1.0268807333051984,5.397300331642989,7.190589078329328,5.397300331642989,0.34414440788940315,0.08515561821052897,-0.005687890625000005,0.739351509228363,-0.337426406297793,4.641,0.8598743287993456,0.22547270781305745
3.3423126918250254,0,1.0820519054114595,5.400673440180255,7.332465644302634,5.400673440180255,0.26699519770392227,0.08397010927235993,-0.003601953124999996,0.7273514099180602,-0.18592690437894693,4.606,0.8528566022400103,0.22511594719942918
0.7648508719858067,0,0.9584075186333065,3.753140392469942,4.941659687245442,3.753140392469942,0.27703780480932655,0.09099871242793496,0.004703906250000001,0.8038380545159912,-0.0796785663627853,3.365,0.8965825010839772,0.22475918658580094
2.0609403123688566,0,0.9766763147737084,5.727568032433505,7.6743986629951655,5.727568032433505,0.2740080996785613,0.08162047718566143,-0.0002832031249999995,0.849498800655365,-0.053682631166933184,5.279,0.9216826356503496,0.22440242597217266
2.3842719097420506,0,1.0217351988380698,5.293776826727262,7.0894125905525005,5.293776826727262,0.3330649208427911,0.10264861675190132,0.0011019531249999986,0.6842548157774353,-0.026310300717075907,4.379,0.827197697094307,0.22404566535854442
1.5461048167250961,0,1.0488108711250737,5.0059024185090175,6.643842488700074,5.0059024185090175,0.2990459666291258,0.08807253785089701,0.006637499999999999,0.71804212484375,-0.20621784927401768,4.242,0.8473996585142102,0.22368890474491615
0.7758644302090052,0,0.9995976032769023,3.6716491598563596,4.841986017694139,3.6716491598563596,0.2903976597421988,0.09808704499489039,0.011715624999999999,0.5918529917871094,-0.09749566893798078,2.825,0.7694090249381339,0.2233321441312879
1.3159526551539384,0,1.0594234411686427,4.969467024028675,6.580645920612612,4.969467024028675,0.2538728618373091,0.07492210374058815,0.005354296874999992,0.9348756326768495,-0.41463897484123996,4.805,0.9669044943384403,0.22297538351765964
2.2992756775296845,0,1.0378712205746656,5.647161727931339,7.668676894965938,5.647161727931339,0.3491481354650733,0.07651511055245148,0.0037539062500000025,0.9334299160003662,-0.45876027752290227,5.456,0.9661490608661274,0.2226186229040314
2.5201446405322345,0,1.0284780408967058,5.483510311324838,7.422923754885588,5.483510311324838,0.20339325350152596,0.07981732037932195,0.009283203124999998,0.8919336194053649,-0.23496240901161794,5.179,0.9444679969515246,0.22226186229040315
0.923619964035999,0,1.078053956493418,3.6885090463066668,4.838582431323095,3.6885090463066668,0.34494850842331903,0.0708647494036059,-0.010568359374999997,1.0186775898582456,0.03395666712978798,3.723,1.0093509201849102,0.22190510167677488
1.4375737013422292,0,1.02205199203472,4.39064229742998,5.746450770487233,4.39064229742998,0.2888800697378017,0.10137325700820393,0.0026507812499999978,0.6994309858587646,-0.00011914940223946651,3.672,0.83632410732921,0.22154834106314664
0.9465628857968955,0,1.0059365000503586,4.242163005969184,5.553440996404987,4.242163005969184,0.26999629239890127,0.0865829087315128,-0.0028339843750000066,0.7472096072044373,0.010366764239770636,3.667,0.864417514093667,0.22119158044951837
2.4595432218112707,0,1.040027395998316,4.783372373411679,6.521797019451946,4.783372373411679,0.24837350996182134,0.07598794241800355,0.0027675781249999996,0.913966718245697,-0.2957939382763226,4.573,0.9560200718260967,0.22083481983589012
3.1090969212250243,0,0.9854763113693289,6.120203549478684,8.42179653826165,6.120203549478684,0.3446369207886629,0.07805830210320842,0.0010062500000000071,0.8780810624609376,0.3864746734325581,5.735,0.9370603369047268,0.22047805922226185
1.819284978332787,0,1.068314673917547,4.9934666639500405,6.754010771664174,4.9934666639500405,0.30492151115491956,0.0891499135543491,0.00025976562500000316,0.8530495399436951,0.19336595738714982,4.612,0.9236068467816135,0.2201212986086336
1.5291613639969048,0,1.0183586822755084,4.6232023888154075,6.180540941502837,4.6232023888154075,0.30257707774528697,0.08469434439261175,0.008471875,0.8068622937402343,-0.2618556283765283,4.153,0.8982950887131967,0.21976453799500534
2.6384202202850693,0,0.9311466041911854,5.068313043246629,7.017680202059453,5.068313043246629,0.3589226944521074,0.06447245804534776,-0.007469531249999996,1.1426939670404053,-0.6471605991854253,5.418,1.0689947431758025,0.2194077773813771
2.1640627871267286,0,0.9900417508032072,5.968217425587076,7.924683292950392,5.968217425587076,0.21578493431330575,0.10109158659763588,-0.0043792968750000025,0.7052141885557556,-0.4000507013708667,5.012,0.8397817375942841,0.21905101676774885
0.9448662840379014,0,1.0350134540970846,3.705657332117545,4.91046420559383,3.705657332117545,0.2536848483758098,0.09020621106975897,-0.009741406249999997,0.7358588878167724,0.06863014194840818,3.179,0.8578774870647323,0.21869425615412058
1.5895104038424748,0,0.9928862978899422,4.324211567475742,5.800859767540772,4.324211567475742,0.3475197410054278,0.0953395613629143,0.015146874999999999,0.7606739284277344,0.02652191853770752,3.772,0.8722977451822285,0.21833749554049234
2.086267329045257,0,0.9521616055820236,4.884519551484877,6.593250721100239,4.884519551484877,0.25844687939176736,0.0947484721455382,-0.004971875000000001,0.7488700390527343,-0.3033751944853468,4.227,0.8653870570985853,0.21798073492686407
4.246032735705771,0,0.973234236135974,6.438813936829536,8.84165121033231,6.438813936829536,0.26199012015585227,0.07997052344116817,0.003742578125,0.8828605442808533,-0.19487558435127997,6.05,0.9396140437285274,0.21762397431323582
1.3443266396373046,0,1.0541830761721658,4.715654669902882,6.299200107313347,4.715654669902882,0.22739998108111883,0.08715491319816289,0.016127734375,0.8001914700120544,-0.17766903130997005,4.219,0.8946795928309335,0.21726721369960755
1.8983788405763802,0,0.9745795024066627,5.002769094504832,6.660301462426916,5.002769094504832,0.2886167326519914,0.08071717593999697,-0.0009738281249999988,0.880744234861908,-0.20754843974351028,4.695,0.9384802518983151,0.2169104530859793
1.7936169264153845,0,1.0599214564567159,5.041260221587554,6.683650009375474,5.041260221587554,0.2771313403402267,0.08896287331420716,0.01249296875,0.7519551593255616,-0.09128842471120006,4.372,0.867243468464162,0.21655369247235104
1.1526428476199646,0,1.0352892870116845,4.517603019981426,5.9129528358698416,4.517603019981426,0.3503886426092242,0.0710894842026976,-0.005871875000000003,1.0975978218652345,-0.31061558901808667,4.733,1.0476794838027754,0.2161969318587228
7.396967335612391,0,1.0715672703134036,8.68717375457946,12.072101564901184,8.68717375457946,0.23162464506824995,0.07737201673823406,0.007465624999999997,0.8499063847558592,-0.8000163739606898,8.009,0.9219339023555321,0.21584017124509455
2.4164319094594893,0,1.0220428572200673,5.450677761455664,7.250822254490972,5.450677761455664,0.25356064401852424,0.07792479233937279,-0.006301953125000004,0.8306946170274354,-0.28841472211650315,4.968,0.9114462856584721,0.21548341063146628
1.1434493577860554,0,1.0702226575183604,4.613392734067337,6.0847034835144616,4.613392734067337,0.2504491131835821,0.0811818215419903,0.0032222656250000007,0.729365818957367,-0.14287876001071023,3.94,0.8540352463178116,0.21512665001783804
1.7049781307273477,0,1.0538163812615402,4.807511938705725,6.47009028721723,4.807511938705725,0.3344135103466834,0.07457094091256164,-0.008053906250000003,0.9051497924066162,0.06927941151780609,4.574,0.9514276944742044,0.21476988940420977
1.7199812002915014,0,0.9399765406965229,5.238994079785134,6.938623332155766,5.238994079785134,0.2811593685244848,0.07384226966100887,-0.010767968750000004,0.9059982188177489,-0.3991601424691192,4.987,0.9519002930815549,0.21441312879058153
1.4787716123496226,0,0.9522119110203806,4.128208411584506,5.585689214960986,4.128208411584506,0.2688324754670787,0.08082317938475138,0.017171484375,0.8663028561399841,0.12584912927728661,3.843,0.9309123030745833,0.21405636817695325
3.6831462894362534,0,0.9905686661800777,6.267412902156698,8.51848838651792,6.267412902156698,0.3263108165137235,0.09076039539413389,-0.0021316406250000046,0.8466832291551208,-0.6847915070487921,5.767,0.920156385103573,0.213699607563325
2.3459439390040995,0,1.0225032271845946,4.644673273999745,6.38653056458257,4.644673273999745,0.29987277137341045,0.07743931548298268,-0.010623828124999997,0.9961559026353456,0.04055823551237427,4.636,0.998132640664243,0.21334284694969674
4.055946283431387,0,1.038018681196839,6.513614910275973,8.944999439076913,6.513614910275973,0.283452500563741,0.08173664152552208,0.006105859374999997,0.9608615048094178,0.09807971936839176,6.385,0.9802544497874646,0.2129860863360685
9.300926070870966,0,1.0372126147750014,7.446009692489707,11.415773971264848,7.446009692489707,0.2504573294178221,0.057827073918604276,0.005467187500000001,1.5342239637670898,-0.6649937020754264,9.223,1.2386500126776125,0.21262932572244025
1.370971014872528,0,1.0199219698993218,4.456990080259159,5.9114859906262325,4.456990080259159,0.32935394839228344,0.0859103104466961,-0.006330078124999998,1.0725857953453064,-0.1495018798668241,4.616,1.0356765253854,0.21227256510881198
2.7312885571838477,0,1.0760883334592226,5.147157418646982,7.085651034014497,5.147157418646982,0.35871565393102933,0.09125596797752919,0.016542578124999995,0.887960863812103,0.12166436523201325,4.851,0.9424619465544086,0.21191580449518374
2.2890004353733397,0,0.9323655066266077,4.934046589435721,6.7267460609903384,4.934046589435721,0.3146886160259865,0.08537281726551342,-0.0056714843750000025,0.8582220604368592,-0.36968829653666135,4.571,0.9264201132163933,0.21155904388155547
2.457054110884851,0,1.0205634028846151,6.007253414897805,8.0243763365722,6.007253414897805,0.25454599104786235,0.08036556633787353,-0.0024140625000000047,0.9803641738647462,-0.44136067573799675,5.948,0.9901363550352548,0.21120228326792723
0.5314941039806969,0,1.0311382120818482,3.6679830639082267,4.7479583429831935,3.6679830639082267,0.346665078227877,0.11254774541007956,-0.0026843750000000014,0.6385164527246093,0.19782477858694544,2.931,0.7990767538814716,0.21084552265429896
0.6427002445039536,0,1.027152265582583,3.801611466295412,4.93555567647874,3.801611466295412,0.21458955844088787,0.09815002027479802,-0.0128515625,0.6422406334350587,-0.0395740685867792,3.047,0.8015022121577394,0.2104887620406707
2.919153753804969,0,1.01239904974237,5.5405618274024935,7.5917459532929685,5.5405618274024935,0.25525385166289555,0.10271640904366329,0.0050785156249999975,0.8039733098509216,0.3692282109426116,4.968,0.8966599696495183,0.21013200142704244
1.0215503971248463,0,0.9890588075629242,4.1150834342645854,5.391975145514047,4.1150834342645854,0.30808327789265355,0.09316486969959233,0.004688671874999997,0.7098015487779236,0.11924691414387821,3.467,0.8425102565677614,0.2097752408134142
1.4077992762213123,0,1.0134123222149425,4.258293461802903,5.723030309359797,4.258293461802903,0.3088302596735316,0.09542358168929486,0.007919140624999996,0.7302232211961365,-0.18511103960814487,3.639,0.8545676883573208,0.20941848019978596
1.098970588723966,0,0.9916798060070239,4.116493058661645,5.47795528976221,4.116493058661645,0.29237014065087014,0.09281392424289289,-0.0009898437500000024,0.8329656733343507,0.11630614976486633,3.757,0.9126700680558117,0.20906171958615768
2.424962094435946,0,1.033995960685734,5.602430334109959,7.51458302365182,5.602430334109959,0.25595326832951565,0.07458626843560634,0.009688671875000002,0.9809230995591737,-0.3881596295098825,5.549,0.9904630078513155,0.20870495897252944
1.248319948690054,0,1.0229018524882736,4.312176442734605,5.703460446416578,4.312176442734605,0.32011597884414716,0.08391093762277126,-9.921874999999775e-05,0.7963006604681396,-0.10434890704955374,3.848,0.8923568066152127,0.20834819835890117
1.4221722123331455,0,1.0637255583132343,3.98408312345413,5.345819978704224,3.98408312345413,0.25693609881374185,0.07096861536695616,0.010540625000000003,0.9517471913183593,0.060366108659959214,3.887,0.9756322545374102,0.20799143774527293
1.521273461399005,0,0.9874760349524384,4.944422939675587,6.649894174488024,4.944422939675587,0.2895205904245435,0.08776228822071772,-0.006712109374999997,0.8095979862596131,0.038249630600062576,4.449,0.8998016662975653,0.20763467713164466
3.2911445880547,0,0.9932816551673366,6.848751047317529,9.320751432869594,6.848751047317529,0.2897588015026517,0.0885595705464902,-0.007895312499999998,0.7312917437280273,-0.4457399771693832,5.857,0.8551924226087951,0.20727791651801641
3.450295889138859,0,0.9923697166402337,5.023024989901768,7.1005419276481145,5.023024989901768,0.3435952742280015,0.06087319354963896,0.016253515625000003,1.345932172839203,0.08549853347935238,5.828,1.1602570187718646,0.20692115590438814
1.5193070396095223,0,1.00023472218151,5.987420653701866,7.7763719954290895,5.987420653701866,0.2758809369111843,0.09319623958684442,0.004162500000000006,0.7711730853125,-0.3287851479475504,5.258,0.8781744768089939,0.2065643952907599
6.836088714619395,0,1.0404676728835711,6.098338207351953,8.971946216580413,6.098338207351953,0.35228722078290187,0.07827399763553745,0.0003269531249999999,1.328885622398529,-0.0868273907561883,7.03,1.1527730606224604,0.20620763467713166
1.172836413459179,0,1.0291338083978483,4.423742263483803,5.876724778424875,4.423742263483803,0.2939678891020485,0.08581715801273108,3.2812500000004016e-05,0.8577333473608398,0.03230732795396278,4.097,0.9261389466151934,0.2058508740635034
1.8218689304590283,0,0.9987475716304427,5.096863803644887,6.882754912308777,5.096863803644887,0.2751904904064054,0.09767945320135478,-0.005683203125000003,0.958474138311615,0.17796369369297152,4.99,0.979033419812304,0.20549411344987514
1.5430736176015465,0,1.0220093237125616,5.022098864610059,6.587050131647309,5.022098864610059,0.3318359008973543,0.09265662656253808,-0.006796484374999997,0.7616335855345154,-0.5891311291897287,4.383,0.8727426755546992,0.20513735283624687
1.57029247315399,0,1.0440001035495252,4.611602896286519,6.178288084611365,4.611602896286519,0.3055444956682333,0.07947487987406479,0.0007691406249999949,0.9893578728758239,0.04220643475775241,4.587,0.9946650011200378,0.20478059222261863
2.1036861549985284,0,1.050695640960036,5.593015854006622,7.439723463102145,5.593015854006622,0.315761695279598,0.07846970056351647,0.001999218750000001,0.9266508499993897,-0.24389900184383378,5.384,0.9626291325713138,0.20442383160899036
3.874774531897205,0,0.9774153292799799,6.137041197235437,8.387057035410532,6.137041197235437,0.3150981634564013,0.08575236461281677,-0.006574609374999996,0.9254529327146912,-0.9568063263306763,5.904,0.9620271088712236,0.20406707099536212
1.4921508643825492,0,1.0545433571719665,4.565406126193723,6.173090186658931,4.565406126193723,0.25794861520147827,0.06662606303642461,-0.005703124999999999,1.0249136228027342,-0.13131174088808512,4.622,1.0123962408254488,0.20371031038173384
3.6085717459046025,0,1.0266494409986928,5.654492274013583,8.002757991545694,5.654492274013583,0.31918417482025585,0.06931823320816685,0.008481250000000008,1.0864363301171875,-0.6945646555832151,5.894,1.0423570701629792,0.2033535497681056
0.7542166205917016,0,0.979537929853093,4.147276223336611,5.408535047691424,4.147276223336611,0.28326235995185756,0.08094188410129158,0.014193750000000002,0.7970246226171874,-0.23682838337593415,3.703,0.8928751789339033,0.20299678915447736
0.8857360132010523,0,1.0372872278527312,4.164607884378159,5.456748833240554,4.164607884378159,0.2909772327667697,0.07586685135066742,-0.005487500000000001,0.855478375625,-0.04273591725128223,3.852,0.9249370185484254,0.2026400285408491
0.5915038988155037,0,1.0192523611190527,3.6108488939050654,4.657954978651421,3.6108488939050654,0.2616011679545432,0.09828120978341828,-0.004483203125000004,0.626896373936615,0.1660720047224377,2.859,0.7917805712739325,0.20228326792722084
2.1548406473884416,0,1.020189801947309,5.272495775889611,7.138256511079652,5.272495775889611,0.33178300459320714,0.08949779868780007,0.003255078125000007,0.8071766454820251,-0.17858063388883302,4.737,0.8984359971726561,0.20192650731359257
1.5614231240542642,0,0.9951342871634778,5.125750301440003,6.877689687063694,5.125750301440003,0.27157737631216905,0.12159625042888836,0.009001953124999998,0.8314194831993102,0.0764364864027052,4.674,0.9118665024878231,0.20156974669996433
1.3526027850649784,0,1.019608106661002,4.141425152444063,5.499203027361737,4.141425152444063,0.31701157907209704,0.09233166834937646,-0.003371484375,0.922159819421234,-0.04667002295698926,3.977,0.960297446798712,0.20121298608633606
2.7392279231870367,0,0.8614534616964914,5.933470021475763,7.92745571186835,5.933470021475763,0.33517006625773244,0.1043403293543795,0.009435546875000003,0.7774424224082946,-0.1910356544644604,5.232,0.8817774390134536,0.20085622547270782
2.649825504018551,0,1.0427778538024055,5.0831654944840965,6.95289260847075,5.0831654944840965,0.29945652569042897,0.09008849712035281,-0.005476562500000007,0.9387070830444335,0.09977559985503073,4.925,0.9688844491378991,0.20049946485907955
1.9664145138785125,0,0.9566146400515219,4.5716038005257,6.182625227246139,4.5716038005257,0.3229023432171053,0.08707245945497434,0.0022558593749999974,0.9078960732078553,0.12700839266292602,4.356,0.9528384764005781,0.2001427042454513
2.4849858459608445,0,0.9896840001890095,5.351640272484025,7.204239928009695,5.351640272484025,0.2749471836698666,0.0962121452901049,-0.006254296874999997,0.8774092763487242,0.013732695943882814,5.013,0.9367221533507816,0.19978594363182306
2.3906614372890944,0,1.0435999733577002,5.3148755939005685,7.306065476452348,5.3148755939005685,0.31840738004770686,0.08034923300939176,0.007073046875000004,0.8832022747422791,0.07198120329517635,4.995,0.9398150364483295,0.1994291830181948
1.2911367054654983,0,0.9984733960411888,4.4181198955503485,5.823928932368273,4.4181198955503485,0.2863098687247571,0.09907430537430081,-0.003437109374999997,0.7335340304197693,-0.4411659374383102,3.784,0.8564729091691254,0.19907242240456655
1.192089368688504,0,0.9986314547808807,4.697002181606871,6.136893648501075,4.697002181606871,0.3458658416914197,0.08879156577011492,0.002992968750000001,0.7556350382318116,-0.06684627720924263,4.083,0.8692778589690122,0.19871566179093827
1.53655482921954,0,1.0297956799387422,4.518302750759839,6.023722011737301,4.518302750759839,0.332857377005423,0.08501733465185082,0.014602343749999996,0.9868581418695068,0.21641045007758639,4.489,0.9935146553083654,0.19835890117731003
3.51181503195006,0,0.976910972505703,5.563734889229443,7.640803222769298,5.563734889229443,0.3452190966874048,0.09478232937851577,-0.001824218750000002,0.6958060558197021,-0.039862334628644296,4.641,0.8341518947971946,0.19800214056368176
1.1614796017578302,0,1.0310726645714445,4.782466733608348,6.294492285460217,4.782466733608348,0.3388195250407817,0.08372695844053547,-0.003144921874999997,0.8334093973570251,-0.1590713434034946,4.366,0.9129180072112857,0.19764537995005352
4.715450970842854,0,1.0314899714980061,7.584154893638917,10.229742459327468,7.584154893638917,0.25109572082345716,0.07729450050585218,0.009384765625000003,0.9416740945335388,-0.7079679525918069,7.36,0.9704443149193955,0.19728861933642525
2.124131515051661,0,1.0135847023884488,5.5011310654541345,7.372016477492146,5.5011310654541345,0.2615288249109601,0.0965425753026125,0.0031980468749999965,0.9236550892930604,0.10993510970632704,5.287,0.9610750838497869,0.196931858722797
1.5668022231190522,0,1.005780824713278,4.916602068032931,6.5306233935173355,4.916602068032931,0.32685554772725817,0.09221617942982627,-0.004951953124999997,0.8313703832383729,0.01910238170884452,4.483,0.9118085901537257,0.19657509810916876
2.7147355883758904,0,1.0839771354571637,5.475747708954122,7.461049390149881,5.475747708954122,0.24464955058957555,0.08890177506125249,0.0039062499999999952,0.8945354451171875,-0.20738965046755667,5.179,0.9458069062479139,0.1962183374955405
1.6048565560746262,0,1.0197455912897493,4.798671311770073,6.353704775946195,4.798671311770073,0.2900589969056298,0.11737250362129133,-0.0037855468750000016,0.7035272372129822,-0.4816813026946092,4.025,0.8387738476956259,0.19586157688191225
2.7113620403968257,0,1.019315617381079,6.210397407584575,8.337381586250364,6.210397407584575,0.2774726857002186,0.10765561615308818,0.001623828125000002,0.6991916346665954,-0.3614672250217678,5.193,0.8361783730068453,0.19550481626828398
1.0742983334004608,0,1.0088127960478477,5.345164111645422,6.963869989657851,5.345164111645422,0.23971619056437884,0.0909762749636469,0.006085546875000001,0.6874704274473572,-0.1518661390945395,4.432,0.829160696926793,0.19514805565465573
10.712425639153317,0,1.0206275873310238,9.131122783131998,13.231909498732202,9.131122783131998,0.29122335698408536,0.07888676097058082,-0.008725781249999998,0.9507955943353272,-1.2396763447014754,8.904,0.9751265218389612,0.19479129504102746
6.389915452921683,0,1.0176573106855265,7.026541814318535,10.09735725529424,7.026541814318535,0.31832331562706156,0.06872255077332097,0.0075113281249999985,1.1961454404966736,-0.7543648963820734,7.685,1.0937101355235193,0.19443453442739922
0.9972866632545769,0,0.9975551312878259,4.480579747084207,5.86466084735851,4.480579747084207,0.24500908095743637,0.09912271890178276,-0.010762109374999999,0.7355360516111755,0.16158173349998675,3.843,0.8577015067081175,0.19407777381377095
11.26238892025154,0,0.9202970838009193,8.917102261087733,12.655065247315552,8.917102261087733,0.3184123469387119,0.10262386505651899,0.0024351562500000007,0.826959027045288,-0.6451788772049414,8.109,0.909376136167675,0.1937210132001427
1.7088301369216774,0,1.0065518024729365,4.575970619527416,6.082175392358152,4.575970619527416,0.26195590868780316,0.08951888518863162,0.010935156250000003,0.8527694567327881,-0.13022707035667064,4.226,0.9235199155270015,0.19336425258651446
2.8883202729287234,0,1.0209334198393398,5.345766932926895,7.245930919370368,5.345766932926895,0.303535604464152,0.07543738945962494,0.002607421874999999,1.0654684165855408,-0.4113460544457337,5.518,1.032218588882401,0.1930074919728862
4.538074505002441,0,0.9924397234480581,6.753409377387774,9.22264466244077,6.753409377387774,0.265039793001218,0.08731729905053304,0.0019910156249999976,0.9073587932786561,0.09343486267579083,6.433,0.9525559077670324,0.19265073135925795
0.8092814648219542,0,1.0377320437052162,4.144601610508807,5.394224520401626,4.144601610508807,0.2576106263884658,0.08564249899836338,-0.012864453124999994,0.9884778484239195,0.38101091229860123,4.121,0.9943054573812441,0.19229397074562968
2.987863062315495,0,0.9726482427900298,5.623874910538965,7.562281783911577,5.623874910538965,0.2666569609594656,0.09223667846539446,-0.005816015624999997,0.9267217298216248,0.08272672235679106,5.414,0.9626814404876491,0.19193721013200143
1.813963673329832,0,1.0464337954713074,4.369025692133446,5.867796020239296,4.369025692133446,0.2586050871084389,0.07327685037147928,0.009189062499999998,0.942168168161621,0.0697262895931656,4.241,0.9706969697239454,0.19158044951837316
1.5511865484317378,0,1.004850015958837,4.38536905078227,5.80520481532922,4.38536905078227,0.2656893528754443,0.09347428531616153,0.008773828124999994,0.9448937804869079,0.21502056594616048,4.263,0.9720960654929506,0.19122368890474492
1.8110579369045876,0,1.0004017432165186,5.1015607874010795,6.804887129599387,5.1015607874010795,0.247407555849606,0.11038959222784135,-0.003974218750000003,0.832578132929077,-0.1522081320643897,4.655,0.9124658499602876,0.19086692829111665
0.7743418118379313,0,1.00964313446857,4.138827742119429,5.397273829227451,4.138827742119429,0.29186849411722443,0.09831632265379898,-0.013796484374999998,0.8002937777220154,0.055349186501012115,3.703,0.8946977817694224,0.1905101676774884
2.023617084791921,0,1.0310265330677193,5.34083583163345,7.156604229674147,5.34083583163345,0.3032586649802533,0.1197880996772955,0.014501953124999998,0.7239743476524353,0.22258135157480027,4.545,0.8509903961249357,0.19015340706386016
5.126353671456847,0,1.0181891081287386,7.06628865037277,9.846579745976674,7.06628865037277,0.3064192110686758,0.10073185386228707,0.011910156250000001,0.9145053856781006,-0.43270926511507496,6.758,0.9563719137971378,0.1897966464502319
4.447688562325791,0,0.9153675993954931,6.421060562782641,9.151397240254774,6.421060562782641,0.32202097535491137,0.0743231640928953,-0.007976562499999998,1.5309331314819337,-0.4838463141112635,7.945,1.2373345372336657,0.18943988583660365
2.0392020594421183,0,1.054510954458567,5.3894270408833895,7.212089653896366,5.3894270408833895,0.3760823394523155,0.08939351400861476,-0.0010503906250000014,0.8327052048826598,-0.30692886771343675,4.918,0.9125274287401585,0.18908312522297538
8.248211602855703,0,0.9801344826449229,7.693878898401421,11.333297746228354,7.693878898401421,0.34501317615690374,0.06630464305044775,0.009549218750000003,1.3054358413275147,-0.9195499708592567,8.791,1.142596616880275,0.18872636460934714
5.902865493862231,0,1.0772433928858096,5.711272321591541,8.283689233482143,5.711272321591541,0.31036374451081705,0.060053900642924284,-0.009911718749999996,1.2016726218939209,0.012778338022352858,6.261,1.0962531021905935,0.18836960399571887
2.0202670774036147,0,1.0844534484084505,4.652911677155214,6.315205856024737,4.652911677155214,0.34303254420721513,0.08187668381188568,-0.0012085937499999976,0.7538974447698974,0.004283657036102794,4.04,0.8682735199628917,0.18801284338209062
1.052686321152584,0,1.0234139658597914,4.584396281781092,5.95631124928012,4.584396281781092,0.2858167964314259,0.11015475661708045,0.004416796874999997,0.5597689462022399,-0.15222725078917546,3.43,0.7481901190852998,0.18765608276846235
5.17371815053132,0,1.0477198141307653,6.980174231850314,9.826837443493362,6.980174231850314,0.272963580315039,0.07057348295380919,-0.005834765624999999,1.0177590855882264,0.04748599722732203,7.042,1.0088573388136326,0.1872993221548341
0.8638637186293234,0,1.120233299132848,3.980460151557514,5.213821513548066,3.980460151557514,0.3418000277996886,0.08675887127997768,-0.0002625000000000023,0.7473133560937499,-0.0929892965867543,3.441,0.8644729174473889,0.18694256154120584
0.9993317985942451,0,0.9700077498492385,4.227717957230484,5.52893790407475,4.227717957230484,0.21062556489949794,0.10477040431071087,-0.0032730468749999956,0.763854746148529,0.22133213185331424,3.695,0.8739939696498912,0.1865858009275776
3.5340440040201626,0,0.961051102485289,7.103171367409306,9.577193617240223,7.103171367409306,0.25248643030401036,0.08049077820424921,-0.0082203125,0.9061776866186524,-0.529971891968557,6.762,0.951969148741833,0.18622904031394935
1.1678115933175777,0,1.023100810239668,4.415538185320494,5.7989885430281705,4.415538185320494,0.323935862112569,0.08519628371758524,0.012499218749999997,0.7577220624993897,-0.031831000627714615,3.844,0.8705620557827857,0.18587227970032108
0.8409700612707454,0,0.9370962403908174,4.203896351903629,5.503685025383025,4.203896351903629,0.2067487605628897,0.09527239139144764,0.017733203125,0.7063757690538025,0.002567210913692994,3.534,0.8406486992477149,0.18551551908669284
2.992030780688811,0,1.053517732992945,4.9091678690333325,6.862667024714565,4.9091678690333325,0.27335068179856964,0.07472856313181138,0.005194531249999997,0.8902421895013427,-0.299960077993639,4.632,0.9435407636431243,0.18515875847306457
2.3800020970637688,0,1.0387381321965174,5.064660464509789,6.891647048096862,5.064660464509789,0.25139964686899247,0.09266165711714117,0.0032070312500000015,0.8270691001068116,0.11754910170760959,4.606,0.9094390497203483,0.18480199785943632
2.652460586195579,0,1.0246734418992827,5.959497108841361,7.975690532281745,5.959497108841361,0.35586980237298144,0.09473402974723945,-0.003852343750000005,0.7352140656976318,-0.4333307473533068,5.11,0.8574549004175088,0.18444523724580805
1.5779163271497163,0,1.022613271173676,4.816091908195498,6.395236910397813,4.816091908195498,0.31498692578071147,0.09480545400017647,0.012334765624999997,0.8759974844163514,0.14715913793009683,4.508,0.9360286485249129,0.1840884766321798
1.6907694590662103,0,1.0550746150057977,4.932914268663628,6.542165718225266,4.932914268663628,0.33076952225292133,0.08877549278782566,-0.0015289062499999947,0.7862291304144287,-0.13192984435894708,4.374,0.8866969425732504,0.18373171601855154
1.7297589719011768,0,0.992968708986468,4.910618355378318,6.630225375911277,4.910618355378318,0.24144001029271636,0.089744399244775,-0.012359374999999997,0.8012355536621094,-0.052475196294095944,4.396,0.8952029422496891,0.1833749554049233
1.851671565309263,0,1.0480252970163104,6.0008232453077355,7.94920704827755,6.0008232453077355,0.2889272882610425,0.09155093365397277,-0.008198046875,0.7805853322618103,-0.43709619014887907,5.302,0.8835454375607261,0.18301819479129505
1.1273192625572834,0,1.0018705048653476,4.386657600360698,5.770761270466957,4.386657600360698,0.2909173635112318,0.08906496166229184,0.012586718750000008,0.8691605151361085,-0.3515269680582518,4.09,0.9323727476846371,0.18266143417766678
9.582217782193208,0,1.0201672783584288,7.320913756865913,10.867092571714892,7.320913756865913,0.24699568255548898,0.08660327899859468,0.01642578125,1.2338887632415771,0.29581818923593006,8.133,1.11092689657387,0.18230467356403854
3.9357059570883797,0,1.015894279093393,7.116650328622199,9.663271933524829,7.116650328622199,0.3017594692081949,0.09666010649886067,0.003164843749999998,0.9036068876702881,-0.7184426330863826,6.765,0.9505876623995548,0.18194791295041027
1.6657330860706514,0,1.0071250934412401,5.401750192964428,7.1874915722809956,5.401750192964428,0.2920828360000728,0.09095584459587265,0.008725390625000001,0.8204292593553163,-0.16633476634288458,4.893,0.9058175267662218,0.18159115233678202
1.799964273853937,0,1.0657062549736604,5.027154169932429,6.670539664424223,5.027154169932429,0.28113266909353773,0.08582409333281199,-0.004780468749999998,0.8184353463372803,0.034572099940392044,4.548,0.9046867962000716,0.18123439172315375
1.4448763293556626,0,1.027968184426216,5.200681680859218,6.8422527889209555,5.200681680859218,0.3195640194074166,0.0841744961246059,-0.006853515625000001,0.919466701589203,-0.2530995812026506,4.987,0.9589127552940492,0.1808776311095255
2.8942570898273274,0,1.0283552491955756,5.575212766725773,7.69003309004717,5.575212766725773,0.27890857652015916,0.07499255605899878,-0.003767968750000004,1.0204608742864991,-0.01979670297672618,5.632,1.0101856620814809,0.18052087049589724
2.8968850194930686,0,0.9154644605206482,5.155044889864076,6.9801862536444945,5.155044889864076,0.26554092468269475,0.09258524846906048,0.013527734375000006,1.1551612242308045,-0.42751751496215645,5.541,1.0748693984983129,0.180164109882269
13.207780550284792,0,0.9837265072811996,9.235556343658372,13.77975146553643,9.235556343658372,0.2366732704887797,0.07163202534832291,-0.0038632812500000065,1.6200004734954832,-1.9119340554541167,11.755,1.2727982551989534,0.17980734926864075
2.5749984594904127,0,0.8805895349595017,5.870947607675298,7.976055970242686,5.870947607675298,0.32129683523721503,0.07388912320122704,0.008260546875000007,1.0784214106309509,-0.28335376390565403,6.097,1.038503561508397,0.17945058865501248
2.4902652540641244,0,1.005891039612929,4.591239042444772,6.4007170237113975,4.591239042444772,0.32070925438802445,0.07069523963671152,-0.010535937499999995,1.185402384645996,0.08959101027926707,4.999,1.0888128354428046,0.17909382804138424
1.0955244382700586,0,1.0884917863705863,4.6517431183260305,6.200302683353731,4.6517431183260305,0.3067799407649614,0.06718401907546984,-0.0019566406250000013,0.9782983461668397,-0.2782491738560024,4.601,0.9890915906069442,0.17873706742775597
3.5686031593568863,0,1.0405108735574418,6.251599886701278,8.563155061298737,6.251599886701278,0.34460659001405425,0.0756966786906372,-0.006040234375000002,0.9937029862718202,-0.6925755177456326,6.232,0.9968648206768683,0.17838030681412773
1.017989325165332,0,0.9612686236862251,4.047775318904573,5.284127766380525,4.047775318904573,0.2442538770159263,0.10299482122557478,-0.008593749999999995,0.7917974802734375,0.010933271083819909,3.602,0.8898715260151321,0.17802354620049946
2.7366764202671687,0,1.0205298508599976,5.288029705573793,7.165835311691429,5.288029705573793,0.2833025708189376,0.08591163439401865,-0.0014640625000000025,0.907308758864746,-0.6072254327877025,5.037,0.9525286884623213,0.1776667855868712
2.0468968173843214,0,1.0358930508476167,4.3550093459079955,5.909462648827341,4.3550093459079955,0.32011376488207854,0.06863626707443943,0.0013921874999999959,1.091550516501465,-0.3823994499635658,4.55,1.044773877299533,0.17731002497324294
1.544877468832289,0,0.9357691586171254,4.973394248672614,6.5430142554887,4.973394248672614,0.3133507337103317,0.11525507404817609,-0.007100781250000005,0.6048266960931397,0.05684369465295295,3.868,0.7777384632300887,0.1769532643596147
1.6421522690208459,0,0.9880098266982251,4.5758480951844875,6.040625390926713,4.5758480951844875,0.30655446526349034,0.09240362598593747,0.008057031249999997,0.8074731709661865,-0.050629398269152186,4.112,0.8986312295478887,0.17659650374598646
2.308302567595752,0,1.042133220335785,6.009436990658804,8.020173246567904,6.009436990658804,0.2929943956253234,0.0957325766411417,-0.010377734375000005,0.8405818077073668,-0.716724940282638,5.51,0.9168912176905857,0.17623974313235818
6.4862219877088645,0,1.0476032816666763,6.921798365171686,9.91818233977853,6.921798365171686,0.30883763339837494,0.061517095914088465,0.006068749999999998,1.3703834913671877,-0.69195193671727,8.103,1.1706495295748212,0.17588298251872994
3.6211012429685265,0,1.0000317027531467,6.395550637699479,8.842093383155003,6.395550637699479,0.251742282523306,0.06831184550269247,-0.011891796874999996,1.0289780644639588,0.19230628314725684,6.488,1.0144552623437246,0.17552622190510167
1.8369638233936723,0,1.023507212503003,5.225556121184677,6.980319781041545,5.225556121184677,0.26887396713768524,0.0775701825521692,0.0009824218749999974,1.0279179914878844,-0.5804866272904321,5.298,1.0138633816449951,0.17516946129147343
1.6316260580580026,0,1.0515035562436705,4.657624061160568,6.172997613301033,4.657624061160568,0.30626032944521886,0.08086764847573827,0.000991406249999996,0.8555039655511475,0.13750062892048381,4.308,0.9249351049871013,0.17481270067784516
8.257395163694989,0,0.9946470348319746,8.255272438694286,12.057716375345974,8.255272438694286,0.2587723774492355,0.06783550290942318,-0.019007812500000002,1.3638179350952149,-1.2395742508515668,9.642,1.1679808354725902,0.1744559400642169
3.2446023091689886,0,1.0694630715194897,5.510999359443032,7.717578353685048,5.510999359443032,0.3217611085180049,0.0743283519470436,0.009314453125000002,0.9753878007286072,0.22327291660935827,5.443,0.9876611563515216,0.17409917945058864
1.1653823744309673,0,1.0550069091573864,4.306264550370587,5.619297130093958,4.306264550370587,0.33997889232084344,0.07930286233757339,-0.007009765625,0.8336812010765076,-0.20503711474109795,3.932,0.9130883516345092,0.1737424188369604
3.0890714485928896,0,1.026303663741985,6.326763572597264,8.594896733034377,6.326763572597264,0.28903623580251564,0.08354297185386736,0.004853125000000001,0.8147953760839842,-0.8552902271304764,5.711,0.9026732126889829,0.17338565822333216
0.9868683407513368,0,1.0805651256773348,4.325164360451977,5.727785089939591,4.325164360451977,0.2497989903622066,0.07255927422753003,0.003115624999999998,0.9623575358496094,-0.037953807396432636,4.243,0.9810031819360986,0.17302889760970389
2.921854362327319,0,1.025337210561711,5.5859301694649455,7.584976077477071,5.5859301694649455,0.3075564726798397,0.08346668312675738,0.011765625000000002,0.9817095388183594,-0.2272224546013077,5.535,0.9908824192355015,0.17267213699607564
3.990480663764817,0,1.0558879091131126,6.080404176196953,8.506320805671972,6.080404176196953,0.26727910119222953,0.07007445024254504,0.026498046875000004,1.0789760867149352,-0.06701692108070433,6.318,1.0390756628865507,0.17231537638244737
1.6035553999771306,0,0.9747880839172216,5.02955753344607,6.662597490674806,5.02955753344607,0.3091298756960483,0.08195638157991621,0.0027796874999999983,0.8382927405249024,-0.31615818355798225,4.605,0.9155874983787732,0.17195861576881913
1.334241857198422,0,0.967876584067512,4.936551900545023,6.53120771752507,4.936551900545023,0.28736154948264286,0.08867196890135219,0.009884765625000002,0.7131105699241639,-0.01891877637726723,4.169,0.8445165945768176,0.17160185515519086
2.6795925316591056,0,1.006706302907778,5.242350681277967,7.11739499523397,5.242350681277967,0.26401160138938995,0.08611781487172449,0.001678515625000001,0.8376582845384215,-0.5961455579368916,4.798,0.9152382760533593,0.17124509454156261
6.3923639975983555,0,1.0126414568487634,7.712267486465271,10.730249712641799,7.712267486465271,0.2601334159608094,0.068789291484067,-0.0013054687500000013,0.9934564855950928,0.9290727169262417,7.687,0.9967237279425779,0.17088833392793434
2.8014308446740266,0,1.0858806479899041,4.854767706260106,6.744652323287501,4.854767706260106,0.28998860675574256,0.05974799485367501,-0.018091015625000005,1.387882652263031,0.2795020023542748,5.72,1.1782232119209735,0.1705315733143061
1.388095641152674,0,1.0493611320230671,4.314202948146131,5.737491546620177,4.314202948146131,0.29077947160796547,0.08533119703984911,0.010653906250000003,0.8411478856878662,-0.08436878704378092,3.957,0.917203026274036,0.17017481270067786
0.9313886407492098,0,0.9774345115198012,4.397519754279508,5.751477737367257,4.397519754279508,0.31599046206579184,0.1015518538877791,0.007360156249999994,0.7074891960687255,-0.3418107495817961,3.699,0.8411559712495358,0.1698180520870496
4.403607513870386,0,0.9863206502700159,5.547875143470308,8.025456885529007,5.547875143470308,0.308777133663804,0.04960375124335992,-0.006833593750000003,1.4640843059027098,-0.36213409691718457,6.713,1.2100128114636846,0.16946129147342134
4.478668541676868,0,1.021343166026005,5.753857641131953,8.110164055125853,5.753857641131953,0.28506095608418225,0.07022304525864624,-0.015035546875000005,1.0099292616270445,-0.055160433146123934,5.783,1.005064838354658,0.16910453085979307
1.3745353328417504,0,1.0469909037879426,4.390931261100374,5.912223210496971,4.390931261100374,0.308760792742829,0.08387590778964606,-0.004941015624999998,0.8389927703489685,-0.08991190548592948,4.022,0.9159788119734947,0.16874777024616483
2.0824811396092207,0,1.0214958833925767,5.636817939820812,7.459568787298935,5.636817939820812,0.38100276218474904,0.08985694340133325,0.0005710937499999992,0.8112339847894287,-0.43833771893182344,5.077,0.9006854672622958,0.16839100963253656
1.4306480710755727,0,0.939866766391364,4.1585440203765875,5.578806184281627,4.1585440203765875,0.3061021307123091,0.07630197495978316,0.007369140625000006,1.123516810219574,-0.1404181540177871,4.408,1.0599863746544693,0.16803424901890832
6.5751756644077854,0,1.0033009079725592,6.018414809217857,8.861281021531303,6.018414809217857,0.3310346709699469,0.050073004514239856,-0.004753906249999997,1.6165145433441162,-0.3480657427518466,7.652,1.2714311396881666,0.16767748840528005
3.1065310222589284,0,1.0423568448288034,6.3367034172938235,8.606421674355975,6.3367034172938235,0.3057823494830442,0.07061491170673409,-0.009837890624999998,1.0932957428611754,-0.08047180147083301,6.626,1.0456541143959244,0.1673207277916518
1.7146577423913882,0,1.0391140450497744,4.7375925329356905,6.380453429463569,4.7375925329356905,0.30239382293385764,0.06489451412500678,-0.007201562499999997,1.0960424945288085,0.21443729587412785,4.96,1.0469452502548784,0.16696396717802356
2.4582868173444146,0,1.0233437823326328,5.535627766735326,7.513081987552393,5.535627766735326,0.3772249913000257,0.06628346332600549,0.0047875000000000036,1.2003822360937502,-0.48422928980523666,6.065,1.0956300270848731,0.1666072065643953
2.0563962157427493,0,1.0645593103630233,4.73263056989535,6.393111245838827,4.73263056989535,0.3174879572263787,0.06520590797354887,0.000630078125000005,1.1855365018296813,-0.33256326728949487,5.153,1.0888236307263564,0.16625044595076705
2.8918627694472114,0,1.0517525502944143,6.381699375074345,8.431209416583387,6.381699375074345,0.2852276527502991,0.07163089555541015,0.007174999999999998,1.0989026146875,-0.5709133703676137,6.69,1.0483101140943456,0.16589368533713877
2.4116774752530175,0,0.9628424470193369,5.274634021164995,7.100375148686979,5.274634021164995,0.2995335300326679,0.07699203692248974,0.0022171874999999995,1.0230152254858398,-0.5979608953444929,5.335,1.0114445814804933,0.16553692472351053
0.5210356508672942,0,1.0138273965792959,3.6402790739835664,4.727854995038826,3.6402790739835664,0.33711531329723843,0.08421270344812477,0.0038214843749999963,0.9467189193040466,0.032720570595641194,3.542,0.9730023242761936,0.16518016410988226
1.310839398059212,0,1.0702786030056013,4.3236068029188015,5.78862426580742,4.3236068029188015,0.277578247771377,0.05914613399738543,-0.008158203125000003,1.464837179268646,0.04933352282719189,5.233,1.2103320765586918,0.16482340349625402
2.371756859223619,0,1.0621061906975637,4.663737486376787,6.471285155455145,4.663737486376787,0.2685398657819868,0.06906795964081461,-0.008949218749999998,1.2996857763275147,0.0953106990609657,5.317,1.14007274541748,0.16446664288262575
0.9995593894127546,0,1.071347359189784,4.350211864967352,5.698731507180136,4.350211864967352,0.34914563682869637,0.0650204382712117,-0.0007152343750000005,1.318936459924164,0.14455268586515507,4.996,1.148449812348966,0.1641098822689975
1.14106787642275,0,1.0256439863129285,4.2101663594166405,5.607356858122512,4.2101663594166405,0.29173170689348393,0.08181436322970827,0.0026464843749999995,1.023325494948578,-0.17778844565729665,4.259,1.011598981231261,0.16375312165536926
3.228441366838913,0,1.0554665404816375,5.4979963323890875,7.5897197330935455,5.4979963323890875,0.3165133150790185,0.06567381865089493,-0.010052343750000001,1.3008612456976318,-0.08166769789219445,6.271,1.1405973414454813,0.163396361041741
1.4731817720025573,0,1.028513468005594,4.204389835734134,5.676773839072657,4.204389835734134,0.33333206327736387,0.060475287237601705,-0.012619921875,1.2590848184312438,-0.248999432696227,4.718,1.1221604523682764,0.16303960042811275
3.954201708205707,0,1.01174017692156,6.613026504626162,9.249051410999583,6.613026504626162,0.31905999829807596,0.07031910830069275,-0.004923046875000002,1.1946122124375915,-0.7594098435380053,7.228,1.09299425836924,0.16268283981448448
2.171761664880962,0,0.9258983510482486,4.62737162904334,6.245652085053909,4.62737162904334,0.3138694613343366,0.06646682513527893,0.023219140625000002,1.1456155867430113,-0.3001649048663807,4.954,1.0705861549797733,0.16232607920085623
2.1575786681202116,0,0.9582009098928573,5.379477469586875,7.3229824184493175,5.379477469586875,0.2277911139475275,0.08717838405761409,0.011366406249999999,0.8752045571527098,-0.5993422744286295,5.033,0.935592727816837,0.16196931858722796
1.0591796641365665,0,1.0197619594189387,4.148034223465135,5.472075745638651,4.148034223465135,0.2898320141913864,0.09350818446106983,-0.005659765625,0.778501833068695,-0.14840061887221792,3.66,0.8823456613003914,0.16161255797359972
2.9795123703023343,0,1.0472228701026074,5.732470698492659,7.987402822480813,5.732470698492659,0.3584406687474576,0.08260655651322056,-0.003749999999999999,1.2081760359375,-0.2903373014218638,6.301,1.0991770096019566,0.16125579735997145
3.848797927577851,0,1.0232130249864932,5.2321052990437575,7.363538327742577,5.2321052990437575,0.2517194773646049,0.0731520455220361,-0.009949218750000002,1.2236831036712648,-0.5894256298787901,5.788,1.1062468488655686,0.1608990367463432
1.5436212074418245,0,1.0937878376805792,4.735512345701267,6.354742739077919,4.735512345701267,0.33233754818142386,0.0721098657210102,-0.0012863281249999997,0.98505627075058,-0.06407221412239848,4.7,0.9925008440251448,0.16054227613271496
4.386494692353546,0,1.0163322774897503,5.870130550029156,8.185404270335805,5.870130550029156,0.2922032875944924,0.057446048374472994,-0.007560937500000005,1.555354290036621,-0.6900782939728852,7.321,1.2471613599741214,0.1601855155190867
1.5460796244497095,0,1.0335343717035657,3.8363142362896303,5.258780864702111,3.8363142362896303,0.30686979888433996,0.061286412822483274,0.006851953124999997,1.2768323808164979,0.3375655792913656,4.335,1.1299908539798564,0.15982875490545845
5.397756470116768,0,0.9894248800487395,7.9386706125219915,10.689713939489081,7.9386706125219915,0.2415393096884832,0.07435832144448822,-0.0010558593750000012,0.9572172996141053,-0.7068525560226604,7.767,0.9783753954659351,0.15947199429183018
3.224597771045766,0,1.0558497263324915,6.08417528493784,8.497434493659814,6.08417528493784,0.2829411636202253,0.06883531865858943,-0.0017460937499999974,1.1242152464691162,-0.5653224445800165,6.451,1.060291608621185,0.15911523367820193
10.70283951738087,0,1.0688036679272377,8.484676875718398,12.37678913991299,8.484676875718398,0.29447775526048353,0.053986009687642424,-2.9296874999996946e-05,1.4322001096885681,-1.4965406929134109,10.154,1.1967456331847948,0.15875847306457366
6.898816505071517,0,1.026395374233825,6.691868199524443,9.930277781555182,6.691868199524443,0.24703585700769942,0.05908522193160938,0.011037499999999997,1.42441149234375,-1.2176396639087332,7.987,1.1935381513592267,0.15840171245094542
1.563371373654907,0,1.0470658595907236,4.4713978116197355,5.993475438887746,4.4713978116197355,0.2671626126693612,0.07271092530044561,0.004242968749999999,1.0964001034661865,-0.31369393395308637,4.682,1.0470998549565367,0.15804495183731715
1.4297611726308252,0,1.0241123392165956,4.95857837556822,6.567329928359051,4.95857837556822,0.3232006058179943,0.07291373933192763,-0.0031949218750000064,1.0013703514585877,-0.2305286946324299,4.962,1.0006900414136113,0.1576881912236889
1.2211547672587502,0,1.026198731753685,4.303977401028903,5.635691095883249,4.303977401028903,0.3381329663940285,0.07882393128110657,0.011559765624999992,0.8636003768968201,-0.09631086631901072,4.0,0.9293729095891083,0.15733143061006066
1.9448271499018261,0,1.022080858324409,4.773174608783284,6.491621971090483,4.773174608783284,0.3333829596369711,0.06415556159025092,0.009385156249999999,1.425462628217163,-0.2047067055025875,5.699,1.193964283123662,0.1569746699964324
5.052629084881364,0,1.0507613765368609,7.160607366237608,9.836223312309187,7.160607366237608,0.24148903559251303,0.08345308147131125,0.011945703125,0.9675533599424743,-1.036238082644705,7.044,0.9837154363766104,0.15661790938280415
1.839473005696287,0,1.0177909521331703,5.576213479636412,7.2902779531149084,5.576213479636412,0.27628420402706255,0.08711576893731067,0.0032234375,0.9583909328881836,-0.18175337269278508,5.459,0.9789797359687789,0.15626114876917588
1.5413916337256763,0,1.0654647494916767,4.258041684473512,5.743492705847744,4.258041684473512,0.33823969141754273,0.07788278433740294,-0.0024867187499999894,1.1243287170111085,0.3428069057807469,4.515,1.0603465946478303,0.15590438815554764
9.59187182269852,0,1.0345691375668304,8.392735071586117,12.670599460825176,8.392735071586117,0.2357667203225986,0.0567828036109239,-0.010751953125000002,1.770579481832123,-1.145815846259107,11.168,1.3306746733623982,0.15554762754191936
2.68328875357576,0,1.0436010056667706,5.413962227021307,7.4467266523149025,5.413962227021307,0.28826083026432703,0.06949769949572322,0.005692578124999998,1.0940818597886657,-0.3533983523875819,5.663,1.0459991707618008,0.15519086692829112
4.643083513711824,0,1.0245475302911644,5.771901756738267,8.141560170050006,5.771901756738267,0.3299397036578311,0.06996067562310365,0.010985546875000002,1.1362917322129822,-0.12733599273791563,6.153,1.0660264604845064,0.15483410631466285
3.51204433155124,0,1.030895360582334,5.084213646215571,7.098469834735346,5.084213646215571,0.3332726865062761,0.06349013236497114,-0.009739062500000005,1.3319922623803708,0.03516910139017842,5.868,1.1541607824383697,0.1544773457010346
2.2430292826569396,0,0.990228893851696,5.1399691519128545,6.975706782120286,5.1399691519128545,0.28921443779108774,0.0722215661361629,0.003806640625000002,0.9941693833152773,-0.1683884797048885,5.125,0.9970876961572261,0.15412058508740634
1.4806776833395885,0,0.9829340192688507,5.403750632626322,7.105655685497246,5.403750632626322,0.2608823630100598,0.07064830872906609,-0.011811718750000004,1.019292160643921,-0.1866509013428141,5.456,1.0096690929922287,0.1537638244737781
2.0179536817423003,0,1.0191904376990033,5.145243623507009,6.825717806552004,5.145243623507009,0.28205141926177946,0.09031057822465488,0.005018359374999999,0.8411531313035583,-0.6559985061412836,4.719,0.9171577373791135,0.15340706386014985
1.1239704236232333,0,1.030941070606037,4.983179626934871,6.517767080342622,4.983179626934871,0.3090613309853149,0.0730464124237692,-0.006914062499999996,1.0655390035522463,-0.13372354456895638,5.144,1.0322726421893103,0.15305030324652158
1.1010354060835228,0,1.0312426120218317,4.15010531032065,5.504893425641327,4.15010531032065,0.303752345271071,0.07278740823360616,-0.003703906250000004,1.0442695271722413,0.0855407669659206,4.241,1.0219017790833667,0.15269354263289334
2.167010479368172,0,1.1201271088286178,4.796390092169273,6.397664449691124,4.796390092169273,0.3696192971298604,0.06361225979745443,-0.001026171875000001,1.230714030955658,-0.19160766281366923,5.321,1.1093759885558976,0.15233678201926507
1.868875034872202,0,1.0395124349650295,4.840389226657109,6.513824550850569,4.840389226657109,0.2900761079885319,0.07949279899744556,0.006197656250000001,0.9307976289007568,0.1405050515906667,4.67,0.9647984451914038,0.15198002140563682
0.966100032246838,0,0.9707785346384563,4.164268302720392,5.440744863880174,4.164268302720392,0.362052592015995,0.09441135548898999,0.0024136718750000065,0.7611146214537048,0.031264646729197154,3.633,0.8724221726123339,0.15162326079200855
2.0061425953597203,0,1.0463390905912244,5.232421712552871,6.988530130975654,5.232421712552871,0.262535859952557,0.07588336979714946,0.0025214843750000064,0.9370234815696715,-0.49009073549903936,5.065,0.9680030162417497,0.1512665001783803
1.0393156618031396,0,0.9932401006622682,4.463736471091435,5.810216100957537,4.463736471091435,0.2916458818213762,0.08277087273439888,-0.003034375000000003,0.9409671222558593,-0.14704139809995811,4.33,0.9700393444018134,0.15090973956475204
2.4364582057542457,0,1.0270687250959754,4.920298480767918,6.848135798726888,4.920298480767918,0.3714049295236944,0.058575734514361044,-0.008966406250000003,1.4874448832464597,-0.2235320810723321,6.001,1.2196414553824824,0.1505529789511238
3.8762909177115077,0,1.073373290685704,6.794159978708332,9.469893434270979,6.794159978708332,0.27723923618543983,0.06302389770385686,0.0008859375000000037,1.402104283864746,-0.45746118420713483,8.045,1.184105176388483,0.15019621833749555
6.915725433404411,0,1.0284218652931687,7.022494949294989,10.260736161366818,7.022494949294989,0.26787089339650405,0.05925111417258862,0.009396484374999996,1.5680705494407654,-0.060716056956330325,8.794,1.2522614916060364,0.14983945772386728
3.8413744019911356,0,0.9978395863584675,7.054335837966863,9.72300546697129,7.054335837966863,0.3477923619319906,0.07038191452478061,-0.0037523437500000035,1.1812273308538819,-0.5773320170307218,7.667,1.0868493046128795,0.14948269711023904
6.1568847612763875,0,1.0667192654523143,6.8537917985764265,9.887460950723991,6.8537917985764265,0.30943198774488134,0.06299318109599898,-0.012932031249999993,1.729158986005249,-0.919273357405823,9.013,1.315038487435824,0.14912593649661077
7.145796859257654,0,0.9963973394901925,6.666605022114316,9.957994964142507,6.666605022114316,0.21327832381506404,0.04669012631059896,0.0029371093750000057,1.8953293144041445,-0.29261112861294175,9.178,1.3767127300259938,0.14876917588298252
3.3549219421248146,0,1.0094210363912801,5.836746155296967,8.251138890370422,5.836746155296967,0.33177483344514924,0.06465933808024389,0.007867187499999994,1.4423670370483397,-0.22156801144653307,7.01,1.2010116276237712,0.14841241526935425
1.9565562141083133,0,0.9365658450618234,5.0465124610643235,6.845379854137615,5.0465124610643235,0.2798812276089014,0.06635636915411385,0.009539843749999997,1.1158331124749756,-0.13404849478272451,5.331,1.0563730974867498,0.148055654655726
5.007493813464265,0,1.0106213793999754,6.333224748788969,8.89050865465919,6.333224748788969,0.2621819546709928,0.05947203400061893,0.005278906250000008,1.2938628823675535,-0.15917117370107714,7.204,1.1374931864493738,0.14769889404209774
2.6739503000915104,0,1.0595596585929405,5.533152822711023,7.49557078576049,5.533152822711023,0.279581141147675,0.05125049257101494,0.023676953125,1.5071075311875917,-0.07363766127095879,6.794,1.2278713814145499,0.1473421334284695
2.529391389514963,0,1.0692068244694204,4.968399480395117,6.866701424015927,4.968399480395117,0.327676302813985,0.06785238614770794,-0.0017542968749999998,1.2763095587705995,-0.2510709446152026,5.613,1.1297400746756419,0.14698537281484125
3.0541124223252165,0,1.0613427559321478,5.330040319758544,7.412117477921545,5.330040319758544,0.33149581637040065,0.07214750329090903,-0.0107515625,1.1191758906225586,-0.22223745870518327,5.639,1.0579657304084806,0.14662861220121298
2.4185645828359954,0,1.038963255248596,4.807760145209266,6.565405440336779,4.807760145209266,0.23862942740710122,0.058373644512090005,0.0001804687500000013,1.3354845791497802,-0.2089366992329817,5.556,1.1556316938015978,0.14627185158758474
0.8451776981193064,0,1.0188285339250402,4.4982442601946175,5.932760596291649,4.4982442601946175,0.34623719916754164,0.06625774848724893,-0.006342187500000001,1.207482054782715,-0.10175201089257405,4.943,1.0988731856429113,0.14591509097395647
1.7223389279784342,0,1.0392123383279195,4.906958299341466,6.520331891233049,4.906958299341466,0.26751903694848556,0.08080462515435065,0.0072234375000000016,0.9295158149194336,-0.08577105927974733,4.731,0.9641410648700479,0.14555833036032823
5.812805069388823,0,1.030436644312202,6.275460601932425,9.098160475664544,6.275460601932425,0.3189352126709392,0.05229280078819727,-0.01705390625,1.7309335244378659,-0.6187213861235407,8.257,1.3157599933712265,0.14520156974669995
1.00579559226375,0,1.0700319796421895,4.643133532532369,6.087465790362332,4.643133532532369,0.2617521431479165,0.07334900757619303,0.006478906250000001,1.0324662620550538,-0.004244954517726468,4.718,1.016124125430181,0.1448448091330717
4.525528321718693,0,1.0164648426027587,6.313418139448535,8.71922222060104,6.313418139448535,0.20757727946704546,0.06285902310670886,-0.005284374999999996,1.2303517417871093,-0.28419609109123695,7.003,1.1092248042692923,0.14448804851944344
1.604735674794993,0,1.0041085556797862,4.612742907548035,6.195664722967882,4.612742907548035,0.28337333237332996,0.07920983813738951,-0.008324609375000002,0.9546080458006287,-0.05596560151761351,4.507,0.9770759156390434,0.1441312879058152
5.065437938922557,0,1.048449640269999,5.865384962716401,8.489531436044329,5.865384962716401,0.3218127954343071,0.0533015620220833,-0.004746875000000007,1.7001880523339843,-0.007548740059724514,7.648,1.303921234260816,0.14377452729218695
2.3293356379509893,0,1.0062963607856774,5.326435580521934,7.209919078813157,5.326435580521934,0.24742319401316312,0.06902005993471334,0.015246875000000003,1.2534914523339844,-0.21846104916676873,5.964,1.1196981376832107,0.14341776667855868
3.686181519661641,0,0.9636153152680027,5.7410024452263055,7.935424326649238,5.7410024452263055,0.3074104213566605,0.06994599044441537,0.004476171875000001,1.2524599658384705,0.14547132105046476,6.425,1.119142529775866,0.14306100606493044
1.5132364742271633,0,0.9909452454957236,4.52407947889373,6.029919185121393,4.52407947889373,0.29788054336548053,0.059173530562072786,0.008271874999999998,1.1999893190527344,-0.31478186667794783,4.956,1.0954714706320516,0.14270424545130217
1.6863364624569561,0,0.9231612525867058,5.732366059301051,7.58274213822137,5.732366059301051,0.31952297947742014,0.07869476063665373,-0.004079296874999998,0.8216023198838804,-0.3630226670802383,5.196,0.9064319944413232,0.14234748483767393
1.140074490117141,0,1.0110314977157129,4.0871897919161695,5.358405951218104,4.0871897919161695,0.2971579973201832,0.07179731636226978,0.018221484374999996,0.9171845614915466,-0.026038627087439325,3.915,0.9578708597636609,0.14199072422404566
1.2558021794956407,0,1.0470281088167213,4.8653677232942485,6.35645185510759,4.8653677232942485,0.3087262511514187,0.07020236966800089,0.0018386718750000002,1.046411584520111,-0.5058287061768582,4.977,1.022944263014547,0.1416339636104174
1.0728359145603976,0,1.010385984555203,4.75764801713593,6.272334712606827,4.75764801713593,0.251328587718912,0.06605442556082071,0.002053125000000003,1.0568393518652344,-0.3505110343672786,4.891,1.028028971959205,0.14127720299678914
1.6575161856610796,0,0.8501114640684589,4.785085109276472,6.34989501959351,4.785085109276472,0.26472011024427006,0.08308004756569377,0.013356640625,0.8365292888230897,-0.24508699994861785,4.377,0.9147172725339098,0.1409204423831609
3.174714078177553,0,1.0202047589031973,7.268546547269321,9.559684232747282,7.268546547269321,0.31881525305819924,0.10846475249782878,-0.0056531249999999976,0.7847367874902342,-0.5954737975205799,6.439,0.885871743150497,0.14056368176953266
2.971039390868036,0,0.977934428542168,5.483327062170472,7.603904016981171,5.483327062170472,0.32304626412032944,0.05002096664452324,0.002601562499999999,1.8598633631225585,-0.5007081908703378,7.478,1.3637705566736655,0.14020692115590438
2.4353502226388377,0,1.046317985323929,5.275823602759784,7.397732501047225,5.275823602759784,0.23966336580076752,0.05641413283086411,-0.0009742187500000083,1.628682548554077,-0.31406244050409526,6.733,1.2761988472241501,0.13985016054227614
0.7204987869527364,0,1.0197980908176463,4.251073401005009,5.513659484109318,4.251073401005009,0.3150592044616921,0.08012228528232708,0.0008941406249999978,0.9379164571531676,-0.3303604125842822,4.117,0.9684612829848311,0.13949339992864787
1.8323072514206453,0,0.985229211779347,5.176177749568361,6.898284662811529,5.176177749568361,0.20060733990873528,0.0811946729375391,0.0014683593749999935,0.8653128193113708,-0.07681462830144842,4.815,0.9302230782939246,0.13913663931501963
2.1645140414265382,0,0.9962537404524897,5.366547048845433,7.249137077376467,5.366547048845433,0.3275204875736963,0.07445091677154682,-0.014148828124999999,1.049771421990814,-0.38973092926133984,5.499,1.0246812242488514,0.13877987870139136
5.938195164704487,0,1.0019610342663874,6.693074119363446,9.939333408331983,6.693074119363446,0.2998359846615159,0.05744522551391742,0.01622070312499999,2.1898053493370058,-0.36993884118745624,9.905,1.4798879891893424,0.13842311808776311
1.4649667868169773,0,1.051130047820082,4.116708909263218,5.5241562090877165,4.116708909263218,0.23049581482914258,0.08107786422033839,-0.004179687500000008,1.1037355505249022,-0.1062863546833165,4.325,1.0505965069009606,0.13806635747413484
1.2477296838262895,0,0.9563304973089398,4.071472955888328,5.342805892072917,4.071472955888328,0.30321183989986167,0.09865243009056977,0.0011890625000000022,0.8614894478491211,-0.33188789966772547,3.779,0.9281653202521358,0.1377095968605066
1.7911374223337662,0,0.993344295349546,5.171069233433493,6.889760193761012,5.171069233433493,0.2408664759161055,0.09749444740896411,0.0029734374999999943,0.8569622071069336,-0.43302657395735833,4.787,0.9257273078166701,0.13735283624687836
8.593858148076217,0,1.0188320873039938,7.775565947820835,12.052397640365697,7.775565947820835,0.3148577721638238,0.046932686943012704,-0.003193359375000001,2.155190968471527,-1.0594368069993405,11.415,1.4680603414082218,0.1369960756332501
2.004211965652014,0,1.0233597272042467,5.968707208558689,7.888336791416779,5.968707208558689,0.24962801089766284,0.0811493215369967,0.00013671875000000332,1.0734415547454834,-0.184451774400475,6.184,1.0360702550684002,0.13663931501962184
5.2836480653255915,0,1.0186149738897667,6.633194433657802,9.388390410422636,6.633194433657802,0.27523972696025606,0.05700150384849882,0.012308203125000004,1.5269377405577087,-1.1073579230411172,8.197,1.2357545194826822,0.13628255440599357
1.1258663932058992,0,1.0533940278510603,4.08282652614116,5.381748821108776,4.08282652614116,0.29132434554749526,0.08505672208442981,-0.013880468750000003,0.8701696700872802,0.13297611937096493,3.809,0.9329321183773233,0.13592579379236533
1.9559826797520552,0,1.014005467389806,6.0536032730320235,7.966239333306708,6.0536032730320235,0.2192143770674506,0.09119371963411596,0.006640624999999995,0.8587673224121094,-0.33948821838122495,5.61,0.926720788755977,0.13556903317873706
1.7926771916708173,0,0.9836424602908749,4.602168209450076,6.144234607444221,4.602168209450076,0.28935959683697837,0.07107286089346701,0.010111328124999994,1.0678669309654236,-0.4275971735421394,4.756,1.0334259382857947,0.13521227256510882
2.0020736821725036,0,1.0266594832566627,5.3008258728413695,7.167541143881375,5.3008258728413695,0.3136765521909084,0.054428720111716636,-0.004042968750000003,1.6811303497161867,-0.3742631553037094,6.873,1.2965904115457971,0.13485551195148054
1.7510968136035965,0,1.0470605129331367,5.560601977308227,7.324403368114598,5.560601977308227,0.29941739966544795,0.0754238317386095,9.960937499999822e-05,1.0917134006248475,-0.2752852137712947,5.81,1.0448509035010092,0.1344987513378523
3.3053609227656064,0,1.0578828535161393,4.95874845186365,7.1223363479398865,4.95874845186365,0.31414425346192587,0.04675749022554176,-0.005846875000000001,1.987022221083984,0.0680174269319632,6.99,1.4096298829945575,0.13414199072422406
1.7227314350269838,0,1.001406672165471,4.65318686435023,6.237658918841703,4.65318686435023,0.3273837210058522,0.07789004878197703,0.006165625000000001,1.0534452702246093,-0.41481669195749954,4.776,1.0263933384216064,0.1337852301105958
8.65199095328219,0,1.0248128430252512,8.490419610545244,12.473625320050662,8.490419610545244,0.2562763505745579,0.05988191979946461,0.011759765625000003,1.64528335830307,-1.1753968447148817,10.891,1.2827398997421984,0.13342846949696754
1.2105767271875205,0,0.973558927205106,5.748018871314083,7.46556271492004,5.748018871314083,0.26466994118308523,0.09539020893302853,0.014833593749999999,0.8311453699652098,-0.28346084951477746,5.241,0.9117924135836786,0.13307170888333927
7.470273319952286,0,0.9727134815684553,7.595987888043489,10.906451421730733,7.595987888043489,0.3654964529794798,0.0662240718293171,0.0006761718750000007,1.3994718252134706,-1.416234144862542,8.986,1.1829929342231402,0.13271494826971103
3.0220356163800632,0,1.0366987440908562,5.260878741455831,7.298395334945952,5.260878741455831,0.3739879065005341,0.07353232072603151,0.008919921874999997,1.0865419721031189,-0.17640165158280047,5.484,1.042411404921001,0.13235818765608276
2.051019366745333,0,1.042401423757482,5.160313906624928,7.041735249658085,5.160313906624928,0.3412650525808561,0.06343255930982208,-0.011396093750000003,1.2337137540472412,-0.18803528072346307,5.732,1.1107851389895347,0.13200142704245452
17.11206798927864,0,1.007764551379232,9.887563822147113,15.302225433005722,9.887563822147113,0.2961065299740161,0.04370520555212385,0.006095312499999993,2.3862734612280274,-1.9875225321041945,15.274,1.5447687898395992,0.13164466642882625
2.6270427337210567,0,1.0560750315160063,4.97260942229376,6.85404094282671,4.97260942229376,0.3130146475142498,0.05813430522664098,-0.013712890624999996,1.618737859365082,0.04981755645970661,6.327,1.2723701909170835,0.131287905815198
1.4735854760188367,0,1.0788789053950014,4.445396705931159,5.978445719336321,4.445396705931159,0.34851406261648576,0.06482540017897126,-0.0043156250000000035,1.3793690456933594,-0.15993663031043326,5.221,1.1744733587069993,0.13093114520156976
5.251054979247289,0,1.0190519665879054,6.4652912954179,9.126978554503674,6.4652912954179,0.2880841781706171,0.06228414110036974,-0.0009460937500000114,1.6997133486566163,0.15653564523648947,8.429,1.3037308939156116,0.1305743845879415
4.602525884161417,0,1.0455814328835022,6.751135097471079,9.636672515207016,6.751135097471079,0.2450526796976177,0.05616234237316933,0.012937890624999998,1.5891388324705504,-0.7993999187484746,8.511,1.2606768902000127,0.13021762397431325
1.361750172491039,0,1.0057553751078643,3.982773691867897,5.388366266863012,3.982773691867897,0.31371081831564257,0.08119720275376963,0.002387890625000008,1.006143316337738,-0.42623030869914813,3.995,1.003069797351797,0.12986086336068497
4.46007742941582,0,1.05326769985214,5.865796949316577,8.191005754321727,5.865796949316577,0.2591627437778978,0.05854906156499414,-0.010148046875,1.2979393956602476,-0.2058430654822903,6.683,1.1393166278588343,0.12950410274705673
4.265522974376646,0,0.9543577893937417,5.990286390827248,8.539466489678153,5.990286390827248,0.2756624919367669,0.05580007274050468,-0.004299218749999993,1.6781218292181397,-0.5127523716958875,7.76,1.2954305510138318,0.12914734213342846
8.75385296853604,0,1.0747121045995134,9.178161102768483,12.662260968715108,9.178161102768483,0.22751120820557102,0.07468215912425064,-0.007415625000000004,1.2866338655371092,-1.241588715003697,10.411,1.1343230831783553,0.12879058151980022
1.949016273602922,0,1.0425596185874724,5.158881770927322,6.9533285783894865,5.158881770927322,0.3251978055077436,0.0642367386213743,-0.004259375000000002,1.4229783639746094,-0.3526317480733684,6.154,1.192894172275982,0.12843382090617195
1.007749832147681,0,1.020472532248021,4.1356153735110786,5.383402835411231,4.1356153735110786,0.27254993239019454,0.07573180235210987,0.001278515625000004,1.0835909626634217,-0.26137571143329563,4.305,1.04095753864681,0.1280770602925437
1.4774879346787477,0,1.0380718371912852,4.4261119452251565,5.971196696871839,4.4261119452251565,0.37788188369956965,0.05950913181903697,0.02275234374999999,1.7398145589788818,-0.48766208667607863,5.839,1.3192165205624888,0.12772029967891546
1.8826866759580474,0,1.0599437280929194,4.614285353952595,6.245829710484622,4.614285353952595,0.2571301892455716,0.061333430585843014,0.002208203125000005,1.5254115445420837,-0.2889940532252129,5.699,1.235077495828956,0.1273635390652872
2.8033187090296936,0,0.976332041419155,4.8787367402625295,6.834830328309022,4.8787367402625295,0.322112123316534,0.06276931482782004,0.0014734375000000008,1.4167336805444335,-0.31197232021914245,5.807,1.1902671345385036,0.12700677845165895
1.7393215515835507,0,1.0478363016952146,4.46479996044861,5.96954845289703,4.46479996044861,0.2647831455097373,0.06748852400087058,0.006391796874999997,1.334582327354584,-0.47771594824212854,5.158,1.155258924406938,0.12665001783803068
2.645664766124825,0,0.9988174009009249,5.906410058061662,8.065822594582409,5.906410058061662,0.3025211918346524,0.06830727657148036,0.0022421875000000037,1.2902287100952148,-0.32652456522290474,6.709,1.1358845616963018,0.12629325722440243
5.881013049831131,0,1.0341332755628634,7.055641733558384,9.875177568421885,7.055641733558384,0.28246042244433495,0.0675613360799357,0.004664062499999998,1.616961376989746,-0.3803859496204867,8.972,1.2716065155812744,0.12593649661077416
1.9374176809945487,0,1.0131549527807975,4.940312148271644,6.726755420571511,4.940312148271644,0.28302394425021776,0.057746923085747796,0.01368515625,1.554534357904663,-0.11799559113872657,6.16,1.2468847747110596,0.12557973599714592
1.7045136767194657,0,1.0207321528957038,5.040602000875055,6.777995334685998,5.040602000875055,0.32581137891104284,0.07955924084823879,0.001712499999999996,1.13538817828125,-0.13936450563829955,5.371,1.0655473292808255,0.12522297538351765
5.452204790742439,0,1.0448681255081265,6.08936652471165,8.836901724166548,6.08936652471165,0.30454680053115735,0.053219148510465095,0.0013023437500000019,1.6843769734320069,-0.6706061430232189,7.903,1.2978361489538077,0.1248662147698894
8.958517988262248,0,1.047044425272459,6.95592834677444,10.291881443579982,6.95592834677444,0.3059939466119234,0.06906159186751444,-0.013181640624999994,1.7559827150535583,-0.7733499928847242,9.218,1.3252005398063815,0.12450945415626115
1.1196658391645649,0,1.0463743730727406,4.180158955572696,5.58262327101179,4.180158955572696,0.3088747356549549,0.06258517485323924,0.004921484375000002,1.2262533028196716,-0.24658120516178192,4.629,1.1073741571068583,0.12415269354263289
6.285587937940109,0,0.9985056034802103,6.763479169804374,9.631906125584969,6.763479169804374,0.2731024919507046,0.08552352139133403,-0.002903906250000001,1.0392611759222412,-0.9841075652729294,6.895,1.019445735973107,0.12379593292900463
1.2864501580361294,0,1.0507933794766684,4.722874026561722,6.2213705297249895,4.722874026561722,0.34138796511464437,0.07097174797875251,0.004068359374999997,1.2108400394676209,-0.04383280478640102,5.197,1.100389290667455,0.12343917231537638
9.125722300826824,0,1.0318496837546818,8.566606622611205,12.617069922053421,8.566606622611205,0.31446934729131154,0.0594550532060252,-0.0005464843749999962,1.826624886120453,-1.3137595208727613,11.578,1.3515269826258094,0.12308241170174812
1.2083574741448802,0,0.970837431652572,3.931722256338366,5.223664086871738,3.931722256338366,0.34466001707695276,0.08070831720133502,0.0016285156249999926,1.138949021764984,-0.24983224206591453,4.196,1.0672167885805233,0.12272565108811988
2.188054439481663,0,0.9777053677608043,4.970481795724234,6.767421878199992,4.970481795724234,0.20229030052220479,0.08168475144122013,0.0006613281250000089,1.335462646629486,-0.5366760362838012,5.744,1.1556223794927023,0.12236889047449162
2.8540458940073075,0,0.9700321071488242,5.402215054681758,7.434746369446614,5.402215054681758,0.25003911591396033,0.07203813611239017,0.010057812500000003,1.7345257169702148,-0.36908797035293817,7.115,1.3170523438962098,0.12201212986086336
2.2777787677206662,0,0.9597615646908013,4.75890415447163,6.396356370807955,4.75890415447163,0.26935088867626156,0.1451994689293416,0.002475000000000007,1.58694831421875,0.2852930015412625,5.995,1.2597437992876765,0.1216553692472351
2.659182297869669,0,0.9443500479986664,4.80317040258402,6.623391183368381,4.80317040258402,0.30638758695186674,0.11711132773034862,-0.003572265625000002,1.6953387783714295,-0.2138663964954742,6.254,1.3020566575434132,0.12129860863360685
2.7904792452576146,0,0.9405055578797158,6.231857380893073,8.43764887328979,6.231857380893073,0.25205211913393266,0.10028704923904075,-0.0016578124999999972,1.6413655649389647,-0.6900874495727974,7.984,1.281158972681084,0.12094184801997859
2.135544272997035,0,1.0309088618331792,5.70932403210707,7.722296100587508,5.70932403210707,0.29612706900073094,0.10107297145312791,0.013127343749999998,1.5981500189398195,-0.38735242243315493,7.218,1.2642477392084788,0.12058508740635034
1.5059273223009653,0,0.9763601955570916,4.4667308708865425,5.9193915119460465,4.4667308708865425,0.2662812704502642,0.11666648342898117,-0.005416406249999994,1.155722889887085,0.14828495935815245,4.802,1.075059173880094,0.12022832679272208
1.701414551253249,0,1.0280523668932393,4.905869139274682,6.550189380761141,4.905869139274682,0.22794704037121635,0.11982196321120547,0.005902734374999998,1.181232948742523,-0.289843798339573,5.332,1.0868614405781563,0.11987156617909382
20.53081809407671,0,0.9646050795733818,10.397846609622999,16.571799878400984,10.397846609622999,0.3027936354864789,0.09199872455534693,-0.004733984375000005,2.4001937210325623,-1.3113344485279592,16.109,1.5492630930996274,0.11951480556546558
1.5758520893281434,0,1.0283152497472325,4.720567789912593,6.327020657442786,4.720567789912593,0.27864943616459564,0.10413622514616408,-0.009139453125,1.385690174693451,-0.3395619022405726,5.557,1.1771888991563226,0.11915804495183732
1.4103458402582838,0,0.976629918573085,4.740681843904164,6.237864561223911,4.740681843904164,0.2663358388343607,0.1334656665997109,0.0031019531250000057,1.0123973751524353,-0.18676891891952488,4.77,1.0061843753833712,0.11880128433820906
6.095609467080157,0,0.9603143820642381,8.403492624405125,11.433158132774796,8.403492624405125,0.24781073935200362,0.09474862745105461,-0.007578125000000002,1.4648415032714843,-1.0973215143651285,10.171,1.2103300918551105,0.11844452372458081
2.222955343784183,0,0.9931638279961646,5.297632098039245,7.178601492368846,5.297632098039245,0.2856978755775515,0.10311283926209155,0.005855859375000003,1.3634691608641052,0.05672583690016143,6.186,1.1676915054727104,0.11808776311095255
1.9220776334110328,0,0.9563696358091214,4.790003542198656,6.39586402382358,4.790003542198656,0.2264319236027004,0.12630436815366908,0.0044984375000000024,1.2549391398413086,-0.3296189251556346,5.366,1.1202496934975033,0.1177310024973243
2.098775763226252,0,0.9726461006134413,5.9922064482502355,8.045545028456793,5.9922064482502355,0.2987795680021649,0.11005870223879644,0.011090234375000008,1.4049862609983825,-0.3475688501900924,7.103,1.1853730443606667,0.11737424188369604
1.9524288864689527,0,1.0413663599315952,4.725439133826594,6.534807451736146,4.725439133826594,0.3085592285994691,0.0935875025735542,-0.015047656249999989,1.7162476922601317,0.11455086511701115,6.191,1.310142787721533,0.11701748127006778
1.1738470350749113,0,0.9396838364096276,3.8407554215117354,5.122092731243582,3.8407554215117354,0.3279172211677162,0.1022257731287593,0.0013835937499999985,1.4475649473870849,-0.08394580033525763,4.621,1.2031487280127715,0.11666072065643952
5.399371160160358,0,0.9685882531720514,7.9247772027392545,11.065180588726513,7.9247772027392545,0.28837978892316357,0.10739364744609045,0.014022265625000007,1.6103109725511167,-0.7448573184905706,10.057,1.2690577593176662,0.11630396004281128
3.9889206447639447,0,1.0118968207036485,5.803072123787555,8.063141512580131,5.803072123787555,0.2857821329948095,0.10710493660818673,-0.0004281250000000056,1.3730989370214846,-1.06408126652564,6.8,1.171793121806277,0.11594719942918302
0.4491883835733588,0,1.0024383579397937,4.090517796854326,5.27253414300935,4.090517796854326,0.23067579588067894,0.08903688028554707,0.008886328125,1.5434427648130797,-0.02272443192465925,5.082,1.242385500414676,0.11559043881555477
2.1049046711961186,0,0.9570451218492365,5.889937990163986,7.907155173087092,5.889937990163986,0.2687311933866841,0.11292910726115943,0.0073582031249999945,1.3028269369248964,-0.2288905585195159,6.723,1.1414381630548915,0.11523367820192651
1.6093864226557155,0,1.0193106935758036,5.275338204409858,7.041025248088441,5.275338204409858,0.2916792579631464,0.0942991402666263,-0.0036390624999999956,1.3697093994116212,-0.1918814617661178,6.174,1.1703515036891696,0.11487691758829825
1.7348640465943053,0,1.0598530704858062,5.573738956519291,7.499636766052735,5.573738956519291,0.34732995669262823,0.10302528760290647,0.002800390625000003,1.2820366894529722,-0.22552404736602855,6.311,1.1322740532400384,0.11452015697467
9.56366081403687,0,0.9910261462955827,7.862063658650828,11.772425064599982,7.862063658650828,0.36618395005926685,0.06470152711172922,0.0021980468749999956,2.31452012991806,-0.9595003664511946,11.961,1.5213562900675586,0.11416339636104174
1.5734669145135047,0,1.0250328272981273,5.196516829248429,6.887531799025335,5.196516829248429,0.2809718185459824,0.10011829067414252,0.012376171874999998,1.3927510471665954,-0.22985558104164924,6.133,1.180213631846741,0.11380663574741348
1.1806933465521308,0,0.9580151303850482,4.235129382742537,5.512228731062011,4.235129382742537,0.23888533270056594,0.1302662946498113,-0.009985156250000004,0.9458111724359132,-0.14558362256982746,4.119,0.9725794958671758,0.11344987513378522
3.4948156724289845,0,0.8827617970997148,5.896090389631887,8.176600221621824,5.896090389631887,0.3219503055445175,0.08083215831410243,-0.008164062500000003,1.938372824645996,-0.5723695851246078,8.209,1.3922785197518852,0.11309311452015698
1.4886360928846525,0,1.0334124555919322,4.563249501384633,6.069406361642652,4.563249501384633,0.290467324888554,0.11711833460962923,0.007676171875000001,1.1440547744322205,-0.1514958277068167,4.881,1.0696325060724712,0.11273635390652872
2.1508677416148467,0,1.0354116518748724,4.9088254121979515,6.614724684741198,4.9088254121979515,0.2694906584416848,0.10021812319779691,0.0035195312500000005,1.3023475753997804,0.020330233851966237,5.602,1.1412098678595448,0.11237959329290047
3.1897195599104826,0,1.0065149806614124,6.059870093458825,8.195063677283102,6.059870093458825,0.2874922457589004,0.09977903178471513,0.01027421875000001,1.412757925585327,-0.46846292621039964,7.203,1.188639341918418,0.11202283267927221
1.602848453965957,0,0.9890969485423894,4.975498928744475,6.69207492733892,4.975498928744475,0.2421043575139517,0.0987958644789141,0.005105468749999999,1.5154145123138427,-0.33387684444942917,6.125,1.2310323221284647,0.11166607206564395
1.1147615203010073,0,1.011930844244453,4.377794746485809,5.795269088037493,4.377794746485809,0.22958604586477566,0.1375696302087763,-0.00175859375,1.0037489987542725,-0.03720125505938415,4.386,1.0018742892230792,0.1113093114520157
5.006641567292661,0,0.9409473674406609,5.651154356087978,8.152919154112386,5.651154356087978,0.32360170121434645,0.10962370328655462,-0.00233671875,1.4778744124017336,-0.052701856136398745,6.87,1.2156808268029278,0.11095255083838744
2.34031202587693,0,0.9945660315306641,5.449020315911397,7.363279155250917,5.449020315911397,0.28881430175612566,0.09566005824799564,-0.00031250000000000375,1.4185756781249999,-0.025386295775413476,6.49,1.1910397876566718,0.11059579022475918
1.6502733007471733,0,1.00697244119446,4.446056464174533,5.982624602156989,4.446056464174533,0.3408097047817633,0.08883079100111893,0.012197265625000005,1.6451955435081485,-0.2979182459013964,5.703,1.2827097554773936,0.11023902961113093
1.0651200381274464,0,1.013103407602719,4.319777873792348,5.763810312727288,4.319777873792348,0.279365912900529,0.10779314636034894,0.001564062499999999,1.085660947458496,-0.05117099739403332,4.501,1.0419517233298288,0.10988226899750267
2.6292297354121272,0,1.059797346514732,5.420370807892686,7.481899546517109,5.420370807892686,0.29141691557120736,0.10028368569895608,-0.004048828125000003,1.4072099308189392,0.04070951333739619,6.43,1.1862657054084154,0.10952550838387443
0.49781640417075623,0,1.0204131174781539,3.8641000381537176,4.97706586989057,3.8641000381537176,0.21196211617423863,0.13599284722236843,0.007967578125000003,0.891702710276947,-0.10721212919871687,3.649,0.9443337294506243,0.10916874777024617
1.3731602130621372,0,0.9848268286783698,4.442903620979095,5.8776150067625785,4.442903620979095,0.27105435947414863,0.13068554595025067,0.010480468750000003,1.0468380793060303,0.05763851985992673,4.546,1.0232047300180205,0.10881198715661791
1.7052708587543721,0,1.0212778319299554,5.891070431601202,7.831809105132153,5.891070431601202,0.28462743086577275,0.09067354830671309,-0.002233203125000001,1.4718300397569277,-0.36196226984045016,7.147,1.2131920816396409,0.10845522654298966
1.7171929438803843,0,1.0478973251174923,4.711311216599661,6.294491302681602,4.711311216599661,0.2624763313364116,0.10724991306147899,-0.0018503906250000029,1.1603452389451598,-0.38182340414628724,5.075,1.0771948119493637,0.1080984659293614
3.4363631972484745,0,1.004865069896446,5.335835630987616,7.33663181827426,5.335835630987616,0.2822806766105196,0.08072542782791454,0.016828515624999995,1.6743607334837343,-0.6532428674906282,6.905,1.294080342336547,0.10774170531573314
0.6181408100118944,0,0.9865092719574388,4.024274088989943,5.20451708657885,4.024274088989943,0.19248152607279614,0.12750328143515796,0.008435156250000003,0.986419994232788,0.09046736655302168,3.997,0.9932226065156541,0.10738494470210488
7.517942434143592,0,1.0076423539185069,6.917752066511122,10.108661288661079,6.917752066511122,0.30461659089276366,0.08305994375754994,-0.000807812499999995,1.652594974001465,-0.6366346120494758,8.893,1.2855332071022125,0.10702818408847663
2.8671874402803903,0,1.0290230986395605,6.142445393480123,8.270809247761242,6.142445393480123,0.2751847946088222,0.09834282323854267,0.012185156249999997,1.320550236810913,-0.5189143057414883,7.059,1.149216565684532,0.10667142347484837
3.1787291328313234,0,0.9725878029863922,5.498893054526624,7.586218300463608,5.498893054526624,0.3237756428761899,0.1023526275431192,0.011235156249999994,1.5335852822015381,0.12962143620812103,6.81,1.2384310683027537,0.10631466286122013
6.2346306685851225,0,0.9744585602490093,7.6332195079610425,10.867213202543462,7.6332195079610425,0.22811510739028912,0.09765988724707401,0.012212109375,1.4260925639939879,-1.1288135767011531,9.116,1.1942536161173534,0.10595790224759187
3.907513074935501,0,0.9745272079529207,5.3865901125433355,7.70742696665593,5.3865901125433355,0.22939650900980685,0.09488073179117165,-0.0028289062500000046,1.7212355379144284,-0.28392677516125964,7.067,1.3119617146186089,0.10560114163396361
1.4608035377988005,0,0.9791783637079134,5.845758715496586,7.667578213108,5.845758715496586,0.2364800630248497,0.11068379271009066,-0.00019140624999999106,1.2087453461761475,-0.5077085566908596,6.427,1.0994295715563138,0.10524438102033536
4.758135572560631,0,1.0426777436479224,6.4312203025786685,9.100143049687029,6.4312203025786685,0.31450105844450305,0.08343408959259092,-0.005233593750000005,1.78731645090271,-0.4114266469549288,8.598,1.3369157944336845,0.1048876204067071
1.80872575743801,0,0.976748239150384,4.829560459305633,6.479001900981269,4.829560459305633,0.26714149156509986,0.13046034895479452,0.005799999999999997,1.1286931029687501,-0.0414473766526061,5.131,1.0624155227446321,0.10453085979307884
2.2417673921019636,0,0.9906882998810761,4.97050058747001,6.633671521243891,4.97050058747001,0.2295334196509388,0.11401162185946531,-0.007345703125000004,1.1172719715049744,-0.3679172166997924,5.254,1.0570363905085647,0.10417409917945059
1.1762162597943524,0,1.0039227469711025,4.422191958955289,5.807649264980174,4.422191958955289,0.2198309116550239,0.1218515936959606,-0.00018085937500000315,1.0952455731492616,0.2565992062716842,4.628,1.0465398252619798,0.10381733856582233
3.5771121393705094,0,1.0394514519125528,6.358483557967021,8.888844044658128,6.358483557967021,0.2572275861762773,0.09070645424483889,-0.016332031249999997,1.6868604639739992,-0.2525451323131143,8.259,1.2988946066632003,0.10346057795219407
1.4173757475964877,0,0.9586993219169514,4.090973644011143,5.44244970775778,4.090973644011143,0.24218643014366223,0.11527578370814259,0.011142968750000001,1.2071503381536863,-0.03627297350821547,4.495,1.0987604397257165,0.10310381733856583
3.272301188969383,0,0.9767514364690199,5.381164177276625,7.385359763793576,5.381164177276625,0.28167952024667237,0.09786019345822482,-0.004037109375000007,1.2833109982322692,-0.39763464468111825,6.096,1.1328403667262106,0.10274705672493757
1.3628798163613842,0,1.0329498366797047,4.794484097865599,6.292416937225961,4.794484097865599,0.2928967822295352,0.10283466784726294,-0.01371953125,1.2482283541497803,-0.19453558591011713,5.357,1.117325637264043,0.10239029611130931
1.973541759446488,0,0.975414215814155,4.602207210814676,6.22206723071381,4.602207210814676,0.2418654658983606,0.10001829648010753,-0.004359374999999997,1.4240424130371097,-0.11229273627385274,5.492,1.193340444796664,0.10203353549768106
2.3344199947071704,0,1.0088967728259808,4.440165813163761,6.067406298529597,4.440165813163761,0.2786739902876546,0.10755855211646416,-0.0067710937499999985,1.4905518194769285,-0.060166595443885404,5.421,1.2209003510473326,0.1016767748840528
0.8160371216807314,0,1.0088253762558768,4.29175842277641,5.623001153890687,4.29175842277641,0.3125965530806288,0.12806519888717238,0.0009984375000000086,1.0515545070288086,-0.09902630550906101,4.401,1.025453803886967,0.10132001427042454
5.662722678654081,0,0.9969941108671703,6.157352757313242,8.91856912040729,6.157352757313242,0.2694133812883695,0.09665051883102095,0.00017773437499999726,1.6328286938011172,0.4262761849082869,7.868,1.277821867628906,0.10096325365679629
17.634476088687293,0,0.9781675886532978,9.464004586634895,15.526322995322271,9.464004586634895,0.2916826497706552,0.06401407830935954,-0.017184765624999997,2.7608334365647886,-1.4014048794686742,15.726,1.6616644525097042,0.10060649304316803
1.9856231249333698,0,1.012608788773622,4.686976964704059,6.332121207471094,4.686976964704059,0.3008984109678157,0.13382429184801847,0.0025621093749999954,1.2110851625486756,-0.09819830188465381,5.158,1.1004961276411311,0.10024973242953977
0.47922616137898855,0,0.9684310203399662,3.792432883000727,4.888397987848165,3.792432883000727,0.2290761536226953,0.14484100174547876,-0.007325000000000007,0.9803029412500001,-0.10389302142642412,3.755,0.9901295859002497,0.09989297181591153
1.0777931451186005,0,0.9680193939033699,5.357604022628368,7.011830217027303,5.357604022628368,0.24358978502248904,0.14691128691225913,0.005867578125,1.058048233636322,-0.2244718570053561,5.511,1.0286314510597927,0.09953621120228327
4.172169599542324,0,0.9555206553636045,7.093600007436557,9.765272809436725,7.093600007436557,0.20754711585761962,0.12116835242959614,0.015562500000000007,1.6209498609374997,-0.6100768128799372,9.032,1.273260402409401,0.09917945058865502
2.143151845126231,0,0.8746369491741963,5.553864585564473,7.358004402606336,5.553864585564473,0.30635089094783413,0.1607406446173037,0.000219140625,1.4653306547117615,-0.2660726339333843,6.723,1.2105084480227204,0.09882268997502676
1.5415020644500004,0,0.9413339138742043,4.681699024491034,6.2072813409374135,4.681699024491034,0.31708784305475884,0.16027227644755668,-0.008286718749999991,1.5378985607611084,-0.2751922136057944,5.806,1.2401480679615438,0.0984659293613985
1.4743871889142035,0,0.9052771227480663,5.151425830426517,6.780310081642422,5.151425830426517,0.25356249681427906,0.15906176721917337,0.006328125000000002,1.5309388915527342,-0.09802776915150976,6.374,1.2373273361236106,0.09810916874777025
1.0768587445319762,0,0.9194799730823938,4.873173951805798,6.323876100842245,4.873173951805798,0.28248840773775685,0.17838060854694143,-0.0026757812499999993,1.4727760081634522,0.03464344853083214,5.914,1.2135827816711764,0.09775240813414199
1.3841646757702444,0,0.9189073552130057,5.034368518187514,6.636674267237852,5.034368518187514,0.2748139597015775,0.18701673855718198,0.015383203124999995,1.35511952620224,0.14897288272728756,5.861,1.1641976503758393,0.09739564752051373
1.372932528166647,0,0.9133595010639205,4.529838552963546,6.002948759654691,4.529838552963546,0.2626058551807761,0.18189527109069878,0.011944140625,1.7066645691453552,-0.3962682934450782,5.918,1.3064483271988314,0.09703888690688547
0.8168551140953189,0,0.9363146901457027,4.02539606486271,5.215486506258802,4.02539606486271,0.29638609048041353,0.17597546376984002,-0.00644296875,1.4456428654974363,-0.06253737871018013,4.84,1.2023661577671545,0.09668212629325723
1.1482769654737117,0,0.9238080918503393,4.409559432254314,5.788457108579811,4.409559432254314,0.2129695737645192,0.20165497456003129,-0.0028792968750000003,1.4610381389463805,-0.06605496199099996,5.33,1.2087375353222365,0.09632536567962897
2.3891496114267428,0,0.9705024580840689,5.280312649177132,7.118417912918982,5.280312649177132,0.29241330962054923,0.1700494878523059,0.009344531249999993,1.6838093281732178,-0.09629837670850154,6.852,1.297650433837056,0.09596860506600072
2.7210700638414984,0,0.9508595822315651,5.759991532024858,7.790299901362044,5.759991532024858,0.31662978191027064,0.18038352914593894,0.004170703125000003,1.7800811853135676,-0.13237504441212555,7.685,1.3342033503473618,0.09561184445237246
1.184552974002269,0,0.9237113773260142,4.4846916471383995,5.906614040508822,4.4846916471383995,0.29285103919939665,0.17272614480363185,-0.0019003906250000021,1.9050891310935973,-0.009705693105354202,6.19,1.380250970866576,0.0952550838387442
1.1849366267179242,0,0.8946063937566052,4.788585381010368,6.265740428373735,4.788585381010368,0.23169491554466257,0.18915951239880344,-0.0008976562499999997,1.4109267153070069,-0.19019339440598693,5.688,1.1878247013317031,0.09489832322511595
0.6428134964904002,0,0.8906591494511711,4.972159992689268,6.41106584570475,4.972159992689268,0.3676156550530289,0.20583160416010268,0.004849999999999998,1.2999147321875,0.005673514483036639,5.669,1.1401483476668728,0.09454156261148769
1.4013619441564744,0,0.9535495262841712,5.107373791092913,6.725809020041685,5.107373791092913,0.3416591616381369,0.20844267770307884,0.007430859374999999,1.213345279594574,0.03656064170011883,5.626,1.1015445961310986,0.09418480199785943
0.8065465552989939,0,0.8870872732316292,4.080902459554532,5.303656900643749,4.080902459554532,0.31076545297218344,0.2013820313601815,0.0017859375000000017,1.3252949729272463,-0.15587120870876306,4.698,1.1512159495507348,0.09382804138423118
0.9581142893848154,0,0.9593747429218944,4.374355599133486,5.70824531953301,4.374355599133486,0.23826809808845315,0.20134511604872224,-0.0013585937499999978,1.2732729214105225,0.019384235971752845,4.936,1.1283947745303946,0.09347128077060292
0.6928721956688526,0,0.884344589221698,3.971426498107889,5.14330300563895,3.971426498107889,0.2944872335313965,0.2036287272237995,0.016742968749999997,1.3048218081536864,-0.26064915140870953,4.537,1.1424106683484052,0.09311452015697468
3.5189806956537346,0,0.8767614731979496,6.627933744920779,8.914180767671079,6.627933744920779,0.2641118614615054,0.17077301420468774,-0.008171875000000002,1.5726653251464842,-0.30089285796269905,8.312,1.2540861631831761,0.09275775954334642
0.9703882760115397,0,0.9251716791308153,4.3661955439280735,5.711167270053779,4.3661955439280735,0.2814799736232926,0.17126911374526232,-0.007561328124999997,1.4205310548326113,-0.022054274378569907,5.204,1.1918843184284391,0.09240099892971816
1.2424106879876469,0,0.9037097885402423,5.88563401462598,7.592505850557331,5.88563401462598,0.27077824052085675,0.21934657128455912,0.006691406250000006,1.2373212180511477,0.09882144555593562,6.547,1.1123695397523028,0.0920442383160899
0.7463052709162792,0,0.9380852104450562,4.154842232991695,5.347216925602295,4.154842232991695,0.29839147171343644,0.1771849486349429,0.01183125,1.4707481465234373,0.0925305777483099,5.039,1.2128017665719324,0.09168747770246165
0.2855779777690217,0,0.9262216142243357,3.461366511892013,4.4365593235285115,3.461366511892013,0.2608541854663635,0.19763658016479124,-0.007451953124999999,1.2007440008164978,0.004187954441280509,3.793,1.0958099891960627,0.09133071708883339
6.510474822939944,0,1.009129593059278,6.850731517736572,9.733142600437583,6.850731517736572,0.31766452589685235,0.12864211481953325,-0.005301562500000004,2.0963126848413087,-0.8902963840623682,9.919,1.4478745772359738,0.09097395647520513
5.495810130619139,0,0.9464317143866051,6.120115575910848,9.021564507687524,6.120115575910848,0.22005916832564748,0.12971907813449626,-0.002025781249999993,2.3051457048040773,-0.41730608138517683,9.292,1.518271981100142,0.09061719586157688
1.404819317074419,0,0.9090359223590414,4.645735138170243,6.101388927680475,4.645735138170243,0.2476936029980323,0.1664584215703295,-0.0009503906249999971,1.6062992846482849,-0.3374358520275748,5.888,1.2673989852807304,0.09026043524794862
4.376606031608333,0,0.9827267077489358,5.958051026314932,8.286026769824089,5.958051026314932,0.32656365865556286,0.12662392423851826,0.0017660156250000046,2.1602381714231873,-0.6763463071810939,8.757,1.4697759319822785,0.08990367463432038
0.26572186186403,0,0.9729043424427049,4.024076885602318,5.09680371071592,4.024076885602318,0.21731275199075256,0.1965203815030724,-0.0049960937499999945,1.1322731585784913,-0.11784636479814037,4.282,1.064094976743735,0.08954691402069212
2.479421895070648,0,0.9502799411084141,4.981830763290685,6.7537050451916345,4.981830763290685,0.22908780013485572,0.15713070873930512,-0.005195703124999999,1.4111191097471618,0.15867895036510407,5.918,1.1879167079716173,0.08919015340706386
1.682240983822096,0,0.9609371917703542,5.387125125049686,7.1474454910197185,5.387125125049686,0.24706655202591446,0.17848227425867827,-0.002902734374999996,1.2783807159300231,-0.1790527145383173,6.091,1.1306587203028484,0.0888333927934356
1.9458648790818867,0,0.9334237046219881,5.117213377194265,6.7798642723375755,5.117213377194265,0.23882831109321728,0.17938657614967493,-0.010644140624999998,1.6054186776609805,-0.2333427567505639,6.484,1.2670958824771805,0.08847663217980735
1.9317158153554352,0,1.023967461221128,4.552035720471901,6.190458697426445,4.552035720471901,0.22939891641252821,0.14688340372968534,-0.010638281250000006,1.769834431659546,-0.0653908313018032,6.056,1.3303937780550161,0.08811987156617909
2.055426244185801,0,0.9317598488878939,5.607891498394562,7.393406895763305,5.607891498394562,0.32293017728099344,0.2122681191429056,0.0024785156250000037,1.1302704628196716,-0.04064085289838146,5.962,1.0631446777646845,0.08776311095255084
1.1429874141632101,0,0.9196853290068738,4.645398547857941,6.131267715135554,4.645398547857941,0.25201771582929405,0.18577420625590899,0.0006835937499999972,1.253027393637085,-0.3238707176976105,5.2,1.1193872703124241,0.08740635033892258
3.6107452749912454,0,0.9617150086442052,7.196335205126737,9.687259541904268,7.196335205126737,0.23802897788906285,0.16395694867909835,-0.012617187499999998,1.43331081673584,-0.3352507466021277,8.616,1.1972760793385333,0.08704958972529432
0.4318148548140379,0,0.9598630122461455,4.030291223078699,5.152286716529634,4.030291223078699,0.2786229344322317,0.17528007187975114,-0.006066796875000005,1.1665161990538024,-0.24938899628110658,4.353,1.0800708333614628,0.08669282911166608
1.4532951763211974,0,0.8919711864998676,4.799221084110893,6.231891919039728,4.799221084110893,0.31551489812034206,0.19368722726324142,0.011814062499999996,1.019870653708496,-0.32284834909653337,4.847,1.0099555563396094,0.08633606849803782
5.715839121795126,0,0.9263408302599899,6.860486892506606,9.677731876018036,6.860486892506606,0.249875443137656,0.16820160491356287,0.010426562500000005,1.3620564813256837,-0.3836232086600048,8.007,1.1671183292756782,0.08597930788440956
2.989574716144891,0,0.9917292592716002,5.561987546148947,7.5111377481059804,5.561987546148947,0.2651326538453591,0.15607919946172397,-0.003947656249999999,1.2931705386663819,-0.9327851868132112,6.325,1.1371834164532342,0.08562254727078131
0.900833914100093,0,0.9636174071628786,4.659477571054381,6.023466686766046,4.659477571054381,0.3248314485933386,0.18892793667527816,-0.0149125,1.0368235259375,-0.32990411353227395,4.745,1.0183545102731906,0.08526578665715305
4.642897594720423,0,0.9809288427528224,6.451016106142185,9.238664740633132,6.451016106142185,0.26893095021390034,0.12499168837172843,0.005203906250000005,1.8625052295159914,-0.8380675775707864,8.804,1.364746243869625,0.0849090260435248
2.3917244006104115,0,1.017931989379561,5.15473942135914,6.975712670089027,5.15473942135914,0.29309353570684354,0.12911762975612556,-0.010961328125000004,1.643714276238861,-0.5294149858281114,6.609,1.2821210656381576,0.08455226542989654
1.2761661900783645,0,0.94011811998225,4.605034462203286,6.011795294565287,4.605034462203286,0.2458857919997968,0.1948928745381155,0.014131249999999998,1.0592757976171874,-0.17042175093483952,4.74,1.0293082579304171,0.08419550481626828
1.264636611020367,0,0.8970087546443589,5.760764489583081,7.454852284710611,5.760764489583081,0.23806485089155519,0.19865416663876817,-0.002544921874999999,0.9459714511070251,-0.4223143704227105,5.603,0.9726139664503975,0.08383874420264002
0.8720407594930202,0,0.9671907746294355,3.8820256445443477,5.095346106540956,3.8820256445443477,0.29982686097930666,0.1507499159742844,-0.009115625000000006,1.3857649077246095,0.06144867454375818,4.57,1.1772204561354471,0.08348198358901178
1.2979338317193774,0,0.9970803265437403,4.920775283330812,6.487644946193106,4.920775283330812,0.29188097304042726,0.15697212268807864,0.004270703124999999,1.4046312497666933,-0.18365302414589127,5.832,1.1851790956103956,0.08312522297538352
1.650088120977788,0,0.9608914540706557,5.072817067919284,6.664866471918327,5.072817067919284,0.2916983873521454,0.15699277331574557,0.0076796875000000025,1.2744883403686524,-0.3706049355422248,5.727,1.128958510295551,0.08276846236175527
1.5647776850023396,0,1.0435539651398906,4.757048481161277,6.333201619683195,4.757048481161277,0.23776434594278628,0.13998518163657,0.007827734374999996,1.4061061886839294,-0.28485190762608675,5.641,1.1858193210221257,0.08241170174812701
1.3900114858632406,0,1.015511705629992,4.693085020388382,6.223806568976801,4.693085020388382,0.21843754751581798,0.16037987792000058,-0.00515429687499999,1.2088516703330994,-0.3721700638654714,5.16,1.0994899895448684,0.08205494113449875
3.0857343370647037,0,0.9814703757098296,5.388813117944662,7.4298655183058,5.388813117944662,0.2567712676643111,0.1485568974878146,0.012689453125,1.6265351414512637,-0.015653286868749575,6.873,1.275419995010222,0.0816981805208705
2.9050369654407326,0,0.9608659167326123,5.062920349924948,6.919574411871847,5.062920349924948,0.26455835837753006,0.14972641575649326,-0.0009230468750000005,1.4407081921250913,-0.730207019837663,6.077,1.200295398700097,0.08134141990724224
5.868429238778756,0,0.985387645667317,6.553794211715206,9.313833278221562,6.553794211715206,0.2802207951374062,0.13971840736586838,0.004245312500000006,1.7500405890405273,-0.9907765765290566,8.67,1.3228978084941971,0.08098465929361398
10.630931785306007,0,1.0038631851101945,8.582859271966715,12.833434766130566,8.582859271966715,0.2736026822728918,0.11616129565696731,0.006821093749999998,2.207066164086304,-1.347226001642304,12.751,1.4856354503734253,0.08062789867998572
3.9496571775343625,0,0.9564712590853889,6.5859436330281085,8.972195817490494,6.5859436330281085,0.2624401618599802,0.16039233240439316,0.010469531249999994,1.3144277131341553,-0.4196253417778211,7.551,1.1465327401425351,0.08027113806635748
1.6842545130085886,0,0.9973309843483181,5.197635547007954,6.8839174652798265,5.197635547007954,0.2495522221867715,0.14401175564559468,0.11861250000000001,1.6248366975,-0.4551635100038649,6.654,1.2801974936142666,0.07991437745272922
4.539932978199642,0,0.9947126070364942,5.8017114494382325,8.354423806704116,5.8017114494382325,0.22421614052529462,0.11844910161404133,-0.00013515624999999588,1.8042515942327881,0.2741003431017509,7.793,1.343224334390946,0.07955761683910097
1.2065015404846235,0,0.9594985267728603,4.179831531400283,5.520803044517472,4.179831531400283,0.23104866979463315,0.16121863812446366,-0.01451171875,1.2733341217376708,-0.411787663238369,4.717,1.1285143825927741,0.07920085622547271
1.8852869144852633,0,0.9544993801342214,5.54073552182585,7.306248085163486,5.54073552182585,0.30069460239540197,0.14919639440591664,-0.0035375000000000016,1.4898422509375,-0.5742270352271444,6.763,1.2205960694856222,0.07884409561184445
1.645988920201411,0,0.995397917396046,4.794872587248816,6.36923564005472,4.794872587248816,0.28174537152051643,0.12911229190312973,-0.0003339843749999946,1.8326057685325623,-0.4695726617634542,6.491,1.3537377442023715,0.0784873349982162
2.2335463300826177,0,0.9663278397288898,5.16014592838981,6.8777268625820485,5.16014592838981,0.28893508463626955,0.14698563241886306,0.00011406249999998952,1.385560851052246,-0.2522934540458869,6.074,1.1770984937814253,0.07813057438458794
3.682602870869328,0,0.9821668981503002,6.378694417832138,8.701035049625814,6.378694417832138,0.24352261017287113,0.15029220126015194,0.021591796875000003,1.5689519314170837,0.028391677980006327,7.991,1.252764198526353,0.07777381377095968
4.84475734374666,0,0.946268734033572,7.074445977750965,9.567488439344674,7.074445977750965,0.2315224556668194,0.14199235273673355,0.012466796875000002,1.5257886270225525,-0.8893300144086039,8.739,1.235291078267335,0.07741705315733143
1.7071495787075044,0,1.003345823330676,5.793236852674331,7.661676007974373,5.793236852674331,0.3102667039202378,0.1302839706113395,-0.0084109375,1.597777386599121,-0.4454144776147342,7.323,1.264060176759299,0.07706029254370317
1.7910068957796685,0,0.9840476041384552,6.2514892941627815,8.260909948914623,6.2514892941627815,0.30517611347120066,0.14186852679569767,0.005527734374999998,1.4542912070433045,-0.36225276339500184,7.539,1.2059526370843199,0.07670353193007493
0.8616264062354726,0,0.9541304084029929,3.9197510682379253,5.103436557877319,3.9197510682379253,0.2687004680692036,0.14866822342610225,-0.005998828124999996,1.2801417621080016,-0.14591618348980692,4.435,1.1314494014523473,0.07634677131644667
0.4496108278244284,0,0.9648382239318556,4.188422132378736,5.377092849746612,4.188422132378736,0.2687749651022435,0.1303225163736502,0.0019328125,1.4589061501733398,-0.21949145903543166,5.059,1.2078534207168932,0.07599001070281841
0.9352673978734884,0,0.9577923519572034,5.031293614650755,6.474318635034826,5.031293614650755,0.3094410121741457,0.14655747910871333,0.0008714843749999923,1.310190904968109,-0.16696339921661973,5.759,1.1446360401687188,0.07563325008919015
0.7594526126223542,0,1.0220377436850117,4.201331224550236,5.433292590852862,4.201331224550236,0.2457276934172057,0.12780000065434194,0.015760156250000008,1.5187252971624754,-0.2104535398734938,5.178,1.2324665024606145,0.0752764894755619
4.166113778096734,0,0.9356292720108519,7.641764370727545,10.247930790277445,7.641764370727545,0.21824148294266962,0.12286254861005858,0.0032148437499999972,1.804380542123413,-0.6517406850287124,10.265,1.3432761731467397,0.07491972886193364
1.777206457851002,0,0.9383976623857603,4.466159439806033,5.973401327036188,4.466159439806033,0.28100263616203786,0.14877619289724817,0.010200781250000002,1.3316388198431397,-0.6248259926785532,5.154,1.1540116445605086,0.07456296824830538
0.9221247030762267,0,0.960843161787508,3.9350679257244203,5.120279213301126,3.9350679257244203,0.23562098690858146,0.13539224787406853,0.00651015625,1.6067080405218506,-0.2140028716229431,4.988,1.2675765943942994,0.07420620763467713
0.780300297877488,0,0.8924989561121526,3.8458099723438393,5.052631578947368,3.8458099723438393,0.2837066767913828,0.14410963644794864,-0.028342187500000005,1.3034112086889649,-0.09738922719643196,4.392,1.1420221049880122,0.07384944702104887
18.796882521986028,0,0.9033483339537367,8.370651709388374,13.84253127587181,8.370651709388374,0.28709402989963756,0.0881634071776192,0.068538671875,3.926169075848236,-2.017242947935068,16.596,1.9826413254521416,0.07349268640742063
1.856187789282571,0,0.9426961944050464,5.176831270347073,6.907807227447649,5.176831270347073,0.22635854528567073,0.14512067886968857,-0.007953125000000002,1.5178292282714843,-0.18185477085440607,6.378,1.2320277920845577,0.07313592579379237
1.8990865258949645,0,0.9545575102974928,4.406538896664686,5.996242620033548,4.406538896664686,0.28041026886044274,0.12157749284209375,0.006712109375,2.018104985478363,-0.14259518388331904,6.26,1.4206160768802474,0.07277916518016411
1.9007577084349467,0,0.9812585636659192,4.744052393471402,6.434846901285674,4.744052393471402,0.2521018533193627,0.11655586978010705,-0.012498437500000004,1.9406069960913086,-0.15361880915769952,6.609,1.3931127761352453,0.07242240456653586
2.209717578396922,0,0.9288588107659385,5.133837657284881,6.971034006348585,5.133837657284881,0.30973981924589217,0.11659876902124415,0.008292187500000001,1.927142191970215,-0.24072987253912617,7.127,1.388240235817904,0.0720656439529076
2.07808686883876,0,0.9723629113689282,5.433661803599142,7.242770234443232,5.433661803599142,0.22923757071804873,0.11469236839048963,0.014984765625000007,1.8978551267210393,-0.5644854119510773,7.486,1.3777081221804113,0.07170888333927934
4.6219679439442665,0,0.9884084562159788,6.97241692194136,9.6967546988135,6.97241692194136,0.3926375131142832,0.11072656017424838,-0.009652343750000004,1.8826229971038821,-0.7353274683799673,9.567,1.3721210459881994,0.07135212272565108
6.565537660774714,0,0.9555991528558487,7.028738895984192,10.168895467285461,7.028738895984192,0.21493826683981962,0.1024678829236691,-0.0028460937499999936,2.5618214099066163,-1.3049630265636416,11.25,1.6005716198146993,0.07099536211202283
0.6558244256995129,0,0.9731956716238465,3.806603150077386,4.9690952450479395,3.806603150077386,0.2548300489683782,0.10970664447685026,-0.018935937500000007,1.798165637302246,-0.029664026847777136,5.105,1.341090678153886,0.07063860149839457
2.6300226738469394,0,0.9916897679630662,5.119685505499267,7.159997996570389,5.119685505499267,0.254357464961238,0.10581459691327731,-0.00042460937499999715,2.2985855661912535,-0.6566541252385506,7.762,1.5161087515361076,0.07028184088476633
15.86328347744831,0,0.9907246889332266,9.185617442213328,14.093680870083903,9.185617442213328,0.288953409738988,0.09097058243029833,0.003294531249999999,2.344890178095093,-1.9924684588194514,14.066,1.5313069685831284,0.06992508027113807
4.4716074997863,0,0.9285587448724739,6.13387207923446,8.66706984941596,6.13387207923446,0.27359967990125456,0.11142921271877013,-0.019302734375,2.3142491610862734,-0.6855303594006371,9.332,1.5213881019124031,0.06956831965750981
7.423537962864698,0,1.0203655079697562,6.3412373469921866,9.808538594568986,6.3412373469921866,0.27174491459814126,0.0647603205045983,0.0008359374999999964,3.7979416168334965,-0.8330644093290673,12.358,1.9488310125880592,0.06921155904388156
3.7372280536082005,0,0.9656458936187516,5.86074863208958,8.302035735430296,5.86074863208958,0.2733740903369426,0.11438464023574066,0.019089062499999997,2.1254137850366215,0.1291902781270173,8.545,1.4580048619067598,0.0688547984302533
0.9474744109609254,0,0.9805980225789099,4.15493791045167,5.420464611934356,4.15493791045167,0.31677958559509495,0.14928066690549502,0.015597265625000009,1.641041178820648,0.08572557573583038,5.323,1.281126244175657,0.06849803781662504
1.8659054316384438,0,0.9577002613736071,6.523532133417215,8.598947265486167,6.523532133417215,0.32021908027144574,0.1494175246463828,-0.00688398437499999,1.7189346228684996,-0.21978781823029986,8.553,1.3110995431733532,0.06814127720299679
2.7713215352869707,0,1.0233159986114793,6.250631114745636,8.324443663011468,6.250631114745636,0.18972799846882288,0.12099162403760966,0.027628515625000006,1.7641644577024842,-0.43661558744245893,8.304,1.3285058496589786,0.06778451658936853
0.9900274644664306,0,0.9960847551862649,4.130849969700644,5.416391043272258,4.130849969700644,0.19310763088736393,0.1267366778071907,0.0058292968749999955,1.7387110696885681,0.11309924054745812,5.447,1.318614822603866,0.06742775597574027
2.8138694248677423,0,0.9690931674505299,5.674738604971311,7.757652006196759,5.674738604971311,0.32896974992347194,0.10989532655244412,0.007649999999999997,1.9953126525000002,-0.48637188541220583,8.016,1.4125760775972387,0.06707099536211203
3.952779283373343,0,0.9839859827518197,6.69495288018636,9.028824373292814,6.69495288018636,0.221029167531109,0.14361204149864573,0.005023828124999988,1.4339072927915955,-0.9397191729048764,8.017,1.1974692194961107,0.06671423474848377
1.111354929347116,0,1.0054689375546926,5.058633467919457,6.608531340532151,5.058633467919457,0.3162483816464792,0.11120173972544058,-0.005517578125000008,1.7625743582847595,0.13853301729720258,6.716,1.3276312748474726,0.06635747413485552
2.2847546605074847,0,0.9640691846613759,5.193052146633126,7.031281682611661,5.193052146633126,0.22654621449606105,0.12127036019351604,-0.0019917968750000044,1.818536147198334,-0.11359883368645532,7.003,1.3485325781949522,0.06600071352122726
2.2048671954544874,0,0.9969590220344678,5.202727083919159,6.9217663235268265,5.202727083919159,0.34972306533586245,0.13455808729580102,0.013038671875000008,1.616900302020111,-0.5305364295771362,6.616,1.2716407940076375,0.065643952907599
1.6700548160923834,0,0.9926979536128704,5.475055233856886,7.188730144283913,5.475055233856886,0.3432530878834759,0.15553168831713216,0.01291171875,1.347525650800171,-0.5264866584071473,6.356,1.160901530398358,0.06528719229397074
1.9210441021336067,0,0.9900007436351206,4.534081206707337,6.099784518481684,4.534081206707337,0.21792344926150653,0.12842008351331227,-0.03285390625,1.6071837333441163,-0.4596878170488374,5.75,1.2681731397959823,0.06493043168034249
1.6877788053794456,0,0.9906182664405416,5.519428478754091,7.289214759528839,5.519428478754091,0.35699659674270773,0.14027101684568807,-7.109375000000084e-05,1.5755331176019287,-0.00730731078463666,6.928,1.2552024229805525,0.06457367106671423
2.5428909330281675,0,0.9528234441460589,5.10178654702978,6.872181312271966,5.10178654702978,0.3010270128362134,0.12224272625159577,0.013811718750000004,1.799406952050171,-0.5487825603892643,6.844,1.3414908555875438,0.06421691045308597
2.5332365071509564,0,1.036348567935817,5.934704917608987,7.991152262576012,5.934704917608987,0.23139332057410206,0.12098490409015827,0.001627343750000003,1.8371526251898196,-0.21150822656477708,8.044,1.355417010900151,0.06386014983945773
0.6198570460537716,0,0.9264024571455746,4.065155975468474,5.221368360350198,4.065155975468474,0.2568096335113446,0.16432083154724644,0.0011406250000000034,1.2324683669433594,-0.05753193124884845,4.513,1.1101665046148483,0.06350338922582947
2.4021406118601965,0,0.9819474569340387,5.608167853501164,7.526643348826185,5.608167853501164,0.28932827520110305,0.15418148887339428,-0.0055636718750000065,1.3636349232896423,-0.4352659950266874,6.549,1.1677610533556833,0.06314662861220122
1.9069996232069508,0,1.001606941119101,5.495098304190373,7.385244390390642,5.495098304190373,0.3145646161846535,0.13848061293483693,-0.11587578125,1.672493036132202,-0.4965453473735042,7.135,1.2984299106276396,0.06278986799857296
2.0554713229579207,0,0.985400704122027,5.12160365491017,6.921202681158325,5.12160365491017,0.27719668382362705,0.14723668380077895,-0.0011277343749999918,1.4968162129808043,-0.381606432502373,6.266,1.2234449251051822,0.0624331073849447
2.830220386087438,0,0.9708792908001816,5.212339521742921,7.219944105855979,5.212339521742921,0.2734541820720774,0.1190100856470784,0.005612109374999996,2.007919975712738,-0.5329559127107264,7.386,1.4170220434010106,0.062076346771316446
4.120407321904528,0,1.015555409918196,5.5308826086998435,7.907372735317405,5.5308826086998435,0.215153891320885,0.10613105318826133,0.018109765624999996,2.2462431969358825,0.05970569104961921,8.29,1.4988566177412952,0.06171958615768819
2.7927331064343397,0,1.0177634959657098,5.195371561863726,7.1481932166925946,5.195371561863726,0.22405551750487165,0.12013642687003147,-0.0043644531250000024,1.7756230683457948,-0.14208474432448884,6.923,1.332532219796908,0.06136282554405994
1.6639982337081136,0,0.9713093868507255,5.859291458115936,7.752233497776829,5.859291458115936,0.21641797729430817,0.17016230980364075,0.0014832031249999988,1.130900652061615,-0.20863263327252524,6.231,1.0634391623187127,0.06100606493043168
10.683566329739667,0,0.9807827335089713,8.216162254582793,12.531165173019064,8.216162254582793,0.3010222941361869,0.0809630788350266,0.013449609375000001,2.8123505474607846,-0.23562247717541437,13.779,1.6770603565325624,0.060649304316803425
0.9854519027126547,0,0.9558483315975205,3.681236976656688,4.854615175294178,3.681236976656688,0.3243677625579837,0.15211167049947677,0.0009683593750000011,1.1931093618894957,-0.08561891203652629,4.021,1.092295884643614,0.06029254370317517
2.541427505400806,0,1.0010806678224786,5.656141704471858,7.5923578557287,5.656141704471858,0.2778003780456456,0.13133997372829395,0.0019156249999999944,1.4153353952246093,-0.5261103979868388,6.729,1.1896802363844454,0.05993578308954691
0.5712789199760842,0,0.9670070594691421,4.116383112588608,5.285781943428196,4.116383112588608,0.28395700632969095,0.1441494621904236,0.005271484375000001,1.3596966368431092,0.03375398783063345,4.8,1.166072221344212,0.05957902247591866
1.781207679535619,0,1.0279175311302184,4.350094661427497,5.916909851262481,4.350094661427497,0.3134901879050344,0.11498258771405905,0.0007964843749999978,1.4743452386595155,-0.24929624362018446,5.282,1.214226450480665,0.059222261862290404
1.1313933267891807,0,0.9997854585179126,5.02438757835052,6.592431891478765,5.02438757835052,0.27466465109493166,0.12699628606560212,0.01088671875,1.4311700043548583,-0.13200777023539664,6.011,1.1963647123682644,0.05886550124866215
4.633748986638888,0,0.9506512158639435,6.390917246127243,8.955543383135321,6.390917246127243,0.25566411214977686,0.11575395698247098,-0.0011343749999999958,1.9349816241308595,0.1004828612621778,8.89,1.391036631774124,0.05850874063503389
3.9050627424016806,0,0.9850961930647996,6.565849138001957,9.10940355763915,6.565849138001957,0.25223433823591884,0.12094517166253965,-0.002032421875,1.827476520433197,-0.45869269368338533,8.876,1.3518434270180386,0.05815198002140564
5.96084530005851,0,0.9642625400866114,6.692044967377841,9.799575338545624,6.692044967377841,0.26043388387835437,0.10013705991953857,0.0024476562500000076,2.621435266010132,-0.1859479277821248,10.835,1.6190865501977496,0.05779521940777738
2.064548776755431,0,1.0323951307844408,4.501642268408227,6.239205189149972,4.501642268408227,0.1985395674841825,0.09606197955917715,0.008258203125000002,2.2992051641905213,-0.13713992520349924,6.826,1.51633550446772,0.057438458794149126
4.440505904280254,0,1.0441664498925318,6.314528214716344,9.001072949885423,6.314528214716344,0.35643099768739256,0.08211753047271293,-0.007163671875000004,2.9452947517271424,-0.3599183126338791,10.837,1.716201057545961,0.05708169818052087
2.7258522842559616,0,0.9931310820630077,4.914944132029713,6.681896615823251,4.914944132029713,0.2801744992555069,0.10292517700135474,-0.0026722656250000006,2.102098147668305,0.0042838164392131175,7.126,1.4498638862568705,0.05672493756689261
5.054284915917723,0,0.9903343082401147,6.150779237581069,8.719321835194005,6.150779237581069,0.29315873988554736,0.10161927731780275,-0.0026847656249999957,2.1773450447679137,-0.6965573078358605,9.076,1.4755853932369942,0.05636817695326436
2.7696626887120166,0,0.9516992849615292,5.0505264041280835,6.947800206130631,5.0505264041280835,0.2775458829089146,0.1210061681308609,-0.007805078124999999,1.692161510833588,-0.3659960215078456,6.57,1.3008544999645906,0.056011416339636105
0.6661826119896577,0,0.9889476643099142,3.9206920194167663,5.096475374192144,3.9206920194167663,0.19479946192646447,0.1393886534825944,0.003997656249999998,1.325538713275757,-0.07250655899484286,4.514,1.1513273620179667,0.05565465572600785
2.771212678256682,0,0.9728366008876641,6.3846052555922785,8.607885374752756,6.3846052555922785,0.2948924994633121,0.13791856363169064,0.016098828125,1.5611616328111269,-0.5149038098086847,7.978,1.2495682474671501,0.05529789511237959
1.5675722098986773,0,0.9747946165680269,4.646952497528808,6.217198011881499,4.646952497528808,0.21200355139993202,0.13992600211689613,-0.01606328125,1.6259901686517335,-0.08754012713738694,5.926,1.2752443678198504,0.054941134498751334
4.189667618082272,0,0.9832077851114076,6.196466063928655,8.697655871797625,6.196466063928655,0.1837994804436592,0.10672837986262153,0.0013531249999999995,2.2216689198339843,-0.6658790601486771,9.236,1.4905270043784011,0.054584373885123084
2.690668344774312,0,1.0084847074878365,5.5189999462728565,7.468963292087194,5.5189999462728565,0.28827494563505807,0.11787994192937788,0.020651171875000002,2.026804671678314,-0.1035315993634716,7.858,1.423808674850004,0.05422761327149483
2.4087848780765118,0,1.0352711167912525,5.84826385025675,7.916274039748053,5.84826385025675,0.23601993768310756,0.10521424739541786,-0.03446210937500001,2.0510459735643005,-0.08013353482276153,8.378,1.4325619046124587,0.05387085265786657
4.973996940802993,0,0.9969139345731431,6.456197851374303,9.261872736021497,6.456197851374303,0.308882846492509,0.07436168478921998,0.0004191406250000043,3.1129347481492617,-0.06849483523470244,11.391,1.7643511339379487,0.053514092044238314
2.5752811268257796,0,1.016551639856508,4.848284119773585,6.743545533934928,4.848284119773585,0.3267357440177959,0.10529611259782912,0.0030632812500000104,2.4115528241204833,-0.26843188350091357,7.529,1.552920541371161,0.053157331430610064
1.3300790334031207,0,0.9765465477090737,4.532987749874848,6.045367204410142,4.532987749874848,0.23516622306438145,0.11651149880179469,-0.011566015625000006,2.0019803097044373,0.061918347963506745,6.414,1.4149608059666794,0.05280057081698181
1.418658539823781,0,0.94131331487304,4.841737424199931,6.408812601669239,4.841737424199931,0.2793133055844809,0.125962486141232,0.005102734375000003,1.867164021867523,0.009222420535457748,6.616,1.3664516309645303,0.05244381020335355
2.802232025362664,0,0.9837641081396964,6.6861776558723465,9.002750416142138,6.6861776558723465,0.33224705084828865,0.10535097418222797,0.008485937500000007,1.989500014645996,0.1015644791860589,9.431,1.4105218983699792,0.05208704958972529
4.099845687729985,0,0.9675715501946859,6.683825092671137,9.33962014487987,6.683825092671137,0.25371685257906224,0.0908381572057401,-0.0013824218749999978,2.522258040081635,-0.6102536943648796,10.615,1.5881624448310931,0.051730288976097036
1.6162604768999724,0,1.0093109643658416,5.203854977309054,6.942115102710194,5.203854977309054,0.21711450818606126,0.098577366641169,-2.6953124999994084e-05,2.0391264238829043,-0.42375215376373004,7.431,1.4279798404072008,0.051373528362468786
2.44002342151379,0,0.9873866644184734,6.273521540929208,8.533607748203732,6.273521540929208,0.2826179838428014,0.11343836326138759,0.005480859375000007,1.7038497636961367,-0.5344160127311207,8.189,1.305327469838747,0.05101676774884053
1.4635812390020293,0,1.0603471669404956,5.144189942711152,6.830699901032333,5.144189942711152,0.27167451574938944,0.11161246774472078,-0.004166015625000005,1.8184662790794373,0.20087748334232744,6.937,1.3485116368669663,0.05066000713521227
2.4144935295816836,0,0.9944013467744298,5.2916365627314015,7.2543476358178705,5.2916365627314015,0.29742093483809195,0.10270848332264869,-0.005409765625000002,1.8616050598265077,-0.3882823542038765,7.22,1.364417210896515,0.050303246521584015
1.4876196089596032,0,1.0018184465517082,4.1764927014093,5.635778595195758,4.1764927014093,0.32450300805379595,0.08275895226858897,-0.011444531249999997,2.3649847195794678,-0.1792614852317829,6.423,1.5378932657616393,0.049946485907955765
7.536544654396765,0,0.957805634860022,6.6252647526614155,9.682194600996718,6.6252647526614155,0.31704138994892495,0.07391971675618877,-0.000751171875000006,3.0207955150376895,-0.16457082230567965,11.515,1.7380437506854869,0.04958972529432751
3.0684855072712116,0,0.9904761388233857,5.579530133546026,7.708387278016889,5.579530133546026,0.31703953463641305,0.08167250063034023,0.008693749999999993,2.3147475437109377,0.02068050174347746,8.489,1.52145427962854,0.04923296468069925
0.5714594678775238,0,0.9899150651098931,3.8922609095184373,5.030206020550422,3.8922609095184373,0.3113177374220058,0.1178218468585057,0.008810937499999998,1.566068815817871,-0.2075859988474232,4.871,1.251457729385016,0.048876204067070994
1.5022926667342693,0,0.9950704264956192,4.790854638012633,6.373308232796016,4.790854638012633,0.22484239523083263,0.11771094894209655,0.0014921875000000028,1.609514164001465,-0.04899136288131207,6.078,1.2686671709416146,0.04851944345344274
4.045127013118154,0,0.9608320392183034,6.132704565276667,8.613640386696902,6.132704565276667,0.27070382315877983,0.08319276027397546,0.0065832031249999975,2.37288019463974,-0.6230696469493623,9.447,1.540429658635254,0.04816268283981449
6.661373741165713,0,1.0593464288044367,5.986069005778924,8.879551882672162,5.986069005778924,0.2831794738539303,0.08294367231354158,-0.010781249999999997,2.4715402341796873,-0.6531623736438996,9.411,1.5721502693862472,0.04780592222618623
1.378028883391134,0,0.9654723990672338,5.268979253014009,6.8749032429986,5.268979253014009,0.23295650290081463,0.12688061330275377,0.006090625,1.4519330175683594,-0.3814711431512783,6.349,1.20497722521268,0.04744916161255797
3.897756118861829,0,0.9975710928427421,5.544777453649993,7.789204591043696,5.544777453649993,0.3155278522776551,0.09108321977483959,0.0010863281250000022,2.16205335778183,-0.4729688918516584,8.153,1.4703926475233153,0.047092400998929716
18.940233900649044,0,0.9883111430603594,9.925888209247383,15.448369516801122,9.925888209247383,0.25566982362142154,0.0758806126442733,0.005730859374999997,3.5220024154539487,-2.2052818070481788,18.628,1.8767086236821968,0.04673564038530146
9.907014851894262,0,0.9934090151747829,8.072020972628678,12.294485419099278,8.072020972628678,0.2961601293658214,0.07660137830268496,-0.0018406249999999985,2.59251398084961,-0.7080857358880871,12.997,1.6101296124070261,0.04637887977167321
8.847378868483334,0,1.0442042357315233,6.959703459735317,11.02894046393186,6.959703459735317,0.24816163793259285,0.053937351238308416,-0.004839453125000018,5.003594909771576,-0.6778876030979332,15.568,2.2368769143781972,0.04602211915804495
2.3820022381758523,0,0.9836704741785816,5.169202671514905,7.0840275250109945,5.169202671514905,0.3136157580470352,0.10368562587121287,0.00290195312500001,1.9562646392149354,-0.35226835888552194,7.23,1.3986683168453038,0.045665358544416695
1.8518018186880667,0,0.9825320229676311,4.935000889539247,6.651751994529645,4.935000889539247,0.17687921589010056,0.10834990491085893,0.004030859374999998,1.8344022111570741,-0.3097651101507773,6.684,1.3544070506994472,0.04530859793078844
10.100096658642551,0,0.7688191710039608,7.916549056083337,11.422640933659665,7.916549056083337,0.2826079648360797,0.10078910890054764,0.010483984375000002,2.39548318021225,-0.9456894619713176,12.253,1.5477703622115992,0.04495183731716019
2.7645431360515387,0,0.9054697446827348,4.889474717675456,6.7030034365544156,4.889474717675456,0.2422877691439951,0.08799253705750593,-0.0019808593750000004,2.311638753930511,-0.7630960765097026,7.434,1.5204087206190233,0.04459507670353193
2.2383023117156053,0,1.038590748258606,5.571370059118326,7.504582989795716,5.571370059118326,0.27049215853905845,0.09884465491471217,0.008368359375000007,1.8251693084519958,0.09355008319525131,7.527,1.3510141886340887,0.044238316089903675
2.958748711015038,0,0.9750468219054613,5.159202404059112,7.115585722833039,5.159202404059112,0.35630301570167927,0.08266129234330236,-0.0003589843750000002,2.457633565270844,-0.3644938411517745,8.088,1.56768418188761,0.04388155547627542
3.4760586088118517,0,1.026239887726014,5.18014373312905,7.468094561693843,5.18014373312905,0.29308944177637075,0.0854248833736611,0.0067992187500000075,2.7305903823431397,-0.5990532796118822,8.56,1.6524638004261243,0.04352479486264716
4.466096834852768,0,0.9709481102367413,5.832461243328259,8.189143971910076,5.832461243328259,0.249785278113809,0.09231468545197705,0.007218749999999999,2.5195422623046873,-0.4808715215788791,9.258,1.5873230208928018,0.04316803424901891
3.4697989823331525,0,1.0114835578087318,6.467601818679281,9.008265152463425,6.467601818679281,0.28863705439581727,0.10565013502637537,0.010439843750000012,2.0573375721624756,-0.3863335613436836,9.277,1.4343802015156233,0.042811273635390654
1.44226413156278,0,0.9909422187845155,4.773392970931908,6.403665743323682,4.773392970931908,0.28493939404479285,0.11060604639721909,0.0006753906250000011,1.7965279684568785,-0.2527395731598595,6.398,1.340346382324127,0.0424545130217624
3.936599771217696,0,1.0179523271145188,5.652574380253195,8.093471676924235,5.652574380253195,0.38465107685771305,0.07223253145572583,-0.0013675781249999936,3.1541916621519466,-0.16917082578462128,10.039,1.7760049359227228,0.04209775240813414
3.399568929659206,0,0.9877809945939716,6.328973488081843,8.75017124108327,6.328973488081843,0.26064745856717025,0.11368130988320733,0.012383984374999994,1.6212675068528746,0.3584226184384515,8.059,1.2733502542198964,0.04174099179450589
1.1262593401298489,0,1.0007649777954568,4.153431771838533,5.467910866613332,4.153431771838533,0.3737857350179055,0.10999964217935447,0.022061328124999998,1.8408270950669863,0.07890416909966538,5.636,1.356950182307967,0.04138423118087763
0.9797395686131019,0,0.9916757321247932,4.979645761583941,6.460229033599152,4.979645761583941,0.279190437979986,0.10364080119452572,-0.01568828124999999,1.7976552083001707,-0.24192082962456354,6.677,1.3408584304350515,0.041027470567249376
0.9934674700376527,0,0.9854835375941199,4.654086639312619,6.044295544876996,4.654086639312619,0.2284941990467713,0.13165238328748338,-0.004171093749999986,1.4266555308831788,-0.27973561205119973,5.559,1.1944341459060228,0.04067070995362112
3.760714675903629,0,0.9869709016086614,6.292548836672936,8.73332534813257,6.292548836672936,0.29974926287989767,0.09855201099216829,-0.012943749999999999,2.1504440499609374,-0.3568418002592242,9.228,1.4664963657046683,0.04031394933999286
1.7394943851958322,0,0.9871100924407814,5.023757994557478,6.741784477615168,5.023757994557478,0.25792521817032094,0.10129194234244837,0.017033984375,2.114089735173187,-0.12433645708975254,7.305,1.4540907440035766,0.03995718872636461
0.9130598601455509,0,1.0412740378362992,4.133924207664183,5.411931173181739,4.133924207664183,0.30281050796479664,0.10668103544333236,-0.000694531250000005,1.9501947715325927,0.08220548085635843,5.773,1.3964939147401432,0.039600428112736355
6.565950528258103,0,0.9966776477849443,6.631172547761009,9.614792523974405,6.631172547761009,0.3133252524179495,0.09296291868889905,0.004015625000000004,2.4403501169433595,-0.3513396196679656,10.359,1.5621671620500477,0.0392436674991081
4.123104429574331,0,0.9597685952988514,6.443414360438075,9.044685195041058,6.443414360438075,0.2933771810147001,0.06979569074466548,0.0099203125,3.325299438962402,-0.9967323047875516,11.75,1.8235673422066156,0.03888690688547984
4.753631553859858,0,1.0258134320924497,6.863456866908403,9.894030013065622,6.863456866908403,0.3567572097735906,0.0713101071438024,-0.012598046875000001,3.4550905138243104,-0.7500311577754157,12.758,1.8588300687823442,0.038530146271851584
3.046270349342606,0,1.037619635196634,5.4894038458989876,7.6653446235297205,5.4894038458989876,0.315991895930956,0.09128770780306414,0.004914062500000001,2.3667070918334963,-0.3716597273267799,8.445,1.5384184215757917,0.038173385658223334
2.8568556279387005,0,1.0044856988780593,5.0789822251758965,7.151584283013755,5.0789822251758965,0.2017003293820775,0.07319353370246848,0.010668359374999992,2.969913689623871,-0.2603848134494904,8.753,1.7233767735221528,0.03781662504459508
4.990689364596771,0,0.9690055258575468,7.995589720345384,10.913192480863778,7.995589720345384,0.2526354615040647,0.11073402859277805,-0.0020687500000000055,1.9051159194921872,-0.7329644479535065,11.036,1.3802609170800824,0.03745986443096682
1.967823897632278,0,1.0230757659235097,4.594050862658154,6.356268236115613,4.594050862658154,0.3209476213745279,0.07586550363205327,0.0005195312499999966,3.00593733789978,-0.29702826816902306,7.965,1.7337640000335974,0.03710310381733856
3.3047415524001167,0,0.9867582783658907,6.4584131391826505,8.816264958424101,6.4584131391826505,0.3280462570601558,0.11240260741396209,0.010997265625000004,1.714145419133148,-0.5149655309403058,8.456,1.3092999499673004,0.03674634320371031
1.4985108177743447,0,0.946574269122462,4.221599276949175,5.646794767401551,4.221599276949175,0.25383082004775653,0.09877319850603287,0.00030390624999999185,1.6801116373284912,-0.22964520960895754,5.472,1.2961912396276638,0.036389582590082056
4.514131038307115,0,1.0600798443073771,6.257986182690669,8.826727474149246,6.257986182690669,0.26691920036581823,0.06788649227908707,-0.0011164062500000002,2.9645936583245853,0.07280504065608441,10.775,1.721799902627335,0.0360328219764538
5.728306660323403,0,1.0356696246958583,7.30082497595133,10.631782345480696,7.30082497595133,0.30790343338132914,0.07588659333731916,-0.013747265625,2.8423188388597103,-0.41212506779956376,12.309,1.6859738509751196,0.03567606136282554
3.3899772601345175,0,1.0116852836868973,6.419026259042415,8.734128167992171,6.419026259042415,0.24069529709938273,0.10518880462216665,0.007391796875000002,1.7521827054795835,-0.12045734289027477,8.497,1.323721022021115,0.035319300749197285
2.566059943118609,0,0.9889982559733617,4.541090577918291,6.332087366797055,4.541090577918291,0.2967903406286704,0.07887639869420926,0.005880468749999998,2.26410143180603,-0.4924415634285487,6.833,1.5047046260707615,0.034962540135569035
1.9687102988101346,0,0.9401877890179093,4.59556307832877,6.180640981060159,4.59556307832877,0.3399116206616624,0.10408966595848332,-0.005724218749999999,1.759561156757202,-0.23981744316737336,6.096,1.3264968614503014,0.03460577952194078
4.4460647607658395,0,1.022322420830716,5.599304587366158,7.9802057705997225,5.599304587366158,0.30974827087311285,0.09314736902438647,-0.01505703125,2.5103580045599365,0.10373269296334642,8.872,1.5844824766307768,0.03424901890831252
1.7525420775378482,0,1.0446626110527624,3.9870679904901882,5.498850535888825,3.9870679904901882,0.27925330164580436,0.08505349292082025,0.013235937500000003,2.344399396677246,0.06900891490174027,6.105,1.5312003744509568,0.033892258294684265
5.41167456955087,0,1.0386862052872297,5.93758290765436,8.89175808835046,5.93758290765436,0.23546677801452995,0.06370517374155711,0.001863281249999986,2.9516551117767333,-0.5363116543156259,10.201,1.7180391682362046,0.033535497681056015
5.0155819865853495,0,1.001119316519967,6.693375026765017,9.620974296643723,6.693375026765017,0.17716076174280854,0.08366100010333255,-0.017186718749999996,2.2676403627923585,-0.39481055502473855,10.08,1.5059667148027378,0.03317873706742776
4.7256066177770055,0,1.0324742042625294,5.953200673554771,8.68942011796491,5.953200673554771,0.26902726709707697,0.062068235952957324,-0.009801562500000003,2.932067637185058,-0.19625882391977867,10.194,1.7123561860233694,0.0328219764537995
2.640618581246744,0,0.9869021864811334,5.914977423042281,8.145814843280847,5.914977423042281,0.20050094325953988,0.06889495564319251,-0.008101562499999994,2.7702245178100586,-0.4997724858775814,9.845,1.6644188634850903,0.032465215840171244
2.0376622018333856,0,0.9678077994954376,4.754530967645507,6.429505232013066,4.754530967645507,0.16566877960217186,0.08701479067088826,-0.0026511718750000025,2.1312151544908144,-0.0358959714686355,6.941,1.4598706049520707,0.03210845522654299
0.9384433720416019,0,0.9136315237043013,4.279867648983073,5.572251923371739,4.279867648983073,0.29958655925569216,0.12169261263806423,-0.009272265625000001,1.4501148582933046,-0.23959820488153133,5.154,1.204242846440503,0.03175169461291474
1.7785205626054665,0,0.9458801316651281,4.65781636018025,6.213790519534907,4.65781636018025,0.2924407782313098,0.11570885109551689,0.0024753906249999997,1.7495895361131286,-0.1773072501619416,6.161,1.322722821936582,0.03139493399928648
1.0571949874959916,0,1.0280487406297667,4.596788454153507,5.997119008240412,4.596788454153507,0.2848958588990945,0.10690634998230615,-0.012493749999999993,1.5896630343359375,-0.2024727509204832,5.796,1.2608802988884393,0.031038173385658223
1.927175303548382,0,0.9819959454654084,4.812778139266999,6.505577931034483,4.812778139266999,0.2792365712400496,0.09469800380166844,0.014702343750000004,2.060597392650757,-0.05670356649588824,6.909,1.4355533955804292,0.03068141277202997
1.3845555920202184,0,0.9922224469899558,4.598403650834778,6.137214897673953,4.598403650834778,0.29706333518219513,0.11343888307559481,-0.013143359375,1.6017139196824643,-0.04668138013839506,5.82,1.2656566151915476,0.030324652158401712
1.8447802027752855,0,1.0031950874417248,4.404613039548979,6.059750318856243,4.404613039548979,0.24886419900104037,0.08492656842676001,0.008172656249999998,2.1897772795648196,-0.19096029929595326,6.518,1.4798121745258754,0.029967891544773455
9.137425618505784,0,0.9620214219967198,8.138866671687692,11.675654043184112,8.138866671687692,0.3393888037868695,0.08427092072929952,-0.002591796874999994,2.4946816032920838,-1.3215106820551463,12.855,1.579458236454236,0.029611130931145202
1.923575030177882,0,1.0118187082615073,4.899932760014346,6.540878798453683,4.899932760014346,0.2566837471598416,0.10691606745580533,0.0007765625000000067,1.5159547461694334,-0.25741784580185506,6.033,1.2312413854394069,0.029254370317516945
4.000411961110275,0,0.9400568009916481,6.0790711425515145,8.549592423437291,6.0790711425515145,0.3231982580957528,0.06541840489849425,0.022984765625000007,2.835795431408539,-0.08681007221102065,10.238,1.6841388692323964,0.02889760970388869
0.9965842782092529,0,1.030441765866338,3.8628194932514432,5.096505811866874,3.8628194932514432,0.34414075021605295,0.10850459815607733,0.0036125000000000033,1.7226767803125,-0.10483096482603264,5.07,1.3125127924971818,0.028540849090260435
5.9378480495146775,0,0.9990364723594296,7.061036374523509,10.036013930536946,7.061036374523509,0.307291382515767,0.06998732098813273,-0.005933203124999996,3.0245083045225525,-0.3728341987151345,12.28,1.7391214757520175,0.02818408847663218
5.920745772805827,0,1.0547294697948422,6.22041415948234,9.33663052813027,6.22041415948234,0.3180090505268653,0.05427712417123253,-0.008964843750000001,3.622890168295288,-0.7403556830059245,11.84,1.9034102386818115,0.027827327863003924
1.8896978364714192,0,1.0075909696227532,4.853719143800842,6.53736112359427,4.853719143800842,0.3093486192330186,0.08803637597867468,0.009002734375000003,2.056728037101898,-0.06533146082112837,6.961,1.4341579711901074,0.027470567249375667
8.481142224727954,0,0.974242523573324,7.446310604059153,11.041504227533213,7.446310604059153,0.33087067819191074,0.06515103320527191,-0.003283984375,3.304433211931,-1.190191709133771,13.536,1.8178129707107864,0.027113806635747414
2.2864433986952335,0,0.9969533589527334,4.654870614779178,6.382207460889827,4.654870614779178,0.290027304116843,0.09077846882713303,0.016795703125000002,2.398190844590912,0.09392907803869252,7.209,1.5487004036398953,0.026757046022119157
2.1186477745819765,0,1.0022967114596542,4.944959557755759,6.769569154842963,4.944959557755759,0.22405040493670006,0.09857041249216536,0.009091015625000006,2.091177532731781,-0.7240873496262926,7.151,1.4461190059247804,0.026400285408490903
1.7579249799620849,0,0.9867690120732052,4.7365709650789585,6.3921095704924396,4.7365709650789585,0.3126136593877632,0.10001319122706565,0.007616015625000002,1.8779399787278748,0.021786946591754213,6.491,1.370400664923173,0.026043524794862646
0.9056145486251821,0,0.9750867506233796,4.187897355972142,5.504692358136631,4.187897355972142,0.305495829481878,0.11241834366937505,0.011198828125000008,1.6306371749205013,0.10544314289459317,5.348,1.2770131513308214,0.025686764181234393
2.0413762491453697,0,1.0144673750466189,4.578502214889223,6.1798930076482455,4.578502214889223,0.23696375533382943,0.08644576267199618,-0.0008558593749999968,2.2051751046141055,0.0189132619623641,6.799,1.4849834467459142,0.025330003567606136
3.4343084411703284,0,0.9817161446436125,5.17179033683498,7.335351733151724,5.17179033683498,0.308303073862686,0.08236081900155676,-0.009121874999999996,2.8577648554589845,-0.606688810253231,8.743,1.6905170996066559,0.024973242953977882
1.9330915296725832,0,1.0069633577865356,4.588863821623638,6.288294548563615,4.588863821623638,0.31840703085496547,0.07687220973818738,0.00874375,2.5968880710546878,0.0636844467807749,7.395,1.6115100136886367,0.024616482340349626
2.723181031903658,0,0.9834767155301634,5.19977757988878,7.318045071003898,5.19977757988878,0.30066123677650813,0.07714872294597967,-0.005057031250000007,2.7628383256536866,-0.3927015923066871,8.643,1.6621864814811693,0.02425972172672137
1.4476557523635245,0,1.0087910768116093,4.231213894321084,5.679682730865145,4.231213894321084,0.2633291256768882,0.09474178914340134,0.004405078124999995,1.9674658503648375,-0.13690400698958108,5.935,1.4026707579036948,0.023902961113093115
5.151187464307485,0,1.02204119340357,5.700966669030643,8.317181353213764,5.700966669030643,0.33351890795388545,0.08104734414569946,-0.0002804687499999944,3.0461349986810307,-0.35849791197027103,9.95,1.7453180447539498,0.023546200499464858
2.0993454983346664,0,1.0552692595031024,5.460800209847109,7.58968255551729,5.460800209847109,0.3046175155503088,0.07246084785835735,-0.0038230468750000022,3.5252306620469667,0.10708585772742638,10.253,1.8775636547756178,0.023189439885836605
3.4798721047713226,0,0.9840342761875563,5.444392771107258,7.592293186801937,5.444392771107258,0.356827230480944,0.09005054279329922,0.0021324218749999894,2.2834064969175722,-0.43838302152043057,8.227,1.5110959744968635,0.022832679272208348
4.078827107201075,0,0.9823977314415889,5.129517401254232,7.288255016038755,5.129517401254232,0.2725331642881712,0.09803003532872,-0.0033199218749999935,2.786093673040619,0.0043932260712327255,8.562,1.669162872496832,0.022475918658580094
3.446602217795232,0,0.9689339331421869,6.036986173176575,8.219548087775092,6.036986173176575,0.33879447656761974,0.11551092232899311,-0.000617578125000004,1.7949065010191347,-0.34964670991719415,8.088,1.3397413490752141,0.022119158044951837
13.692350220607807,0,1.008501349967614,8.343451109314396,12.786043504229736,8.343451109314396,0.2442319467778415,0.08813706513681327,-0.003684765624999993,2.5682306861741635,1.0406492499957554,13.371,1.6025742615154766,0.02176239743132358
1.743139397218716,0,1.0183689107479323,4.864296968182089,6.543128732902955,4.864296968182089,0.3330292919156452,0.09409242216984817,0.014652734374999999,2.319111237609711,0.2048038796593236,7.408,1.522933334139868,0.021405636817695327
2.6559434163312785,0,0.9709393728647122,4.4667741253415025,6.282751074309801,4.4667741253415025,0.253171799840725,0.07369682748567097,-0.014558593750000001,2.9729532762542723,-0.2783474721259698,7.702,1.7242868754665652,0.02104887620406707
6.582120966414463,0,1.021169773680334,6.649422372064557,9.599478774464274,6.649422372064557,0.2828165095246437,0.08891636697261682,-0.013159765625000003,2.61397308502182,-0.2587836558663489,10.751,1.616832169538052,0.020692115590438816
2.429486773685082,0,1.0040635089435657,5.250301816163761,7.167896350888136,5.250301816163761,0.32923619346851335,0.09450349887806894,-0.0047406249999999974,2.4321094514746093,-0.08503533123497203,8.188,1.559529392156493,0.02033535497681056
1.7145505749621357,0,0.9889490755184458,4.988950946226819,6.649129199328052,4.988950946226819,0.30543597043781445,0.13018206533411664,-0.0066699218750000035,1.7241916031578064,-0.3428844568262127,6.551,1.3131017062724522,0.019978594363182306
1.6969124548159815,0,0.9350450796761794,4.508527658427272,6.022111046071036,4.508527658427272,0.2688133073731396,0.1301327303269693,0.002187890624999993,2.475082065087738,-0.08421023368123678,7.093,1.5732408753757718,0.01962183374955405
5.768788337217604,0,0.7473879612561325,6.093316758565178,9.13755741910152,6.093316758565178,0.26501416290008956,0.14130175022665126,0.001314843750000004,6.341998814154663,-0.2813095843685533,15.345,2.518332889625347,0.019265073135925792
7.035826584103686,0,0.8908421349548743,7.083015713212757,10.477968952687775,7.083015713212757,0.2643094076135354,0.14801754028049388,-0.003867187500000002,5.1532403604858406,-0.49924570997703926,16.079,2.2700782620044184,0.01890831252229754
5.510664473851717,0,0.7881535663781285,6.73147670136433,10.03642465306753,6.73147670136433,0.3088144111839774,0.10377348788315745,0.008036718749999993,6.726112298651733,-0.7428388405831073,17.458,2.593487398754812,0.01855155190866928
3.8020414494885664,0,0.8784874660413114,5.936250833859986,8.327629820009697,5.936250833859986,0.2908680864377935,0.14090386931037902,-0.005005468750000003,4.670450712470093,-0.26449491734928315,12.829,2.1611283550931213,0.018194791295041028
6.3024861833394485,0,0.819119272194077,6.5763796772809835,9.5468181059659,6.5763796772809835,0.28948384357436596,0.1675544486567391,0.011728515625000002,4.714872871218109,-0.1751803652524251,14.28,2.1714074765683375,0.01783803068141277
6.742904056644186,0,0.8515137797660015,7.441255191813268,11.131108649258035,7.441255191813268,0.2795701665485002,0.13362131404354852,-0.006250000000000017,5.7290320125,-0.2378377015892638,17.811,2.3935478008596363,0.017481270067784518
7.102282448813472,0,0.7895638341993677,7.112560517032216,10.83828434230417,7.112560517032216,0.27934916778534324,0.12620737834140325,0.018645312499999993,6.442039432009277,-0.48011572594736857,18.053,2.5381857851007483,0.01712450945415626
7.243231716208836,0,0.8567040421803865,7.778121065890998,11.682125122846662,7.778121065890998,0.31082061694264324,0.14055171760655366,-0.017212890624999998,7.161882556630706,-0.47135609840587384,20.816,2.6762247364962413,0.016767748840528007
6.534419924075099,0,0.7934450014433804,7.533384763953981,11.218565941847386,7.533384763953981,0.2915283659231469,0.1254148906959318,-0.004804296874999997,6.226462572247161,-0.6315485600129542,18.798,2.495292698966521,0.01641098822689975
5.477006059101006,0,0.8939890552596746,6.523477902187158,9.501609117172826,6.523477902187158,0.2677352684373632,0.14777218529069888,-0.004715625000000001,5.1096149980371095,-0.2186914784058137,14.746,2.260450670807981,0.016054227613271493
7.124376014261895,0,0.905746477728097,7.19037223301069,10.777819273458372,7.19037223301069,0.25389318923374393,0.13525964933683854,-0.0069933593749999965,7.061951169877777,-1.0852294008746572,19.108,2.6574423939105674,0.01569746699964324
4.134594732020693,0,0.8292168626096731,6.532844141769083,9.123410193175157,6.532844141769083,0.2927970585449451,0.16189973274242062,0.001614062500000002,5.070836102614746,-0.3208956781437456,14.711,2.251852283746094,0.015340706386014985
5.6750448439917776,0,0.7868716383083674,6.894519830587365,10.112826367053856,6.894519830587365,0.2575970697307337,0.2057561194832872,-0.0025476562499999965,5.442263442260132,-0.581172715834892,16.084,2.3328673200189716,0.014983945772386728
7.3425113670097275,0,0.8428252302041556,7.514640447932024,11.162263515024668,7.514640447932024,0.22807223597356752,0.15337035629053766,-0.0002082031250000012,7.7782743648545845,-0.3284410213205934,20.958,2.788955791726202,0.014627185158758473
4.445295338857858,0,0.7207535870069272,7.197790814429216,10.096694387254583,7.197790814429216,0.21826505630335682,0.18827127862201953,-0.0064703125,4.823381833493652,0.23334119625210825,15.808,2.196229427550205,0.014270424545130217
6.7491356611857825,0,0.7902576446401963,7.014922094450229,10.32903378509004,7.014922094450229,0.2387632090194307,0.16935775802891975,-0.009031250000000003,6.485670411523438,-0.5836509682471012,17.865,2.5467139562581425,0.013913663931501962
4.962746614702124,0,0.8603947441640658,6.711001677545639,9.467891228465476,6.711001677545639,0.17559737246380835,0.1924952859142714,-0.007477343750000001,5.4214626033929445,-0.47304364575344415,15.626,2.3284154513450774,0.013556903317873707
17.000428533632153,0,0.6219561603882489,10.744637840827336,17.270037527129855,10.744637840827336,0.31881187253799304,0.1392775025424511,-0.015231249999999991,12.594693575429687,-1.0714160619996793,38.132,3.548933018021931,0.013200142704245452
9.57072417459622,0,0.7489986865993151,7.4802454528903155,11.597449649318031,7.4802454528903155,0.22840725561872047,0.14643520893451084,-0.016032421875,9.701331804808197,-0.5541025721524152,23.299,3.114737363464113,0.012843382090617196
15.298107155632657,0,0.8505246351569073,8.944610367066439,14.070156956404478,8.944610367066439,0.26347725247891146,0.13295240935726058,0.004205859374999987,9.362550738481293,-1.7516359502616863,27.369,3.0598314377975755,0.012486621476988941
11.319050516683173,0,0.7860395322034249,8.452950923217967,13.742843442303215,8.452950923217967,0.2407559279578489,0.11194688112707704,0.019083984374999995,14.700449268337252,-1.1860595925031194,32.41,3.834163985381543,0.012129860863360684
7.522168925733977,0,0.896063589472373,7.996108008344795,11.926840282503719,7.996108008344795,0.25746962123307515,0.1144592152481284,0.0014687500000000104,12.261925770898438,-0.7275371361042727,28.0,3.501703575136679,0.011773100249732429
16.09426400993218,0,0.8100609520387964,8.704352538294584,14.866099629072904,8.704352538294584,0.39190378495093353,0.11142769761754731,0.0018156250000000076,14.025193581630859,-0.8363773725434581,32.598,3.7450229476099346,0.011416339636104174
15.603232089583454,0,0.6847580091653486,9.159280787000489,15.346340953078414,9.159280787000489,0.2566147909234284,0.1662306008590741,-0.00032226562500000386,14.562842915285492,-1.3915243109403004,34.953,3.8161293242159164,0.011059579022475919
10.428019081391847,0,0.868818726926395,8.610013881299809,13.60852150265848,8.610013881299809,0.21770412863755476,0.1381456941987531,-0.012144140625000004,10.673205759301606,-0.945261833605721,28.129,3.2670098315513414,0.010702818408847663
11.119235073969483,0,0.7405740157121145,7.3093454644113205,12.133298314516372,7.3093454644113205,0.262646931581445,0.11484049087640921,-0.039312890625,17.67611022749008,-0.5842969773856767,30.732,4.2044804353046255,0.010346057795219408
23.51126381169803,0,0.8805067747023166,9.873143868845784,16.95820781942132,9.873143868845784,0.26135532443097526,0.17018886297242183,-0.042397656250000006,13.632322064525757,-2.1367831462953966,36.456,3.692440876409702,0.009989297181591153
6.314343899301059,0,0.8101124306898564,6.663699674151768,9.988867189087138,6.663699674151768,0.30356142169616124,0.150526638050811,-0.009852343750000006,9.158981094603881,-0.8483232324566524,20.167,3.026396894539982,0.009632536567962896
11.656772645672177,0,0.7777077678692756,9.299477988070157,14.483856652282187,9.299477988070157,0.21601237780830743,0.12464126514684908,-0.017272265624999998,15.212248112199552,-0.7941319431543825,36.271,3.9003264534342987,0.00927577595433464
12.164643703187323,0,0.7063794446494243,7.203872317551117,12.012091526175784,7.203872317551117,0.31130281209424054,0.12443395660195568,-0.017045312499999993,12.997776568259278,-0.8388530438898015,25.972,3.6052832220142568,0.008919015340706386
8.452952646757296,0,0.6610496141325803,8.088346146960632,12.096445210637453,8.088346146960632,0.16613503574798735,0.14197876822660058,0.008312109375000003,9.432254505322115,-0.8685021458067368,24.841,3.0712088168153553,0.00856225472707813
7.763555774724113,0,0.8802232023201599,7.709019255930243,11.716163676551888,7.709019255930243,0.19247483498450452,0.18871866754741815,0.034768359375,8.751410968608246,-0.504688180320422,22.807,2.9584826866861795,0.008205494113449875
8.525831797590879,0,0.8086226183729218,6.810200807323975,10.852438140483885,6.810200807323975,0.3228308578901541,0.12313943285723089,0.010616015625,12.684660959196624,-0.7215458934308839,24.255,3.5615689883791912,0.00784873349982162
10.336858838606586,0,0.9206153682900425,7.65464845464749,12.98369744793421,7.65464845464749,0.31139409005661645,0.09490887927420219,-0.0074015624999999976,20.866051062966307,-0.7387636288413316,34.966,4.567943284027698,0.007491972886193364
8.943976245494225,0,0.735459257916633,7.238134241514169,11.116649056576579,7.238134241514169,0.29515496329309965,0.18058014085772195,-0.0023933593750000036,11.089826357377778,-0.7807258559434523,24.104,3.330139949843981,0.007135212272565109
11.228261505772608,0,0.8054517458535564,7.745735656770546,12.812192653941478,7.745735656770546,0.29446186224921184,0.14197404263382965,-0.014024218749999989,16.0598226876947,-0.7040111491222841,31.041,4.007495398176553,0.0067784516589368534
11.450166517645194,0,0.528453061560332,7.894473595814139,12.754546373378233,7.894473595814139,0.33163213522147234,0.14613708896893185,-0.03395937499999999,16.77734552491211,-0.9074285587530374,32.337,4.0961565844169705,0.006421691045308598
7.299809855265098,0,0.788009765108858,6.1707580666773225,9.553634531270191,6.1707580666773225,0.30350650705194265,0.16145668814814138,0.0017003906250000137,16.085634412968595,-0.5988980886652522,24.749,4.01069037751568,0.006064930431680342
12.858450407106597,0,0.8903144227140308,8.818068270379364,14.61179379060487,8.818068270379364,0.2996509972786498,0.13304770257652956,-0.026512499999999984,22.38779514671875,-1.034630061450898,41.724,4.731648556198463,0.005708169818052087
9.1503568277233,0,0.6765554230859224,7.19160167742596,11.583451354910796,7.19160167742596,0.3109970914190586,0.1348672486997071,0.0005921874999999993,19.016410634470216,-0.7596668752130118,31.361,4.3607810063285966,0.005351409204423832
10.486603175031316,0,0.7286379474689808,8.201286944608853,13.247810555979564,8.201286944608853,0.1753148905616427,0.16281033446656706,0.015676953125000004,19.468642224156337,-0.7608241218743454,36.187,4.412356285593404,0.0049946485907955765
10.053534273455472,0,0.5764914640401542,7.693479778112531,12.391934920469962,7.693479778112531,0.26230364019452695,0.14644827536377844,0.026923437500000008,20.179544862888186,-0.7667655989822704,34.561,4.4922455113645565,0.00463788797716732
12.429317474170633,0,0.7011249775298726,7.7184265204430655,12.924084856939098,7.7184265204430655,0.28649435690602626,0.1394340938186094,0.018456640625,21.07182986686996,-0.43196088664921223,35.431,4.5904433897449515,0.004281127363539065
17.59009067868078,0,0.8059372451722472,8.423062014607577,15.206810679902116,8.423062014607577,0.28909196537370224,0.12473228158678194,-0.07109648437500002,32.67001383717514,-0.9458683464915747,48.148,5.716211030679818,0.00392436674991081
17.750647509759133,0,0.5914476535589119,9.578169712681028,15.008377009957515,9.578169712681028,0.27411602598300344,0.16730712152648747,-0.00027031249999999175,19.123735101931153,-1.0998404960474237,41.886,4.373069308277654,0.0035676061362825543
13.66396992561129,0,0.7549655908120053,8.388563133631978,13.379342058307108,8.388563133631978,0.2282731633108306,0.19407138023820308,0.048172265625,23.13149888009018,-1.0582429730375602,40.347,4.809762930463998,0.003210845522654299
15.060847068554342,0,0.761962425113293,8.208521762222947,13.139101951364008,8.208521762222947,0.24785814470930126,0.19291514301147572,-0.007792968750000009,18.944629291513063,-0.9326036500844254,35.728,4.352549829912921,0.0028540849090260435
8.778110813431615,0,0.7613321738211193,7.290478348569506,11.15557983190441,7.290478348569506,0.28200927461833064,0.20423592421060419,-0.029246875000000006,18.063355064052736,-0.5185612091154873,30.986,4.250201223912816,0.0024973242953977882
12.102665385777104,0,0.5262075895769454,8.772461494789537,14.248440887392828,8.772461494789537,0.19439187085594745,0.2368154597380851,0.046051953125,24.788222842222744,-0.37694813702464147,43.678,4.978990221381176,0.0021405636817695326
10.54746586623573,0,0.6664418465971857,7.5139569300711,11.924154340225673,7.5139569300711,0.22479231767391425,0.22823440976077444,0.019212890624999996,24.511240180068206,-0.3397878004732812,37.201,4.950920047348207,0.0017838030681412772
12.16883138579395,0,0.8330766116975827,7.178169665694583,12.22957034983874,7.178169665694583,0.19022831664154796,0.1712266245963402,-0.09071953125000001,44.98312416274353,-0.517714308221658,48.148,6.707559481368298,0.0014270424545130217
9.357848077019007,0,0.6969000663584122,6.418234738829867,10.02591190104405,6.418234738829867,0.2218897338151176,0.2994182575351666,-0.035203515624999994,23.588655583190764,0.03726023129643652,31.173,4.856942955265495,0.0010702818408847663
7.05271285291256,0,0.7336521468194301,7.556437588726086,11.300229526347707,7.556437588726086,0.2815875230474575,0.22692316257656245,0.03057890625000001,26.319325780492555,-0.2715479714070436,38.767,5.130327557768607,0.0007135212272565109
10.912484016008193,0,0.7672016646222161,6.924210148031701,11.774261565545384,6.924210148031701,0.26937103041238375,0.19922719494304006,0.023402343750000006,39.65575144749451,-0.35159137146323644,43.604,6.297324758751728,0.00035676061362825543
8.020836755298275,0,0.7839650388642804,7.071522265046955,10.759373809613145,7.071522265046955,0.22481429413621135,0.2758806986116151,-0.15784296874999998,31.419837917528685,-0.08647477379980338,39.654,5.607562065667441,0.0
